nohup: ignoring input
Warning: i3d_model.py not found, will use fallback feature extractor
Set CPU thread limits to 4 threads
================================================================================
STANFORD MULTI-LABEL DATASET PREPROCESSING (ORIGINAL FPS)
Multi-label: Licking & Shaking (Independent Binary Outputs)
================================================================================
Started at: 2026-02-03 22:05:13

Configuration:
  Input videos: /data-8tb/nvaci/dataset/dataset_Stanford/raw/videos_cut
  Input labels: /data-8tb/nvaci/dataset/dataset_Stanford/raw/labels
  Output directory: /data-8tb/nvaci/dataset/dataset_Stanford/FACT_method/preprocessed_data_multilabel_originalFPS
  Label format: Multi-label (licking AND shaking)
  NO BALANCING - Dataset kept as-is

Using GPU: NVIDIA RTX 6000 Ada Generation
Loading pretrained I3D model...
Using R3D-18 as feature extractor
Note: For best results, use I3D with --i3d_weights argument
R3D-18 model loaded successfully on cuda

Found 32 videos to process

================================================================================
Starting to process 32 videos...
================================================================================


================================================================================
Processing video 1/32: ID01
================================================================================
[ID01] Found label file: 25-021_ID01.csv
[ID01] Step 1/3: Extracting features...
      Opening video file...

      ═══════════════════════════════════════════════════════
      VIDEO PROPERTIES
      ═══════════════════════════════════════════════════════
      FPS detected: 25.00
      Clip length (auto): 25 frames
      Total frames: 97552
      Duration: 3902.08 seconds
      Expected seconds: 3903
      Frames per second: ~25.0
      ═══════════════════════════════════════════════════════

      Using ORIGINAL FPS with per-second aggregation
      Aggregation method: mean
      ───────────────────────────────────────────────────────
      READING ALL FRAMES FROM VIDEO
      ───────────────────────────────────────────────────────
      Progress: 500/97552 frames (0.5%)
      Progress: 1000/97552 frames (1.0%)
      Progress: 1500/97552 frames (1.5%)
      Progress: 2000/97552 frames (2.1%)
      Progress: 2500/97552 frames (2.6%)
      Progress: 3000/97552 frames (3.1%)
      Progress: 3500/97552 frames (3.6%)
      Progress: 4000/97552 frames (4.1%)
      Progress: 4500/97552 frames (4.6%)
      Progress: 5000/97552 frames (5.1%)
      Progress: 5500/97552 frames (5.6%)
      Progress: 6000/97552 frames (6.2%)
      Progress: 6500/97552 frames (6.7%)
      Progress: 7000/97552 frames (7.2%)
      Progress: 7500/97552 frames (7.7%)
      Progress: 8000/97552 frames (8.2%)
      Progress: 8500/97552 frames (8.7%)
      Progress: 9000/97552 frames (9.2%)
      Progress: 9500/97552 frames (9.7%)
      Progress: 10000/97552 frames (10.3%)
      Progress: 10500/97552 frames (10.8%)
      Progress: 11000/97552 frames (11.3%)
      Progress: 11500/97552 frames (11.8%)
      Progress: 12000/97552 frames (12.3%)
      Progress: 12500/97552 frames (12.8%)
      Progress: 13000/97552 frames (13.3%)
      Progress: 13500/97552 frames (13.8%)
      Progress: 14000/97552 frames (14.4%)
      Progress: 14500/97552 frames (14.9%)
      Progress: 15000/97552 frames (15.4%)
      Progress: 15500/97552 frames (15.9%)
      Progress: 16000/97552 frames (16.4%)
      Progress: 16500/97552 frames (16.9%)
      Progress: 17000/97552 frames (17.4%)
      Progress: 17500/97552 frames (17.9%)
      Progress: 18000/97552 frames (18.5%)
      Progress: 18500/97552 frames (19.0%)
      Progress: 19000/97552 frames (19.5%)
      Progress: 19500/97552 frames (20.0%)
      Progress: 20000/97552 frames (20.5%)
      Progress: 20500/97552 frames (21.0%)
      Progress: 21000/97552 frames (21.5%)
      Progress: 21500/97552 frames (22.0%)
      Progress: 22000/97552 frames (22.6%)
      Progress: 22500/97552 frames (23.1%)
      Progress: 23000/97552 frames (23.6%)
      Progress: 23500/97552 frames (24.1%)
      Progress: 24000/97552 frames (24.6%)
      Progress: 24500/97552 frames (25.1%)
      Progress: 25000/97552 frames (25.6%)
      Progress: 25500/97552 frames (26.1%)
      Progress: 26000/97552 frames (26.7%)
      Progress: 26500/97552 frames (27.2%)
      Progress: 27000/97552 frames (27.7%)
      Progress: 27500/97552 frames (28.2%)
      Progress: 28000/97552 frames (28.7%)
      Progress: 28500/97552 frames (29.2%)
      Progress: 29000/97552 frames (29.7%)
      Progress: 29500/97552 frames (30.2%)
      Progress: 30000/97552 frames (30.8%)
      Progress: 30500/97552 frames (31.3%)
      Progress: 31000/97552 frames (31.8%)
      Progress: 31500/97552 frames (32.3%)
      Progress: 32000/97552 frames (32.8%)
      Progress: 32500/97552 frames (33.3%)
      Progress: 33000/97552 frames (33.8%)
      Progress: 33500/97552 frames (34.3%)
      Progress: 34000/97552 frames (34.9%)
      Progress: 34500/97552 frames (35.4%)
      Progress: 35000/97552 frames (35.9%)
      Progress: 35500/97552 frames (36.4%)
      Progress: 36000/97552 frames (36.9%)
      Progress: 36500/97552 frames (37.4%)
      Progress: 37000/97552 frames (37.9%)
      Progress: 37500/97552 frames (38.4%)
      Progress: 38000/97552 frames (39.0%)
      Progress: 38500/97552 frames (39.5%)
      Progress: 39000/97552 frames (40.0%)
      Progress: 39500/97552 frames (40.5%)
      Progress: 40000/97552 frames (41.0%)
      Progress: 40500/97552 frames (41.5%)
      Progress: 41000/97552 frames (42.0%)
      Progress: 41500/97552 frames (42.5%)
      Progress: 42000/97552 frames (43.1%)
      Progress: 42500/97552 frames (43.6%)
      Progress: 43000/97552 frames (44.1%)
      Progress: 43500/97552 frames (44.6%)
      Progress: 44000/97552 frames (45.1%)
      Progress: 44500/97552 frames (45.6%)
      Progress: 45000/97552 frames (46.1%)
      Progress: 45500/97552 frames (46.6%)
      Progress: 46000/97552 frames (47.2%)
      Progress: 46500/97552 frames (47.7%)
      Progress: 47000/97552 frames (48.2%)
      Progress: 47500/97552 frames (48.7%)
      Progress: 48000/97552 frames (49.2%)
      Progress: 48500/97552 frames (49.7%)
      Progress: 49000/97552 frames (50.2%)
      Progress: 49500/97552 frames (50.7%)
      Progress: 50000/97552 frames (51.3%)
      Progress: 50500/97552 frames (51.8%)
      Progress: 51000/97552 frames (52.3%)
      Progress: 51500/97552 frames (52.8%)
      Progress: 52000/97552 frames (53.3%)
      Progress: 52500/97552 frames (53.8%)
      Progress: 53000/97552 frames (54.3%)
      Progress: 53500/97552 frames (54.8%)
      Progress: 54000/97552 frames (55.4%)
      Progress: 54500/97552 frames (55.9%)
      Progress: 55000/97552 frames (56.4%)
      Progress: 55500/97552 frames (56.9%)
      Progress: 56000/97552 frames (57.4%)
      Progress: 56500/97552 frames (57.9%)
      Progress: 57000/97552 frames (58.4%)
      Progress: 57500/97552 frames (58.9%)
      Progress: 58000/97552 frames (59.5%)
      Progress: 58500/97552 frames (60.0%)
      Progress: 59000/97552 frames (60.5%)
      Progress: 59500/97552 frames (61.0%)
      Progress: 60000/97552 frames (61.5%)
      Progress: 60500/97552 frames (62.0%)
      Progress: 61000/97552 frames (62.5%)
      Progress: 61500/97552 frames (63.0%)
      Progress: 62000/97552 frames (63.6%)
      Progress: 62500/97552 frames (64.1%)
      Progress: 63000/97552 frames (64.6%)
      Progress: 63500/97552 frames (65.1%)
      Progress: 64000/97552 frames (65.6%)
      Progress: 64500/97552 frames (66.1%)
      Progress: 65000/97552 frames (66.6%)
      Progress: 65500/97552 frames (67.1%)
      Progress: 66000/97552 frames (67.7%)
      Progress: 66500/97552 frames (68.2%)
      Progress: 67000/97552 frames (68.7%)
      Progress: 67500/97552 frames (69.2%)
      Progress: 68000/97552 frames (69.7%)
      Progress: 68500/97552 frames (70.2%)
      Progress: 69000/97552 frames (70.7%)
      Progress: 69500/97552 frames (71.2%)
      Progress: 70000/97552 frames (71.8%)
      Progress: 70500/97552 frames (72.3%)
      Progress: 71000/97552 frames (72.8%)
      Progress: 71500/97552 frames (73.3%)
      Progress: 72000/97552 frames (73.8%)
      Progress: 72500/97552 frames (74.3%)
      Progress: 73000/97552 frames (74.8%)
      Progress: 73500/97552 frames (75.3%)
      Progress: 74000/97552 frames (75.9%)
      Progress: 74500/97552 frames (76.4%)
      Progress: 75000/97552 frames (76.9%)
      Progress: 75500/97552 frames (77.4%)
      Progress: 76000/97552 frames (77.9%)
      Progress: 76500/97552 frames (78.4%)
      Progress: 77000/97552 frames (78.9%)
      Progress: 77500/97552 frames (79.4%)
      Progress: 78000/97552 frames (80.0%)
      Progress: 78500/97552 frames (80.5%)
      Progress: 79000/97552 frames (81.0%)
      Progress: 79500/97552 frames (81.5%)
      Progress: 80000/97552 frames (82.0%)
      Progress: 80500/97552 frames (82.5%)
      Progress: 81000/97552 frames (83.0%)
      Progress: 81500/97552 frames (83.5%)
      Progress: 82000/97552 frames (84.1%)
      Progress: 82500/97552 frames (84.6%)
      Progress: 83000/97552 frames (85.1%)
      Progress: 83500/97552 frames (85.6%)
      Progress: 84000/97552 frames (86.1%)
      Progress: 84500/97552 frames (86.6%)
      Progress: 85000/97552 frames (87.1%)
      Progress: 85500/97552 frames (87.6%)
      Progress: 86000/97552 frames (88.2%)
      Progress: 86500/97552 frames (88.7%)
      Progress: 87000/97552 frames (89.2%)
      Progress: 87500/97552 frames (89.7%)
      Progress: 88000/97552 frames (90.2%)
      Progress: 88500/97552 frames (90.7%)
      Progress: 89000/97552 frames (91.2%)
      Progress: 89500/97552 frames (91.7%)
      Progress: 90000/97552 frames (92.3%)
      Progress: 90500/97552 frames (92.8%)
      Progress: 91000/97552 frames (93.3%)
      Progress: 91500/97552 frames (93.8%)
      Progress: 92000/97552 frames (94.3%)
      Progress: 92500/97552 frames (94.8%)
      Progress: 93000/97552 frames (95.3%)
      Progress: 93500/97552 frames (95.8%)
      WARNING: Processing timeout after 7200.0s
      Breaking loop with 93623 frames read
      ───────────────────────────────────────────────────────
      FRAME READING COMPLETE
      ───────────────────────────────────────────────────────
      Expected frames: 97552
      Frames read: 93623
      Frames missing: 0
      WARNING: Read fewer frames than expected (93623/97552)
      This may be due to video corruption or codec issues
      ───────────────────────────────────────────────────────

      ───────────────────────────────────────────────────────
      EXTRACTING FEATURES PER SECOND
      ───────────────────────────────────────────────────────
      Total seconds to process: 3903
        Second 100/3903
        Second 200/3903
        Second 300/3903
        Second 400/3903
        Second 500/3903
        Second 600/3903
        Second 700/3903
        Second 800/3903
        Second 900/3903
        Second 1000/3903
        Second 1100/3903
        Second 1200/3903
        Second 1300/3903
        Second 1400/3903
        Second 1500/3903
        Second 1600/3903
        Second 1700/3903
        Second 1800/3903
        Second 1900/3903
        Second 2000/3903
        Second 2100/3903
        Second 2200/3903
        Second 2300/3903
        Second 2400/3903
        Second 2500/3903
        Second 2600/3903
        Second 2700/3903
        Second 2800/3903
        Second 2900/3903
        Second 3000/3903
        Second 3100/3903
        Second 3200/3903
        Second 3300/3903
        Second 3400/3903
        Second 3500/3903
        Second 3600/3903
        Second 3700/3903
      ───────────────────────────────────────────────────────
      FEATURE EXTRACTION COMPLETE
      ───────────────────────────────────────────────────────
      Final features shape: (3903, 512)

[ID01]   Features extracted: (3903, 512)
[ID01] Step 2/3: Converting to multi-label format...
[ID01] ERROR processing labels: 'start_sec'

================================================================================
Processing video 2/32: ID02
================================================================================
[ID02] Found label file: 25-021_ID02.csv
[ID02] Step 1/3: Extracting features...
      Opening video file...

      ═══════════════════════════════════════════════════════
      VIDEO PROPERTIES
      ═══════════════════════════════════════════════════════
      FPS detected: 25.00
      Clip length (auto): 25 frames
      Total frames: 96302
      Duration: 3852.08 seconds
      Expected seconds: 3853
      Frames per second: ~25.0
      ═══════════════════════════════════════════════════════

      Using ORIGINAL FPS with per-second aggregation
      Aggregation method: mean
      ───────────────────────────────────────────────────────
      READING ALL FRAMES FROM VIDEO
      ───────────────────────────────────────────────────────
      Progress: 500/96302 frames (0.5%)
      Progress: 1000/96302 frames (1.0%)
      Progress: 1500/96302 frames (1.6%)
      Progress: 2000/96302 frames (2.1%)
      Progress: 2500/96302 frames (2.6%)
      Progress: 3000/96302 frames (3.1%)
      Progress: 3500/96302 frames (3.6%)
      Progress: 4000/96302 frames (4.2%)
      Progress: 4500/96302 frames (4.7%)
      Progress: 5000/96302 frames (5.2%)
      Progress: 5500/96302 frames (5.7%)
      Progress: 6000/96302 frames (6.2%)
      Progress: 6500/96302 frames (6.7%)
      Progress: 7000/96302 frames (7.3%)
      Progress: 7500/96302 frames (7.8%)
      Progress: 8000/96302 frames (8.3%)
      Progress: 8500/96302 frames (8.8%)
      Progress: 9000/96302 frames (9.3%)
      Progress: 9500/96302 frames (9.9%)
      Progress: 10000/96302 frames (10.4%)
      Progress: 10500/96302 frames (10.9%)
      Progress: 11000/96302 frames (11.4%)
      Progress: 11500/96302 frames (11.9%)
      Progress: 12000/96302 frames (12.5%)
      Progress: 12500/96302 frames (13.0%)
      Progress: 13000/96302 frames (13.5%)
      Progress: 13500/96302 frames (14.0%)
      Progress: 14000/96302 frames (14.5%)
      Progress: 14500/96302 frames (15.1%)
      Progress: 15000/96302 frames (15.6%)
      Progress: 15500/96302 frames (16.1%)
      Progress: 16000/96302 frames (16.6%)
      Progress: 16500/96302 frames (17.1%)
      Progress: 17000/96302 frames (17.7%)
      Progress: 17500/96302 frames (18.2%)
      Progress: 18000/96302 frames (18.7%)
      Progress: 18500/96302 frames (19.2%)
      Progress: 19000/96302 frames (19.7%)
      Progress: 19500/96302 frames (20.2%)
      Progress: 20000/96302 frames (20.8%)
      Progress: 20500/96302 frames (21.3%)
      Progress: 21000/96302 frames (21.8%)
      Progress: 21500/96302 frames (22.3%)
      Progress: 22000/96302 frames (22.8%)
      Progress: 22500/96302 frames (23.4%)
      Progress: 23000/96302 frames (23.9%)
      Progress: 23500/96302 frames (24.4%)
      Progress: 24000/96302 frames (24.9%)
      Progress: 24500/96302 frames (25.4%)
      Progress: 25000/96302 frames (26.0%)
      Progress: 25500/96302 frames (26.5%)
      Progress: 26000/96302 frames (27.0%)
      Progress: 26500/96302 frames (27.5%)
      Progress: 27000/96302 frames (28.0%)
      Progress: 27500/96302 frames (28.6%)
      Progress: 28000/96302 frames (29.1%)
      Progress: 28500/96302 frames (29.6%)
      Progress: 29000/96302 frames (30.1%)
      Progress: 29500/96302 frames (30.6%)
      Progress: 30000/96302 frames (31.2%)
      Progress: 30500/96302 frames (31.7%)
      Progress: 31000/96302 frames (32.2%)
      Progress: 31500/96302 frames (32.7%)
      Progress: 32000/96302 frames (33.2%)
      Progress: 32500/96302 frames (33.7%)
      Progress: 33000/96302 frames (34.3%)
      Progress: 33500/96302 frames (34.8%)
      Progress: 34000/96302 frames (35.3%)
      Progress: 34500/96302 frames (35.8%)
      Progress: 35000/96302 frames (36.3%)
      Progress: 35500/96302 frames (36.9%)
      Progress: 36000/96302 frames (37.4%)
      Progress: 36500/96302 frames (37.9%)
      Progress: 37000/96302 frames (38.4%)
      Progress: 37500/96302 frames (38.9%)
      Progress: 38000/96302 frames (39.5%)
      Progress: 38500/96302 frames (40.0%)
      Progress: 39000/96302 frames (40.5%)
      Progress: 39500/96302 frames (41.0%)
      Progress: 40000/96302 frames (41.5%)
      Progress: 40500/96302 frames (42.1%)
      Progress: 41000/96302 frames (42.6%)
      Progress: 41500/96302 frames (43.1%)
      Progress: 42000/96302 frames (43.6%)
      Progress: 42500/96302 frames (44.1%)
      Progress: 43000/96302 frames (44.7%)
      Progress: 43500/96302 frames (45.2%)
      Progress: 44000/96302 frames (45.7%)
      Progress: 44500/96302 frames (46.2%)
      Progress: 45000/96302 frames (46.7%)
      Progress: 45500/96302 frames (47.2%)
      Progress: 46000/96302 frames (47.8%)
      Progress: 46500/96302 frames (48.3%)
      Progress: 47000/96302 frames (48.8%)
      Progress: 47500/96302 frames (49.3%)
      Progress: 48000/96302 frames (49.8%)
      Progress: 48500/96302 frames (50.4%)
      Progress: 49000/96302 frames (50.9%)
      Progress: 49500/96302 frames (51.4%)
      Progress: 50000/96302 frames (51.9%)
      Progress: 50500/96302 frames (52.4%)
      Progress: 51000/96302 frames (53.0%)
      Progress: 51500/96302 frames (53.5%)
      Progress: 52000/96302 frames (54.0%)
      Progress: 52500/96302 frames (54.5%)
      Progress: 53000/96302 frames (55.0%)
      Progress: 53500/96302 frames (55.6%)
      Progress: 54000/96302 frames (56.1%)
      Progress: 54500/96302 frames (56.6%)
      Progress: 55000/96302 frames (57.1%)
      Progress: 55500/96302 frames (57.6%)
      Progress: 56000/96302 frames (58.2%)
      Progress: 56500/96302 frames (58.7%)
      Progress: 57000/96302 frames (59.2%)
      Progress: 57500/96302 frames (59.7%)
      Progress: 58000/96302 frames (60.2%)
      Progress: 58500/96302 frames (60.7%)
      Progress: 59000/96302 frames (61.3%)
      Progress: 59500/96302 frames (61.8%)
      Progress: 60000/96302 frames (62.3%)
      Progress: 60500/96302 frames (62.8%)
      Progress: 61000/96302 frames (63.3%)
      Progress: 61500/96302 frames (63.9%)
      Progress: 62000/96302 frames (64.4%)
      Progress: 62500/96302 frames (64.9%)
      Progress: 63000/96302 frames (65.4%)
      Progress: 63500/96302 frames (65.9%)
      Progress: 64000/96302 frames (66.5%)
      Progress: 64500/96302 frames (67.0%)
      Progress: 65000/96302 frames (67.5%)
      Progress: 65500/96302 frames (68.0%)
      Progress: 66000/96302 frames (68.5%)
      Progress: 66500/96302 frames (69.1%)
      Progress: 67000/96302 frames (69.6%)
      Progress: 67500/96302 frames (70.1%)
      Progress: 68000/96302 frames (70.6%)
      Progress: 68500/96302 frames (71.1%)
      Progress: 69000/96302 frames (71.6%)
      Progress: 69500/96302 frames (72.2%)
      Progress: 70000/96302 frames (72.7%)
      Progress: 70500/96302 frames (73.2%)
      Progress: 71000/96302 frames (73.7%)
      Progress: 71500/96302 frames (74.2%)
      Progress: 72000/96302 frames (74.8%)
      Progress: 72500/96302 frames (75.3%)
      Progress: 73000/96302 frames (75.8%)
      Progress: 73500/96302 frames (76.3%)
      Progress: 74000/96302 frames (76.8%)
      Progress: 74500/96302 frames (77.4%)
      Progress: 75000/96302 frames (77.9%)
      Progress: 75500/96302 frames (78.4%)
      Progress: 76000/96302 frames (78.9%)
      Progress: 76500/96302 frames (79.4%)
      Progress: 77000/96302 frames (80.0%)
      Progress: 77500/96302 frames (80.5%)
      Progress: 78000/96302 frames (81.0%)
      Progress: 78500/96302 frames (81.5%)
      Progress: 79000/96302 frames (82.0%)
      Progress: 79500/96302 frames (82.6%)
      Progress: 80000/96302 frames (83.1%)
      Progress: 80500/96302 frames (83.6%)
      Progress: 81000/96302 frames (84.1%)
      Progress: 81500/96302 frames (84.6%)
      Progress: 82000/96302 frames (85.1%)
      Progress: 82500/96302 frames (85.7%)
      Progress: 83000/96302 frames (86.2%)
      Progress: 83500/96302 frames (86.7%)
      Progress: 84000/96302 frames (87.2%)
      Progress: 84500/96302 frames (87.7%)
      Progress: 85000/96302 frames (88.3%)
      Progress: 85500/96302 frames (88.8%)
      Progress: 86000/96302 frames (89.3%)
      Progress: 86500/96302 frames (89.8%)
      Progress: 87000/96302 frames (90.3%)
      Progress: 87500/96302 frames (90.9%)
      Progress: 88000/96302 frames (91.4%)
      Progress: 88500/96302 frames (91.9%)
      Progress: 89000/96302 frames (92.4%)
      Progress: 89500/96302 frames (92.9%)
      Progress: 90000/96302 frames (93.5%)
      Progress: 90500/96302 frames (94.0%)
      Progress: 91000/96302 frames (94.5%)
      Progress: 91500/96302 frames (95.0%)
      Progress: 92000/96302 frames (95.5%)
      Progress: 92500/96302 frames (96.1%)
      Progress: 93000/96302 frames (96.6%)
      Progress: 93500/96302 frames (97.1%)
      Progress: 94000/96302 frames (97.6%)
      Progress: 94500/96302 frames (98.1%)
      Progress: 95000/96302 frames (98.6%)
      Progress: 95500/96302 frames (99.2%)
      Progress: 96000/96302 frames (99.7%)
      WARNING: 200 consecutive frame read failures
      Breaking loop at frame 96202/96302
      Frames successfully read: 96202
      Total missed frames: 200
      ───────────────────────────────────────────────────────
      FRAME READING COMPLETE
      ───────────────────────────────────────────────────────
      Expected frames: 96302
      Frames read: 96202
      Frames missing: 200
      WARNING: 200 frames could not be read!
      WARNING: Read fewer frames than expected (96202/96302)
      This may be due to video corruption or codec issues
      ───────────────────────────────────────────────────────

      ───────────────────────────────────────────────────────
      EXTRACTING FEATURES PER SECOND
      ───────────────────────────────────────────────────────
      Total seconds to process: 3853
        Second 100/3853
        Second 200/3853
        Second 300/3853
        Second 400/3853
        Second 500/3853
        Second 600/3853
        Second 700/3853
        Second 800/3853
        Second 900/3853
        Second 1000/3853
        Second 1100/3853
        Second 1200/3853
        Second 1300/3853
        Second 1400/3853
        Second 1500/3853
        Second 1600/3853
        Second 1700/3853
        Second 1800/3853
        Second 1900/3853
        Second 2000/3853
        Second 2100/3853
        Second 2200/3853
        Second 2300/3853
        Second 2400/3853
        Second 2500/3853
        Second 2600/3853
        Second 2700/3853
        Second 2800/3853
        Second 2900/3853
        Second 3000/3853
        Second 3100/3853
        Second 3200/3853
        Second 3300/3853
        Second 3400/3853
        Second 3500/3853
        Second 3600/3853
        Second 3700/3853
        Second 3800/3853
      ───────────────────────────────────────────────────────
      FEATURE EXTRACTION COMPLETE
      ───────────────────────────────────────────────────────
      Final features shape: (3853, 512)

[ID02]   Features extracted: (3853, 512)
[ID02] Step 2/3: Converting to multi-label format...
[ID02] ERROR processing labels: 'start_sec'

================================================================================
Processing video 3/32: ID03
================================================================================
[ID03] Found label file: 25-021_ID03.csv
[ID03] Step 1/3: Extracting features...
      Opening video file...

      ═══════════════════════════════════════════════════════
      VIDEO PROPERTIES
      ═══════════════════════════════════════════════════════
      FPS detected: 25.00
      Clip length (auto): 25 frames
      Total frames: 95552
      Duration: 3822.08 seconds
      Expected seconds: 3823
      Frames per second: ~25.0
      ═══════════════════════════════════════════════════════

      Using ORIGINAL FPS with per-second aggregation
      Aggregation method: mean
      ───────────────────────────────────────────────────────
      READING ALL FRAMES FROM VIDEO
      ───────────────────────────────────────────────────────
      Progress: 500/95552 frames (0.5%)
      Progress: 1000/95552 frames (1.0%)
      Progress: 1500/95552 frames (1.6%)
      Progress: 2000/95552 frames (2.1%)
      Progress: 2500/95552 frames (2.6%)
      Progress: 3000/95552 frames (3.1%)
      Progress: 3500/95552 frames (3.7%)
      Progress: 4000/95552 frames (4.2%)
      Progress: 4500/95552 frames (4.7%)
      Progress: 5000/95552 frames (5.2%)
      Progress: 5500/95552 frames (5.8%)
      Progress: 6000/95552 frames (6.3%)
      Progress: 6500/95552 frames (6.8%)
      Progress: 7000/95552 frames (7.3%)
      Progress: 7500/95552 frames (7.8%)
      Progress: 8000/95552 frames (8.4%)
      Progress: 8500/95552 frames (8.9%)
      Progress: 9000/95552 frames (9.4%)
      Progress: 9500/95552 frames (9.9%)
      Progress: 10000/95552 frames (10.5%)
      Progress: 10500/95552 frames (11.0%)
      Progress: 11000/95552 frames (11.5%)
      Progress: 11500/95552 frames (12.0%)
      Progress: 12000/95552 frames (12.6%)
      Progress: 12500/95552 frames (13.1%)
      Progress: 13000/95552 frames (13.6%)
      Progress: 13500/95552 frames (14.1%)
      Progress: 14000/95552 frames (14.7%)
      Progress: 14500/95552 frames (15.2%)
      Progress: 15000/95552 frames (15.7%)
      Progress: 15500/95552 frames (16.2%)
      Progress: 16000/95552 frames (16.7%)
      Progress: 16500/95552 frames (17.3%)
      Progress: 17000/95552 frames (17.8%)
      Progress: 17500/95552 frames (18.3%)
      Progress: 18000/95552 frames (18.8%)
      Progress: 18500/95552 frames (19.4%)
      Progress: 19000/95552 frames (19.9%)
      Progress: 19500/95552 frames (20.4%)
      Progress: 20000/95552 frames (20.9%)
      Progress: 20500/95552 frames (21.5%)
      Progress: 21000/95552 frames (22.0%)
      Progress: 21500/95552 frames (22.5%)
      Progress: 22000/95552 frames (23.0%)
      Progress: 22500/95552 frames (23.5%)
      Progress: 23000/95552 frames (24.1%)
      Progress: 23500/95552 frames (24.6%)
      Progress: 24000/95552 frames (25.1%)
      Progress: 24500/95552 frames (25.6%)
      Progress: 25000/95552 frames (26.2%)
      Progress: 25500/95552 frames (26.7%)
      Progress: 26000/95552 frames (27.2%)
      Progress: 26500/95552 frames (27.7%)
      Progress: 27000/95552 frames (28.3%)
      Progress: 27500/95552 frames (28.8%)
      Progress: 28000/95552 frames (29.3%)
      Progress: 28500/95552 frames (29.8%)
      Progress: 29000/95552 frames (30.3%)
      Progress: 29500/95552 frames (30.9%)
      Progress: 30000/95552 frames (31.4%)
      Progress: 30500/95552 frames (31.9%)
      Progress: 31000/95552 frames (32.4%)
      Progress: 31500/95552 frames (33.0%)
      Progress: 32000/95552 frames (33.5%)
      Progress: 32500/95552 frames (34.0%)
      Progress: 33000/95552 frames (34.5%)
      Progress: 33500/95552 frames (35.1%)
      Progress: 34000/95552 frames (35.6%)
      Progress: 34500/95552 frames (36.1%)
      Progress: 35000/95552 frames (36.6%)
      Progress: 35500/95552 frames (37.2%)
      Progress: 36000/95552 frames (37.7%)
      Progress: 36500/95552 frames (38.2%)
      Progress: 37000/95552 frames (38.7%)
      Progress: 37500/95552 frames (39.2%)
      Progress: 38000/95552 frames (39.8%)
      Progress: 38500/95552 frames (40.3%)
      Progress: 39000/95552 frames (40.8%)
      Progress: 39500/95552 frames (41.3%)
      Progress: 40000/95552 frames (41.9%)
      Progress: 40500/95552 frames (42.4%)
      Progress: 41000/95552 frames (42.9%)
      Progress: 41500/95552 frames (43.4%)
      Progress: 42000/95552 frames (44.0%)
      Progress: 42500/95552 frames (44.5%)
      Progress: 43000/95552 frames (45.0%)
      Progress: 43500/95552 frames (45.5%)
      Progress: 44000/95552 frames (46.0%)
      Progress: 44500/95552 frames (46.6%)
      Progress: 45000/95552 frames (47.1%)
      Progress: 45500/95552 frames (47.6%)
      Progress: 46000/95552 frames (48.1%)
      Progress: 46500/95552 frames (48.7%)
      Progress: 47000/95552 frames (49.2%)
      Progress: 47500/95552 frames (49.7%)
      Progress: 48000/95552 frames (50.2%)
      Progress: 48500/95552 frames (50.8%)
      Progress: 49000/95552 frames (51.3%)
      Progress: 49500/95552 frames (51.8%)
      Progress: 50000/95552 frames (52.3%)
      Progress: 50500/95552 frames (52.9%)
      Progress: 51000/95552 frames (53.4%)
      Progress: 51500/95552 frames (53.9%)
      Progress: 52000/95552 frames (54.4%)
      Progress: 52500/95552 frames (54.9%)
      Progress: 53000/95552 frames (55.5%)
      Progress: 53500/95552 frames (56.0%)
      Progress: 54000/95552 frames (56.5%)
      Progress: 54500/95552 frames (57.0%)
      Progress: 55000/95552 frames (57.6%)
      Progress: 55500/95552 frames (58.1%)
      Progress: 56000/95552 frames (58.6%)
      Progress: 56500/95552 frames (59.1%)
      Progress: 57000/95552 frames (59.7%)
      Progress: 57500/95552 frames (60.2%)
      Progress: 58000/95552 frames (60.7%)
      Progress: 58500/95552 frames (61.2%)
      Progress: 59000/95552 frames (61.7%)
      Progress: 59500/95552 frames (62.3%)
      Progress: 60000/95552 frames (62.8%)
      Progress: 60500/95552 frames (63.3%)
      Progress: 61000/95552 frames (63.8%)
      Progress: 61500/95552 frames (64.4%)
      Progress: 62000/95552 frames (64.9%)
      Progress: 62500/95552 frames (65.4%)
      Progress: 63000/95552 frames (65.9%)
      Progress: 63500/95552 frames (66.5%)
      Progress: 64000/95552 frames (67.0%)
      Progress: 64500/95552 frames (67.5%)
      Progress: 65000/95552 frames (68.0%)
      Progress: 65500/95552 frames (68.5%)
      Progress: 66000/95552 frames (69.1%)
      Progress: 66500/95552 frames (69.6%)
      Progress: 67000/95552 frames (70.1%)
      Progress: 67500/95552 frames (70.6%)
      Progress: 68000/95552 frames (71.2%)
      Progress: 68500/95552 frames (71.7%)
      Progress: 69000/95552 frames (72.2%)
      Progress: 69500/95552 frames (72.7%)
      Progress: 70000/95552 frames (73.3%)
      Progress: 70500/95552 frames (73.8%)
      Progress: 71000/95552 frames (74.3%)
      Progress: 71500/95552 frames (74.8%)
      Progress: 72000/95552 frames (75.4%)
      Progress: 72500/95552 frames (75.9%)
      Progress: 73000/95552 frames (76.4%)
      Progress: 73500/95552 frames (76.9%)
      Progress: 74000/95552 frames (77.4%)
      Progress: 74500/95552 frames (78.0%)
      Progress: 75000/95552 frames (78.5%)
      Progress: 75500/95552 frames (79.0%)
      Progress: 76000/95552 frames (79.5%)
      Progress: 76500/95552 frames (80.1%)
      Progress: 77000/95552 frames (80.6%)
      Progress: 77500/95552 frames (81.1%)
      Progress: 78000/95552 frames (81.6%)
      Progress: 78500/95552 frames (82.2%)
      Progress: 79000/95552 frames (82.7%)
      Progress: 79500/95552 frames (83.2%)
      Progress: 80000/95552 frames (83.7%)
      Progress: 80500/95552 frames (84.2%)
      Progress: 81000/95552 frames (84.8%)
      Progress: 81500/95552 frames (85.3%)
      Progress: 82000/95552 frames (85.8%)
      Progress: 82500/95552 frames (86.3%)
      Progress: 83000/95552 frames (86.9%)
      Progress: 83500/95552 frames (87.4%)
      Progress: 84000/95552 frames (87.9%)
      Progress: 84500/95552 frames (88.4%)
      Progress: 85000/95552 frames (89.0%)
      Progress: 85500/95552 frames (89.5%)
      Progress: 86000/95552 frames (90.0%)
      Progress: 86500/95552 frames (90.5%)
      Progress: 87000/95552 frames (91.0%)
      Progress: 87500/95552 frames (91.6%)
      Progress: 88000/95552 frames (92.1%)
      Progress: 88500/95552 frames (92.6%)
      Progress: 89000/95552 frames (93.1%)
      Progress: 89500/95552 frames (93.7%)
      Progress: 90000/95552 frames (94.2%)
      Progress: 90500/95552 frames (94.7%)
      Progress: 91000/95552 frames (95.2%)
      Progress: 91500/95552 frames (95.8%)
      Progress: 92000/95552 frames (96.3%)
      Progress: 92500/95552 frames (96.8%)
      Progress: 93000/95552 frames (97.3%)
      Progress: 93500/95552 frames (97.9%)
      Progress: 94000/95552 frames (98.4%)
      Progress: 94500/95552 frames (98.9%)
      Progress: 95000/95552 frames (99.4%)
      WARNING: 200 consecutive frame read failures
      Breaking loop at frame 95402/95552
      Frames successfully read: 95402
      Total missed frames: 200
      ───────────────────────────────────────────────────────
      FRAME READING COMPLETE
      ───────────────────────────────────────────────────────
      Expected frames: 95552
      Frames read: 95402
      Frames missing: 200
      WARNING: 200 frames could not be read!
      WARNING: Read fewer frames than expected (95402/95552)
      This may be due to video corruption or codec issues
      ───────────────────────────────────────────────────────

      ───────────────────────────────────────────────────────
      EXTRACTING FEATURES PER SECOND
      ───────────────────────────────────────────────────────
      Total seconds to process: 3823
        Second 100/3823
        Second 200/3823
        Second 300/3823
        Second 400/3823
        Second 500/3823
        Second 600/3823
        Second 700/3823
        Second 800/3823
        Second 900/3823
        Second 1000/3823
        Second 1100/3823
        Second 1200/3823
        Second 1300/3823
        Second 1400/3823
        Second 1500/3823
        Second 1600/3823
        Second 1700/3823
        Second 1800/3823
        Second 1900/3823
        Second 2000/3823
        Second 2100/3823
        Second 2200/3823
        Second 2300/3823
        Second 2400/3823
        Second 2500/3823
        Second 2600/3823
        Second 2700/3823
        Second 2800/3823
        Second 2900/3823
        Second 3000/3823
        Second 3100/3823
        Second 3200/3823
        Second 3300/3823
        Second 3400/3823
        Second 3500/3823
        Second 3600/3823
        Second 3700/3823
        Second 3800/3823
      ───────────────────────────────────────────────────────
      FEATURE EXTRACTION COMPLETE
      ───────────────────────────────────────────────────────
      Final features shape: (3823, 512)

[ID03]   Features extracted: (3823, 512)
[ID03] Step 2/3: Converting to multi-label format...
[ID03] ERROR processing labels: 'start_sec'

================================================================================
Processing video 4/32: ID04
================================================================================
[ID04] Found label file: 25-021_ID04.csv
[ID04] Step 1/3: Extracting features...
      Opening video file...

      ═══════════════════════════════════════════════════════
      VIDEO PROPERTIES
      ═══════════════════════════════════════════════════════
      FPS detected: 25.00
      Clip length (auto): 25 frames
      Total frames: 94361
      Duration: 3774.44 seconds
      Expected seconds: 3775
      Frames per second: ~25.0
      ═══════════════════════════════════════════════════════

      Using ORIGINAL FPS with per-second aggregation
      Aggregation method: mean
      ───────────────────────────────────────────────────────
      READING ALL FRAMES FROM VIDEO
      ───────────────────────────────────────────────────────
      Progress: 500/94361 frames (0.5%)
      Progress: 1000/94361 frames (1.1%)
      Progress: 1500/94361 frames (1.6%)
      Progress: 2000/94361 frames (2.1%)
      Progress: 2500/94361 frames (2.6%)
      Progress: 3000/94361 frames (3.2%)
      Progress: 3500/94361 frames (3.7%)
      Progress: 4000/94361 frames (4.2%)
      Progress: 4500/94361 frames (4.8%)
      Progress: 5000/94361 frames (5.3%)
      Progress: 5500/94361 frames (5.8%)
      Progress: 6000/94361 frames (6.4%)
      Progress: 6500/94361 frames (6.9%)
      Progress: 7000/94361 frames (7.4%)
      Progress: 7500/94361 frames (7.9%)
      Progress: 8000/94361 frames (8.5%)
      Progress: 8500/94361 frames (9.0%)
      Progress: 9000/94361 frames (9.5%)
      Progress: 9500/94361 frames (10.1%)
      Progress: 10000/94361 frames (10.6%)
      Progress: 10500/94361 frames (11.1%)
      Progress: 11000/94361 frames (11.7%)
      Progress: 11500/94361 frames (12.2%)
      Progress: 12000/94361 frames (12.7%)
      Progress: 12500/94361 frames (13.2%)
      Progress: 13000/94361 frames (13.8%)
      Progress: 13500/94361 frames (14.3%)
      Progress: 14000/94361 frames (14.8%)
      Progress: 14500/94361 frames (15.4%)
      Progress: 15000/94361 frames (15.9%)
      Progress: 15500/94361 frames (16.4%)
      Progress: 16000/94361 frames (17.0%)
      Progress: 16500/94361 frames (17.5%)
      Progress: 17000/94361 frames (18.0%)
      Progress: 17500/94361 frames (18.5%)
      Progress: 18000/94361 frames (19.1%)
      Progress: 18500/94361 frames (19.6%)
      Progress: 19000/94361 frames (20.1%)
      Progress: 19500/94361 frames (20.7%)
      Progress: 20000/94361 frames (21.2%)
      Progress: 20500/94361 frames (21.7%)
      Progress: 21000/94361 frames (22.3%)
      Progress: 21500/94361 frames (22.8%)
      Progress: 22000/94361 frames (23.3%)
      Progress: 22500/94361 frames (23.8%)
      Progress: 23000/94361 frames (24.4%)
      Progress: 23500/94361 frames (24.9%)
      Progress: 24000/94361 frames (25.4%)
      Progress: 24500/94361 frames (26.0%)
      Progress: 25000/94361 frames (26.5%)
      Progress: 25500/94361 frames (27.0%)
      Progress: 26000/94361 frames (27.6%)
      Progress: 26500/94361 frames (28.1%)
      Progress: 27000/94361 frames (28.6%)
      Progress: 27500/94361 frames (29.1%)
      Progress: 28000/94361 frames (29.7%)
      Progress: 28500/94361 frames (30.2%)
      Progress: 29000/94361 frames (30.7%)
      Progress: 29500/94361 frames (31.3%)
      Progress: 30000/94361 frames (31.8%)
      Progress: 30500/94361 frames (32.3%)
      Progress: 31000/94361 frames (32.9%)
      Progress: 31500/94361 frames (33.4%)
      Progress: 32000/94361 frames (33.9%)
      Progress: 32500/94361 frames (34.4%)
      Progress: 33000/94361 frames (35.0%)
      Progress: 33500/94361 frames (35.5%)
      Progress: 34000/94361 frames (36.0%)
      Progress: 34500/94361 frames (36.6%)
      Progress: 35000/94361 frames (37.1%)
      Progress: 35500/94361 frames (37.6%)
      Progress: 36000/94361 frames (38.2%)
      Progress: 36500/94361 frames (38.7%)
      Progress: 37000/94361 frames (39.2%)
      Progress: 37500/94361 frames (39.7%)
      Progress: 38000/94361 frames (40.3%)
      Progress: 38500/94361 frames (40.8%)
      Progress: 39000/94361 frames (41.3%)
      Progress: 39500/94361 frames (41.9%)
      Progress: 40000/94361 frames (42.4%)
      Progress: 40500/94361 frames (42.9%)
      Progress: 41000/94361 frames (43.5%)
      Progress: 41500/94361 frames (44.0%)
      Progress: 42000/94361 frames (44.5%)
      Progress: 42500/94361 frames (45.0%)
      Progress: 43000/94361 frames (45.6%)
      Progress: 43500/94361 frames (46.1%)
      Progress: 44000/94361 frames (46.6%)
      Progress: 44500/94361 frames (47.2%)
      Progress: 45000/94361 frames (47.7%)
      Progress: 45500/94361 frames (48.2%)
      Progress: 46000/94361 frames (48.7%)
      Progress: 46500/94361 frames (49.3%)
      Progress: 47000/94361 frames (49.8%)
      Progress: 47500/94361 frames (50.3%)
      Progress: 48000/94361 frames (50.9%)
      Progress: 48500/94361 frames (51.4%)
      Progress: 49000/94361 frames (51.9%)
      Progress: 49500/94361 frames (52.5%)
      Progress: 50000/94361 frames (53.0%)
      Progress: 50500/94361 frames (53.5%)
      Progress: 51000/94361 frames (54.0%)
      Progress: 51500/94361 frames (54.6%)
      Progress: 52000/94361 frames (55.1%)
      Progress: 52500/94361 frames (55.6%)
      Progress: 53000/94361 frames (56.2%)
      Progress: 53500/94361 frames (56.7%)
      Progress: 54000/94361 frames (57.2%)
      Progress: 54500/94361 frames (57.8%)
      Progress: 55000/94361 frames (58.3%)
      Progress: 55500/94361 frames (58.8%)
      Progress: 56000/94361 frames (59.3%)
      Progress: 56500/94361 frames (59.9%)
      Progress: 57000/94361 frames (60.4%)
      Progress: 57500/94361 frames (60.9%)
      Progress: 58000/94361 frames (61.5%)
      Progress: 58500/94361 frames (62.0%)
      Progress: 59000/94361 frames (62.5%)
      Progress: 59500/94361 frames (63.1%)
      Progress: 60000/94361 frames (63.6%)
      Progress: 60500/94361 frames (64.1%)
      Progress: 61000/94361 frames (64.6%)
      Progress: 61500/94361 frames (65.2%)
      Progress: 62000/94361 frames (65.7%)
      Progress: 62500/94361 frames (66.2%)
      Progress: 63000/94361 frames (66.8%)
      Progress: 63500/94361 frames (67.3%)
      Progress: 64000/94361 frames (67.8%)
      Progress: 64500/94361 frames (68.4%)
      Progress: 65000/94361 frames (68.9%)
      Progress: 65500/94361 frames (69.4%)
      Progress: 66000/94361 frames (69.9%)
      Progress: 66500/94361 frames (70.5%)
      Progress: 67000/94361 frames (71.0%)
      Progress: 67500/94361 frames (71.5%)
      Progress: 68000/94361 frames (72.1%)
      Progress: 68500/94361 frames (72.6%)
      Progress: 69000/94361 frames (73.1%)
      Progress: 69500/94361 frames (73.7%)
      Progress: 70000/94361 frames (74.2%)
      Progress: 70500/94361 frames (74.7%)
      Progress: 71000/94361 frames (75.2%)
      Progress: 71500/94361 frames (75.8%)
      Progress: 72000/94361 frames (76.3%)
      Progress: 72500/94361 frames (76.8%)
      Progress: 73000/94361 frames (77.4%)
      Progress: 73500/94361 frames (77.9%)
      Progress: 74000/94361 frames (78.4%)
      Progress: 74500/94361 frames (79.0%)
      Progress: 75000/94361 frames (79.5%)
      Progress: 75500/94361 frames (80.0%)
      Progress: 76000/94361 frames (80.5%)
      Progress: 76500/94361 frames (81.1%)
      Progress: 77000/94361 frames (81.6%)
      Progress: 77500/94361 frames (82.1%)
      Progress: 78000/94361 frames (82.7%)
      Progress: 78500/94361 frames (83.2%)
      Progress: 79000/94361 frames (83.7%)
      Progress: 79500/94361 frames (84.3%)
      Progress: 80000/94361 frames (84.8%)
      Progress: 80500/94361 frames (85.3%)
      Progress: 81000/94361 frames (85.8%)
      Progress: 81500/94361 frames (86.4%)
      Progress: 82000/94361 frames (86.9%)
      Progress: 82500/94361 frames (87.4%)
      Progress: 83000/94361 frames (88.0%)
      Progress: 83500/94361 frames (88.5%)
      Progress: 84000/94361 frames (89.0%)
      Progress: 84500/94361 frames (89.5%)
      Progress: 85000/94361 frames (90.1%)
      Progress: 85500/94361 frames (90.6%)
      Progress: 86000/94361 frames (91.1%)
      Progress: 86500/94361 frames (91.7%)
      Progress: 87000/94361 frames (92.2%)
      Progress: 87500/94361 frames (92.7%)
      Progress: 88000/94361 frames (93.3%)
      Progress: 88500/94361 frames (93.8%)
      Progress: 89000/94361 frames (94.3%)
      Progress: 89500/94361 frames (94.8%)
      Progress: 90000/94361 frames (95.4%)
      Progress: 90500/94361 frames (95.9%)
      Progress: 91000/94361 frames (96.4%)
      Progress: 91500/94361 frames (97.0%)
      Progress: 92000/94361 frames (97.5%)
      Progress: 92500/94361 frames (98.0%)
      Progress: 93000/94361 frames (98.6%)
      Progress: 93500/94361 frames (99.1%)
      Progress: 94000/94361 frames (99.6%)
      WARNING: 200 consecutive frame read failures
      Breaking loop at frame 94327/94361
      Frames successfully read: 94327
      Total missed frames: 200
      ───────────────────────────────────────────────────────
      FRAME READING COMPLETE
      ───────────────────────────────────────────────────────
      Expected frames: 94361
      Frames read: 94327
      Frames missing: 200
      WARNING: 200 frames could not be read!
      WARNING: Read fewer frames than expected (94327/94361)
      This may be due to video corruption or codec issues
      ───────────────────────────────────────────────────────

      ───────────────────────────────────────────────────────
      EXTRACTING FEATURES PER SECOND
      ───────────────────────────────────────────────────────
      Total seconds to process: 3775
        Second 100/3775
        Second 200/3775
        Second 300/3775
        Second 400/3775
        Second 500/3775
        Second 600/3775
        Second 700/3775
        Second 800/3775
        Second 900/3775
        Second 1000/3775
        Second 1100/3775
        Second 1200/3775
        Second 1300/3775
        Second 1400/3775
        Second 1500/3775
        Second 1600/3775
        Second 1700/3775
        Second 1800/3775
        Second 1900/3775
        Second 2000/3775
        Second 2100/3775
        Second 2200/3775
        Second 2300/3775
        Second 2400/3775
        Second 2500/3775
        Second 2600/3775
        Second 2700/3775
        Second 2800/3775
        Second 2900/3775
        Second 3000/3775
        Second 3100/3775
        Second 3200/3775
        Second 3300/3775
        Second 3400/3775
        Second 3500/3775
        Second 3600/3775
        Second 3700/3775
      ───────────────────────────────────────────────────────
      FEATURE EXTRACTION COMPLETE
      ───────────────────────────────────────────────────────
      Final features shape: (3775, 512)

[ID04]   Features extracted: (3775, 512)
[ID04] Step 2/3: Converting to multi-label format...
[ID04] ERROR processing labels: 'start_sec'

================================================================================
Processing video 5/32: ID05
================================================================================
[ID05] Found label file: 25-021_ID05.csv
[ID05] Step 1/3: Extracting features...
      Opening video file...

      ═══════════════════════════════════════════════════════
      VIDEO PROPERTIES
      ═══════════════════════════════════════════════════════
      FPS detected: 25.00
      Clip length (auto): 25 frames
      Total frames: 97938
      Duration: 3917.52 seconds
      Expected seconds: 3918
      Frames per second: ~25.0
      ═══════════════════════════════════════════════════════

      Using ORIGINAL FPS with per-second aggregation
      Aggregation method: mean
      ───────────────────────────────────────────────────────
      READING ALL FRAMES FROM VIDEO
      ───────────────────────────────────────────────────────
      Progress: 500/97938 frames (0.5%)
      Progress: 1000/97938 frames (1.0%)
      Progress: 1500/97938 frames (1.5%)
      Progress: 2000/97938 frames (2.0%)
      Progress: 2500/97938 frames (2.6%)
      Progress: 3000/97938 frames (3.1%)
      Progress: 3500/97938 frames (3.6%)
      Progress: 4000/97938 frames (4.1%)
      Progress: 4500/97938 frames (4.6%)
      Progress: 5000/97938 frames (5.1%)
      Progress: 5500/97938 frames (5.6%)
      Progress: 6000/97938 frames (6.1%)
      Progress: 6500/97938 frames (6.6%)
      Progress: 7000/97938 frames (7.1%)
      Progress: 7500/97938 frames (7.7%)
      Progress: 8000/97938 frames (8.2%)
      Progress: 8500/97938 frames (8.7%)
      Progress: 9000/97938 frames (9.2%)
      Progress: 9500/97938 frames (9.7%)
      Progress: 10000/97938 frames (10.2%)
      Progress: 10500/97938 frames (10.7%)
      Progress: 11000/97938 frames (11.2%)
      Progress: 11500/97938 frames (11.7%)
      Progress: 12000/97938 frames (12.3%)
      Progress: 12500/97938 frames (12.8%)
      Progress: 13000/97938 frames (13.3%)
      Progress: 13500/97938 frames (13.8%)
      Progress: 14000/97938 frames (14.3%)
      Progress: 14500/97938 frames (14.8%)
      Progress: 15000/97938 frames (15.3%)
      Progress: 15500/97938 frames (15.8%)
      Progress: 16000/97938 frames (16.3%)
      Progress: 16500/97938 frames (16.8%)
      Progress: 17000/97938 frames (17.4%)
      Progress: 17500/97938 frames (17.9%)
      Progress: 18000/97938 frames (18.4%)
      Progress: 18500/97938 frames (18.9%)
      Progress: 19000/97938 frames (19.4%)
      Progress: 19500/97938 frames (19.9%)
      Progress: 20000/97938 frames (20.4%)
      Progress: 20500/97938 frames (20.9%)
      Progress: 21000/97938 frames (21.4%)
      Progress: 21500/97938 frames (22.0%)
      Progress: 22000/97938 frames (22.5%)
      Progress: 22500/97938 frames (23.0%)
      Progress: 23000/97938 frames (23.5%)
      Progress: 23500/97938 frames (24.0%)
      Progress: 24000/97938 frames (24.5%)
      Progress: 24500/97938 frames (25.0%)
      Progress: 25000/97938 frames (25.5%)
      Progress: 25500/97938 frames (26.0%)
      Progress: 26000/97938 frames (26.5%)
      Progress: 26500/97938 frames (27.1%)
      Progress: 27000/97938 frames (27.6%)
      Progress: 27500/97938 frames (28.1%)
      Progress: 28000/97938 frames (28.6%)
      Progress: 28500/97938 frames (29.1%)
      Progress: 29000/97938 frames (29.6%)
      Progress: 29500/97938 frames (30.1%)
      Progress: 30000/97938 frames (30.6%)
      Progress: 30500/97938 frames (31.1%)
      Progress: 31000/97938 frames (31.7%)
      Progress: 31500/97938 frames (32.2%)
      Progress: 32000/97938 frames (32.7%)
      Progress: 32500/97938 frames (33.2%)
      Progress: 33000/97938 frames (33.7%)
      Progress: 33500/97938 frames (34.2%)
      Progress: 34000/97938 frames (34.7%)
      Progress: 34500/97938 frames (35.2%)
      Progress: 35000/97938 frames (35.7%)
      Progress: 35500/97938 frames (36.2%)
      Progress: 36000/97938 frames (36.8%)
      Progress: 36500/97938 frames (37.3%)
      Progress: 37000/97938 frames (37.8%)
      Progress: 37500/97938 frames (38.3%)
      Progress: 38000/97938 frames (38.8%)
      Progress: 38500/97938 frames (39.3%)
      Progress: 39000/97938 frames (39.8%)
      Progress: 39500/97938 frames (40.3%)
      Progress: 40000/97938 frames (40.8%)
      Progress: 40500/97938 frames (41.4%)
      Progress: 41000/97938 frames (41.9%)
      Progress: 41500/97938 frames (42.4%)
      Progress: 42000/97938 frames (42.9%)
      Progress: 42500/97938 frames (43.4%)
      Progress: 43000/97938 frames (43.9%)
      Progress: 43500/97938 frames (44.4%)
      Progress: 44000/97938 frames (44.9%)
      Progress: 44500/97938 frames (45.4%)
      Progress: 45000/97938 frames (45.9%)
      Progress: 45500/97938 frames (46.5%)
      Progress: 46000/97938 frames (47.0%)
      Progress: 46500/97938 frames (47.5%)
      Progress: 47000/97938 frames (48.0%)
      Progress: 47500/97938 frames (48.5%)
      Progress: 48000/97938 frames (49.0%)
      Progress: 48500/97938 frames (49.5%)
      Progress: 49000/97938 frames (50.0%)
      Progress: 49500/97938 frames (50.5%)
      Progress: 50000/97938 frames (51.1%)
      Progress: 50500/97938 frames (51.6%)
      Progress: 51000/97938 frames (52.1%)
      Progress: 51500/97938 frames (52.6%)
      Progress: 52000/97938 frames (53.1%)
      Progress: 52500/97938 frames (53.6%)
      Progress: 53000/97938 frames (54.1%)
      Progress: 53500/97938 frames (54.6%)
      Progress: 54000/97938 frames (55.1%)
      Progress: 54500/97938 frames (55.6%)
      Progress: 55000/97938 frames (56.2%)
      Progress: 55500/97938 frames (56.7%)
      Progress: 56000/97938 frames (57.2%)
      Progress: 56500/97938 frames (57.7%)
      Progress: 57000/97938 frames (58.2%)
      Progress: 57500/97938 frames (58.7%)
      Progress: 58000/97938 frames (59.2%)
      Progress: 58500/97938 frames (59.7%)
      Progress: 59000/97938 frames (60.2%)
      Progress: 59500/97938 frames (60.8%)
      Progress: 60000/97938 frames (61.3%)
      Progress: 60500/97938 frames (61.8%)
      Progress: 61000/97938 frames (62.3%)
      Progress: 61500/97938 frames (62.8%)
      Progress: 62000/97938 frames (63.3%)
      Progress: 62500/97938 frames (63.8%)
      Progress: 63000/97938 frames (64.3%)
      Progress: 63500/97938 frames (64.8%)
      Progress: 64000/97938 frames (65.3%)
      Progress: 64500/97938 frames (65.9%)
      Progress: 65000/97938 frames (66.4%)
      Progress: 65500/97938 frames (66.9%)
      Progress: 66000/97938 frames (67.4%)
      Progress: 66500/97938 frames (67.9%)
      Progress: 67000/97938 frames (68.4%)
      Progress: 67500/97938 frames (68.9%)
      Progress: 68000/97938 frames (69.4%)
      Progress: 68500/97938 frames (69.9%)
      Progress: 69000/97938 frames (70.5%)
      Progress: 69500/97938 frames (71.0%)
      Progress: 70000/97938 frames (71.5%)
      Progress: 70500/97938 frames (72.0%)
      Progress: 71000/97938 frames (72.5%)
      Progress: 71500/97938 frames (73.0%)
      Progress: 72000/97938 frames (73.5%)
      Progress: 72500/97938 frames (74.0%)
      Progress: 73000/97938 frames (74.5%)
      Progress: 73500/97938 frames (75.0%)
      Progress: 74000/97938 frames (75.6%)
      Progress: 74500/97938 frames (76.1%)
      Progress: 75000/97938 frames (76.6%)
      Progress: 75500/97938 frames (77.1%)
      Progress: 76000/97938 frames (77.6%)
      Progress: 76500/97938 frames (78.1%)
      Progress: 77000/97938 frames (78.6%)
      Progress: 77500/97938 frames (79.1%)
      Progress: 78000/97938 frames (79.6%)
      Progress: 78500/97938 frames (80.2%)
      Progress: 79000/97938 frames (80.7%)
      Progress: 79500/97938 frames (81.2%)
      Progress: 80000/97938 frames (81.7%)
      Progress: 80500/97938 frames (82.2%)
      Progress: 81000/97938 frames (82.7%)
      Progress: 81500/97938 frames (83.2%)
      Progress: 82000/97938 frames (83.7%)
      Progress: 82500/97938 frames (84.2%)
      Progress: 83000/97938 frames (84.7%)
      Progress: 83500/97938 frames (85.3%)
      Progress: 84000/97938 frames (85.8%)
      Progress: 84500/97938 frames (86.3%)
      Progress: 85000/97938 frames (86.8%)
      Progress: 85500/97938 frames (87.3%)
      Progress: 86000/97938 frames (87.8%)
      Progress: 86500/97938 frames (88.3%)
      Progress: 87000/97938 frames (88.8%)
      Progress: 87500/97938 frames (89.3%)
      Progress: 88000/97938 frames (89.9%)
      Progress: 88500/97938 frames (90.4%)
      Progress: 89000/97938 frames (90.9%)
      Progress: 89500/97938 frames (91.4%)
      Progress: 90000/97938 frames (91.9%)
      Progress: 90500/97938 frames (92.4%)
      Progress: 91000/97938 frames (92.9%)
      Progress: 91500/97938 frames (93.4%)
      Progress: 92000/97938 frames (93.9%)
      Progress: 92500/97938 frames (94.4%)
      Progress: 93000/97938 frames (95.0%)
      Progress: 93500/97938 frames (95.5%)
      Progress: 94000/97938 frames (96.0%)
      Progress: 94500/97938 frames (96.5%)
      Progress: 95000/97938 frames (97.0%)
      Progress: 95500/97938 frames (97.5%)
      Progress: 96000/97938 frames (98.0%)
      Progress: 96500/97938 frames (98.5%)
      Progress: 97000/97938 frames (99.0%)
      WARNING: Processing timeout after 7200.0s
      Breaking loop with 97391 frames read
      ───────────────────────────────────────────────────────
      FRAME READING COMPLETE
      ───────────────────────────────────────────────────────
      Expected frames: 97938
      Frames read: 97391
      Frames missing: 0
      WARNING: Read fewer frames than expected (97391/97938)
      This may be due to video corruption or codec issues
      ───────────────────────────────────────────────────────

      ───────────────────────────────────────────────────────
      EXTRACTING FEATURES PER SECOND
      ───────────────────────────────────────────────────────
      Total seconds to process: 3918
        Second 100/3918
        Second 200/3918
        Second 300/3918
        Second 400/3918
        Second 500/3918
        Second 600/3918
        Second 700/3918
        Second 800/3918
        Second 900/3918
        Second 1000/3918
        Second 1100/3918
        Second 1200/3918
        Second 1300/3918
        Second 1400/3918
        Second 1500/3918
        Second 1600/3918
        Second 1700/3918
        Second 1800/3918
        Second 1900/3918
        Second 2000/3918
        Second 2100/3918
        Second 2200/3918
        Second 2300/3918
        Second 2400/3918
        Second 2500/3918
        Second 2600/3918
        Second 2700/3918
        Second 2800/3918
        Second 2900/3918
        Second 3000/3918
        Second 3100/3918
        Second 3200/3918
        Second 3300/3918
        Second 3400/3918
        Second 3500/3918
        Second 3600/3918
        Second 3700/3918
        Second 3800/3918
      ───────────────────────────────────────────────────────
      FEATURE EXTRACTION COMPLETE
      ───────────────────────────────────────────────────────
      Final features shape: (3918, 512)

[ID05]   Features extracted: (3918, 512)
[ID05] Step 2/3: Converting to multi-label format...
[ID05] ERROR processing labels: 'start_sec'

================================================================================
Processing video 6/32: ID06
================================================================================
[ID06] Found label file: 25-021_ID06.csv
[ID06] Step 1/3: Extracting features...
      Opening video file...

      ═══════════════════════════════════════════════════════
      VIDEO PROPERTIES
      ═══════════════════════════════════════════════════════
      FPS detected: 25.00
      Clip length (auto): 25 frames
      Total frames: 96688
      Duration: 3867.52 seconds
      Expected seconds: 3868
      Frames per second: ~25.0
      ═══════════════════════════════════════════════════════

      Using ORIGINAL FPS with per-second aggregation
      Aggregation method: mean
      ───────────────────────────────────────────────────────
      READING ALL FRAMES FROM VIDEO
      ───────────────────────────────────────────────────────
      Progress: 500/96688 frames (0.5%)
      Progress: 1000/96688 frames (1.0%)
      Progress: 1500/96688 frames (1.6%)
      Progress: 2000/96688 frames (2.1%)
      Progress: 2500/96688 frames (2.6%)
      Progress: 3000/96688 frames (3.1%)
      Progress: 3500/96688 frames (3.6%)
      Progress: 4000/96688 frames (4.1%)
      Progress: 4500/96688 frames (4.7%)
      Progress: 5000/96688 frames (5.2%)
      Progress: 5500/96688 frames (5.7%)
      Progress: 6000/96688 frames (6.2%)
      Progress: 6500/96688 frames (6.7%)
      Progress: 7000/96688 frames (7.2%)
      Progress: 7500/96688 frames (7.8%)
      Progress: 8000/96688 frames (8.3%)
      Progress: 8500/96688 frames (8.8%)
      Progress: 9000/96688 frames (9.3%)
      Progress: 9500/96688 frames (9.8%)
      Progress: 10000/96688 frames (10.3%)
      Progress: 10500/96688 frames (10.9%)
      Progress: 11000/96688 frames (11.4%)
      Progress: 11500/96688 frames (11.9%)
      Progress: 12000/96688 frames (12.4%)
      Progress: 12500/96688 frames (12.9%)
      Progress: 13000/96688 frames (13.4%)
      Progress: 13500/96688 frames (14.0%)
      Progress: 14000/96688 frames (14.5%)
      Progress: 14500/96688 frames (15.0%)
      Progress: 15000/96688 frames (15.5%)
      Progress: 15500/96688 frames (16.0%)
      Progress: 16000/96688 frames (16.5%)
      Progress: 16500/96688 frames (17.1%)
      Progress: 17000/96688 frames (17.6%)
      Progress: 17500/96688 frames (18.1%)
      Progress: 18000/96688 frames (18.6%)
      Progress: 18500/96688 frames (19.1%)
      Progress: 19000/96688 frames (19.7%)
      Progress: 19500/96688 frames (20.2%)
      Progress: 20000/96688 frames (20.7%)
      Progress: 20500/96688 frames (21.2%)
      Progress: 21000/96688 frames (21.7%)
      Progress: 21500/96688 frames (22.2%)
      Progress: 22000/96688 frames (22.8%)
      Progress: 22500/96688 frames (23.3%)
      Progress: 23000/96688 frames (23.8%)
      Progress: 23500/96688 frames (24.3%)
      Progress: 24000/96688 frames (24.8%)
      Progress: 24500/96688 frames (25.3%)
      Progress: 25000/96688 frames (25.9%)
      Progress: 25500/96688 frames (26.4%)
      Progress: 26000/96688 frames (26.9%)
      Progress: 26500/96688 frames (27.4%)
      Progress: 27000/96688 frames (27.9%)
      Progress: 27500/96688 frames (28.4%)
      Progress: 28000/96688 frames (29.0%)
      Progress: 28500/96688 frames (29.5%)
      Progress: 29000/96688 frames (30.0%)
      Progress: 29500/96688 frames (30.5%)
      Progress: 30000/96688 frames (31.0%)
      Progress: 30500/96688 frames (31.5%)
      Progress: 31000/96688 frames (32.1%)
      Progress: 31500/96688 frames (32.6%)
      Progress: 32000/96688 frames (33.1%)
      Progress: 32500/96688 frames (33.6%)
      Progress: 33000/96688 frames (34.1%)
      Progress: 33500/96688 frames (34.6%)
      Progress: 34000/96688 frames (35.2%)
      Progress: 34500/96688 frames (35.7%)
      Progress: 35000/96688 frames (36.2%)
      Progress: 35500/96688 frames (36.7%)
      Progress: 36000/96688 frames (37.2%)
      Progress: 36500/96688 frames (37.8%)
      Progress: 37000/96688 frames (38.3%)
      Progress: 37500/96688 frames (38.8%)
      Progress: 38000/96688 frames (39.3%)
      Progress: 38500/96688 frames (39.8%)
      Progress: 39000/96688 frames (40.3%)
      Progress: 39500/96688 frames (40.9%)
      Progress: 40000/96688 frames (41.4%)
      Progress: 40500/96688 frames (41.9%)
      Progress: 41000/96688 frames (42.4%)
      Progress: 41500/96688 frames (42.9%)
      Progress: 42000/96688 frames (43.4%)
      Progress: 42500/96688 frames (44.0%)
      Progress: 43000/96688 frames (44.5%)
      Progress: 43500/96688 frames (45.0%)
      Progress: 44000/96688 frames (45.5%)
      Progress: 44500/96688 frames (46.0%)
      Progress: 45000/96688 frames (46.5%)
      Progress: 45500/96688 frames (47.1%)
      Progress: 46000/96688 frames (47.6%)
      Progress: 46500/96688 frames (48.1%)
      Progress: 47000/96688 frames (48.6%)
      Progress: 47500/96688 frames (49.1%)
      Progress: 48000/96688 frames (49.6%)
      Progress: 48500/96688 frames (50.2%)
      Progress: 49000/96688 frames (50.7%)
      Progress: 49500/96688 frames (51.2%)
      Progress: 50000/96688 frames (51.7%)
      Progress: 50500/96688 frames (52.2%)
      Progress: 51000/96688 frames (52.7%)
      Progress: 51500/96688 frames (53.3%)
      Progress: 52000/96688 frames (53.8%)
      Progress: 52500/96688 frames (54.3%)
      Progress: 53000/96688 frames (54.8%)
      Progress: 53500/96688 frames (55.3%)
      Progress: 54000/96688 frames (55.8%)
      Progress: 54500/96688 frames (56.4%)
      Progress: 55000/96688 frames (56.9%)
      Progress: 55500/96688 frames (57.4%)
      Progress: 56000/96688 frames (57.9%)
      Progress: 56500/96688 frames (58.4%)
      Progress: 57000/96688 frames (59.0%)
      Progress: 57500/96688 frames (59.5%)
      Progress: 58000/96688 frames (60.0%)
      Progress: 58500/96688 frames (60.5%)
      Progress: 59000/96688 frames (61.0%)
      Progress: 59500/96688 frames (61.5%)
      Progress: 60000/96688 frames (62.1%)
      Progress: 60500/96688 frames (62.6%)
      Progress: 61000/96688 frames (63.1%)
      Progress: 61500/96688 frames (63.6%)
      Progress: 62000/96688 frames (64.1%)
      Progress: 62500/96688 frames (64.6%)
      Progress: 63000/96688 frames (65.2%)
      Progress: 63500/96688 frames (65.7%)
      Progress: 64000/96688 frames (66.2%)
      Progress: 64500/96688 frames (66.7%)
      Progress: 65000/96688 frames (67.2%)
      Progress: 65500/96688 frames (67.7%)
      Progress: 66000/96688 frames (68.3%)
      Progress: 66500/96688 frames (68.8%)
      Progress: 67000/96688 frames (69.3%)
      Progress: 67500/96688 frames (69.8%)
      Progress: 68000/96688 frames (70.3%)
      Progress: 68500/96688 frames (70.8%)
      Progress: 69000/96688 frames (71.4%)
      Progress: 69500/96688 frames (71.9%)
      Progress: 70000/96688 frames (72.4%)
      Progress: 70500/96688 frames (72.9%)
      Progress: 71000/96688 frames (73.4%)
      Progress: 71500/96688 frames (73.9%)
      Progress: 72000/96688 frames (74.5%)
      Progress: 72500/96688 frames (75.0%)
      Progress: 73000/96688 frames (75.5%)
      Progress: 73500/96688 frames (76.0%)
      Progress: 74000/96688 frames (76.5%)
      Progress: 74500/96688 frames (77.1%)
      Progress: 75000/96688 frames (77.6%)
      Progress: 75500/96688 frames (78.1%)
      Progress: 76000/96688 frames (78.6%)
      Progress: 76500/96688 frames (79.1%)
      Progress: 77000/96688 frames (79.6%)
      Progress: 77500/96688 frames (80.2%)
      Progress: 78000/96688 frames (80.7%)
      Progress: 78500/96688 frames (81.2%)
      Progress: 79000/96688 frames (81.7%)
      Progress: 79500/96688 frames (82.2%)
      Progress: 80000/96688 frames (82.7%)
      Progress: 80500/96688 frames (83.3%)
      Progress: 81000/96688 frames (83.8%)
      Progress: 81500/96688 frames (84.3%)
      Progress: 82000/96688 frames (84.8%)
      Progress: 82500/96688 frames (85.3%)
      Progress: 83000/96688 frames (85.8%)
      Progress: 83500/96688 frames (86.4%)
      Progress: 84000/96688 frames (86.9%)
      Progress: 84500/96688 frames (87.4%)
      Progress: 85000/96688 frames (87.9%)
      Progress: 85500/96688 frames (88.4%)
      Progress: 86000/96688 frames (88.9%)
      Progress: 86500/96688 frames (89.5%)
      Progress: 87000/96688 frames (90.0%)
      Progress: 87500/96688 frames (90.5%)
      Progress: 88000/96688 frames (91.0%)
      Progress: 88500/96688 frames (91.5%)
      Progress: 89000/96688 frames (92.0%)
      Progress: 89500/96688 frames (92.6%)
      Progress: 90000/96688 frames (93.1%)
      Progress: 90500/96688 frames (93.6%)
      Progress: 91000/96688 frames (94.1%)
      Progress: 91500/96688 frames (94.6%)
      Progress: 92000/96688 frames (95.2%)
      Progress: 92500/96688 frames (95.7%)
      Progress: 93000/96688 frames (96.2%)
      Progress: 93500/96688 frames (96.7%)
      Progress: 94000/96688 frames (97.2%)
      Progress: 94500/96688 frames (97.7%)
      Progress: 95000/96688 frames (98.3%)
      Progress: 95500/96688 frames (98.8%)
      Progress: 96000/96688 frames (99.3%)
      Progress: 96500/96688 frames (99.8%)
      ───────────────────────────────────────────────────────
      FRAME READING COMPLETE
      ───────────────────────────────────────────────────────
      Expected frames: 96688
      Frames read: 96688
      Frames missing: 1
      WARNING: 1 frames could not be read!
      ───────────────────────────────────────────────────────

      ───────────────────────────────────────────────────────
      EXTRACTING FEATURES PER SECOND
      ───────────────────────────────────────────────────────
      Total seconds to process: 3868
        Second 100/3868
        Second 200/3868
        Second 300/3868
        Second 400/3868
        Second 500/3868
        Second 600/3868
        Second 700/3868
        Second 800/3868
        Second 900/3868
        Second 1000/3868
        Second 1100/3868
        Second 1200/3868
        Second 1300/3868
        Second 1400/3868
        Second 1500/3868
        Second 1600/3868
        Second 1700/3868
        Second 1800/3868
        Second 1900/3868
        Second 2000/3868
        Second 2100/3868
        Second 2200/3868
        Second 2300/3868
        Second 2400/3868
        Second 2500/3868
        Second 2600/3868
        Second 2700/3868
        Second 2800/3868
        Second 2900/3868
        Second 3000/3868
        Second 3100/3868
        Second 3200/3868
        Second 3300/3868
        Second 3400/3868
        Second 3500/3868
        Second 3600/3868
        Second 3700/3868
        Second 3800/3868
      ───────────────────────────────────────────────────────
      FEATURE EXTRACTION COMPLETE
      ───────────────────────────────────────────────────────
      Final features shape: (3868, 512)

[ID06]   Features extracted: (3868, 512)
[ID06] Step 2/3: Converting to multi-label format...
/data-8tb/nvaci/miniconda3/envs/FACT/lib/python3.8/site-packages/torchvision/models/_utils.py:208: UserWarning: The parameter 'pretrained' is deprecated since 0.13 and may be removed in the future, please use 'weights' instead.
  warnings.warn(
/data-8tb/nvaci/miniconda3/envs/FACT/lib/python3.8/site-packages/torchvision/models/_utils.py:223: UserWarning: Arguments other than a weight enum or `None` for 'weights' are deprecated since 0.13 and may be removed in the future. The current behavior is equivalent to passing `weights=R3D_18_Weights.KINETICS400_V1`. You can also use `weights=R3D_18_Weights.DEFAULT` to get the most up-to-date weights.
  warnings.warn(msg)
Traceback (most recent call last):
  File "/data-8tb/nvaci/miniconda3/envs/FACT/lib/python3.8/site-packages/pandas/core/indexes/base.py", line 3080, in get_loc
    return self._engine.get_loc(casted_key)
  File "pandas/_libs/index.pyx", line 70, in pandas._libs.index.IndexEngine.get_loc
  File "pandas/_libs/index.pyx", line 101, in pandas._libs.index.IndexEngine.get_loc
  File "pandas/_libs/hashtable_class_helper.pxi", line 4554, in pandas._libs.hashtable.PyObjectHashTable.get_item
  File "pandas/_libs/hashtable_class_helper.pxi", line 4562, in pandas._libs.hashtable.PyObjectHashTable.get_item
KeyError: 'start_sec'

The above exception was the direct cause of the following exception:

Traceback (most recent call last):
  File "preprocess_stanford_multilabel_original_fps.py", line 500, in main
    multilabels = convert_labels_to_multilabel(label_file, num_seconds)
  File "preprocess_stanford_multilabel_original_fps.py", line 312, in convert_labels_to_multilabel
    start_sec = int(row['start_sec'])
  File "/data-8tb/nvaci/miniconda3/envs/FACT/lib/python3.8/site-packages/pandas/core/series.py", line 853, in __getitem__
    return self._get_value(key)
  File "/data-8tb/nvaci/miniconda3/envs/FACT/lib/python3.8/site-packages/pandas/core/series.py", line 961, in _get_value
    loc = self.index.get_loc(label)
  File "/data-8tb/nvaci/miniconda3/envs/FACT/lib/python3.8/site-packages/pandas/core/indexes/base.py", line 3082, in get_loc
    raise KeyError(key) from err
KeyError: 'start_sec'
Traceback (most recent call last):
  File "/data-8tb/nvaci/miniconda3/envs/FACT/lib/python3.8/site-packages/pandas/core/indexes/base.py", line 3080, in get_loc
    return self._engine.get_loc(casted_key)
  File "pandas/_libs/index.pyx", line 70, in pandas._libs.index.IndexEngine.get_loc
  File "pandas/_libs/index.pyx", line 101, in pandas._libs.index.IndexEngine.get_loc
  File "pandas/_libs/hashtable_class_helper.pxi", line 4554, in pandas._libs.hashtable.PyObjectHashTable.get_item
  File "pandas/_libs/hashtable_class_helper.pxi", line 4562, in pandas._libs.hashtable.PyObjectHashTable.get_item
KeyError: 'start_sec'

The above exception was the direct cause of the following exception:

Traceback (most recent call last):
  File "preprocess_stanford_multilabel_original_fps.py", line 500, in main
    multilabels = convert_labels_to_multilabel(label_file, num_seconds)
  File "preprocess_stanford_multilabel_original_fps.py", line 312, in convert_labels_to_multilabel
    start_sec = int(row['start_sec'])
  File "/data-8tb/nvaci/miniconda3/envs/FACT/lib/python3.8/site-packages/pandas/core/series.py", line 853, in __getitem__
    return self._get_value(key)
  File "/data-8tb/nvaci/miniconda3/envs/FACT/lib/python3.8/site-packages/pandas/core/series.py", line 961, in _get_value
    loc = self.index.get_loc(label)
  File "/data-8tb/nvaci/miniconda3/envs/FACT/lib/python3.8/site-packages/pandas/core/indexes/base.py", line 3082, in get_loc
    raise KeyError(key) from err
KeyError: 'start_sec'
Traceback (most recent call last):
  File "/data-8tb/nvaci/miniconda3/envs/FACT/lib/python3.8/site-packages/pandas/core/indexes/base.py", line 3080, in get_loc
    return self._engine.get_loc(casted_key)
  File "pandas/_libs/index.pyx", line 70, in pandas._libs.index.IndexEngine.get_loc
  File "pandas/_libs/index.pyx", line 101, in pandas._libs.index.IndexEngine.get_loc
  File "pandas/_libs/hashtable_class_helper.pxi", line 4554, in pandas._libs.hashtable.PyObjectHashTable.get_item
  File "pandas/_libs/hashtable_class_helper.pxi", line 4562, in pandas._libs.hashtable.PyObjectHashTable.get_item
KeyError: 'start_sec'

The above exception was the direct cause of the following exception:

Traceback (most recent call last):
  File "preprocess_stanford_multilabel_original_fps.py", line 500, in main
    multilabels = convert_labels_to_multilabel(label_file, num_seconds)
  File "preprocess_stanford_multilabel_original_fps.py", line 312, in convert_labels_to_multilabel
    start_sec = int(row['start_sec'])
  File "/data-8tb/nvaci/miniconda3/envs/FACT/lib/python3.8/site-packages/pandas/core/series.py", line 853, in __getitem__
    return self._get_value(key)
  File "/data-8tb/nvaci/miniconda3/envs/FACT/lib/python3.8/site-packages/pandas/core/series.py", line 961, in _get_value
    loc = self.index.get_loc(label)
  File "/data-8tb/nvaci/miniconda3/envs/FACT/lib/python3.8/site-packages/pandas/core/indexes/base.py", line 3082, in get_loc
    raise KeyError(key) from err
KeyError: 'start_sec'
Traceback (most recent call last):
  File "/data-8tb/nvaci/miniconda3/envs/FACT/lib/python3.8/site-packages/pandas/core/indexes/base.py", line 3080, in get_loc
    return self._engine.get_loc(casted_key)
  File "pandas/_libs/index.pyx", line 70, in pandas._libs.index.IndexEngine.get_loc
  File "pandas/_libs/index.pyx", line 101, in pandas._libs.index.IndexEngine.get_loc
  File "pandas/_libs/hashtable_class_helper.pxi", line 4554, in pandas._libs.hashtable.PyObjectHashTable.get_item
  File "pandas/_libs/hashtable_class_helper.pxi", line 4562, in pandas._libs.hashtable.PyObjectHashTable.get_item
KeyError: 'start_sec'

The above exception was the direct cause of the following exception:

Traceback (most recent call last):
  File "preprocess_stanford_multilabel_original_fps.py", line 500, in main
    multilabels = convert_labels_to_multilabel(label_file, num_seconds)
  File "preprocess_stanford_multilabel_original_fps.py", line 312, in convert_labels_to_multilabel
    start_sec = int(row['start_sec'])
  File "/data-8tb/nvaci/miniconda3/envs/FACT/lib/python3.8/site-packages/pandas/core/series.py", line 853, in __getitem__
    return self._get_value(key)
  File "/data-8tb/nvaci/miniconda3/envs/FACT/lib/python3.8/site-packages/pandas/core/series.py", line 961, in _get_value
    loc = self.index.get_loc(label)
  File "/data-8tb/nvaci/miniconda3/envs/FACT/lib/python3.8/site-packages/pandas/core/indexes/base.py", line 3082, in get_loc
    raise KeyError(key) from err
KeyError: 'start_sec'
Traceback (most recent call last):
  File "/data-8tb/nvaci/miniconda3/envs/FACT/lib/python3.8/site-packages/pandas/core/indexes/base.py", line 3080, in get_loc
    return self._engine.get_loc(casted_key)
  File "pandas/_libs/index.pyx", line 70, in pandas._libs.index.IndexEngine.get_loc
  File "pandas/_libs/index.pyx", line 101, in pandas._libs.index.IndexEngine.get_loc
  File "pandas/_libs/hashtable_class_helper.pxi", line 4554, in pandas._libs.hashtable.PyObjectHashTable.get_item
  File "pandas/_libs/hashtable_class_helper.pxi", line 4562, in pandas._libs.hashtable.PyObjectHashTable.get_item
KeyError: 'start_sec'

The above exception was the direct cause of the following exception:

Traceback (most recent call last):
  File "preprocess_stanford_multilabel_original_fps.py", line 500, in main
    multilabels = convert_labels_to_multilabel(label_file, num_seconds)
  File "preprocess_stanford_multilabel_original_fps.py", line 312, in convert_labels_to_multilabel
    start_sec = int(row['start_sec'])
  File "/data-8tb/nvaci/miniconda3/envs/FACT/lib/python3.8/site-packages/pandas/core/series.py", line 853, in __getitem__
    return self._get_value(key)
  File "/data-8tb/nvaci/miniconda3/envs/FACT/lib/python3.8/site-packages/pandas/core/series.py", line 961, in _get_value
    loc = self.index.get_loc(label)
  File "/data-8tb/nvaci/miniconda3/envs/FACT/lib/python3.8/site-packages/pandas/core/indexes/base.py", line 3082, in get_loc
    raise KeyError(key) from err
KeyError: 'start_sec'
[ID06] ERROR processing labels: 'start_sec'

================================================================================
Processing video 7/32: ID07
================================================================================
[ID07] Found label file: 25-021_ID07.csv
[ID07] Step 1/3: Extracting features...
      Opening video file...

      ═══════════════════════════════════════════════════════
      VIDEO PROPERTIES
      ═══════════════════════════════════════════════════════
      FPS detected: 25.00
      Clip length (auto): 25 frames
      Total frames: 95555
      Duration: 3822.20 seconds
      Expected seconds: 3823
      Frames per second: ~25.0
      ═══════════════════════════════════════════════════════

      Using ORIGINAL FPS with per-second aggregation
      Aggregation method: mean
      ───────────────────────────────────────────────────────
      READING ALL FRAMES FROM VIDEO
      ───────────────────────────────────────────────────────
      Progress: 500/95555 frames (0.5%)
      Progress: 1000/95555 frames (1.0%)
      Progress: 1500/95555 frames (1.6%)
      Progress: 2000/95555 frames (2.1%)
      Progress: 2500/95555 frames (2.6%)
      Progress: 3000/95555 frames (3.1%)
      Progress: 3500/95555 frames (3.7%)
      Progress: 4000/95555 frames (4.2%)
      Progress: 4500/95555 frames (4.7%)
      Progress: 5000/95555 frames (5.2%)
      Progress: 5500/95555 frames (5.8%)
      Progress: 6000/95555 frames (6.3%)
      Progress: 6500/95555 frames (6.8%)
      Progress: 7000/95555 frames (7.3%)
      Progress: 7500/95555 frames (7.8%)
      Progress: 8000/95555 frames (8.4%)
      Progress: 8500/95555 frames (8.9%)
      Progress: 9000/95555 frames (9.4%)
      Progress: 9500/95555 frames (9.9%)
      Progress: 10000/95555 frames (10.5%)
      Progress: 10500/95555 frames (11.0%)
      Progress: 11000/95555 frames (11.5%)
      Progress: 11500/95555 frames (12.0%)
      Progress: 12000/95555 frames (12.6%)
      Progress: 12500/95555 frames (13.1%)
      Progress: 13000/95555 frames (13.6%)
      Progress: 13500/95555 frames (14.1%)
      Progress: 14000/95555 frames (14.7%)
      Progress: 14500/95555 frames (15.2%)
      Progress: 15000/95555 frames (15.7%)
      Progress: 15500/95555 frames (16.2%)
      Progress: 16000/95555 frames (16.7%)
      Progress: 16500/95555 frames (17.3%)
      Progress: 17000/95555 frames (17.8%)
      Progress: 17500/95555 frames (18.3%)
      Progress: 18000/95555 frames (18.8%)
      Progress: 18500/95555 frames (19.4%)
      Progress: 19000/95555 frames (19.9%)
      Progress: 19500/95555 frames (20.4%)
      Progress: 20000/95555 frames (20.9%)
      Progress: 20500/95555 frames (21.5%)
      Progress: 21000/95555 frames (22.0%)
      Progress: 21500/95555 frames (22.5%)
      Progress: 22000/95555 frames (23.0%)
      Progress: 22500/95555 frames (23.5%)
      Progress: 23000/95555 frames (24.1%)
      Progress: 23500/95555 frames (24.6%)
      Progress: 24000/95555 frames (25.1%)
      Progress: 24500/95555 frames (25.6%)
      Progress: 25000/95555 frames (26.2%)
      Progress: 25500/95555 frames (26.7%)
      Progress: 26000/95555 frames (27.2%)
      Progress: 26500/95555 frames (27.7%)
      Progress: 27000/95555 frames (28.3%)
      Progress: 27500/95555 frames (28.8%)
      Progress: 28000/95555 frames (29.3%)
      Progress: 28500/95555 frames (29.8%)
      Progress: 29000/95555 frames (30.3%)
      Progress: 29500/95555 frames (30.9%)
      Progress: 30000/95555 frames (31.4%)
      Progress: 30500/95555 frames (31.9%)
      Progress: 31000/95555 frames (32.4%)
      Progress: 31500/95555 frames (33.0%)
      Progress: 32000/95555 frames (33.5%)
      Progress: 32500/95555 frames (34.0%)
      Progress: 33000/95555 frames (34.5%)
      Progress: 33500/95555 frames (35.1%)
      Progress: 34000/95555 frames (35.6%)
      Progress: 34500/95555 frames (36.1%)
      Progress: 35000/95555 frames (36.6%)
      Progress: 35500/95555 frames (37.2%)
      Progress: 36000/95555 frames (37.7%)
      Progress: 36500/95555 frames (38.2%)
      Progress: 37000/95555 frames (38.7%)
      Progress: 37500/95555 frames (39.2%)
      Progress: 38000/95555 frames (39.8%)
      Progress: 38500/95555 frames (40.3%)
      Progress: 39000/95555 frames (40.8%)
      Progress: 39500/95555 frames (41.3%)
      Progress: 40000/95555 frames (41.9%)
      Progress: 40500/95555 frames (42.4%)
      Progress: 41000/95555 frames (42.9%)
      Progress: 41500/95555 frames (43.4%)
      Progress: 42000/95555 frames (44.0%)
      Progress: 42500/95555 frames (44.5%)
      Progress: 43000/95555 frames (45.0%)
      Progress: 43500/95555 frames (45.5%)
      Progress: 44000/95555 frames (46.0%)
      Progress: 44500/95555 frames (46.6%)
      Progress: 45000/95555 frames (47.1%)
      Progress: 45500/95555 frames (47.6%)
      Progress: 46000/95555 frames (48.1%)
      Progress: 46500/95555 frames (48.7%)
      Progress: 47000/95555 frames (49.2%)
      Progress: 47500/95555 frames (49.7%)
      Progress: 48000/95555 frames (50.2%)
      Progress: 48500/95555 frames (50.8%)
      Progress: 49000/95555 frames (51.3%)
      Progress: 49500/95555 frames (51.8%)
      Progress: 50000/95555 frames (52.3%)
      Progress: 50500/95555 frames (52.8%)
      Progress: 51000/95555 frames (53.4%)
      Progress: 51500/95555 frames (53.9%)
      Progress: 52000/95555 frames (54.4%)
      Progress: 52500/95555 frames (54.9%)
      Progress: 53000/95555 frames (55.5%)
      Progress: 53500/95555 frames (56.0%)
      Progress: 54000/95555 frames (56.5%)
      Progress: 54500/95555 frames (57.0%)
      Progress: 55000/95555 frames (57.6%)
      Progress: 55500/95555 frames (58.1%)
      Progress: 56000/95555 frames (58.6%)
      Progress: 56500/95555 frames (59.1%)
      Progress: 57000/95555 frames (59.7%)
      Progress: 57500/95555 frames (60.2%)
      Progress: 58000/95555 frames (60.7%)
      Progress: 58500/95555 frames (61.2%)
      Progress: 59000/95555 frames (61.7%)
      Progress: 59500/95555 frames (62.3%)
      Progress: 60000/95555 frames (62.8%)
      Progress: 60500/95555 frames (63.3%)
      Progress: 61000/95555 frames (63.8%)
      Progress: 61500/95555 frames (64.4%)
      Progress: 62000/95555 frames (64.9%)
      Progress: 62500/95555 frames (65.4%)
      Progress: 63000/95555 frames (65.9%)
      Progress: 63500/95555 frames (66.5%)
      Progress: 64000/95555 frames (67.0%)
      Progress: 64500/95555 frames (67.5%)
      Progress: 65000/95555 frames (68.0%)
      Progress: 65500/95555 frames (68.5%)
      Progress: 66000/95555 frames (69.1%)
      Progress: 66500/95555 frames (69.6%)
      Progress: 67000/95555 frames (70.1%)
      Progress: 67500/95555 frames (70.6%)
      Progress: 68000/95555 frames (71.2%)
      Progress: 68500/95555 frames (71.7%)
      Progress: 69000/95555 frames (72.2%)
      Progress: 69500/95555 frames (72.7%)
      Progress: 70000/95555 frames (73.3%)
      Progress: 70500/95555 frames (73.8%)
      Progress: 71000/95555 frames (74.3%)
      Progress: 71500/95555 frames (74.8%)
      Progress: 72000/95555 frames (75.3%)
      Progress: 72500/95555 frames (75.9%)
      Progress: 73000/95555 frames (76.4%)
      Progress: 73500/95555 frames (76.9%)
      Progress: 74000/95555 frames (77.4%)
      Progress: 74500/95555 frames (78.0%)
      Progress: 75000/95555 frames (78.5%)
      Progress: 75500/95555 frames (79.0%)
      Progress: 76000/95555 frames (79.5%)
      Progress: 76500/95555 frames (80.1%)
      Progress: 77000/95555 frames (80.6%)
      Progress: 77500/95555 frames (81.1%)
      Progress: 78000/95555 frames (81.6%)
      Progress: 78500/95555 frames (82.2%)
      Progress: 79000/95555 frames (82.7%)
      Progress: 79500/95555 frames (83.2%)
      Progress: 80000/95555 frames (83.7%)
      Progress: 80500/95555 frames (84.2%)
      Progress: 81000/95555 frames (84.8%)
      Progress: 81500/95555 frames (85.3%)
      Progress: 82000/95555 frames (85.8%)
      Progress: 82500/95555 frames (86.3%)
      Progress: 83000/95555 frames (86.9%)
      Progress: 83500/95555 frames (87.4%)
      Progress: 84000/95555 frames (87.9%)
      Progress: 84500/95555 frames (88.4%)
      Progress: 85000/95555 frames (89.0%)
      Progress: 85500/95555 frames (89.5%)
      Progress: 86000/95555 frames (90.0%)
      Progress: 86500/95555 frames (90.5%)
      Progress: 87000/95555 frames (91.0%)
      Progress: 87500/95555 frames (91.6%)
      Progress: 88000/95555 frames (92.1%)
      Progress: 88500/95555 frames (92.6%)
      Progress: 89000/95555 frames (93.1%)
      Progress: 89500/95555 frames (93.7%)
      Progress: 90000/95555 frames (94.2%)
      Progress: 90500/95555 frames (94.7%)
      Progress: 91000/95555 frames (95.2%)
      Progress: 91500/95555 frames (95.8%)
      Progress: 92000/95555 frames (96.3%)
      Progress: 92500/95555 frames (96.8%)
      Progress: 93000/95555 frames (97.3%)
      Progress: 93500/95555 frames (97.8%)
      Progress: 94000/95555 frames (98.4%)
      Progress: 94500/95555 frames (98.9%)
      Progress: 95000/95555 frames (99.4%)
      Progress: 95500/95555 frames (99.9%)
      WARNING: 200 consecutive frame read failures
      Breaking loop at frame 95538/95555
      Frames successfully read: 95538
      Total missed frames: 200
      ───────────────────────────────────────────────────────
      FRAME READING COMPLETE
      ───────────────────────────────────────────────────────
      Expected frames: 95555
      Frames read: 95538
      Frames missing: 200
      WARNING: 200 frames could not be read!
      WARNING: Read fewer frames than expected (95538/95555)
      This may be due to video corruption or codec issues
      ───────────────────────────────────────────────────────

      ───────────────────────────────────────────────────────
      EXTRACTING FEATURES PER SECOND
      ───────────────────────────────────────────────────────
      Total seconds to process: 3823
        Second 100/3823
        Second 200/3823
        Second 300/3823
        Second 400/3823
        Second 500/3823
        Second 600/3823
        Second 700/3823
        Second 800/3823
        Second 900/3823
        Second 1000/3823
        Second 1100/3823
        Second 1200/3823
        Second 1300/3823
        Second 1400/3823
        Second 1500/3823
        Second 1600/3823
        Second 1700/3823
        Second 1800/3823
        Second 1900/3823
        Second 2000/3823
        Second 2100/3823
        Second 2200/3823
        Second 2300/3823
        Second 2400/3823
        Second 2500/3823
        Second 2600/3823
        Second 2700/3823
        Second 2800/3823
        Second 2900/3823
        Second 3000/3823
        Second 3100/3823
        Second 3200/3823
        Second 3300/3823
        Second 3400/3823
        Second 3500/3823
        Second 3600/3823
        Second 3700/3823
        Second 3800/3823
      ───────────────────────────────────────────────────────
      FEATURE EXTRACTION COMPLETE
      ───────────────────────────────────────────────────────
      Final features shape: (3823, 512)

[ID07]   Features extracted: (3823, 512)
[ID07] Step 2/3: Converting to multi-label format...
[ID07] ERROR processing labels: 'start_sec'

================================================================================
Processing video 8/32: ID08
================================================================================
[ID08] Found label file: 25-021_ID08.csv
[ID08] Step 1/3: Extracting features...
      Opening video file...

      ═══════════════════════════════════════════════════════
      VIDEO PROPERTIES
      ═══════════════════════════════════════════════════════
      FPS detected: 25.00
      Clip length (auto): 25 frames
      Total frames: 94691
      Duration: 3787.64 seconds
      Expected seconds: 3788
      Frames per second: ~25.0
      ═══════════════════════════════════════════════════════

      Using ORIGINAL FPS with per-second aggregation
      Aggregation method: mean
      ───────────────────────────────────────────────────────
      READING ALL FRAMES FROM VIDEO
      ───────────────────────────────────────────────────────
      Progress: 500/94691 frames (0.5%)
      Progress: 1000/94691 frames (1.1%)
      Progress: 1500/94691 frames (1.6%)
      Progress: 2000/94691 frames (2.1%)
      Progress: 2500/94691 frames (2.6%)
      Progress: 3000/94691 frames (3.2%)
      Progress: 3500/94691 frames (3.7%)
      Progress: 4000/94691 frames (4.2%)
      Progress: 4500/94691 frames (4.8%)
      Progress: 5000/94691 frames (5.3%)
      Progress: 5500/94691 frames (5.8%)
      Progress: 6000/94691 frames (6.3%)
      Progress: 6500/94691 frames (6.9%)
      Progress: 7000/94691 frames (7.4%)
      Progress: 7500/94691 frames (7.9%)
      Progress: 8000/94691 frames (8.4%)
      Progress: 8500/94691 frames (9.0%)
      Progress: 9000/94691 frames (9.5%)
      Progress: 9500/94691 frames (10.0%)
      Progress: 10000/94691 frames (10.6%)
      Progress: 10500/94691 frames (11.1%)
      Progress: 11000/94691 frames (11.6%)
      Progress: 11500/94691 frames (12.1%)
      Progress: 12000/94691 frames (12.7%)
      Progress: 12500/94691 frames (13.2%)
      Progress: 13000/94691 frames (13.7%)
      Progress: 13500/94691 frames (14.3%)
      Progress: 14000/94691 frames (14.8%)
      Progress: 14500/94691 frames (15.3%)
      Progress: 15000/94691 frames (15.8%)
      Progress: 15500/94691 frames (16.4%)
      Progress: 16000/94691 frames (16.9%)
      Progress: 16500/94691 frames (17.4%)
      Progress: 17000/94691 frames (18.0%)
      Progress: 17500/94691 frames (18.5%)
      Progress: 18000/94691 frames (19.0%)
      Progress: 18500/94691 frames (19.5%)
      Progress: 19000/94691 frames (20.1%)
      Progress: 19500/94691 frames (20.6%)
      Progress: 20000/94691 frames (21.1%)
      Progress: 20500/94691 frames (21.6%)
      Progress: 21000/94691 frames (22.2%)
      Progress: 21500/94691 frames (22.7%)
      Progress: 22000/94691 frames (23.2%)
      Progress: 22500/94691 frames (23.8%)
      Progress: 23000/94691 frames (24.3%)
      Progress: 23500/94691 frames (24.8%)
      Progress: 24000/94691 frames (25.3%)
      Progress: 24500/94691 frames (25.9%)
      Progress: 25000/94691 frames (26.4%)
      Progress: 25500/94691 frames (26.9%)
      Progress: 26000/94691 frames (27.5%)
      Progress: 26500/94691 frames (28.0%)
      Progress: 27000/94691 frames (28.5%)
      Progress: 27500/94691 frames (29.0%)
      Progress: 28000/94691 frames (29.6%)
      Progress: 28500/94691 frames (30.1%)
      Progress: 29000/94691 frames (30.6%)
      Progress: 29500/94691 frames (31.2%)
      Progress: 30000/94691 frames (31.7%)
      Progress: 30500/94691 frames (32.2%)
      Progress: 31000/94691 frames (32.7%)
      Progress: 31500/94691 frames (33.3%)
      Progress: 32000/94691 frames (33.8%)
      Progress: 32500/94691 frames (34.3%)
      Progress: 33000/94691 frames (34.9%)
      Progress: 33500/94691 frames (35.4%)
      Progress: 34000/94691 frames (35.9%)
      Progress: 34500/94691 frames (36.4%)
      Progress: 35000/94691 frames (37.0%)
      Progress: 35500/94691 frames (37.5%)
      Progress: 36000/94691 frames (38.0%)
      Progress: 36500/94691 frames (38.5%)
      Progress: 37000/94691 frames (39.1%)
      Progress: 37500/94691 frames (39.6%)
      Progress: 38000/94691 frames (40.1%)
      Progress: 38500/94691 frames (40.7%)
      Progress: 39000/94691 frames (41.2%)
      Progress: 39500/94691 frames (41.7%)
      Progress: 40000/94691 frames (42.2%)
      Progress: 40500/94691 frames (42.8%)
      Progress: 41000/94691 frames (43.3%)
      Progress: 41500/94691 frames (43.8%)
      Progress: 42000/94691 frames (44.4%)
      Progress: 42500/94691 frames (44.9%)
      Progress: 43000/94691 frames (45.4%)
      Progress: 43500/94691 frames (45.9%)
      Progress: 44000/94691 frames (46.5%)
      Progress: 44500/94691 frames (47.0%)
      Progress: 45000/94691 frames (47.5%)
      Progress: 45500/94691 frames (48.1%)
      Progress: 46000/94691 frames (48.6%)
      Progress: 46500/94691 frames (49.1%)
      Progress: 47000/94691 frames (49.6%)
      Progress: 47500/94691 frames (50.2%)
      Progress: 48000/94691 frames (50.7%)
      Progress: 48500/94691 frames (51.2%)
      Progress: 49000/94691 frames (51.7%)
      Progress: 49500/94691 frames (52.3%)
      Progress: 50000/94691 frames (52.8%)
      Progress: 50500/94691 frames (53.3%)
      Progress: 51000/94691 frames (53.9%)
      Progress: 51500/94691 frames (54.4%)
      Progress: 52000/94691 frames (54.9%)
      Progress: 52500/94691 frames (55.4%)
      Progress: 53000/94691 frames (56.0%)
      Progress: 53500/94691 frames (56.5%)
      Progress: 54000/94691 frames (57.0%)
      Progress: 54500/94691 frames (57.6%)
      Progress: 55000/94691 frames (58.1%)
      Progress: 55500/94691 frames (58.6%)
      Progress: 56000/94691 frames (59.1%)
      Progress: 56500/94691 frames (59.7%)
      Progress: 57000/94691 frames (60.2%)
      Progress: 57500/94691 frames (60.7%)
      Progress: 58000/94691 frames (61.3%)
      Progress: 58500/94691 frames (61.8%)
      Progress: 59000/94691 frames (62.3%)
      Progress: 59500/94691 frames (62.8%)
      Progress: 60000/94691 frames (63.4%)
      Progress: 60500/94691 frames (63.9%)
      Progress: 61000/94691 frames (64.4%)
      Progress: 61500/94691 frames (64.9%)
      Progress: 62000/94691 frames (65.5%)
      Progress: 62500/94691 frames (66.0%)
      Progress: 63000/94691 frames (66.5%)
      Progress: 63500/94691 frames (67.1%)
      Progress: 64000/94691 frames (67.6%)
      Progress: 64500/94691 frames (68.1%)
      Progress: 65000/94691 frames (68.6%)
      Progress: 65500/94691 frames (69.2%)
      Progress: 66000/94691 frames (69.7%)
      Progress: 66500/94691 frames (70.2%)
      Progress: 67000/94691 frames (70.8%)
      Progress: 67500/94691 frames (71.3%)
      Progress: 68000/94691 frames (71.8%)
      Progress: 68500/94691 frames (72.3%)
      Progress: 69000/94691 frames (72.9%)
      Progress: 69500/94691 frames (73.4%)
      Progress: 70000/94691 frames (73.9%)
      Progress: 70500/94691 frames (74.5%)
      Progress: 71000/94691 frames (75.0%)
      Progress: 71500/94691 frames (75.5%)
      Progress: 72000/94691 frames (76.0%)
      Progress: 72500/94691 frames (76.6%)
      Progress: 73000/94691 frames (77.1%)
      Progress: 73500/94691 frames (77.6%)
      Progress: 74000/94691 frames (78.1%)
      Progress: 74500/94691 frames (78.7%)
      Progress: 75000/94691 frames (79.2%)
      Progress: 75500/94691 frames (79.7%)
      Progress: 76000/94691 frames (80.3%)
      Progress: 76500/94691 frames (80.8%)
      Progress: 77000/94691 frames (81.3%)
      Progress: 77500/94691 frames (81.8%)
      Progress: 78000/94691 frames (82.4%)
      Progress: 78500/94691 frames (82.9%)
      Progress: 79000/94691 frames (83.4%)
      Progress: 79500/94691 frames (84.0%)
      Progress: 80000/94691 frames (84.5%)
      Progress: 80500/94691 frames (85.0%)
      Progress: 81000/94691 frames (85.5%)
      Progress: 81500/94691 frames (86.1%)
      Progress: 82000/94691 frames (86.6%)
      Progress: 82500/94691 frames (87.1%)
      Progress: 83000/94691 frames (87.7%)
      Progress: 83500/94691 frames (88.2%)
      Progress: 84000/94691 frames (88.7%)
      Progress: 84500/94691 frames (89.2%)
      Progress: 85000/94691 frames (89.8%)
      Progress: 85500/94691 frames (90.3%)
      Progress: 86000/94691 frames (90.8%)
      Progress: 86500/94691 frames (91.3%)
      Progress: 87000/94691 frames (91.9%)
      Progress: 87500/94691 frames (92.4%)
      Progress: 88000/94691 frames (92.9%)
      Progress: 88500/94691 frames (93.5%)
      Progress: 89000/94691 frames (94.0%)
      Progress: 89500/94691 frames (94.5%)
      Progress: 90000/94691 frames (95.0%)
      Progress: 90500/94691 frames (95.6%)
      Progress: 91000/94691 frames (96.1%)
      Progress: 91500/94691 frames (96.6%)
      Progress: 92000/94691 frames (97.2%)
      Progress: 92500/94691 frames (97.7%)
      Progress: 93000/94691 frames (98.2%)
      Progress: 93500/94691 frames (98.7%)
      Progress: 94000/94691 frames (99.3%)
      Progress: 94500/94691 frames (99.8%)
      WARNING: 200 consecutive frame read failures
      Breaking loop at frame 94688/94691
      Frames successfully read: 94688
      Total missed frames: 200
      ───────────────────────────────────────────────────────
      FRAME READING COMPLETE
      ───────────────────────────────────────────────────────
      Expected frames: 94691
      Frames read: 94688
      Frames missing: 200
      WARNING: 200 frames could not be read!
      WARNING: Read fewer frames than expected (94688/94691)
      This may be due to video corruption or codec issues
      ───────────────────────────────────────────────────────

      ───────────────────────────────────────────────────────
      EXTRACTING FEATURES PER SECOND
      ───────────────────────────────────────────────────────
      Total seconds to process: 3788
        Second 100/3788
        Second 200/3788
        Second 300/3788
        Second 400/3788
        Second 500/3788
        Second 600/3788
        Second 700/3788
        Second 800/3788
        Second 900/3788
        Second 1000/3788
        Second 1100/3788
        Second 1200/3788
        Second 1300/3788
        Second 1400/3788
        Second 1500/3788
        Second 1600/3788
        Second 1700/3788
        Second 1800/3788
        Second 1900/3788
        Second 2000/3788
        Second 2100/3788
        Second 2200/3788
        Second 2300/3788
        Second 2400/3788
        Second 2500/3788
        Second 2600/3788
        Second 2700/3788
        Second 2800/3788
        Second 2900/3788
        Second 3000/3788
        Second 3100/3788
        Second 3200/3788
        Second 3300/3788
        Second 3400/3788
        Second 3500/3788
        Second 3600/3788
        Second 3700/3788
      ───────────────────────────────────────────────────────
      FEATURE EXTRACTION COMPLETE
      ───────────────────────────────────────────────────────
      Final features shape: (3788, 512)

[ID08]   Features extracted: (3788, 512)
[ID08] Step 2/3: Converting to multi-label format...
[ID08] ERROR processing labels: 'start_sec'

================================================================================
Processing video 9/32: ID09
================================================================================
[ID09] Found label file: 25-021_ID09.csv
[ID09] Step 1/3: Extracting features...
      Opening video file...

      ═══════════════════════════════════════════════════════
      VIDEO PROPERTIES
      ═══════════════════════════════════════════════════════
      FPS detected: 25.00
      Clip length (auto): 25 frames
      Total frames: 93688
      Duration: 3747.52 seconds
      Expected seconds: 3748
      Frames per second: ~25.0
      ═══════════════════════════════════════════════════════

      Using ORIGINAL FPS with per-second aggregation
      Aggregation method: mean
      ───────────────────────────────────────────────────────
      READING ALL FRAMES FROM VIDEO
      ───────────────────────────────────────────────────────
      Progress: 500/93688 frames (0.5%)
      Progress: 1000/93688 frames (1.1%)
      Progress: 1500/93688 frames (1.6%)
      Progress: 2000/93688 frames (2.1%)
      Progress: 2500/93688 frames (2.7%)
      Progress: 3000/93688 frames (3.2%)
      Progress: 3500/93688 frames (3.7%)
      Progress: 4000/93688 frames (4.3%)
      Progress: 4500/93688 frames (4.8%)
      Progress: 5000/93688 frames (5.3%)
      Progress: 5500/93688 frames (5.9%)
      Progress: 6000/93688 frames (6.4%)
      Progress: 6500/93688 frames (6.9%)
      Progress: 7000/93688 frames (7.5%)
      Progress: 7500/93688 frames (8.0%)
      Progress: 8000/93688 frames (8.5%)
      Progress: 8500/93688 frames (9.1%)
      Progress: 9000/93688 frames (9.6%)
      Progress: 9500/93688 frames (10.1%)
      Progress: 10000/93688 frames (10.7%)
      Progress: 10500/93688 frames (11.2%)
      Progress: 11000/93688 frames (11.7%)
      Progress: 11500/93688 frames (12.3%)
      Progress: 12000/93688 frames (12.8%)
      Progress: 12500/93688 frames (13.3%)
      Progress: 13000/93688 frames (13.9%)
      Progress: 13500/93688 frames (14.4%)
      Progress: 14000/93688 frames (14.9%)
      Progress: 14500/93688 frames (15.5%)
      Progress: 15000/93688 frames (16.0%)
      Progress: 15500/93688 frames (16.5%)
      Progress: 16000/93688 frames (17.1%)
      Progress: 16500/93688 frames (17.6%)
      Progress: 17000/93688 frames (18.1%)
      Progress: 17500/93688 frames (18.7%)
      Progress: 18000/93688 frames (19.2%)
      Progress: 18500/93688 frames (19.7%)
      Progress: 19000/93688 frames (20.3%)
      Progress: 19500/93688 frames (20.8%)
      Progress: 20000/93688 frames (21.3%)
      Progress: 20500/93688 frames (21.9%)
      Progress: 21000/93688 frames (22.4%)
      Progress: 21500/93688 frames (22.9%)
      Progress: 22000/93688 frames (23.5%)
      Progress: 22500/93688 frames (24.0%)
      Progress: 23000/93688 frames (24.5%)
      Progress: 23500/93688 frames (25.1%)
      Progress: 24000/93688 frames (25.6%)
      Progress: 24500/93688 frames (26.2%)
      Progress: 25000/93688 frames (26.7%)
      Progress: 25500/93688 frames (27.2%)
      Progress: 26000/93688 frames (27.8%)
      Progress: 26500/93688 frames (28.3%)
      Progress: 27000/93688 frames (28.8%)
