nohup: ignoring input
Warning: i3d_model.py not found, will use fallback feature extractor
Set CPU thread limits to 4 threads
================================================================================
STANFORD MULTI-LABEL DATASET PREPROCESSING (FAST VERSION - FIXED)
Multi-label: Licking & Shaking (Independent Binary Outputs)
================================================================================
Started at: 2026-02-04 10:36:47

Configuration:
  Input videos: /data-8tb/nvaci/dataset/dataset_Stanford/raw/videos_cut
  Input labels: /data-8tb/nvaci/dataset/dataset_Stanford/raw/labels
  Output directory: /data-8tb/nvaci/dataset/dataset_Stanford/FACT_method/preprocessed_data_multilabel_originalFPS
  Label format: Multi-label (licking AND shaking)
  NO BALANCING - Dataset kept as-is
  FAST MODE: Using NumPy instead of PIL/Tensor transforms
  FIXED: Corrected CSV reading (licking/shaking columns)

Using GPU: NVIDIA RTX 6000 Ada Generation
Loading pretrained I3D model...
Using R3D-18 as feature extractor
Note: For best results, use I3D with --i3d_weights argument
R3D-18 model loaded successfully on cuda

Found 32 videos to process

================================================================================
Starting to process 32 videos...
================================================================================


================================================================================
Processing video 1/32: ID01
================================================================================
[ID01] Found label file: 25-021_ID01.csv
[ID01] Step 1/3: Extracting features...
      Opening video file...

      ===================================================
      VIDEO PROPERTIES
      ===================================================
      FPS detected: 25.00
      Clip length (auto): 25 frames
      Total frames: 97552
      Duration: 3902.08 seconds
      Expected seconds: 3903
      Frames per second: ~25.0
      ===================================================

      Using ORIGINAL FPS with per-second aggregation
      Aggregation method: mean
      ---------------------------------------------------
      READING ALL FRAMES FROM VIDEO (FAST MODE)
      ---------------------------------------------------
      Progress: 500/97552 frames (0.5%)
      Progress: 1000/97552 frames (1.0%)
      Progress: 1500/97552 frames (1.5%)
      Progress: 2000/97552 frames (2.1%)
      Progress: 2500/97552 frames (2.6%)
      Progress: 3000/97552 frames (3.1%)
      Progress: 3500/97552 frames (3.6%)
      Progress: 4000/97552 frames (4.1%)
      Progress: 4500/97552 frames (4.6%)
      Progress: 5000/97552 frames (5.1%)
      Progress: 5500/97552 frames (5.6%)
      Progress: 6000/97552 frames (6.2%)
      Progress: 6500/97552 frames (6.7%)
      Progress: 7000/97552 frames (7.2%)
      Progress: 7500/97552 frames (7.7%)
      Progress: 8000/97552 frames (8.2%)
      Progress: 8500/97552 frames (8.7%)
      Progress: 9000/97552 frames (9.2%)
      Progress: 9500/97552 frames (9.7%)
      Progress: 10000/97552 frames (10.3%)
      Progress: 10500/97552 frames (10.8%)
      Progress: 11000/97552 frames (11.3%)
      Progress: 11500/97552 frames (11.8%)
      Progress: 12000/97552 frames (12.3%)
      Progress: 12500/97552 frames (12.8%)
      Progress: 13000/97552 frames (13.3%)
      Progress: 13500/97552 frames (13.8%)
      Progress: 14000/97552 frames (14.4%)
      Progress: 14500/97552 frames (14.9%)
      Progress: 15000/97552 frames (15.4%)
      Progress: 15500/97552 frames (15.9%)
      Progress: 16000/97552 frames (16.4%)
      Progress: 16500/97552 frames (16.9%)
      Progress: 17000/97552 frames (17.4%)
      Progress: 17500/97552 frames (17.9%)
      Progress: 18000/97552 frames (18.5%)
      Progress: 18500/97552 frames (19.0%)
      Progress: 19000/97552 frames (19.5%)
      Progress: 19500/97552 frames (20.0%)
      Progress: 20000/97552 frames (20.5%)
      Progress: 20500/97552 frames (21.0%)
      Progress: 21000/97552 frames (21.5%)
      Progress: 21500/97552 frames (22.0%)
      Progress: 22000/97552 frames (22.6%)
      Progress: 22500/97552 frames (23.1%)
      Progress: 23000/97552 frames (23.6%)
      Progress: 23500/97552 frames (24.1%)
      Progress: 24000/97552 frames (24.6%)
      Progress: 24500/97552 frames (25.1%)
      Progress: 25000/97552 frames (25.6%)
      Progress: 25500/97552 frames (26.1%)
      Progress: 26000/97552 frames (26.7%)
      Progress: 26500/97552 frames (27.2%)
      Progress: 27000/97552 frames (27.7%)
      Progress: 27500/97552 frames (28.2%)
      Progress: 28000/97552 frames (28.7%)
      Progress: 28500/97552 frames (29.2%)
      Progress: 29000/97552 frames (29.7%)
      Progress: 29500/97552 frames (30.2%)
      Progress: 30000/97552 frames (30.8%)
      Progress: 30500/97552 frames (31.3%)
      Progress: 31000/97552 frames (31.8%)
      Progress: 31500/97552 frames (32.3%)
      Progress: 32000/97552 frames (32.8%)
      Progress: 32500/97552 frames (33.3%)
      Progress: 33000/97552 frames (33.8%)
      Progress: 33500/97552 frames (34.3%)
      Progress: 34000/97552 frames (34.9%)
      Progress: 34500/97552 frames (35.4%)
      Progress: 35000/97552 frames (35.9%)
      Progress: 35500/97552 frames (36.4%)
      Progress: 36000/97552 frames (36.9%)
      Progress: 36500/97552 frames (37.4%)
      Progress: 37000/97552 frames (37.9%)
      Progress: 37500/97552 frames (38.4%)
      Progress: 38000/97552 frames (39.0%)
      Progress: 38500/97552 frames (39.5%)
      Progress: 39000/97552 frames (40.0%)
      Progress: 39500/97552 frames (40.5%)
      Progress: 40000/97552 frames (41.0%)
      Progress: 40500/97552 frames (41.5%)
      Progress: 41000/97552 frames (42.0%)
      Progress: 41500/97552 frames (42.5%)
      Progress: 42000/97552 frames (43.1%)
      Progress: 42500/97552 frames (43.6%)
      Progress: 43000/97552 frames (44.1%)
      Progress: 43500/97552 frames (44.6%)
      Progress: 44000/97552 frames (45.1%)
      Progress: 44500/97552 frames (45.6%)
      Progress: 45000/97552 frames (46.1%)
      Progress: 45500/97552 frames (46.6%)
      Progress: 46000/97552 frames (47.2%)
      Progress: 46500/97552 frames (47.7%)
      Progress: 47000/97552 frames (48.2%)
      Progress: 47500/97552 frames (48.7%)
      Progress: 48000/97552 frames (49.2%)
      Progress: 48500/97552 frames (49.7%)
      Progress: 49000/97552 frames (50.2%)
      Progress: 49500/97552 frames (50.7%)
      Progress: 50000/97552 frames (51.3%)
      Progress: 50500/97552 frames (51.8%)
      Progress: 51000/97552 frames (52.3%)
      Progress: 51500/97552 frames (52.8%)
      Progress: 52000/97552 frames (53.3%)
      Progress: 52500/97552 frames (53.8%)
      Progress: 53000/97552 frames (54.3%)
      Progress: 53500/97552 frames (54.8%)
      Progress: 54000/97552 frames (55.4%)
      Progress: 54500/97552 frames (55.9%)
      Progress: 55000/97552 frames (56.4%)
      Progress: 55500/97552 frames (56.9%)
      Progress: 56000/97552 frames (57.4%)
      Progress: 56500/97552 frames (57.9%)
      Progress: 57000/97552 frames (58.4%)
      Progress: 57500/97552 frames (58.9%)
      Progress: 58000/97552 frames (59.5%)
      Progress: 58500/97552 frames (60.0%)
      Progress: 59000/97552 frames (60.5%)
      Progress: 59500/97552 frames (61.0%)
      Progress: 60000/97552 frames (61.5%)
      Progress: 60500/97552 frames (62.0%)
      Progress: 61000/97552 frames (62.5%)
      Progress: 61500/97552 frames (63.0%)
      Progress: 62000/97552 frames (63.6%)
      Progress: 62500/97552 frames (64.1%)
      Progress: 63000/97552 frames (64.6%)
      Progress: 63500/97552 frames (65.1%)
      Progress: 64000/97552 frames (65.6%)
      Progress: 64500/97552 frames (66.1%)
      Progress: 65000/97552 frames (66.6%)
      Progress: 65500/97552 frames (67.1%)
      Progress: 66000/97552 frames (67.7%)
      Progress: 66500/97552 frames (68.2%)
      Progress: 67000/97552 frames (68.7%)
      Progress: 67500/97552 frames (69.2%)
      Progress: 68000/97552 frames (69.7%)
      Progress: 68500/97552 frames (70.2%)
      Progress: 69000/97552 frames (70.7%)
      Progress: 69500/97552 frames (71.2%)
      Progress: 70000/97552 frames (71.8%)
      Progress: 70500/97552 frames (72.3%)
      Progress: 71000/97552 frames (72.8%)
      Progress: 71500/97552 frames (73.3%)
      Progress: 72000/97552 frames (73.8%)
      Progress: 72500/97552 frames (74.3%)
      Progress: 73000/97552 frames (74.8%)
      Progress: 73500/97552 frames (75.3%)
      Progress: 74000/97552 frames (75.9%)
      Progress: 74500/97552 frames (76.4%)
      Progress: 75000/97552 frames (76.9%)
      Progress: 75500/97552 frames (77.4%)
      Progress: 76000/97552 frames (77.9%)
      Progress: 76500/97552 frames (78.4%)
      Progress: 77000/97552 frames (78.9%)
      Progress: 77500/97552 frames (79.4%)
      Progress: 78000/97552 frames (80.0%)
      Progress: 78500/97552 frames (80.5%)
      Progress: 79000/97552 frames (81.0%)
      Progress: 79500/97552 frames (81.5%)
      Progress: 80000/97552 frames (82.0%)
      Progress: 80500/97552 frames (82.5%)
      Progress: 81000/97552 frames (83.0%)
      Progress: 81500/97552 frames (83.5%)
      Progress: 82000/97552 frames (84.1%)
      Progress: 82500/97552 frames (84.6%)
      Progress: 83000/97552 frames (85.1%)
      Progress: 83500/97552 frames (85.6%)
      Progress: 84000/97552 frames (86.1%)
      Progress: 84500/97552 frames (86.6%)
      Progress: 85000/97552 frames (87.1%)
      Progress: 85500/97552 frames (87.6%)
      Progress: 86000/97552 frames (88.2%)
      Progress: 86500/97552 frames (88.7%)
      Progress: 87000/97552 frames (89.2%)
      Progress: 87500/97552 frames (89.7%)
      Progress: 88000/97552 frames (90.2%)
      Progress: 88500/97552 frames (90.7%)
      Progress: 89000/97552 frames (91.2%)
      Progress: 89500/97552 frames (91.7%)
      Progress: 90000/97552 frames (92.3%)
      Progress: 90500/97552 frames (92.8%)
      Progress: 91000/97552 frames (93.3%)
      Progress: 91500/97552 frames (93.8%)
      Progress: 92000/97552 frames (94.3%)
      Progress: 92500/97552 frames (94.8%)
      Progress: 93000/97552 frames (95.3%)
      Progress: 93500/97552 frames (95.8%)
      Progress: 94000/97552 frames (96.4%)
      Progress: 94500/97552 frames (96.9%)
      Progress: 95000/97552 frames (97.4%)
      Progress: 95500/97552 frames (97.9%)
      Progress: 96000/97552 frames (98.4%)
      Progress: 96500/97552 frames (98.9%)
      Progress: 97000/97552 frames (99.4%)
      WARNING: 200 consecutive frame read failures
      Breaking loop at frame 97427/97552
      Frames successfully read: 97427
      Total missed frames: 200
      ---------------------------------------------------
      FRAME READING COMPLETE
      ---------------------------------------------------
      Expected frames: 97552
      Frames read: 97427
      Frames missing: 200
      WARNING: 200 frames could not be read!
      WARNING: Read fewer frames than expected (97427/97552)
      This may be due to video corruption or codec issues
      ---------------------------------------------------
      ---------------------------------------------------
      EXTRACTING FEATURES PER SECOND
      ---------------------------------------------------
      Processing 3903 seconds...
        Second 0/3903
        Second 100/3903
        Second 200/3903
        Second 300/3903
        Second 400/3903
        Second 500/3903
        Second 600/3903
        Second 700/3903
        Second 800/3903
        Second 900/3903
        Second 1000/3903
        Second 1100/3903
        Second 1200/3903
        Second 1300/3903
        Second 1400/3903
        Second 1500/3903
        Second 1600/3903
        Second 1700/3903
        Second 1800/3903
        Second 1900/3903
        Second 2000/3903
        Second 2100/3903
        Second 2200/3903
        Second 2300/3903
        Second 2400/3903
        Second 2500/3903
        Second 2600/3903
        Second 2700/3903
        Second 2800/3903
        Second 2900/3903
        Second 3000/3903
        Second 3100/3903
        Second 3200/3903
        Second 3300/3903
        Second 3400/3903
        Second 3500/3903
        Second 3600/3903
        Second 3700/3903
        Second 3800/3903
        WARNING: Second 3898 has no frames! Using zeros.
        WARNING: Second 3899 has no frames! Using zeros.
        WARNING: Second 3900 has no frames! Using zeros.
        WARNING: Second 3901 has no frames! Using zeros.
        WARNING: Second 3902 has no frames! Using zeros.
      ---------------------------------------------------
      FEATURE EXTRACTION COMPLETE
      ---------------------------------------------------
      Final features shape: (3903, 512)

[ID01]   Features extracted: (3903, 512)
[ID01] Step 2/3: Converting to multi-label format...
      CSV columns: ['start_time', 'end_time', 'licking', 'shaking']
      CSV shape: (3840, 4)
      Video seconds: 3903
      Total rows in CSV: 3840
      Valid rows (within video duration): 3840
      Label statistics:
        Licking only: 944
        Shaking only: 8
        Both (licking + shaking): 4
        Background (neither): 2947
[ID01] Step 3/3: Saving processed data...
[ID01]   Saved features: /data-8tb/nvaci/dataset/dataset_Stanford/FACT_method/preprocessed_data_multilabel_originalFPS/features/ID01.npy
[ID01]     Shape: (3903, 512)
[ID01]   Saved multi-labels: /data-8tb/nvaci/dataset/dataset_Stanford/FACT_method/preprocessed_data_multilabel_originalFPS/groundTruth/ID01.npy
[ID01]     Shape: (3903, 2)
[ID01] SUCCESS

================================================================================
Processing video 2/32: ID02
================================================================================
[ID02] Found label file: 25-021_ID02.csv
[ID02] Step 1/3: Extracting features...
      Opening video file...

      ===================================================
      VIDEO PROPERTIES
      ===================================================
      FPS detected: 25.00
      Clip length (auto): 25 frames
      Total frames: 96302
      Duration: 3852.08 seconds
      Expected seconds: 3853
      Frames per second: ~25.0
      ===================================================

      Using ORIGINAL FPS with per-second aggregation
      Aggregation method: mean
      ---------------------------------------------------
      READING ALL FRAMES FROM VIDEO (FAST MODE)
      ---------------------------------------------------
      Progress: 500/96302 frames (0.5%)
      Progress: 1000/96302 frames (1.0%)
      Progress: 1500/96302 frames (1.6%)
      Progress: 2000/96302 frames (2.1%)
      Progress: 2500/96302 frames (2.6%)
      Progress: 3000/96302 frames (3.1%)
      Progress: 3500/96302 frames (3.6%)
      Progress: 4000/96302 frames (4.2%)
      Progress: 4500/96302 frames (4.7%)
      Progress: 5000/96302 frames (5.2%)
      Progress: 5500/96302 frames (5.7%)
      Progress: 6000/96302 frames (6.2%)
      Progress: 6500/96302 frames (6.7%)
      Progress: 7000/96302 frames (7.3%)
      Progress: 7500/96302 frames (7.8%)
      Progress: 8000/96302 frames (8.3%)
      Progress: 8500/96302 frames (8.8%)
      Progress: 9000/96302 frames (9.3%)
      Progress: 9500/96302 frames (9.9%)
      Progress: 10000/96302 frames (10.4%)
      Progress: 10500/96302 frames (10.9%)
      Progress: 11000/96302 frames (11.4%)
      Progress: 11500/96302 frames (11.9%)
      Progress: 12000/96302 frames (12.5%)
      Progress: 12500/96302 frames (13.0%)
      Progress: 13000/96302 frames (13.5%)
      Progress: 13500/96302 frames (14.0%)
      Progress: 14000/96302 frames (14.5%)
      Progress: 14500/96302 frames (15.1%)
      Progress: 15000/96302 frames (15.6%)
      Progress: 15500/96302 frames (16.1%)
      Progress: 16000/96302 frames (16.6%)
      Progress: 16500/96302 frames (17.1%)
      Progress: 17000/96302 frames (17.7%)
      Progress: 17500/96302 frames (18.2%)
      Progress: 18000/96302 frames (18.7%)
      Progress: 18500/96302 frames (19.2%)
      Progress: 19000/96302 frames (19.7%)
      Progress: 19500/96302 frames (20.2%)
      Progress: 20000/96302 frames (20.8%)
      Progress: 20500/96302 frames (21.3%)
      Progress: 21000/96302 frames (21.8%)
      Progress: 21500/96302 frames (22.3%)
      Progress: 22000/96302 frames (22.8%)
      Progress: 22500/96302 frames (23.4%)
      Progress: 23000/96302 frames (23.9%)
      Progress: 23500/96302 frames (24.4%)
      Progress: 24000/96302 frames (24.9%)
      Progress: 24500/96302 frames (25.4%)
      Progress: 25000/96302 frames (26.0%)
      Progress: 25500/96302 frames (26.5%)
      Progress: 26000/96302 frames (27.0%)
      Progress: 26500/96302 frames (27.5%)
      Progress: 27000/96302 frames (28.0%)
      Progress: 27500/96302 frames (28.6%)
      Progress: 28000/96302 frames (29.1%)
      Progress: 28500/96302 frames (29.6%)
      Progress: 29000/96302 frames (30.1%)
      Progress: 29500/96302 frames (30.6%)
      Progress: 30000/96302 frames (31.2%)
      Progress: 30500/96302 frames (31.7%)
      Progress: 31000/96302 frames (32.2%)
      Progress: 31500/96302 frames (32.7%)
      Progress: 32000/96302 frames (33.2%)
      Progress: 32500/96302 frames (33.7%)
      Progress: 33000/96302 frames (34.3%)
      Progress: 33500/96302 frames (34.8%)
      Progress: 34000/96302 frames (35.3%)
      Progress: 34500/96302 frames (35.8%)
      Progress: 35000/96302 frames (36.3%)
      Progress: 35500/96302 frames (36.9%)
      Progress: 36000/96302 frames (37.4%)
      Progress: 36500/96302 frames (37.9%)
      Progress: 37000/96302 frames (38.4%)
      Progress: 37500/96302 frames (38.9%)
      Progress: 38000/96302 frames (39.5%)
      Progress: 38500/96302 frames (40.0%)
      Progress: 39000/96302 frames (40.5%)
      Progress: 39500/96302 frames (41.0%)
      Progress: 40000/96302 frames (41.5%)
      Progress: 40500/96302 frames (42.1%)
      Progress: 41000/96302 frames (42.6%)
      Progress: 41500/96302 frames (43.1%)
      Progress: 42000/96302 frames (43.6%)
      Progress: 42500/96302 frames (44.1%)
      Progress: 43000/96302 frames (44.7%)
      Progress: 43500/96302 frames (45.2%)
      Progress: 44000/96302 frames (45.7%)
      Progress: 44500/96302 frames (46.2%)
      Progress: 45000/96302 frames (46.7%)
      Progress: 45500/96302 frames (47.2%)
      Progress: 46000/96302 frames (47.8%)
      Progress: 46500/96302 frames (48.3%)
      Progress: 47000/96302 frames (48.8%)
      Progress: 47500/96302 frames (49.3%)
      Progress: 48000/96302 frames (49.8%)
      Progress: 48500/96302 frames (50.4%)
      Progress: 49000/96302 frames (50.9%)
      Progress: 49500/96302 frames (51.4%)
      Progress: 50000/96302 frames (51.9%)
      Progress: 50500/96302 frames (52.4%)
      Progress: 51000/96302 frames (53.0%)
      Progress: 51500/96302 frames (53.5%)
      Progress: 52000/96302 frames (54.0%)
      Progress: 52500/96302 frames (54.5%)
      Progress: 53000/96302 frames (55.0%)
      Progress: 53500/96302 frames (55.6%)
      Progress: 54000/96302 frames (56.1%)
      Progress: 54500/96302 frames (56.6%)
      Progress: 55000/96302 frames (57.1%)
      Progress: 55500/96302 frames (57.6%)
      Progress: 56000/96302 frames (58.2%)
      Progress: 56500/96302 frames (58.7%)
      Progress: 57000/96302 frames (59.2%)
      Progress: 57500/96302 frames (59.7%)
      Progress: 58000/96302 frames (60.2%)
      Progress: 58500/96302 frames (60.7%)
      Progress: 59000/96302 frames (61.3%)
      Progress: 59500/96302 frames (61.8%)
      Progress: 60000/96302 frames (62.3%)
      Progress: 60500/96302 frames (62.8%)
      Progress: 61000/96302 frames (63.3%)
      Progress: 61500/96302 frames (63.9%)
      Progress: 62000/96302 frames (64.4%)
      Progress: 62500/96302 frames (64.9%)
      Progress: 63000/96302 frames (65.4%)
      Progress: 63500/96302 frames (65.9%)
      Progress: 64000/96302 frames (66.5%)
      Progress: 64500/96302 frames (67.0%)
      Progress: 65000/96302 frames (67.5%)
      Progress: 65500/96302 frames (68.0%)
      Progress: 66000/96302 frames (68.5%)
      Progress: 66500/96302 frames (69.1%)
      Progress: 67000/96302 frames (69.6%)
      Progress: 67500/96302 frames (70.1%)
      Progress: 68000/96302 frames (70.6%)
      Progress: 68500/96302 frames (71.1%)
      Progress: 69000/96302 frames (71.6%)
      Progress: 69500/96302 frames (72.2%)
      Progress: 70000/96302 frames (72.7%)
      Progress: 70500/96302 frames (73.2%)
      Progress: 71000/96302 frames (73.7%)
      Progress: 71500/96302 frames (74.2%)
      Progress: 72000/96302 frames (74.8%)
      Progress: 72500/96302 frames (75.3%)
      Progress: 73000/96302 frames (75.8%)
      Progress: 73500/96302 frames (76.3%)
      Progress: 74000/96302 frames (76.8%)
      Progress: 74500/96302 frames (77.4%)
      Progress: 75000/96302 frames (77.9%)
      Progress: 75500/96302 frames (78.4%)
      Progress: 76000/96302 frames (78.9%)
      Progress: 76500/96302 frames (79.4%)
      Progress: 77000/96302 frames (80.0%)
      Progress: 77500/96302 frames (80.5%)
      Progress: 78000/96302 frames (81.0%)
      Progress: 78500/96302 frames (81.5%)
      Progress: 79000/96302 frames (82.0%)
      Progress: 79500/96302 frames (82.6%)
      Progress: 80000/96302 frames (83.1%)
      Progress: 80500/96302 frames (83.6%)
      Progress: 81000/96302 frames (84.1%)
      Progress: 81500/96302 frames (84.6%)
      Progress: 82000/96302 frames (85.1%)
      Progress: 82500/96302 frames (85.7%)
      Progress: 83000/96302 frames (86.2%)
      Progress: 83500/96302 frames (86.7%)
      Progress: 84000/96302 frames (87.2%)
      Progress: 84500/96302 frames (87.7%)
      Progress: 85000/96302 frames (88.3%)
      Progress: 85500/96302 frames (88.8%)
      Progress: 86000/96302 frames (89.3%)
      Progress: 86500/96302 frames (89.8%)
      Progress: 87000/96302 frames (90.3%)
      Progress: 87500/96302 frames (90.9%)
      Progress: 88000/96302 frames (91.4%)
      Progress: 88500/96302 frames (91.9%)
      Progress: 89000/96302 frames (92.4%)
      Progress: 89500/96302 frames (92.9%)
      Progress: 90000/96302 frames (93.5%)
      Progress: 90500/96302 frames (94.0%)
      Progress: 91000/96302 frames (94.5%)
      Progress: 91500/96302 frames (95.0%)
      Progress: 92000/96302 frames (95.5%)
      Progress: 92500/96302 frames (96.1%)
      Progress: 93000/96302 frames (96.6%)
      Progress: 93500/96302 frames (97.1%)
      Progress: 94000/96302 frames (97.6%)
      Progress: 94500/96302 frames (98.1%)
      Progress: 95000/96302 frames (98.6%)
      Progress: 95500/96302 frames (99.2%)
      Progress: 96000/96302 frames (99.7%)
      WARNING: 200 consecutive frame read failures
      Breaking loop at frame 96202/96302
      Frames successfully read: 96202
      Total missed frames: 200
      ---------------------------------------------------
      FRAME READING COMPLETE
      ---------------------------------------------------
      Expected frames: 96302
      Frames read: 96202
      Frames missing: 200
      WARNING: 200 frames could not be read!
      WARNING: Read fewer frames than expected (96202/96302)
      This may be due to video corruption or codec issues
      ---------------------------------------------------
      ---------------------------------------------------
      EXTRACTING FEATURES PER SECOND
      ---------------------------------------------------
      Processing 3853 seconds...
        Second 0/3853
        Second 100/3853
        Second 200/3853
        Second 300/3853
        Second 400/3853
        Second 500/3853
        Second 600/3853
        Second 700/3853
        Second 800/3853
        Second 900/3853
        Second 1000/3853
        Second 1100/3853
        Second 1200/3853
        Second 1300/3853
        Second 1400/3853
        Second 1500/3853
        Second 1600/3853
        Second 1700/3853
        Second 1800/3853
        Second 1900/3853
        Second 2000/3853
        Second 2100/3853
        Second 2200/3853
        Second 2300/3853
        Second 2400/3853
        Second 2500/3853
        Second 2600/3853
        Second 2700/3853
        Second 2800/3853
        Second 2900/3853
        Second 3000/3853
        Second 3100/3853
        Second 3200/3853
        Second 3300/3853
        Second 3400/3853
        Second 3500/3853
        Second 3600/3853
        Second 3700/3853
        Second 3800/3853
        WARNING: Second 3849 has no frames! Using zeros.
        WARNING: Second 3850 has no frames! Using zeros.
        WARNING: Second 3851 has no frames! Using zeros.
        WARNING: Second 3852 has no frames! Using zeros.
      ---------------------------------------------------
      FEATURE EXTRACTION COMPLETE
      ---------------------------------------------------
      Final features shape: (3853, 512)

[ID02]   Features extracted: (3853, 512)
[ID02] Step 2/3: Converting to multi-label format...
      CSV columns: ['start_time', 'end_time', 'licking', 'shaking']
      CSV shape: (3840, 4)
      Video seconds: 3853
      Total rows in CSV: 3840
      Valid rows (within video duration): 3840
      Label statistics:
        Licking only: 438
        Shaking only: 18
        Both (licking + shaking): 5
        Background (neither): 3392
[ID02] Step 3/3: Saving processed data...
[ID02]   Saved features: /data-8tb/nvaci/dataset/dataset_Stanford/FACT_method/preprocessed_data_multilabel_originalFPS/features/ID02.npy
[ID02]     Shape: (3853, 512)
[ID02]   Saved multi-labels: /data-8tb/nvaci/dataset/dataset_Stanford/FACT_method/preprocessed_data_multilabel_originalFPS/groundTruth/ID02.npy
[ID02]     Shape: (3853, 2)
[ID02] SUCCESS

================================================================================
Processing video 3/32: ID03
================================================================================
[ID03] Found label file: 25-021_ID03.csv
[ID03] Step 1/3: Extracting features...
      Opening video file...

      ===================================================
      VIDEO PROPERTIES
      ===================================================
      FPS detected: 25.00
      Clip length (auto): 25 frames
      Total frames: 95552
      Duration: 3822.08 seconds
      Expected seconds: 3823
      Frames per second: ~25.0
      ===================================================

      Using ORIGINAL FPS with per-second aggregation
      Aggregation method: mean
      ---------------------------------------------------
      READING ALL FRAMES FROM VIDEO (FAST MODE)
      ---------------------------------------------------
      Progress: 500/95552 frames (0.5%)
      Progress: 1000/95552 frames (1.0%)
      Progress: 1500/95552 frames (1.6%)
      Progress: 2000/95552 frames (2.1%)
      Progress: 2500/95552 frames (2.6%)
      Progress: 3000/95552 frames (3.1%)
      Progress: 3500/95552 frames (3.7%)
      Progress: 4000/95552 frames (4.2%)
      Progress: 4500/95552 frames (4.7%)
      Progress: 5000/95552 frames (5.2%)
      Progress: 5500/95552 frames (5.8%)
      Progress: 6000/95552 frames (6.3%)
      Progress: 6500/95552 frames (6.8%)
      Progress: 7000/95552 frames (7.3%)
      Progress: 7500/95552 frames (7.8%)
      Progress: 8000/95552 frames (8.4%)
      Progress: 8500/95552 frames (8.9%)
      Progress: 9000/95552 frames (9.4%)
      Progress: 9500/95552 frames (9.9%)
      Progress: 10000/95552 frames (10.5%)
      Progress: 10500/95552 frames (11.0%)
      Progress: 11000/95552 frames (11.5%)
      Progress: 11500/95552 frames (12.0%)
      Progress: 12000/95552 frames (12.6%)
      Progress: 12500/95552 frames (13.1%)
      Progress: 13000/95552 frames (13.6%)
      Progress: 13500/95552 frames (14.1%)
      Progress: 14000/95552 frames (14.7%)
      Progress: 14500/95552 frames (15.2%)
      Progress: 15000/95552 frames (15.7%)
      Progress: 15500/95552 frames (16.2%)
      Progress: 16000/95552 frames (16.7%)
      Progress: 16500/95552 frames (17.3%)
      Progress: 17000/95552 frames (17.8%)
      Progress: 17500/95552 frames (18.3%)
      Progress: 18000/95552 frames (18.8%)
      Progress: 18500/95552 frames (19.4%)
      Progress: 19000/95552 frames (19.9%)
      Progress: 19500/95552 frames (20.4%)
      Progress: 20000/95552 frames (20.9%)
      Progress: 20500/95552 frames (21.5%)
      Progress: 21000/95552 frames (22.0%)
      Progress: 21500/95552 frames (22.5%)
      Progress: 22000/95552 frames (23.0%)
      Progress: 22500/95552 frames (23.5%)
      Progress: 23000/95552 frames (24.1%)
      Progress: 23500/95552 frames (24.6%)
      Progress: 24000/95552 frames (25.1%)
      Progress: 24500/95552 frames (25.6%)
      Progress: 25000/95552 frames (26.2%)
      Progress: 25500/95552 frames (26.7%)
      Progress: 26000/95552 frames (27.2%)
      Progress: 26500/95552 frames (27.7%)
      Progress: 27000/95552 frames (28.3%)
      Progress: 27500/95552 frames (28.8%)
      Progress: 28000/95552 frames (29.3%)
      Progress: 28500/95552 frames (29.8%)
      Progress: 29000/95552 frames (30.3%)
      Progress: 29500/95552 frames (30.9%)
      Progress: 30000/95552 frames (31.4%)
      Progress: 30500/95552 frames (31.9%)
      Progress: 31000/95552 frames (32.4%)
      Progress: 31500/95552 frames (33.0%)
      Progress: 32000/95552 frames (33.5%)
      Progress: 32500/95552 frames (34.0%)
      Progress: 33000/95552 frames (34.5%)
      Progress: 33500/95552 frames (35.1%)
      Progress: 34000/95552 frames (35.6%)
      Progress: 34500/95552 frames (36.1%)
      Progress: 35000/95552 frames (36.6%)
      Progress: 35500/95552 frames (37.2%)
      Progress: 36000/95552 frames (37.7%)
      Progress: 36500/95552 frames (38.2%)
      Progress: 37000/95552 frames (38.7%)
      Progress: 37500/95552 frames (39.2%)
      Progress: 38000/95552 frames (39.8%)
      Progress: 38500/95552 frames (40.3%)
      Progress: 39000/95552 frames (40.8%)
      Progress: 39500/95552 frames (41.3%)
      Progress: 40000/95552 frames (41.9%)
      Progress: 40500/95552 frames (42.4%)
      Progress: 41000/95552 frames (42.9%)
      Progress: 41500/95552 frames (43.4%)
      Progress: 42000/95552 frames (44.0%)
      Progress: 42500/95552 frames (44.5%)
      Progress: 43000/95552 frames (45.0%)
      Progress: 43500/95552 frames (45.5%)
      Progress: 44000/95552 frames (46.0%)
      Progress: 44500/95552 frames (46.6%)
      Progress: 45000/95552 frames (47.1%)
      Progress: 45500/95552 frames (47.6%)
      Progress: 46000/95552 frames (48.1%)
      Progress: 46500/95552 frames (48.7%)
      Progress: 47000/95552 frames (49.2%)
      Progress: 47500/95552 frames (49.7%)
      Progress: 48000/95552 frames (50.2%)
      Progress: 48500/95552 frames (50.8%)
      Progress: 49000/95552 frames (51.3%)
      Progress: 49500/95552 frames (51.8%)
      Progress: 50000/95552 frames (52.3%)
      Progress: 50500/95552 frames (52.9%)
      Progress: 51000/95552 frames (53.4%)
      Progress: 51500/95552 frames (53.9%)
      Progress: 52000/95552 frames (54.4%)
      Progress: 52500/95552 frames (54.9%)
      Progress: 53000/95552 frames (55.5%)
      Progress: 53500/95552 frames (56.0%)
      Progress: 54000/95552 frames (56.5%)
      Progress: 54500/95552 frames (57.0%)
      Progress: 55000/95552 frames (57.6%)
      Progress: 55500/95552 frames (58.1%)
      Progress: 56000/95552 frames (58.6%)
      Progress: 56500/95552 frames (59.1%)
      Progress: 57000/95552 frames (59.7%)
      Progress: 57500/95552 frames (60.2%)
      Progress: 58000/95552 frames (60.7%)
      Progress: 58500/95552 frames (61.2%)
      Progress: 59000/95552 frames (61.7%)
      Progress: 59500/95552 frames (62.3%)
      Progress: 60000/95552 frames (62.8%)
      Progress: 60500/95552 frames (63.3%)
      Progress: 61000/95552 frames (63.8%)
      Progress: 61500/95552 frames (64.4%)
      Progress: 62000/95552 frames (64.9%)
      Progress: 62500/95552 frames (65.4%)
      Progress: 63000/95552 frames (65.9%)
      Progress: 63500/95552 frames (66.5%)
      Progress: 64000/95552 frames (67.0%)
      Progress: 64500/95552 frames (67.5%)
      Progress: 65000/95552 frames (68.0%)
      Progress: 65500/95552 frames (68.5%)
      Progress: 66000/95552 frames (69.1%)
      Progress: 66500/95552 frames (69.6%)
      Progress: 67000/95552 frames (70.1%)
      Progress: 67500/95552 frames (70.6%)
      Progress: 68000/95552 frames (71.2%)
      Progress: 68500/95552 frames (71.7%)
      Progress: 69000/95552 frames (72.2%)
      Progress: 69500/95552 frames (72.7%)
      Progress: 70000/95552 frames (73.3%)
      Progress: 70500/95552 frames (73.8%)
      Progress: 71000/95552 frames (74.3%)
      Progress: 71500/95552 frames (74.8%)
      Progress: 72000/95552 frames (75.4%)
      Progress: 72500/95552 frames (75.9%)
      Progress: 73000/95552 frames (76.4%)
      Progress: 73500/95552 frames (76.9%)
      Progress: 74000/95552 frames (77.4%)
      Progress: 74500/95552 frames (78.0%)
      Progress: 75000/95552 frames (78.5%)
      Progress: 75500/95552 frames (79.0%)
      Progress: 76000/95552 frames (79.5%)
      Progress: 76500/95552 frames (80.1%)
      Progress: 77000/95552 frames (80.6%)
      Progress: 77500/95552 frames (81.1%)
      Progress: 78000/95552 frames (81.6%)
      Progress: 78500/95552 frames (82.2%)
      Progress: 79000/95552 frames (82.7%)
      Progress: 79500/95552 frames (83.2%)
      Progress: 80000/95552 frames (83.7%)
      Progress: 80500/95552 frames (84.2%)
      Progress: 81000/95552 frames (84.8%)
      Progress: 81500/95552 frames (85.3%)
      Progress: 82000/95552 frames (85.8%)
      Progress: 82500/95552 frames (86.3%)
      Progress: 83000/95552 frames (86.9%)
      Progress: 83500/95552 frames (87.4%)
      Progress: 84000/95552 frames (87.9%)
      Progress: 84500/95552 frames (88.4%)
      Progress: 85000/95552 frames (89.0%)
      Progress: 85500/95552 frames (89.5%)
      Progress: 86000/95552 frames (90.0%)
      Progress: 86500/95552 frames (90.5%)
      Progress: 87000/95552 frames (91.0%)
      Progress: 87500/95552 frames (91.6%)
      Progress: 88000/95552 frames (92.1%)
      Progress: 88500/95552 frames (92.6%)
      Progress: 89000/95552 frames (93.1%)
      Progress: 89500/95552 frames (93.7%)
      Progress: 90000/95552 frames (94.2%)
      Progress: 90500/95552 frames (94.7%)
      Progress: 91000/95552 frames (95.2%)
      Progress: 91500/95552 frames (95.8%)
      Progress: 92000/95552 frames (96.3%)
      Progress: 92500/95552 frames (96.8%)
      Progress: 93000/95552 frames (97.3%)
      Progress: 93500/95552 frames (97.9%)
      Progress: 94000/95552 frames (98.4%)
      Progress: 94500/95552 frames (98.9%)
      Progress: 95000/95552 frames (99.4%)
      WARNING: 200 consecutive frame read failures
      Breaking loop at frame 95402/95552
      Frames successfully read: 95402
      Total missed frames: 200
      ---------------------------------------------------
      FRAME READING COMPLETE
      ---------------------------------------------------
      Expected frames: 95552
      Frames read: 95402
      Frames missing: 200
      WARNING: 200 frames could not be read!
      WARNING: Read fewer frames than expected (95402/95552)
      This may be due to video corruption or codec issues
      ---------------------------------------------------
      ---------------------------------------------------
      EXTRACTING FEATURES PER SECOND
      ---------------------------------------------------
      Processing 3823 seconds...
        Second 0/3823
        Second 100/3823
        Second 200/3823
        Second 300/3823
        Second 400/3823
        Second 500/3823
        Second 600/3823
        Second 700/3823
        Second 800/3823
        Second 900/3823
        Second 1000/3823
        Second 1100/3823
        Second 1200/3823
        Second 1300/3823
        Second 1400/3823
        Second 1500/3823
        Second 1600/3823
        Second 1700/3823
        Second 1800/3823
        Second 1900/3823
        Second 2000/3823
        Second 2100/3823
        Second 2200/3823
        Second 2300/3823
        Second 2400/3823
        Second 2500/3823
        Second 2600/3823
        Second 2700/3823
        Second 2800/3823
        Second 2900/3823
        Second 3000/3823
        Second 3100/3823
        Second 3200/3823
        Second 3300/3823
        Second 3400/3823
        Second 3500/3823
        Second 3600/3823
        Second 3700/3823
        Second 3800/3823
        WARNING: Second 3817 has no frames! Using zeros.
        WARNING: Second 3818 has no frames! Using zeros.
        WARNING: Second 3819 has no frames! Using zeros.
        WARNING: Second 3820 has no frames! Using zeros.
        WARNING: Second 3821 has no frames! Using zeros.
        WARNING: Second 3822 has no frames! Using zeros.
      ---------------------------------------------------
      FEATURE EXTRACTION COMPLETE
      ---------------------------------------------------
      Final features shape: (3823, 512)

[ID03]   Features extracted: (3823, 512)
[ID03] Step 2/3: Converting to multi-label format...
      CSV columns: ['start_time', 'end_time', 'licking', 'shaking']
      CSV shape: (3840, 4)
      Video seconds: 3823
      Total rows in CSV: 3840
      Valid rows (within video duration): 3823
      Label statistics:
        Licking only: 1329
        Shaking only: 17
        Both (licking + shaking): 2
        Background (neither): 2475
[ID03] Step 3/3: Saving processed data...
[ID03]   Saved features: /data-8tb/nvaci/dataset/dataset_Stanford/FACT_method/preprocessed_data_multilabel_originalFPS/features/ID03.npy
[ID03]     Shape: (3823, 512)
[ID03]   Saved multi-labels: /data-8tb/nvaci/dataset/dataset_Stanford/FACT_method/preprocessed_data_multilabel_originalFPS/groundTruth/ID03.npy
[ID03]     Shape: (3823, 2)
[ID03] SUCCESS

================================================================================
Processing video 4/32: ID04
================================================================================
[ID04] Found label file: 25-021_ID04.csv
[ID04] Step 1/3: Extracting features...
      Opening video file...

      ===================================================
      VIDEO PROPERTIES
      ===================================================
      FPS detected: 25.00
      Clip length (auto): 25 frames
      Total frames: 94361
      Duration: 3774.44 seconds
      Expected seconds: 3775
      Frames per second: ~25.0
      ===================================================

      Using ORIGINAL FPS with per-second aggregation
      Aggregation method: mean
      ---------------------------------------------------
      READING ALL FRAMES FROM VIDEO (FAST MODE)
      ---------------------------------------------------
      Progress: 500/94361 frames (0.5%)
      Progress: 1000/94361 frames (1.1%)
      Progress: 1500/94361 frames (1.6%)
      Progress: 2000/94361 frames (2.1%)
      Progress: 2500/94361 frames (2.6%)
      Progress: 3000/94361 frames (3.2%)
      Progress: 3500/94361 frames (3.7%)
      Progress: 4000/94361 frames (4.2%)
      Progress: 4500/94361 frames (4.8%)
      Progress: 5000/94361 frames (5.3%)
      Progress: 5500/94361 frames (5.8%)
      Progress: 6000/94361 frames (6.4%)
      Progress: 6500/94361 frames (6.9%)
      Progress: 7000/94361 frames (7.4%)
      Progress: 7500/94361 frames (7.9%)
      Progress: 8000/94361 frames (8.5%)
      Progress: 8500/94361 frames (9.0%)
      Progress: 9000/94361 frames (9.5%)
      Progress: 9500/94361 frames (10.1%)
      Progress: 10000/94361 frames (10.6%)
      Progress: 10500/94361 frames (11.1%)
      Progress: 11000/94361 frames (11.7%)
      Progress: 11500/94361 frames (12.2%)
      Progress: 12000/94361 frames (12.7%)
      Progress: 12500/94361 frames (13.2%)
      Progress: 13000/94361 frames (13.8%)
      Progress: 13500/94361 frames (14.3%)
      Progress: 14000/94361 frames (14.8%)
      Progress: 14500/94361 frames (15.4%)
      Progress: 15000/94361 frames (15.9%)
      Progress: 15500/94361 frames (16.4%)
      Progress: 16000/94361 frames (17.0%)
      Progress: 16500/94361 frames (17.5%)
      Progress: 17000/94361 frames (18.0%)
      Progress: 17500/94361 frames (18.5%)
      Progress: 18000/94361 frames (19.1%)
      Progress: 18500/94361 frames (19.6%)
      Progress: 19000/94361 frames (20.1%)
      Progress: 19500/94361 frames (20.7%)
      Progress: 20000/94361 frames (21.2%)
      Progress: 20500/94361 frames (21.7%)
      Progress: 21000/94361 frames (22.3%)
      Progress: 21500/94361 frames (22.8%)
      Progress: 22000/94361 frames (23.3%)
      Progress: 22500/94361 frames (23.8%)
      Progress: 23000/94361 frames (24.4%)
      Progress: 23500/94361 frames (24.9%)
      Progress: 24000/94361 frames (25.4%)
      Progress: 24500/94361 frames (26.0%)
      Progress: 25000/94361 frames (26.5%)
      Progress: 25500/94361 frames (27.0%)
      Progress: 26000/94361 frames (27.6%)
      Progress: 26500/94361 frames (28.1%)
      Progress: 27000/94361 frames (28.6%)
      Progress: 27500/94361 frames (29.1%)
      Progress: 28000/94361 frames (29.7%)
      Progress: 28500/94361 frames (30.2%)
      Progress: 29000/94361 frames (30.7%)
      Progress: 29500/94361 frames (31.3%)
      Progress: 30000/94361 frames (31.8%)
      Progress: 30500/94361 frames (32.3%)
      Progress: 31000/94361 frames (32.9%)
      Progress: 31500/94361 frames (33.4%)
      Progress: 32000/94361 frames (33.9%)
      Progress: 32500/94361 frames (34.4%)
      Progress: 33000/94361 frames (35.0%)
      Progress: 33500/94361 frames (35.5%)
      Progress: 34000/94361 frames (36.0%)
      Progress: 34500/94361 frames (36.6%)
      Progress: 35000/94361 frames (37.1%)
      Progress: 35500/94361 frames (37.6%)
      Progress: 36000/94361 frames (38.2%)
      Progress: 36500/94361 frames (38.7%)
      Progress: 37000/94361 frames (39.2%)
      Progress: 37500/94361 frames (39.7%)
      Progress: 38000/94361 frames (40.3%)
      Progress: 38500/94361 frames (40.8%)
      Progress: 39000/94361 frames (41.3%)
      Progress: 39500/94361 frames (41.9%)
      Progress: 40000/94361 frames (42.4%)
      Progress: 40500/94361 frames (42.9%)
      Progress: 41000/94361 frames (43.5%)
      Progress: 41500/94361 frames (44.0%)
      Progress: 42000/94361 frames (44.5%)
      Progress: 42500/94361 frames (45.0%)
      Progress: 43000/94361 frames (45.6%)
      Progress: 43500/94361 frames (46.1%)
      Progress: 44000/94361 frames (46.6%)
      Progress: 44500/94361 frames (47.2%)
      Progress: 45000/94361 frames (47.7%)
      Progress: 45500/94361 frames (48.2%)
      Progress: 46000/94361 frames (48.7%)
      Progress: 46500/94361 frames (49.3%)
      Progress: 47000/94361 frames (49.8%)
      Progress: 47500/94361 frames (50.3%)
      Progress: 48000/94361 frames (50.9%)
      Progress: 48500/94361 frames (51.4%)
      Progress: 49000/94361 frames (51.9%)
      Progress: 49500/94361 frames (52.5%)
      Progress: 50000/94361 frames (53.0%)
      Progress: 50500/94361 frames (53.5%)
      Progress: 51000/94361 frames (54.0%)
      Progress: 51500/94361 frames (54.6%)
      Progress: 52000/94361 frames (55.1%)
      Progress: 52500/94361 frames (55.6%)
      Progress: 53000/94361 frames (56.2%)
      Progress: 53500/94361 frames (56.7%)
      Progress: 54000/94361 frames (57.2%)
      Progress: 54500/94361 frames (57.8%)
      Progress: 55000/94361 frames (58.3%)
      Progress: 55500/94361 frames (58.8%)
      Progress: 56000/94361 frames (59.3%)
      Progress: 56500/94361 frames (59.9%)
      Progress: 57000/94361 frames (60.4%)
      Progress: 57500/94361 frames (60.9%)
      Progress: 58000/94361 frames (61.5%)
      Progress: 58500/94361 frames (62.0%)
      Progress: 59000/94361 frames (62.5%)
      Progress: 59500/94361 frames (63.1%)
      Progress: 60000/94361 frames (63.6%)
      Progress: 60500/94361 frames (64.1%)
      Progress: 61000/94361 frames (64.6%)
      Progress: 61500/94361 frames (65.2%)
      Progress: 62000/94361 frames (65.7%)
      Progress: 62500/94361 frames (66.2%)
      Progress: 63000/94361 frames (66.8%)
      Progress: 63500/94361 frames (67.3%)
      Progress: 64000/94361 frames (67.8%)
      Progress: 64500/94361 frames (68.4%)
      Progress: 65000/94361 frames (68.9%)
      Progress: 65500/94361 frames (69.4%)
      Progress: 66000/94361 frames (69.9%)
      Progress: 66500/94361 frames (70.5%)
      Progress: 67000/94361 frames (71.0%)
      Progress: 67500/94361 frames (71.5%)
      Progress: 68000/94361 frames (72.1%)
      Progress: 68500/94361 frames (72.6%)
      Progress: 69000/94361 frames (73.1%)
      Progress: 69500/94361 frames (73.7%)
      Progress: 70000/94361 frames (74.2%)
      Progress: 70500/94361 frames (74.7%)
      Progress: 71000/94361 frames (75.2%)
      Progress: 71500/94361 frames (75.8%)
      Progress: 72000/94361 frames (76.3%)
      Progress: 72500/94361 frames (76.8%)
      Progress: 73000/94361 frames (77.4%)
      Progress: 73500/94361 frames (77.9%)
      Progress: 74000/94361 frames (78.4%)
      Progress: 74500/94361 frames (79.0%)
      Progress: 75000/94361 frames (79.5%)
      Progress: 75500/94361 frames (80.0%)
      Progress: 76000/94361 frames (80.5%)
      Progress: 76500/94361 frames (81.1%)
      Progress: 77000/94361 frames (81.6%)
      Progress: 77500/94361 frames (82.1%)
      Progress: 78000/94361 frames (82.7%)
      Progress: 78500/94361 frames (83.2%)
      Progress: 79000/94361 frames (83.7%)
      Progress: 79500/94361 frames (84.3%)
      Progress: 80000/94361 frames (84.8%)
      Progress: 80500/94361 frames (85.3%)
      Progress: 81000/94361 frames (85.8%)
      Progress: 81500/94361 frames (86.4%)
      Progress: 82000/94361 frames (86.9%)
      Progress: 82500/94361 frames (87.4%)
      Progress: 83000/94361 frames (88.0%)
      Progress: 83500/94361 frames (88.5%)
      Progress: 84000/94361 frames (89.0%)
      Progress: 84500/94361 frames (89.5%)
      Progress: 85000/94361 frames (90.1%)
      Progress: 85500/94361 frames (90.6%)
      Progress: 86000/94361 frames (91.1%)
      Progress: 86500/94361 frames (91.7%)
      Progress: 87000/94361 frames (92.2%)
      Progress: 87500/94361 frames (92.7%)
      Progress: 88000/94361 frames (93.3%)
      Progress: 88500/94361 frames (93.8%)
      Progress: 89000/94361 frames (94.3%)
      Progress: 89500/94361 frames (94.8%)
      Progress: 90000/94361 frames (95.4%)
      Progress: 90500/94361 frames (95.9%)
      Progress: 91000/94361 frames (96.4%)
      Progress: 91500/94361 frames (97.0%)
      Progress: 92000/94361 frames (97.5%)
      Progress: 92500/94361 frames (98.0%)
      Progress: 93000/94361 frames (98.6%)
      Progress: 93500/94361 frames (99.1%)
      Progress: 94000/94361 frames (99.6%)
      WARNING: 200 consecutive frame read failures
      Breaking loop at frame 94327/94361
      Frames successfully read: 94327
      Total missed frames: 200
      ---------------------------------------------------
      FRAME READING COMPLETE
      ---------------------------------------------------
      Expected frames: 94361
      Frames read: 94327
      Frames missing: 200
      WARNING: 200 frames could not be read!
      WARNING: Read fewer frames than expected (94327/94361)
      This may be due to video corruption or codec issues
      ---------------------------------------------------
      ---------------------------------------------------
      EXTRACTING FEATURES PER SECOND
      ---------------------------------------------------
      Processing 3775 seconds...
        Second 0/3775
        Second 100/3775
        Second 200/3775
        Second 300/3775
        Second 400/3775
        Second 500/3775
        Second 600/3775
        Second 700/3775
        Second 800/3775
        Second 900/3775
        Second 1000/3775
        Second 1100/3775
        Second 1200/3775
        Second 1300/3775
        Second 1400/3775
        Second 1500/3775
        Second 1600/3775
        Second 1700/3775
        Second 1800/3775
        Second 1900/3775
        Second 2000/3775
        Second 2100/3775
        Second 2200/3775
        Second 2300/3775
        Second 2400/3775
        Second 2500/3775
        Second 2600/3775
        Second 2700/3775
        Second 2800/3775
        Second 2900/3775
        Second 3000/3775
        Second 3100/3775
        Second 3200/3775
        Second 3300/3775
        Second 3400/3775
        Second 3500/3775
        Second 3600/3775
        Second 3700/3775
        WARNING: Second 3774 has no frames! Using zeros.
      ---------------------------------------------------
      FEATURE EXTRACTION COMPLETE
      ---------------------------------------------------
      Final features shape: (3775, 512)

[ID04]   Features extracted: (3775, 512)
[ID04] Step 2/3: Converting to multi-label format...
      CSV columns: ['start_time', 'end_time', 'licking', 'shaking']
      CSV shape: (3840, 4)
      Video seconds: 3775
      Total rows in CSV: 3840
      Valid rows (within video duration): 3775
      Label statistics:
        Licking only: 496
        Shaking only: 5
        Both (licking + shaking): 6
        Background (neither): 3268
[ID04] Step 3/3: Saving processed data...
[ID04]   Saved features: /data-8tb/nvaci/dataset/dataset_Stanford/FACT_method/preprocessed_data_multilabel_originalFPS/features/ID04.npy
[ID04]     Shape: (3775, 512)
[ID04]   Saved multi-labels: /data-8tb/nvaci/dataset/dataset_Stanford/FACT_method/preprocessed_data_multilabel_originalFPS/groundTruth/ID04.npy
[ID04]     Shape: (3775, 2)
[ID04] SUCCESS

================================================================================
Processing video 5/32: ID05
================================================================================
[ID05] Found label file: 25-021_ID05.csv
[ID05] Step 1/3: Extracting features...
      Opening video file...

      ===================================================
      VIDEO PROPERTIES
      ===================================================
      FPS detected: 25.00
      Clip length (auto): 25 frames
      Total frames: 97938
      Duration: 3917.52 seconds
      Expected seconds: 3918
      Frames per second: ~25.0
      ===================================================

      Using ORIGINAL FPS with per-second aggregation
      Aggregation method: mean
      ---------------------------------------------------
      READING ALL FRAMES FROM VIDEO (FAST MODE)
      ---------------------------------------------------
      Progress: 500/97938 frames (0.5%)
      Progress: 1000/97938 frames (1.0%)
      Progress: 1500/97938 frames (1.5%)
      Progress: 2000/97938 frames (2.0%)
      Progress: 2500/97938 frames (2.6%)
      Progress: 3000/97938 frames (3.1%)
      Progress: 3500/97938 frames (3.6%)
      Progress: 4000/97938 frames (4.1%)
      Progress: 4500/97938 frames (4.6%)
      Progress: 5000/97938 frames (5.1%)
      Progress: 5500/97938 frames (5.6%)
      Progress: 6000/97938 frames (6.1%)
      Progress: 6500/97938 frames (6.6%)
      Progress: 7000/97938 frames (7.1%)
      Progress: 7500/97938 frames (7.7%)
      Progress: 8000/97938 frames (8.2%)
      Progress: 8500/97938 frames (8.7%)
      Progress: 9000/97938 frames (9.2%)
      Progress: 9500/97938 frames (9.7%)
      Progress: 10000/97938 frames (10.2%)
      Progress: 10500/97938 frames (10.7%)
      Progress: 11000/97938 frames (11.2%)
      Progress: 11500/97938 frames (11.7%)
      Progress: 12000/97938 frames (12.3%)
      Progress: 12500/97938 frames (12.8%)
      Progress: 13000/97938 frames (13.3%)
      Progress: 13500/97938 frames (13.8%)
      Progress: 14000/97938 frames (14.3%)
      Progress: 14500/97938 frames (14.8%)
      Progress: 15000/97938 frames (15.3%)
      Progress: 15500/97938 frames (15.8%)
      Progress: 16000/97938 frames (16.3%)
      Progress: 16500/97938 frames (16.8%)
      Progress: 17000/97938 frames (17.4%)
      Progress: 17500/97938 frames (17.9%)
      Progress: 18000/97938 frames (18.4%)
      Progress: 18500/97938 frames (18.9%)
      Progress: 19000/97938 frames (19.4%)
      Progress: 19500/97938 frames (19.9%)
      Progress: 20000/97938 frames (20.4%)
      Progress: 20500/97938 frames (20.9%)
      Progress: 21000/97938 frames (21.4%)
      Progress: 21500/97938 frames (22.0%)
      Progress: 22000/97938 frames (22.5%)
      Progress: 22500/97938 frames (23.0%)
      Progress: 23000/97938 frames (23.5%)
      Progress: 23500/97938 frames (24.0%)
      Progress: 24000/97938 frames (24.5%)
      Progress: 24500/97938 frames (25.0%)
      Progress: 25000/97938 frames (25.5%)
      Progress: 25500/97938 frames (26.0%)
      Progress: 26000/97938 frames (26.5%)
      Progress: 26500/97938 frames (27.1%)
      Progress: 27000/97938 frames (27.6%)
      Progress: 27500/97938 frames (28.1%)
      Progress: 28000/97938 frames (28.6%)
      Progress: 28500/97938 frames (29.1%)
      Progress: 29000/97938 frames (29.6%)
      Progress: 29500/97938 frames (30.1%)
      Progress: 30000/97938 frames (30.6%)
      Progress: 30500/97938 frames (31.1%)
      Progress: 31000/97938 frames (31.7%)
      Progress: 31500/97938 frames (32.2%)
      Progress: 32000/97938 frames (32.7%)
      Progress: 32500/97938 frames (33.2%)
      Progress: 33000/97938 frames (33.7%)
      Progress: 33500/97938 frames (34.2%)
      Progress: 34000/97938 frames (34.7%)
      Progress: 34500/97938 frames (35.2%)
      Progress: 35000/97938 frames (35.7%)
      Progress: 35500/97938 frames (36.2%)
      Progress: 36000/97938 frames (36.8%)
      Progress: 36500/97938 frames (37.3%)
      Progress: 37000/97938 frames (37.8%)
      Progress: 37500/97938 frames (38.3%)
      Progress: 38000/97938 frames (38.8%)
      Progress: 38500/97938 frames (39.3%)
      Progress: 39000/97938 frames (39.8%)
      Progress: 39500/97938 frames (40.3%)
      Progress: 40000/97938 frames (40.8%)
      Progress: 40500/97938 frames (41.4%)
      Progress: 41000/97938 frames (41.9%)
      Progress: 41500/97938 frames (42.4%)
      Progress: 42000/97938 frames (42.9%)
      Progress: 42500/97938 frames (43.4%)
      Progress: 43000/97938 frames (43.9%)
      Progress: 43500/97938 frames (44.4%)
      Progress: 44000/97938 frames (44.9%)
      Progress: 44500/97938 frames (45.4%)
      Progress: 45000/97938 frames (45.9%)
      Progress: 45500/97938 frames (46.5%)
      Progress: 46000/97938 frames (47.0%)
      Progress: 46500/97938 frames (47.5%)
      Progress: 47000/97938 frames (48.0%)
      Progress: 47500/97938 frames (48.5%)
      Progress: 48000/97938 frames (49.0%)
      Progress: 48500/97938 frames (49.5%)
      Progress: 49000/97938 frames (50.0%)
      Progress: 49500/97938 frames (50.5%)
      Progress: 50000/97938 frames (51.1%)
      Progress: 50500/97938 frames (51.6%)
      Progress: 51000/97938 frames (52.1%)
      Progress: 51500/97938 frames (52.6%)
      Progress: 52000/97938 frames (53.1%)
      Progress: 52500/97938 frames (53.6%)
      Progress: 53000/97938 frames (54.1%)
      Progress: 53500/97938 frames (54.6%)
      Progress: 54000/97938 frames (55.1%)
      Progress: 54500/97938 frames (55.6%)
      Progress: 55000/97938 frames (56.2%)
      Progress: 55500/97938 frames (56.7%)
      Progress: 56000/97938 frames (57.2%)
      Progress: 56500/97938 frames (57.7%)
      Progress: 57000/97938 frames (58.2%)
      Progress: 57500/97938 frames (58.7%)
      Progress: 58000/97938 frames (59.2%)
      Progress: 58500/97938 frames (59.7%)
      Progress: 59000/97938 frames (60.2%)
      Progress: 59500/97938 frames (60.8%)
      Progress: 60000/97938 frames (61.3%)
      Progress: 60500/97938 frames (61.8%)
      Progress: 61000/97938 frames (62.3%)
      Progress: 61500/97938 frames (62.8%)
      Progress: 62000/97938 frames (63.3%)
      Progress: 62500/97938 frames (63.8%)
      Progress: 63000/97938 frames (64.3%)
      Progress: 63500/97938 frames (64.8%)
      Progress: 64000/97938 frames (65.3%)
      Progress: 64500/97938 frames (65.9%)
      Progress: 65000/97938 frames (66.4%)
      Progress: 65500/97938 frames (66.9%)
      Progress: 66000/97938 frames (67.4%)
      Progress: 66500/97938 frames (67.9%)
      Progress: 67000/97938 frames (68.4%)
      Progress: 67500/97938 frames (68.9%)
      Progress: 68000/97938 frames (69.4%)
      Progress: 68500/97938 frames (69.9%)
      Progress: 69000/97938 frames (70.5%)
      Progress: 69500/97938 frames (71.0%)
      Progress: 70000/97938 frames (71.5%)
      Progress: 70500/97938 frames (72.0%)
      Progress: 71000/97938 frames (72.5%)
      Progress: 71500/97938 frames (73.0%)
      Progress: 72000/97938 frames (73.5%)
      Progress: 72500/97938 frames (74.0%)
      Progress: 73000/97938 frames (74.5%)
      Progress: 73500/97938 frames (75.0%)
      Progress: 74000/97938 frames (75.6%)
      Progress: 74500/97938 frames (76.1%)
      Progress: 75000/97938 frames (76.6%)
      Progress: 75500/97938 frames (77.1%)
      Progress: 76000/97938 frames (77.6%)
      Progress: 76500/97938 frames (78.1%)
      Progress: 77000/97938 frames (78.6%)
      Progress: 77500/97938 frames (79.1%)
      Progress: 78000/97938 frames (79.6%)
      Progress: 78500/97938 frames (80.2%)
      Progress: 79000/97938 frames (80.7%)
      Progress: 79500/97938 frames (81.2%)
      Progress: 80000/97938 frames (81.7%)
      Progress: 80500/97938 frames (82.2%)
      Progress: 81000/97938 frames (82.7%)
      Progress: 81500/97938 frames (83.2%)
      Progress: 82000/97938 frames (83.7%)
      Progress: 82500/97938 frames (84.2%)
      Progress: 83000/97938 frames (84.7%)
      Progress: 83500/97938 frames (85.3%)
      Progress: 84000/97938 frames (85.8%)
      Progress: 84500/97938 frames (86.3%)
      Progress: 85000/97938 frames (86.8%)
      Progress: 85500/97938 frames (87.3%)
      Progress: 86000/97938 frames (87.8%)
      Progress: 86500/97938 frames (88.3%)
      Progress: 87000/97938 frames (88.8%)
      Progress: 87500/97938 frames (89.3%)
      Progress: 88000/97938 frames (89.9%)
      Progress: 88500/97938 frames (90.4%)
      Progress: 89000/97938 frames (90.9%)
      Progress: 89500/97938 frames (91.4%)
      Progress: 90000/97938 frames (91.9%)
      Progress: 90500/97938 frames (92.4%)
      Progress: 91000/97938 frames (92.9%)
      Progress: 91500/97938 frames (93.4%)
      Progress: 92000/97938 frames (93.9%)
      Progress: 92500/97938 frames (94.4%)
      Progress: 93000/97938 frames (95.0%)
      Progress: 93500/97938 frames (95.5%)
      Progress: 94000/97938 frames (96.0%)
      Progress: 94500/97938 frames (96.5%)
      Progress: 95000/97938 frames (97.0%)
      Progress: 95500/97938 frames (97.5%)
      Progress: 96000/97938 frames (98.0%)
      Progress: 96500/97938 frames (98.5%)
      Progress: 97000/97938 frames (99.0%)
      Progress: 97500/97938 frames (99.6%)
      WARNING: 200 consecutive frame read failures
      Breaking loop at frame 97813/97938
      Frames successfully read: 97813
      Total missed frames: 200
      ---------------------------------------------------
      FRAME READING COMPLETE
      ---------------------------------------------------
      Expected frames: 97938
      Frames read: 97813
      Frames missing: 200
      WARNING: 200 frames could not be read!
      WARNING: Read fewer frames than expected (97813/97938)
      This may be due to video corruption or codec issues
      ---------------------------------------------------
      ---------------------------------------------------
      EXTRACTING FEATURES PER SECOND
      ---------------------------------------------------
      Processing 3918 seconds...
        Second 0/3918
        Second 100/3918
        Second 200/3918
        Second 300/3918
        Second 400/3918
        Second 500/3918
        Second 600/3918
        Second 700/3918
        Second 800/3918
        Second 900/3918
        Second 1000/3918
        Second 1100/3918
        Second 1200/3918
        Second 1300/3918
        Second 1400/3918
        Second 1500/3918
        Second 1600/3918
        Second 1700/3918
        Second 1800/3918
        Second 1900/3918
        Second 2000/3918
        Second 2100/3918
        Second 2200/3918
        Second 2300/3918
        Second 2400/3918
        Second 2500/3918
        Second 2600/3918
        Second 2700/3918
        Second 2800/3918
        Second 2900/3918
        Second 3000/3918
        Second 3100/3918
        Second 3200/3918
        Second 3300/3918
        Second 3400/3918
        Second 3500/3918
        Second 3600/3918
        Second 3700/3918
        Second 3800/3918
        Second 3900/3918
        WARNING: Second 3913 has no frames! Using zeros.
        WARNING: Second 3914 has no frames! Using zeros.
        WARNING: Second 3915 has no frames! Using zeros.
        WARNING: Second 3916 has no frames! Using zeros.
        WARNING: Second 3917 has no frames! Using zeros.
      ---------------------------------------------------
      FEATURE EXTRACTION COMPLETE
      ---------------------------------------------------
      Final features shape: (3918, 512)

[ID05]   Features extracted: (3918, 512)
[ID05] Step 2/3: Converting to multi-label format...
      CSV columns: ['start_time', 'end_time', 'licking', 'shaking']
      CSV shape: (3840, 4)
      Video seconds: 3918
      Total rows in CSV: 3840
      Valid rows (within video duration): 3840
      Label statistics:
        Licking only: 335
        Shaking only: 14
        Both (licking + shaking): 9
        Background (neither): 3560
[ID05] Step 3/3: Saving processed data...
[ID05]   Saved features: /data-8tb/nvaci/dataset/dataset_Stanford/FACT_method/preprocessed_data_multilabel_originalFPS/features/ID05.npy
[ID05]     Shape: (3918, 512)
[ID05]   Saved multi-labels: /data-8tb/nvaci/dataset/dataset_Stanford/FACT_method/preprocessed_data_multilabel_originalFPS/groundTruth/ID05.npy
[ID05]     Shape: (3918, 2)
[ID05] SUCCESS

================================================================================
Processing video 6/32: ID06
================================================================================
[ID06] Found label file: 25-021_ID06.csv
[ID06] Step 1/3: Extracting features...
      Opening video file...

      ===================================================
      VIDEO PROPERTIES
      ===================================================
      FPS detected: 25.00
      Clip length (auto): 25 frames
      Total frames: 96688
      Duration: 3867.52 seconds
      Expected seconds: 3868
      Frames per second: ~25.0
      ===================================================

      Using ORIGINAL FPS with per-second aggregation
      Aggregation method: mean
      ---------------------------------------------------
      READING ALL FRAMES FROM VIDEO (FAST MODE)
      ---------------------------------------------------
      Progress: 500/96688 frames (0.5%)
      Progress: 1000/96688 frames (1.0%)
      Progress: 1500/96688 frames (1.6%)
      Progress: 2000/96688 frames (2.1%)
      Progress: 2500/96688 frames (2.6%)
      Progress: 3000/96688 frames (3.1%)
      Progress: 3500/96688 frames (3.6%)
      Progress: 4000/96688 frames (4.1%)
      Progress: 4500/96688 frames (4.7%)
      Progress: 5000/96688 frames (5.2%)
      Progress: 5500/96688 frames (5.7%)
      Progress: 6000/96688 frames (6.2%)
      Progress: 6500/96688 frames (6.7%)
      Progress: 7000/96688 frames (7.2%)
      Progress: 7500/96688 frames (7.8%)
      Progress: 8000/96688 frames (8.3%)
      Progress: 8500/96688 frames (8.8%)
      Progress: 9000/96688 frames (9.3%)
      Progress: 9500/96688 frames (9.8%)
      Progress: 10000/96688 frames (10.3%)
      Progress: 10500/96688 frames (10.9%)
      Progress: 11000/96688 frames (11.4%)
      Progress: 11500/96688 frames (11.9%)
      Progress: 12000/96688 frames (12.4%)
      Progress: 12500/96688 frames (12.9%)
      Progress: 13000/96688 frames (13.4%)
      Progress: 13500/96688 frames (14.0%)
      Progress: 14000/96688 frames (14.5%)
      Progress: 14500/96688 frames (15.0%)
      Progress: 15000/96688 frames (15.5%)
      Progress: 15500/96688 frames (16.0%)
      Progress: 16000/96688 frames (16.5%)
      Progress: 16500/96688 frames (17.1%)
      Progress: 17000/96688 frames (17.6%)
      Progress: 17500/96688 frames (18.1%)
      Progress: 18000/96688 frames (18.6%)
      Progress: 18500/96688 frames (19.1%)
      Progress: 19000/96688 frames (19.7%)
      Progress: 19500/96688 frames (20.2%)
      Progress: 20000/96688 frames (20.7%)
      Progress: 20500/96688 frames (21.2%)
      Progress: 21000/96688 frames (21.7%)
      Progress: 21500/96688 frames (22.2%)
      Progress: 22000/96688 frames (22.8%)
      Progress: 22500/96688 frames (23.3%)
      Progress: 23000/96688 frames (23.8%)
      Progress: 23500/96688 frames (24.3%)
      Progress: 24000/96688 frames (24.8%)
      Progress: 24500/96688 frames (25.3%)
      Progress: 25000/96688 frames (25.9%)
      Progress: 25500/96688 frames (26.4%)
      Progress: 26000/96688 frames (26.9%)
      Progress: 26500/96688 frames (27.4%)
      Progress: 27000/96688 frames (27.9%)
      Progress: 27500/96688 frames (28.4%)
      Progress: 28000/96688 frames (29.0%)
      Progress: 28500/96688 frames (29.5%)
      Progress: 29000/96688 frames (30.0%)
      Progress: 29500/96688 frames (30.5%)
      Progress: 30000/96688 frames (31.0%)
      Progress: 30500/96688 frames (31.5%)
      Progress: 31000/96688 frames (32.1%)
      Progress: 31500/96688 frames (32.6%)
      Progress: 32000/96688 frames (33.1%)
      Progress: 32500/96688 frames (33.6%)
      Progress: 33000/96688 frames (34.1%)
      Progress: 33500/96688 frames (34.6%)
      Progress: 34000/96688 frames (35.2%)
      Progress: 34500/96688 frames (35.7%)
      Progress: 35000/96688 frames (36.2%)
      Progress: 35500/96688 frames (36.7%)
      Progress: 36000/96688 frames (37.2%)
      Progress: 36500/96688 frames (37.8%)
      Progress: 37000/96688 frames (38.3%)
      Progress: 37500/96688 frames (38.8%)
      Progress: 38000/96688 frames (39.3%)
      Progress: 38500/96688 frames (39.8%)
      Progress: 39000/96688 frames (40.3%)
      Progress: 39500/96688 frames (40.9%)
      Progress: 40000/96688 frames (41.4%)
      Progress: 40500/96688 frames (41.9%)
      Progress: 41000/96688 frames (42.4%)
      Progress: 41500/96688 frames (42.9%)
      Progress: 42000/96688 frames (43.4%)
      Progress: 42500/96688 frames (44.0%)
      Progress: 43000/96688 frames (44.5%)
      Progress: 43500/96688 frames (45.0%)
      Progress: 44000/96688 frames (45.5%)
      Progress: 44500/96688 frames (46.0%)
      Progress: 45000/96688 frames (46.5%)
      Progress: 45500/96688 frames (47.1%)
      Progress: 46000/96688 frames (47.6%)
      Progress: 46500/96688 frames (48.1%)
      Progress: 47000/96688 frames (48.6%)
      Progress: 47500/96688 frames (49.1%)
      Progress: 48000/96688 frames (49.6%)
      Progress: 48500/96688 frames (50.2%)
      Progress: 49000/96688 frames (50.7%)
      Progress: 49500/96688 frames (51.2%)
      Progress: 50000/96688 frames (51.7%)
      Progress: 50500/96688 frames (52.2%)
      Progress: 51000/96688 frames (52.7%)
      Progress: 51500/96688 frames (53.3%)
      Progress: 52000/96688 frames (53.8%)
      Progress: 52500/96688 frames (54.3%)
      Progress: 53000/96688 frames (54.8%)
      Progress: 53500/96688 frames (55.3%)
      Progress: 54000/96688 frames (55.8%)
      Progress: 54500/96688 frames (56.4%)
      Progress: 55000/96688 frames (56.9%)
      Progress: 55500/96688 frames (57.4%)
      Progress: 56000/96688 frames (57.9%)
      Progress: 56500/96688 frames (58.4%)
      Progress: 57000/96688 frames (59.0%)
      Progress: 57500/96688 frames (59.5%)
      Progress: 58000/96688 frames (60.0%)
      Progress: 58500/96688 frames (60.5%)
      Progress: 59000/96688 frames (61.0%)
      Progress: 59500/96688 frames (61.5%)
      Progress: 60000/96688 frames (62.1%)
      Progress: 60500/96688 frames (62.6%)
      Progress: 61000/96688 frames (63.1%)
      Progress: 61500/96688 frames (63.6%)
      Progress: 62000/96688 frames (64.1%)
      Progress: 62500/96688 frames (64.6%)
      Progress: 63000/96688 frames (65.2%)
      Progress: 63500/96688 frames (65.7%)
      Progress: 64000/96688 frames (66.2%)
      Progress: 64500/96688 frames (66.7%)
      Progress: 65000/96688 frames (67.2%)
      Progress: 65500/96688 frames (67.7%)
      Progress: 66000/96688 frames (68.3%)
      Progress: 66500/96688 frames (68.8%)
      Progress: 67000/96688 frames (69.3%)
      Progress: 67500/96688 frames (69.8%)
      Progress: 68000/96688 frames (70.3%)
      Progress: 68500/96688 frames (70.8%)
      Progress: 69000/96688 frames (71.4%)
      Progress: 69500/96688 frames (71.9%)
      Progress: 70000/96688 frames (72.4%)
      Progress: 70500/96688 frames (72.9%)
      Progress: 71000/96688 frames (73.4%)
      Progress: 71500/96688 frames (73.9%)
      Progress: 72000/96688 frames (74.5%)
      Progress: 72500/96688 frames (75.0%)
      Progress: 73000/96688 frames (75.5%)
      Progress: 73500/96688 frames (76.0%)
      Progress: 74000/96688 frames (76.5%)
      Progress: 74500/96688 frames (77.1%)
      Progress: 75000/96688 frames (77.6%)
      Progress: 75500/96688 frames (78.1%)
      Progress: 76000/96688 frames (78.6%)
      Progress: 76500/96688 frames (79.1%)
      Progress: 77000/96688 frames (79.6%)
      Progress: 77500/96688 frames (80.2%)
      Progress: 78000/96688 frames (80.7%)
      Progress: 78500/96688 frames (81.2%)
      Progress: 79000/96688 frames (81.7%)
      Progress: 79500/96688 frames (82.2%)
      Progress: 80000/96688 frames (82.7%)
      Progress: 80500/96688 frames (83.3%)
      Progress: 81000/96688 frames (83.8%)
      Progress: 81500/96688 frames (84.3%)
      Progress: 82000/96688 frames (84.8%)
      Progress: 82500/96688 frames (85.3%)
      Progress: 83000/96688 frames (85.8%)
      Progress: 83500/96688 frames (86.4%)
      Progress: 84000/96688 frames (86.9%)
      Progress: 84500/96688 frames (87.4%)
      Progress: 85000/96688 frames (87.9%)
      Progress: 85500/96688 frames (88.4%)
      Progress: 86000/96688 frames (88.9%)
      Progress: 86500/96688 frames (89.5%)
      Progress: 87000/96688 frames (90.0%)
      Progress: 87500/96688 frames (90.5%)
      Progress: 88000/96688 frames (91.0%)
      Progress: 88500/96688 frames (91.5%)
      Progress: 89000/96688 frames (92.0%)
      Progress: 89500/96688 frames (92.6%)
      Progress: 90000/96688 frames (93.1%)
      Progress: 90500/96688 frames (93.6%)
      Progress: 91000/96688 frames (94.1%)
      Progress: 91500/96688 frames (94.6%)
      Progress: 92000/96688 frames (95.2%)
      Progress: 92500/96688 frames (95.7%)
      Progress: 93000/96688 frames (96.2%)
      Progress: 93500/96688 frames (96.7%)
      Progress: 94000/96688 frames (97.2%)
      Progress: 94500/96688 frames (97.7%)
      Progress: 95000/96688 frames (98.3%)
      Progress: 95500/96688 frames (98.8%)
      Progress: 96000/96688 frames (99.3%)
      Progress: 96500/96688 frames (99.8%)
      ---------------------------------------------------
      FRAME READING COMPLETE
      ---------------------------------------------------
      Expected frames: 96688
      Frames read: 96688
      Frames missing: 1
      WARNING: 1 frames could not be read!
      ---------------------------------------------------
      ---------------------------------------------------
      EXTRACTING FEATURES PER SECOND
      ---------------------------------------------------
      Processing 3868 seconds...
        Second 0/3868
        Second 100/3868
        Second 200/3868
        Second 300/3868
        Second 400/3868
        Second 500/3868
        Second 600/3868
        Second 700/3868
        Second 800/3868
        Second 900/3868
        Second 1000/3868
        Second 1100/3868
        Second 1200/3868
        Second 1300/3868
        Second 1400/3868
        Second 1500/3868
        Second 1600/3868
        Second 1700/3868
        Second 1800/3868
        Second 1900/3868
        Second 2000/3868
        Second 2100/3868
        Second 2200/3868
        Second 2300/3868
        Second 2400/3868
        Second 2500/3868
        Second 2600/3868
        Second 2700/3868
        Second 2800/3868
        Second 2900/3868
        Second 3000/3868
        Second 3100/3868
        Second 3200/3868
        Second 3300/3868
        Second 3400/3868
        Second 3500/3868
        Second 3600/3868
        Second 3700/3868
        Second 3800/3868
      ---------------------------------------------------
      FEATURE EXTRACTION COMPLETE
      ---------------------------------------------------
      Final features shape: (3868, 512)

[ID06]   Features extracted: (3868, 512)
[ID06] Step 2/3: Converting to multi-label format...
      CSV columns: ['start_time', 'end_time', 'licking', 'shaking']
      CSV shape: (3840, 4)
      Video seconds: 3868
      Total rows in CSV: 3840
      Valid rows (within video duration): 3840
      Label statistics:
        Licking only: 1050
        Shaking only: 9
        Both (licking + shaking): 9
        Background (neither): 2800
[ID06] Step 3/3: Saving processed data...
[ID06]   Saved features: /data-8tb/nvaci/dataset/dataset_Stanford/FACT_method/preprocessed_data_multilabel_originalFPS/features/ID06.npy
[ID06]     Shape: (3868, 512)
[ID06]   Saved multi-labels: /data-8tb/nvaci/dataset/dataset_Stanford/FACT_method/preprocessed_data_multilabel_originalFPS/groundTruth/ID06.npy
[ID06]     Shape: (3868, 2)
[ID06] SUCCESS

================================================================================
Processing video 7/32: ID07
================================================================================
[ID07] Found label file: 25-021_ID07.csv
[ID07] Step 1/3: Extracting features...
      Opening video file...

      ===================================================
      VIDEO PROPERTIES
      ===================================================
      FPS detected: 25.00
      Clip length (auto): 25 frames
      Total frames: 95555
      Duration: 3822.20 seconds
      Expected seconds: 3823
      Frames per second: ~25.0
      ===================================================

      Using ORIGINAL FPS with per-second aggregation
      Aggregation method: mean
      ---------------------------------------------------
      READING ALL FRAMES FROM VIDEO (FAST MODE)
      ---------------------------------------------------
      Progress: 500/95555 frames (0.5%)
      Progress: 1000/95555 frames (1.0%)
      Progress: 1500/95555 frames (1.6%)
      Progress: 2000/95555 frames (2.1%)
      Progress: 2500/95555 frames (2.6%)
      Progress: 3000/95555 frames (3.1%)
      Progress: 3500/95555 frames (3.7%)
      Progress: 4000/95555 frames (4.2%)
      Progress: 4500/95555 frames (4.7%)
      Progress: 5000/95555 frames (5.2%)
      Progress: 5500/95555 frames (5.8%)
      Progress: 6000/95555 frames (6.3%)
      Progress: 6500/95555 frames (6.8%)
      Progress: 7000/95555 frames (7.3%)
      Progress: 7500/95555 frames (7.8%)
      Progress: 8000/95555 frames (8.4%)
      Progress: 8500/95555 frames (8.9%)
      Progress: 9000/95555 frames (9.4%)
      Progress: 9500/95555 frames (9.9%)
      Progress: 10000/95555 frames (10.5%)
      Progress: 10500/95555 frames (11.0%)
      Progress: 11000/95555 frames (11.5%)
      Progress: 11500/95555 frames (12.0%)
      Progress: 12000/95555 frames (12.6%)
      Progress: 12500/95555 frames (13.1%)
      Progress: 13000/95555 frames (13.6%)
      Progress: 13500/95555 frames (14.1%)
      Progress: 14000/95555 frames (14.7%)
      Progress: 14500/95555 frames (15.2%)
      Progress: 15000/95555 frames (15.7%)
      Progress: 15500/95555 frames (16.2%)
      Progress: 16000/95555 frames (16.7%)
      Progress: 16500/95555 frames (17.3%)
      Progress: 17000/95555 frames (17.8%)
      Progress: 17500/95555 frames (18.3%)
      Progress: 18000/95555 frames (18.8%)
      Progress: 18500/95555 frames (19.4%)
      Progress: 19000/95555 frames (19.9%)
      Progress: 19500/95555 frames (20.4%)
      Progress: 20000/95555 frames (20.9%)
      Progress: 20500/95555 frames (21.5%)
      Progress: 21000/95555 frames (22.0%)
      Progress: 21500/95555 frames (22.5%)
      Progress: 22000/95555 frames (23.0%)
      Progress: 22500/95555 frames (23.5%)
      Progress: 23000/95555 frames (24.1%)
      Progress: 23500/95555 frames (24.6%)
      Progress: 24000/95555 frames (25.1%)
      Progress: 24500/95555 frames (25.6%)
      Progress: 25000/95555 frames (26.2%)
      Progress: 25500/95555 frames (26.7%)
      Progress: 26000/95555 frames (27.2%)
      Progress: 26500/95555 frames (27.7%)
      Progress: 27000/95555 frames (28.3%)
      Progress: 27500/95555 frames (28.8%)
      Progress: 28000/95555 frames (29.3%)
      Progress: 28500/95555 frames (29.8%)
      Progress: 29000/95555 frames (30.3%)
      Progress: 29500/95555 frames (30.9%)
      Progress: 30000/95555 frames (31.4%)
      Progress: 30500/95555 frames (31.9%)
      Progress: 31000/95555 frames (32.4%)
      Progress: 31500/95555 frames (33.0%)
      Progress: 32000/95555 frames (33.5%)
      Progress: 32500/95555 frames (34.0%)
      Progress: 33000/95555 frames (34.5%)
      Progress: 33500/95555 frames (35.1%)
      Progress: 34000/95555 frames (35.6%)
      Progress: 34500/95555 frames (36.1%)
      Progress: 35000/95555 frames (36.6%)
      Progress: 35500/95555 frames (37.2%)
      Progress: 36000/95555 frames (37.7%)
      Progress: 36500/95555 frames (38.2%)
      Progress: 37000/95555 frames (38.7%)
      Progress: 37500/95555 frames (39.2%)
      Progress: 38000/95555 frames (39.8%)
      Progress: 38500/95555 frames (40.3%)
      Progress: 39000/95555 frames (40.8%)
      Progress: 39500/95555 frames (41.3%)
      Progress: 40000/95555 frames (41.9%)
      Progress: 40500/95555 frames (42.4%)
      Progress: 41000/95555 frames (42.9%)
      Progress: 41500/95555 frames (43.4%)
      Progress: 42000/95555 frames (44.0%)
      Progress: 42500/95555 frames (44.5%)
      Progress: 43000/95555 frames (45.0%)
      Progress: 43500/95555 frames (45.5%)
      Progress: 44000/95555 frames (46.0%)
      Progress: 44500/95555 frames (46.6%)
      Progress: 45000/95555 frames (47.1%)
      Progress: 45500/95555 frames (47.6%)
      Progress: 46000/95555 frames (48.1%)
      Progress: 46500/95555 frames (48.7%)
      Progress: 47000/95555 frames (49.2%)
      Progress: 47500/95555 frames (49.7%)
      Progress: 48000/95555 frames (50.2%)
      Progress: 48500/95555 frames (50.8%)
      Progress: 49000/95555 frames (51.3%)
      Progress: 49500/95555 frames (51.8%)
      Progress: 50000/95555 frames (52.3%)
      Progress: 50500/95555 frames (52.8%)
      Progress: 51000/95555 frames (53.4%)
      Progress: 51500/95555 frames (53.9%)
      Progress: 52000/95555 frames (54.4%)
      Progress: 52500/95555 frames (54.9%)
      Progress: 53000/95555 frames (55.5%)
      Progress: 53500/95555 frames (56.0%)
      Progress: 54000/95555 frames (56.5%)
      Progress: 54500/95555 frames (57.0%)
      Progress: 55000/95555 frames (57.6%)
      Progress: 55500/95555 frames (58.1%)
      Progress: 56000/95555 frames (58.6%)
      Progress: 56500/95555 frames (59.1%)
      Progress: 57000/95555 frames (59.7%)
      Progress: 57500/95555 frames (60.2%)
      Progress: 58000/95555 frames (60.7%)
      Progress: 58500/95555 frames (61.2%)
      Progress: 59000/95555 frames (61.7%)
      Progress: 59500/95555 frames (62.3%)
      Progress: 60000/95555 frames (62.8%)
      Progress: 60500/95555 frames (63.3%)
      Progress: 61000/95555 frames (63.8%)
      Progress: 61500/95555 frames (64.4%)
      Progress: 62000/95555 frames (64.9%)
      Progress: 62500/95555 frames (65.4%)
      Progress: 63000/95555 frames (65.9%)
      Progress: 63500/95555 frames (66.5%)
      Progress: 64000/95555 frames (67.0%)
      Progress: 64500/95555 frames (67.5%)
      Progress: 65000/95555 frames (68.0%)
      Progress: 65500/95555 frames (68.5%)
      Progress: 66000/95555 frames (69.1%)
      Progress: 66500/95555 frames (69.6%)
      Progress: 67000/95555 frames (70.1%)
      Progress: 67500/95555 frames (70.6%)
      Progress: 68000/95555 frames (71.2%)
      Progress: 68500/95555 frames (71.7%)
      Progress: 69000/95555 frames (72.2%)
      Progress: 69500/95555 frames (72.7%)
      Progress: 70000/95555 frames (73.3%)
      Progress: 70500/95555 frames (73.8%)
      Progress: 71000/95555 frames (74.3%)
      Progress: 71500/95555 frames (74.8%)
      Progress: 72000/95555 frames (75.3%)
      Progress: 72500/95555 frames (75.9%)
      Progress: 73000/95555 frames (76.4%)
      Progress: 73500/95555 frames (76.9%)
      Progress: 74000/95555 frames (77.4%)
      Progress: 74500/95555 frames (78.0%)
      Progress: 75000/95555 frames (78.5%)
      Progress: 75500/95555 frames (79.0%)
      Progress: 76000/95555 frames (79.5%)
      Progress: 76500/95555 frames (80.1%)
      Progress: 77000/95555 frames (80.6%)
      Progress: 77500/95555 frames (81.1%)
      Progress: 78000/95555 frames (81.6%)
      Progress: 78500/95555 frames (82.2%)
      Progress: 79000/95555 frames (82.7%)
      Progress: 79500/95555 frames (83.2%)
      Progress: 80000/95555 frames (83.7%)
      Progress: 80500/95555 frames (84.2%)
      Progress: 81000/95555 frames (84.8%)
      Progress: 81500/95555 frames (85.3%)
      Progress: 82000/95555 frames (85.8%)
      Progress: 82500/95555 frames (86.3%)
      Progress: 83000/95555 frames (86.9%)
      Progress: 83500/95555 frames (87.4%)
      Progress: 84000/95555 frames (87.9%)
      Progress: 84500/95555 frames (88.4%)
      Progress: 85000/95555 frames (89.0%)
      Progress: 85500/95555 frames (89.5%)
      Progress: 86000/95555 frames (90.0%)
      Progress: 86500/95555 frames (90.5%)
      Progress: 87000/95555 frames (91.0%)
      Progress: 87500/95555 frames (91.6%)
      Progress: 88000/95555 frames (92.1%)
      Progress: 88500/95555 frames (92.6%)
      Progress: 89000/95555 frames (93.1%)
      Progress: 89500/95555 frames (93.7%)
      Progress: 90000/95555 frames (94.2%)
      Progress: 90500/95555 frames (94.7%)
      Progress: 91000/95555 frames (95.2%)
      Progress: 91500/95555 frames (95.8%)
      Progress: 92000/95555 frames (96.3%)
      Progress: 92500/95555 frames (96.8%)
      Progress: 93000/95555 frames (97.3%)
      Progress: 93500/95555 frames (97.8%)
      Progress: 94000/95555 frames (98.4%)
      Progress: 94500/95555 frames (98.9%)
      Progress: 95000/95555 frames (99.4%)
      Progress: 95500/95555 frames (99.9%)
      WARNING: 200 consecutive frame read failures
      Breaking loop at frame 95538/95555
      Frames successfully read: 95538
      Total missed frames: 200
      ---------------------------------------------------
      FRAME READING COMPLETE
      ---------------------------------------------------
      Expected frames: 95555
      Frames read: 95538
      Frames missing: 200
      WARNING: 200 frames could not be read!
      WARNING: Read fewer frames than expected (95538/95555)
      This may be due to video corruption or codec issues
      ---------------------------------------------------
      ---------------------------------------------------
      EXTRACTING FEATURES PER SECOND
      ---------------------------------------------------
      Processing 3823 seconds...
        Second 0/3823
        Second 100/3823
        Second 200/3823
        Second 300/3823
        Second 400/3823
        Second 500/3823
        Second 600/3823
        Second 700/3823
        Second 800/3823
        Second 900/3823
        Second 1000/3823
        Second 1100/3823
        Second 1200/3823
        Second 1300/3823
        Second 1400/3823
        Second 1500/3823
        Second 1600/3823
        Second 1700/3823
        Second 1800/3823
        Second 1900/3823
        Second 2000/3823
        Second 2100/3823
        Second 2200/3823
        Second 2300/3823
        Second 2400/3823
        Second 2500/3823
        Second 2600/3823
        Second 2700/3823
        Second 2800/3823
        Second 2900/3823
        Second 3000/3823
        Second 3100/3823
        Second 3200/3823
        Second 3300/3823
        Second 3400/3823
        Second 3500/3823
        Second 3600/3823
        Second 3700/3823
        Second 3800/3823
        WARNING: Second 3822 has no frames! Using zeros.
      ---------------------------------------------------
      FEATURE EXTRACTION COMPLETE
      ---------------------------------------------------
      Final features shape: (3823, 512)

[ID07]   Features extracted: (3823, 512)
[ID07] Step 2/3: Converting to multi-label format...
      CSV columns: ['start_time', 'end_time', 'licking', 'shaking']
      CSV shape: (3840, 4)
      Video seconds: 3823
      Total rows in CSV: 3840
      Valid rows (within video duration): 3823
      Label statistics:
        Licking only: 1036
        Shaking only: 19
        Both (licking + shaking): 10
        Background (neither): 2758
[ID07] Step 3/3: Saving processed data...
[ID07]   Saved features: /data-8tb/nvaci/dataset/dataset_Stanford/FACT_method/preprocessed_data_multilabel_originalFPS/features/ID07.npy
[ID07]     Shape: (3823, 512)
[ID07]   Saved multi-labels: /data-8tb/nvaci/dataset/dataset_Stanford/FACT_method/preprocessed_data_multilabel_originalFPS/groundTruth/ID07.npy
[ID07]     Shape: (3823, 2)
[ID07] SUCCESS

================================================================================
Processing video 8/32: ID08
================================================================================
[ID08] Found label file: 25-021_ID08.csv
[ID08] Step 1/3: Extracting features...
      Opening video file...

      ===================================================
      VIDEO PROPERTIES
      ===================================================
      FPS detected: 25.00
      Clip length (auto): 25 frames
      Total frames: 94691
      Duration: 3787.64 seconds
      Expected seconds: 3788
      Frames per second: ~25.0
      ===================================================

      Using ORIGINAL FPS with per-second aggregation
      Aggregation method: mean
      ---------------------------------------------------
      READING ALL FRAMES FROM VIDEO (FAST MODE)
      ---------------------------------------------------
      Progress: 500/94691 frames (0.5%)
      Progress: 1000/94691 frames (1.1%)
      Progress: 1500/94691 frames (1.6%)
      Progress: 2000/94691 frames (2.1%)
      Progress: 2500/94691 frames (2.6%)
      Progress: 3000/94691 frames (3.2%)
      Progress: 3500/94691 frames (3.7%)
      Progress: 4000/94691 frames (4.2%)
      Progress: 4500/94691 frames (4.8%)
      Progress: 5000/94691 frames (5.3%)
      Progress: 5500/94691 frames (5.8%)
      Progress: 6000/94691 frames (6.3%)
      Progress: 6500/94691 frames (6.9%)
      Progress: 7000/94691 frames (7.4%)
      Progress: 7500/94691 frames (7.9%)
      Progress: 8000/94691 frames (8.4%)
      Progress: 8500/94691 frames (9.0%)
      Progress: 9000/94691 frames (9.5%)
      Progress: 9500/94691 frames (10.0%)
      Progress: 10000/94691 frames (10.6%)
      Progress: 10500/94691 frames (11.1%)
      Progress: 11000/94691 frames (11.6%)
      Progress: 11500/94691 frames (12.1%)
      Progress: 12000/94691 frames (12.7%)
      Progress: 12500/94691 frames (13.2%)
      Progress: 13000/94691 frames (13.7%)
      Progress: 13500/94691 frames (14.3%)
      Progress: 14000/94691 frames (14.8%)
      Progress: 14500/94691 frames (15.3%)
      Progress: 15000/94691 frames (15.8%)
      Progress: 15500/94691 frames (16.4%)
      Progress: 16000/94691 frames (16.9%)
      Progress: 16500/94691 frames (17.4%)
      Progress: 17000/94691 frames (18.0%)
      Progress: 17500/94691 frames (18.5%)
      Progress: 18000/94691 frames (19.0%)
      Progress: 18500/94691 frames (19.5%)
      Progress: 19000/94691 frames (20.1%)
      Progress: 19500/94691 frames (20.6%)
      Progress: 20000/94691 frames (21.1%)
      Progress: 20500/94691 frames (21.6%)
      Progress: 21000/94691 frames (22.2%)
      Progress: 21500/94691 frames (22.7%)
      Progress: 22000/94691 frames (23.2%)
      Progress: 22500/94691 frames (23.8%)
      Progress: 23000/94691 frames (24.3%)
      Progress: 23500/94691 frames (24.8%)
      Progress: 24000/94691 frames (25.3%)
      Progress: 24500/94691 frames (25.9%)
      Progress: 25000/94691 frames (26.4%)
      Progress: 25500/94691 frames (26.9%)
      Progress: 26000/94691 frames (27.5%)
      Progress: 26500/94691 frames (28.0%)
      Progress: 27000/94691 frames (28.5%)
      Progress: 27500/94691 frames (29.0%)
      Progress: 28000/94691 frames (29.6%)
      Progress: 28500/94691 frames (30.1%)
      Progress: 29000/94691 frames (30.6%)
      Progress: 29500/94691 frames (31.2%)
      Progress: 30000/94691 frames (31.7%)
      Progress: 30500/94691 frames (32.2%)
      Progress: 31000/94691 frames (32.7%)
      Progress: 31500/94691 frames (33.3%)
      Progress: 32000/94691 frames (33.8%)
      Progress: 32500/94691 frames (34.3%)
      Progress: 33000/94691 frames (34.9%)
      Progress: 33500/94691 frames (35.4%)
      Progress: 34000/94691 frames (35.9%)
      Progress: 34500/94691 frames (36.4%)
      Progress: 35000/94691 frames (37.0%)
      Progress: 35500/94691 frames (37.5%)
      Progress: 36000/94691 frames (38.0%)
      Progress: 36500/94691 frames (38.5%)
      Progress: 37000/94691 frames (39.1%)
      Progress: 37500/94691 frames (39.6%)
      Progress: 38000/94691 frames (40.1%)
      Progress: 38500/94691 frames (40.7%)
      Progress: 39000/94691 frames (41.2%)
      Progress: 39500/94691 frames (41.7%)
      Progress: 40000/94691 frames (42.2%)
      Progress: 40500/94691 frames (42.8%)
      Progress: 41000/94691 frames (43.3%)
      Progress: 41500/94691 frames (43.8%)
      Progress: 42000/94691 frames (44.4%)
      Progress: 42500/94691 frames (44.9%)
      Progress: 43000/94691 frames (45.4%)
      Progress: 43500/94691 frames (45.9%)
      Progress: 44000/94691 frames (46.5%)
      Progress: 44500/94691 frames (47.0%)
      Progress: 45000/94691 frames (47.5%)
      Progress: 45500/94691 frames (48.1%)
      Progress: 46000/94691 frames (48.6%)
      Progress: 46500/94691 frames (49.1%)
      Progress: 47000/94691 frames (49.6%)
      Progress: 47500/94691 frames (50.2%)
      Progress: 48000/94691 frames (50.7%)
      Progress: 48500/94691 frames (51.2%)
      Progress: 49000/94691 frames (51.7%)
      Progress: 49500/94691 frames (52.3%)
      Progress: 50000/94691 frames (52.8%)
      Progress: 50500/94691 frames (53.3%)
      Progress: 51000/94691 frames (53.9%)
      Progress: 51500/94691 frames (54.4%)
      Progress: 52000/94691 frames (54.9%)
      Progress: 52500/94691 frames (55.4%)
      Progress: 53000/94691 frames (56.0%)
      Progress: 53500/94691 frames (56.5%)
      Progress: 54000/94691 frames (57.0%)
      Progress: 54500/94691 frames (57.6%)
      Progress: 55000/94691 frames (58.1%)
      Progress: 55500/94691 frames (58.6%)
      Progress: 56000/94691 frames (59.1%)
      Progress: 56500/94691 frames (59.7%)
      Progress: 57000/94691 frames (60.2%)
      Progress: 57500/94691 frames (60.7%)
      Progress: 58000/94691 frames (61.3%)
      Progress: 58500/94691 frames (61.8%)
      Progress: 59000/94691 frames (62.3%)
      Progress: 59500/94691 frames (62.8%)
      Progress: 60000/94691 frames (63.4%)
      Progress: 60500/94691 frames (63.9%)
      Progress: 61000/94691 frames (64.4%)
      Progress: 61500/94691 frames (64.9%)
      Progress: 62000/94691 frames (65.5%)
      Progress: 62500/94691 frames (66.0%)
      Progress: 63000/94691 frames (66.5%)
      Progress: 63500/94691 frames (67.1%)
      Progress: 64000/94691 frames (67.6%)
      Progress: 64500/94691 frames (68.1%)
      Progress: 65000/94691 frames (68.6%)
      Progress: 65500/94691 frames (69.2%)
      Progress: 66000/94691 frames (69.7%)
      Progress: 66500/94691 frames (70.2%)
      Progress: 67000/94691 frames (70.8%)
      Progress: 67500/94691 frames (71.3%)
      Progress: 68000/94691 frames (71.8%)
      Progress: 68500/94691 frames (72.3%)
      Progress: 69000/94691 frames (72.9%)
      Progress: 69500/94691 frames (73.4%)
      Progress: 70000/94691 frames (73.9%)
      Progress: 70500/94691 frames (74.5%)
      Progress: 71000/94691 frames (75.0%)
      Progress: 71500/94691 frames (75.5%)
      Progress: 72000/94691 frames (76.0%)
      Progress: 72500/94691 frames (76.6%)
      Progress: 73000/94691 frames (77.1%)
      Progress: 73500/94691 frames (77.6%)
      Progress: 74000/94691 frames (78.1%)
      Progress: 74500/94691 frames (78.7%)
      Progress: 75000/94691 frames (79.2%)
      Progress: 75500/94691 frames (79.7%)
      Progress: 76000/94691 frames (80.3%)
      Progress: 76500/94691 frames (80.8%)
      Progress: 77000/94691 frames (81.3%)
      Progress: 77500/94691 frames (81.8%)
      Progress: 78000/94691 frames (82.4%)
      Progress: 78500/94691 frames (82.9%)
      Progress: 79000/94691 frames (83.4%)
      Progress: 79500/94691 frames (84.0%)
      Progress: 80000/94691 frames (84.5%)
      Progress: 80500/94691 frames (85.0%)
      Progress: 81000/94691 frames (85.5%)
      Progress: 81500/94691 frames (86.1%)
      Progress: 82000/94691 frames (86.6%)
      Progress: 82500/94691 frames (87.1%)
      Progress: 83000/94691 frames (87.7%)
      Progress: 83500/94691 frames (88.2%)
      Progress: 84000/94691 frames (88.7%)
      Progress: 84500/94691 frames (89.2%)
      Progress: 85000/94691 frames (89.8%)
      Progress: 85500/94691 frames (90.3%)
      Progress: 86000/94691 frames (90.8%)
      Progress: 86500/94691 frames (91.3%)
      Progress: 87000/94691 frames (91.9%)
      Progress: 87500/94691 frames (92.4%)
      Progress: 88000/94691 frames (92.9%)
      Progress: 88500/94691 frames (93.5%)
      Progress: 89000/94691 frames (94.0%)
      Progress: 89500/94691 frames (94.5%)
      Progress: 90000/94691 frames (95.0%)
      Progress: 90500/94691 frames (95.6%)
      Progress: 91000/94691 frames (96.1%)
      Progress: 91500/94691 frames (96.6%)
      Progress: 92000/94691 frames (97.2%)
      Progress: 92500/94691 frames (97.7%)
      Progress: 93000/94691 frames (98.2%)
      Progress: 93500/94691 frames (98.7%)
      Progress: 94000/94691 frames (99.3%)
      Progress: 94500/94691 frames (99.8%)
      WARNING: 200 consecutive frame read failures
      Breaking loop at frame 94688/94691
      Frames successfully read: 94688
      Total missed frames: 200
      ---------------------------------------------------
      FRAME READING COMPLETE
      ---------------------------------------------------
      Expected frames: 94691
      Frames read: 94688
      Frames missing: 200
      WARNING: 200 frames could not be read!
      WARNING: Read fewer frames than expected (94688/94691)
      This may be due to video corruption or codec issues
      ---------------------------------------------------
      ---------------------------------------------------
      EXTRACTING FEATURES PER SECOND
      ---------------------------------------------------
      Processing 3788 seconds...
        Second 0/3788
        Second 100/3788
        Second 200/3788
        Second 300/3788
        Second 400/3788
        Second 500/3788
        Second 600/3788
        Second 700/3788
        Second 800/3788
        Second 900/3788
        Second 1000/3788
        Second 1100/3788
        Second 1200/3788
        Second 1300/3788
        Second 1400/3788
        Second 1500/3788
        Second 1600/3788
        Second 1700/3788
        Second 1800/3788
        Second 1900/3788
        Second 2000/3788
        Second 2100/3788
        Second 2200/3788
        Second 2300/3788
        Second 2400/3788
        Second 2500/3788
        Second 2600/3788
        Second 2700/3788
        Second 2800/3788
        Second 2900/3788
        Second 3000/3788
        Second 3100/3788
        Second 3200/3788
        Second 3300/3788
        Second 3400/3788
        Second 3500/3788
        Second 3600/3788
        Second 3700/3788
      ---------------------------------------------------
      FEATURE EXTRACTION COMPLETE
      ---------------------------------------------------
      Final features shape: (3788, 512)

[ID08]   Features extracted: (3788, 512)
[ID08] Step 2/3: Converting to multi-label format...
      CSV columns: ['start_time', 'end_time', 'licking', 'shaking']
      CSV shape: (3840, 4)
      Video seconds: 3788
      Total rows in CSV: 3840
      Valid rows (within video duration): 3788
      Label statistics:
        Licking only: 81
        Shaking only: 0
        Both (licking + shaking): 0
        Background (neither): 3707
[ID08] Step 3/3: Saving processed data...
[ID08]   Saved features: /data-8tb/nvaci/dataset/dataset_Stanford/FACT_method/preprocessed_data_multilabel_originalFPS/features/ID08.npy
[ID08]     Shape: (3788, 512)
[ID08]   Saved multi-labels: /data-8tb/nvaci/dataset/dataset_Stanford/FACT_method/preprocessed_data_multilabel_originalFPS/groundTruth/ID08.npy
[ID08]     Shape: (3788, 2)
[ID08] SUCCESS

================================================================================
Processing video 9/32: ID09
================================================================================
[ID09] Found label file: 25-021_ID09.csv
[ID09] Step 1/3: Extracting features...
      Opening video file...

      ===================================================
      VIDEO PROPERTIES
      ===================================================
      FPS detected: 25.00
      Clip length (auto): 25 frames
      Total frames: 93688
      Duration: 3747.52 seconds
      Expected seconds: 3748
      Frames per second: ~25.0
      ===================================================

      Using ORIGINAL FPS with per-second aggregation
      Aggregation method: mean
      ---------------------------------------------------
      READING ALL FRAMES FROM VIDEO (FAST MODE)
      ---------------------------------------------------
      Progress: 500/93688 frames (0.5%)
      Progress: 1000/93688 frames (1.1%)
      Progress: 1500/93688 frames (1.6%)
      Progress: 2000/93688 frames (2.1%)
      Progress: 2500/93688 frames (2.7%)
      Progress: 3000/93688 frames (3.2%)
      Progress: 3500/93688 frames (3.7%)
      Progress: 4000/93688 frames (4.3%)
      Progress: 4500/93688 frames (4.8%)
      Progress: 5000/93688 frames (5.3%)
      Progress: 5500/93688 frames (5.9%)
      Progress: 6000/93688 frames (6.4%)
      Progress: 6500/93688 frames (6.9%)
      Progress: 7000/93688 frames (7.5%)
      Progress: 7500/93688 frames (8.0%)
      Progress: 8000/93688 frames (8.5%)
      Progress: 8500/93688 frames (9.1%)
      Progress: 9000/93688 frames (9.6%)
      Progress: 9500/93688 frames (10.1%)
      Progress: 10000/93688 frames (10.7%)
      Progress: 10500/93688 frames (11.2%)
      Progress: 11000/93688 frames (11.7%)
      Progress: 11500/93688 frames (12.3%)
      Progress: 12000/93688 frames (12.8%)
      Progress: 12500/93688 frames (13.3%)
      Progress: 13000/93688 frames (13.9%)
      Progress: 13500/93688 frames (14.4%)
      Progress: 14000/93688 frames (14.9%)
      Progress: 14500/93688 frames (15.5%)
      Progress: 15000/93688 frames (16.0%)
      Progress: 15500/93688 frames (16.5%)
      Progress: 16000/93688 frames (17.1%)
      Progress: 16500/93688 frames (17.6%)
      Progress: 17000/93688 frames (18.1%)
      Progress: 17500/93688 frames (18.7%)
      Progress: 18000/93688 frames (19.2%)
      Progress: 18500/93688 frames (19.7%)
      Progress: 19000/93688 frames (20.3%)
      Progress: 19500/93688 frames (20.8%)
      Progress: 20000/93688 frames (21.3%)
      Progress: 20500/93688 frames (21.9%)
      Progress: 21000/93688 frames (22.4%)
      Progress: 21500/93688 frames (22.9%)
      Progress: 22000/93688 frames (23.5%)
      Progress: 22500/93688 frames (24.0%)
      Progress: 23000/93688 frames (24.5%)
      Progress: 23500/93688 frames (25.1%)
      Progress: 24000/93688 frames (25.6%)
      Progress: 24500/93688 frames (26.2%)
      Progress: 25000/93688 frames (26.7%)
      Progress: 25500/93688 frames (27.2%)
      Progress: 26000/93688 frames (27.8%)
      Progress: 26500/93688 frames (28.3%)
      Progress: 27000/93688 frames (28.8%)
      Progress: 27500/93688 frames (29.4%)
      Progress: 28000/93688 frames (29.9%)
      Progress: 28500/93688 frames (30.4%)
      Progress: 29000/93688 frames (31.0%)
      Progress: 29500/93688 frames (31.5%)
      Progress: 30000/93688 frames (32.0%)
      Progress: 30500/93688 frames (32.6%)
      Progress: 31000/93688 frames (33.1%)
      Progress: 31500/93688 frames (33.6%)
      Progress: 32000/93688 frames (34.2%)
      Progress: 32500/93688 frames (34.7%)
      Progress: 33000/93688 frames (35.2%)
      Progress: 33500/93688 frames (35.8%)
      Progress: 34000/93688 frames (36.3%)
      Progress: 34500/93688 frames (36.8%)
      Progress: 35000/93688 frames (37.4%)
      Progress: 35500/93688 frames (37.9%)
      Progress: 36000/93688 frames (38.4%)
      Progress: 36500/93688 frames (39.0%)
      Progress: 37000/93688 frames (39.5%)
      Progress: 37500/93688 frames (40.0%)
      Progress: 38000/93688 frames (40.6%)
      Progress: 38500/93688 frames (41.1%)
      Progress: 39000/93688 frames (41.6%)
      Progress: 39500/93688 frames (42.2%)
      Progress: 40000/93688 frames (42.7%)
      Progress: 40500/93688 frames (43.2%)
      Progress: 41000/93688 frames (43.8%)
      Progress: 41500/93688 frames (44.3%)
      Progress: 42000/93688 frames (44.8%)
      Progress: 42500/93688 frames (45.4%)
      Progress: 43000/93688 frames (45.9%)
      Progress: 43500/93688 frames (46.4%)
      Progress: 44000/93688 frames (47.0%)
      Progress: 44500/93688 frames (47.5%)
      Progress: 45000/93688 frames (48.0%)
      Progress: 45500/93688 frames (48.6%)
      Progress: 46000/93688 frames (49.1%)
      Progress: 46500/93688 frames (49.6%)
      Progress: 47000/93688 frames (50.2%)
      Progress: 47500/93688 frames (50.7%)
      Progress: 48000/93688 frames (51.2%)
      Progress: 48500/93688 frames (51.8%)
      Progress: 49000/93688 frames (52.3%)
      Progress: 49500/93688 frames (52.8%)
      Progress: 50000/93688 frames (53.4%)
      Progress: 50500/93688 frames (53.9%)
      Progress: 51000/93688 frames (54.4%)
      Progress: 51500/93688 frames (55.0%)
      Progress: 52000/93688 frames (55.5%)
      Progress: 52500/93688 frames (56.0%)
      Progress: 53000/93688 frames (56.6%)
      Progress: 53500/93688 frames (57.1%)
      Progress: 54000/93688 frames (57.6%)
      Progress: 54500/93688 frames (58.2%)
      Progress: 55000/93688 frames (58.7%)
      Progress: 55500/93688 frames (59.2%)
      Progress: 56000/93688 frames (59.8%)
      Progress: 56500/93688 frames (60.3%)
      Progress: 57000/93688 frames (60.8%)
      Progress: 57500/93688 frames (61.4%)
      Progress: 58000/93688 frames (61.9%)
      Progress: 58500/93688 frames (62.4%)
      Progress: 59000/93688 frames (63.0%)
      Progress: 59500/93688 frames (63.5%)
      Progress: 60000/93688 frames (64.0%)
      Progress: 60500/93688 frames (64.6%)
      Progress: 61000/93688 frames (65.1%)
      Progress: 61500/93688 frames (65.6%)
      Progress: 62000/93688 frames (66.2%)
      Progress: 62500/93688 frames (66.7%)
      Progress: 63000/93688 frames (67.2%)
      Progress: 63500/93688 frames (67.8%)
      Progress: 64000/93688 frames (68.3%)
      Progress: 64500/93688 frames (68.8%)
      Progress: 65000/93688 frames (69.4%)
      Progress: 65500/93688 frames (69.9%)
      Progress: 66000/93688 frames (70.4%)
      Progress: 66500/93688 frames (71.0%)
      Progress: 67000/93688 frames (71.5%)
      Progress: 67500/93688 frames (72.0%)
      Progress: 68000/93688 frames (72.6%)
      Progress: 68500/93688 frames (73.1%)
      Progress: 69000/93688 frames (73.6%)
      Progress: 69500/93688 frames (74.2%)
      Progress: 70000/93688 frames (74.7%)
      Progress: 70500/93688 frames (75.2%)
      Progress: 71000/93688 frames (75.8%)
      Progress: 71500/93688 frames (76.3%)
      Progress: 72000/93688 frames (76.9%)
      Progress: 72500/93688 frames (77.4%)
      Progress: 73000/93688 frames (77.9%)
      Progress: 73500/93688 frames (78.5%)
      Progress: 74000/93688 frames (79.0%)
      Progress: 74500/93688 frames (79.5%)
      Progress: 75000/93688 frames (80.1%)
      Progress: 75500/93688 frames (80.6%)
      Progress: 76000/93688 frames (81.1%)
      Progress: 76500/93688 frames (81.7%)
      Progress: 77000/93688 frames (82.2%)
      Progress: 77500/93688 frames (82.7%)
      Progress: 78000/93688 frames (83.3%)
      Progress: 78500/93688 frames (83.8%)
      Progress: 79000/93688 frames (84.3%)
      Progress: 79500/93688 frames (84.9%)
      Progress: 80000/93688 frames (85.4%)
      Progress: 80500/93688 frames (85.9%)
      Progress: 81000/93688 frames (86.5%)
      Progress: 81500/93688 frames (87.0%)
      Progress: 82000/93688 frames (87.5%)
      Progress: 82500/93688 frames (88.1%)
      Progress: 83000/93688 frames (88.6%)
      Progress: 83500/93688 frames (89.1%)
      Progress: 84000/93688 frames (89.7%)
      Progress: 84500/93688 frames (90.2%)
      Progress: 85000/93688 frames (90.7%)
      Progress: 85500/93688 frames (91.3%)
      Progress: 86000/93688 frames (91.8%)
      Progress: 86500/93688 frames (92.3%)
      Progress: 87000/93688 frames (92.9%)
      Progress: 87500/93688 frames (93.4%)
      Progress: 88000/93688 frames (93.9%)
      Progress: 88500/93688 frames (94.5%)
      Progress: 89000/93688 frames (95.0%)
      Progress: 89500/93688 frames (95.5%)
      Progress: 90000/93688 frames (96.1%)
      Progress: 90500/93688 frames (96.6%)
      Progress: 91000/93688 frames (97.1%)
      Progress: 91500/93688 frames (97.7%)
      Progress: 92000/93688 frames (98.2%)
      Progress: 92500/93688 frames (98.7%)
      Progress: 93000/93688 frames (99.3%)
      Progress: 93500/93688 frames (99.8%)
      WARNING: 200 consecutive frame read failures
      Breaking loop at frame 93538/93688
      Frames successfully read: 93538
      Total missed frames: 200
      ---------------------------------------------------
      FRAME READING COMPLETE
      ---------------------------------------------------
      Expected frames: 93688
      Frames read: 93538
      Frames missing: 200
      WARNING: 200 frames could not be read!
      WARNING: Read fewer frames than expected (93538/93688)
      This may be due to video corruption or codec issues
      ---------------------------------------------------
      ---------------------------------------------------
      EXTRACTING FEATURES PER SECOND
      ---------------------------------------------------
      Processing 3748 seconds...
        Second 0/3748
        Second 100/3748
        Second 200/3748
        Second 300/3748
        Second 400/3748
        Second 500/3748
        Second 600/3748
        Second 700/3748
        Second 800/3748
        Second 900/3748
        Second 1000/3748
        Second 1100/3748
        Second 1200/3748
        Second 1300/3748
        Second 1400/3748
        Second 1500/3748
        Second 1600/3748
        Second 1700/3748
        Second 1800/3748
        Second 1900/3748
        Second 2000/3748
        Second 2100/3748
        Second 2200/3748
        Second 2300/3748
        Second 2400/3748
        Second 2500/3748
        Second 2600/3748
        Second 2700/3748
        Second 2800/3748
        Second 2900/3748
        Second 3000/3748
        Second 3100/3748
        Second 3200/3748
        Second 3300/3748
        Second 3400/3748
        Second 3500/3748
        Second 3600/3748
        Second 3700/3748
        WARNING: Second 3742 has no frames! Using zeros.
        WARNING: Second 3743 has no frames! Using zeros.
        WARNING: Second 3744 has no frames! Using zeros.
        WARNING: Second 3745 has no frames! Using zeros.
        WARNING: Second 3746 has no frames! Using zeros.
        WARNING: Second 3747 has no frames! Using zeros.
      ---------------------------------------------------
      FEATURE EXTRACTION COMPLETE
      ---------------------------------------------------
      Final features shape: (3748, 512)

[ID09]   Features extracted: (3748, 512)
[ID09] Step 2/3: Converting to multi-label format...
      CSV columns: ['start_time', 'end_time', 'licking', 'shaking']
      CSV shape: (3840, 4)
      Video seconds: 3748
      Total rows in CSV: 3840
      Valid rows (within video duration): 3748
      Label statistics:
        Licking only: 756
        Shaking only: 16
        Both (licking + shaking): 6
        Background (neither): 2970
[ID09] Step 3/3: Saving processed data...
[ID09]   Saved features: /data-8tb/nvaci/dataset/dataset_Stanford/FACT_method/preprocessed_data_multilabel_originalFPS/features/ID09.npy
[ID09]     Shape: (3748, 512)
[ID09]   Saved multi-labels: /data-8tb/nvaci/dataset/dataset_Stanford/FACT_method/preprocessed_data_multilabel_originalFPS/groundTruth/ID09.npy
[ID09]     Shape: (3748, 2)
[ID09] SUCCESS

================================================================================
Processing video 10/32: ID10
================================================================================
[ID10] Found label file: 25-021_ID10.csv
[ID10] Step 1/3: Extracting features...
      Opening video file...

      ===================================================
      VIDEO PROPERTIES
      ===================================================
      FPS detected: 25.00
      Clip length (auto): 25 frames
      Total frames: 92431
      Duration: 3697.24 seconds
      Expected seconds: 3698
      Frames per second: ~25.0
      ===================================================

      Using ORIGINAL FPS with per-second aggregation
      Aggregation method: mean
      ---------------------------------------------------
      READING ALL FRAMES FROM VIDEO (FAST MODE)
      ---------------------------------------------------
      Progress: 500/92431 frames (0.5%)
      Progress: 1000/92431 frames (1.1%)
      Progress: 1500/92431 frames (1.6%)
      Progress: 2000/92431 frames (2.2%)
      Progress: 2500/92431 frames (2.7%)
      Progress: 3000/92431 frames (3.2%)
      Progress: 3500/92431 frames (3.8%)
      Progress: 4000/92431 frames (4.3%)
      Progress: 4500/92431 frames (4.9%)
      Progress: 5000/92431 frames (5.4%)
      Progress: 5500/92431 frames (6.0%)
      Progress: 6000/92431 frames (6.5%)
      Progress: 6500/92431 frames (7.0%)
      Progress: 7000/92431 frames (7.6%)
      Progress: 7500/92431 frames (8.1%)
      Progress: 8000/92431 frames (8.7%)
      Progress: 8500/92431 frames (9.2%)
      Progress: 9000/92431 frames (9.7%)
      Progress: 9500/92431 frames (10.3%)
      Progress: 10000/92431 frames (10.8%)
      Progress: 10500/92431 frames (11.4%)
      Progress: 11000/92431 frames (11.9%)
      Progress: 11500/92431 frames (12.4%)
      Progress: 12000/92431 frames (13.0%)
      Progress: 12500/92431 frames (13.5%)
      Progress: 13000/92431 frames (14.1%)
      Progress: 13500/92431 frames (14.6%)
      Progress: 14000/92431 frames (15.1%)
      Progress: 14500/92431 frames (15.7%)
      Progress: 15000/92431 frames (16.2%)
      Progress: 15500/92431 frames (16.8%)
      Progress: 16000/92431 frames (17.3%)
      Progress: 16500/92431 frames (17.9%)
      Progress: 17000/92431 frames (18.4%)
      Progress: 17500/92431 frames (18.9%)
      Progress: 18000/92431 frames (19.5%)
      Progress: 18500/92431 frames (20.0%)
      Progress: 19000/92431 frames (20.6%)
      Progress: 19500/92431 frames (21.1%)
      Progress: 20000/92431 frames (21.6%)
      Progress: 20500/92431 frames (22.2%)
      Progress: 21000/92431 frames (22.7%)
      Progress: 21500/92431 frames (23.3%)
      Progress: 22000/92431 frames (23.8%)
      Progress: 22500/92431 frames (24.3%)
      Progress: 23000/92431 frames (24.9%)
      Progress: 23500/92431 frames (25.4%)
      Progress: 24000/92431 frames (26.0%)
      Progress: 24500/92431 frames (26.5%)
      Progress: 25000/92431 frames (27.0%)
      Progress: 25500/92431 frames (27.6%)
      Progress: 26000/92431 frames (28.1%)
      Progress: 26500/92431 frames (28.7%)
      Progress: 27000/92431 frames (29.2%)
      Progress: 27500/92431 frames (29.8%)
      Progress: 28000/92431 frames (30.3%)
      Progress: 28500/92431 frames (30.8%)
      Progress: 29000/92431 frames (31.4%)
      Progress: 29500/92431 frames (31.9%)
      Progress: 30000/92431 frames (32.5%)
      Progress: 30500/92431 frames (33.0%)
      Progress: 31000/92431 frames (33.5%)
      Progress: 31500/92431 frames (34.1%)
      Progress: 32000/92431 frames (34.6%)
      Progress: 32500/92431 frames (35.2%)
      Progress: 33000/92431 frames (35.7%)
      Progress: 33500/92431 frames (36.2%)
      Progress: 34000/92431 frames (36.8%)
      Progress: 34500/92431 frames (37.3%)
      Progress: 35000/92431 frames (37.9%)
      Progress: 35500/92431 frames (38.4%)
      Progress: 36000/92431 frames (38.9%)
      Progress: 36500/92431 frames (39.5%)
      Progress: 37000/92431 frames (40.0%)
      Progress: 37500/92431 frames (40.6%)
      Progress: 38000/92431 frames (41.1%)
      Progress: 38500/92431 frames (41.7%)
      Progress: 39000/92431 frames (42.2%)
      Progress: 39500/92431 frames (42.7%)
      Progress: 40000/92431 frames (43.3%)
      Progress: 40500/92431 frames (43.8%)
      Progress: 41000/92431 frames (44.4%)
      Progress: 41500/92431 frames (44.9%)
      Progress: 42000/92431 frames (45.4%)
      Progress: 42500/92431 frames (46.0%)
      Progress: 43000/92431 frames (46.5%)
      Progress: 43500/92431 frames (47.1%)
      Progress: 44000/92431 frames (47.6%)
      Progress: 44500/92431 frames (48.1%)
      Progress: 45000/92431 frames (48.7%)
      Progress: 45500/92431 frames (49.2%)
      Progress: 46000/92431 frames (49.8%)
      Progress: 46500/92431 frames (50.3%)
      Progress: 47000/92431 frames (50.8%)
      Progress: 47500/92431 frames (51.4%)
      Progress: 48000/92431 frames (51.9%)
      Progress: 48500/92431 frames (52.5%)
      Progress: 49000/92431 frames (53.0%)
      Progress: 49500/92431 frames (53.6%)
      Progress: 50000/92431 frames (54.1%)
      Progress: 50500/92431 frames (54.6%)
      Progress: 51000/92431 frames (55.2%)
      Progress: 51500/92431 frames (55.7%)
      Progress: 52000/92431 frames (56.3%)
      Progress: 52500/92431 frames (56.8%)
      Progress: 53000/92431 frames (57.3%)
      Progress: 53500/92431 frames (57.9%)
      Progress: 54000/92431 frames (58.4%)
      Progress: 54500/92431 frames (59.0%)
      Progress: 55000/92431 frames (59.5%)
      Progress: 55500/92431 frames (60.0%)
      Progress: 56000/92431 frames (60.6%)
      Progress: 56500/92431 frames (61.1%)
      Progress: 57000/92431 frames (61.7%)
      Progress: 57500/92431 frames (62.2%)
      Progress: 58000/92431 frames (62.7%)
      Progress: 58500/92431 frames (63.3%)
      Progress: 59000/92431 frames (63.8%)
      Progress: 59500/92431 frames (64.4%)
      Progress: 60000/92431 frames (64.9%)
      Progress: 60500/92431 frames (65.5%)
      Progress: 61000/92431 frames (66.0%)
      Progress: 61500/92431 frames (66.5%)
      Progress: 62000/92431 frames (67.1%)
      Progress: 62500/92431 frames (67.6%)
      Progress: 63000/92431 frames (68.2%)
      Progress: 63500/92431 frames (68.7%)
      Progress: 64000/92431 frames (69.2%)
      Progress: 64500/92431 frames (69.8%)
      Progress: 65000/92431 frames (70.3%)
      Progress: 65500/92431 frames (70.9%)
      Progress: 66000/92431 frames (71.4%)
      Progress: 66500/92431 frames (71.9%)
      Progress: 67000/92431 frames (72.5%)
      Progress: 67500/92431 frames (73.0%)
      Progress: 68000/92431 frames (73.6%)
      Progress: 68500/92431 frames (74.1%)
      Progress: 69000/92431 frames (74.7%)
      Progress: 69500/92431 frames (75.2%)
      Progress: 70000/92431 frames (75.7%)
      Progress: 70500/92431 frames (76.3%)
      Progress: 71000/92431 frames (76.8%)
      Progress: 71500/92431 frames (77.4%)
      Progress: 72000/92431 frames (77.9%)
      Progress: 72500/92431 frames (78.4%)
      Progress: 73000/92431 frames (79.0%)
      Progress: 73500/92431 frames (79.5%)
      Progress: 74000/92431 frames (80.1%)
      Progress: 74500/92431 frames (80.6%)
      Progress: 75000/92431 frames (81.1%)
      Progress: 75500/92431 frames (81.7%)
      Progress: 76000/92431 frames (82.2%)
      Progress: 76500/92431 frames (82.8%)
      Progress: 77000/92431 frames (83.3%)
      Progress: 77500/92431 frames (83.8%)
      Progress: 78000/92431 frames (84.4%)
      Progress: 78500/92431 frames (84.9%)
      Progress: 79000/92431 frames (85.5%)
      Progress: 79500/92431 frames (86.0%)
      Progress: 80000/92431 frames (86.6%)
      Progress: 80500/92431 frames (87.1%)
      Progress: 81000/92431 frames (87.6%)
      Progress: 81500/92431 frames (88.2%)
      Progress: 82000/92431 frames (88.7%)
      Progress: 82500/92431 frames (89.3%)
      Progress: 83000/92431 frames (89.8%)
      Progress: 83500/92431 frames (90.3%)
      Progress: 84000/92431 frames (90.9%)
      Progress: 84500/92431 frames (91.4%)
      Progress: 85000/92431 frames (92.0%)
      Progress: 85500/92431 frames (92.5%)
      Progress: 86000/92431 frames (93.0%)
      Progress: 86500/92431 frames (93.6%)
      Progress: 87000/92431 frames (94.1%)
      Progress: 87500/92431 frames (94.7%)
      Progress: 88000/92431 frames (95.2%)
      Progress: 88500/92431 frames (95.7%)
      Progress: 89000/92431 frames (96.3%)
      Progress: 89500/92431 frames (96.8%)
      Progress: 90000/92431 frames (97.4%)
      Progress: 90500/92431 frames (97.9%)
      Progress: 91000/92431 frames (98.5%)
      Progress: 91500/92431 frames (99.0%)
      Progress: 92000/92431 frames (99.5%)
      WARNING: 200 consecutive frame read failures
      Breaking loop at frame 92413/92431
      Frames successfully read: 92413
      Total missed frames: 200
      ---------------------------------------------------
      FRAME READING COMPLETE
      ---------------------------------------------------
      Expected frames: 92431
      Frames read: 92413
      Frames missing: 200
      WARNING: 200 frames could not be read!
      WARNING: Read fewer frames than expected (92413/92431)
      This may be due to video corruption or codec issues
      ---------------------------------------------------
      ---------------------------------------------------
      EXTRACTING FEATURES PER SECOND
      ---------------------------------------------------
      Processing 3698 seconds...
        Second 0/3698
        Second 100/3698
        Second 200/3698
        Second 300/3698
        Second 400/3698
        Second 500/3698
        Second 600/3698
        Second 700/3698
        Second 800/3698
        Second 900/3698
        Second 1000/3698
        Second 1100/3698
        Second 1200/3698
        Second 1300/3698
        Second 1400/3698
        Second 1500/3698
        Second 1600/3698
        Second 1700/3698
        Second 1800/3698
        Second 1900/3698
        Second 2000/3698
        Second 2100/3698
        Second 2200/3698
        Second 2300/3698
        Second 2400/3698
        Second 2500/3698
        Second 2600/3698
        Second 2700/3698
        Second 2800/3698
        Second 2900/3698
        Second 3000/3698
        Second 3100/3698
        Second 3200/3698
        Second 3300/3698
        Second 3400/3698
        Second 3500/3698
        Second 3600/3698
        WARNING: Second 3697 has no frames! Using zeros.
      ---------------------------------------------------
      FEATURE EXTRACTION COMPLETE
      ---------------------------------------------------
      Final features shape: (3698, 512)

[ID10]   Features extracted: (3698, 512)
[ID10] Step 2/3: Converting to multi-label format...
      CSV columns: ['start_time', 'end_time', 'licking', 'shaking']
      CSV shape: (3840, 4)
      Video seconds: 3698
      Total rows in CSV: 3840
      Valid rows (within video duration): 3698
      Label statistics:
        Licking only: 633
        Shaking only: 7
        Both (licking + shaking): 14
        Background (neither): 3044
[ID10] Step 3/3: Saving processed data...
[ID10]   Saved features: /data-8tb/nvaci/dataset/dataset_Stanford/FACT_method/preprocessed_data_multilabel_originalFPS/features/ID10.npy
[ID10]     Shape: (3698, 512)
[ID10]   Saved multi-labels: /data-8tb/nvaci/dataset/dataset_Stanford/FACT_method/preprocessed_data_multilabel_originalFPS/groundTruth/ID10.npy
[ID10]     Shape: (3698, 2)
[ID10] SUCCESS

================================================================================
Processing video 11/32: ID11
================================================================================
[ID11] Found label file: 25-021_ID11.csv
[ID11] Step 1/3: Extracting features...
      Opening video file...

      ===================================================
      VIDEO PROPERTIES
      ===================================================
      FPS detected: 25.00
      Clip length (auto): 25 frames
      Total frames: 98201
      Duration: 3928.04 seconds
      Expected seconds: 3929
      Frames per second: ~25.0
      ===================================================

      Using ORIGINAL FPS with per-second aggregation
      Aggregation method: mean
      ---------------------------------------------------
      READING ALL FRAMES FROM VIDEO (FAST MODE)
      ---------------------------------------------------
      Progress: 500/98201 frames (0.5%)
      Progress: 1000/98201 frames (1.0%)
      Progress: 1500/98201 frames (1.5%)
      Progress: 2000/98201 frames (2.0%)
      Progress: 2500/98201 frames (2.5%)
      Progress: 3000/98201 frames (3.1%)
      Progress: 3500/98201 frames (3.6%)
      Progress: 4000/98201 frames (4.1%)
      Progress: 4500/98201 frames (4.6%)
      Progress: 5000/98201 frames (5.1%)
      Progress: 5500/98201 frames (5.6%)
      Progress: 6000/98201 frames (6.1%)
      Progress: 6500/98201 frames (6.6%)
      Progress: 7000/98201 frames (7.1%)
      Progress: 7500/98201 frames (7.6%)
      Progress: 8000/98201 frames (8.1%)
      Progress: 8500/98201 frames (8.7%)
      Progress: 9000/98201 frames (9.2%)
      Progress: 9500/98201 frames (9.7%)
      Progress: 10000/98201 frames (10.2%)
      Progress: 10500/98201 frames (10.7%)
      Progress: 11000/98201 frames (11.2%)
      Progress: 11500/98201 frames (11.7%)
      Progress: 12000/98201 frames (12.2%)
      Progress: 12500/98201 frames (12.7%)
      Progress: 13000/98201 frames (13.2%)
      Progress: 13500/98201 frames (13.7%)
      Progress: 14000/98201 frames (14.3%)
      Progress: 14500/98201 frames (14.8%)
      Progress: 15000/98201 frames (15.3%)
      Progress: 15500/98201 frames (15.8%)
      Progress: 16000/98201 frames (16.3%)
      Progress: 16500/98201 frames (16.8%)
      Progress: 17000/98201 frames (17.3%)
      Progress: 17500/98201 frames (17.8%)
      Progress: 18000/98201 frames (18.3%)
      Progress: 18500/98201 frames (18.8%)
      Progress: 19000/98201 frames (19.3%)
      Progress: 19500/98201 frames (19.9%)
      Progress: 20000/98201 frames (20.4%)
      Progress: 20500/98201 frames (20.9%)
      Progress: 21000/98201 frames (21.4%)
      Progress: 21500/98201 frames (21.9%)
      Progress: 22000/98201 frames (22.4%)
      Progress: 22500/98201 frames (22.9%)
      Progress: 23000/98201 frames (23.4%)
      Progress: 23500/98201 frames (23.9%)
      Progress: 24000/98201 frames (24.4%)
      Progress: 24500/98201 frames (24.9%)
      Progress: 25000/98201 frames (25.5%)
      Progress: 25500/98201 frames (26.0%)
      Progress: 26000/98201 frames (26.5%)
      Progress: 26500/98201 frames (27.0%)
      Progress: 27000/98201 frames (27.5%)
      Progress: 27500/98201 frames (28.0%)
      Progress: 28000/98201 frames (28.5%)
      Progress: 28500/98201 frames (29.0%)
      Progress: 29000/98201 frames (29.5%)
      Progress: 29500/98201 frames (30.0%)
      Progress: 30000/98201 frames (30.5%)
      Progress: 30500/98201 frames (31.1%)
      Progress: 31000/98201 frames (31.6%)
      Progress: 31500/98201 frames (32.1%)
      Progress: 32000/98201 frames (32.6%)
      Progress: 32500/98201 frames (33.1%)
      Progress: 33000/98201 frames (33.6%)
      Progress: 33500/98201 frames (34.1%)
      Progress: 34000/98201 frames (34.6%)
      Progress: 34500/98201 frames (35.1%)
      Progress: 35000/98201 frames (35.6%)
      Progress: 35500/98201 frames (36.2%)
      Progress: 36000/98201 frames (36.7%)
      Progress: 36500/98201 frames (37.2%)
      Progress: 37000/98201 frames (37.7%)
      Progress: 37500/98201 frames (38.2%)
      Progress: 38000/98201 frames (38.7%)
      Progress: 38500/98201 frames (39.2%)
      Progress: 39000/98201 frames (39.7%)
      Progress: 39500/98201 frames (40.2%)
      Progress: 40000/98201 frames (40.7%)
      Progress: 40500/98201 frames (41.2%)
      Progress: 41000/98201 frames (41.8%)
      Progress: 41500/98201 frames (42.3%)
      Progress: 42000/98201 frames (42.8%)
      Progress: 42500/98201 frames (43.3%)
      Progress: 43000/98201 frames (43.8%)
      Progress: 43500/98201 frames (44.3%)
      Progress: 44000/98201 frames (44.8%)
      Progress: 44500/98201 frames (45.3%)
      Progress: 45000/98201 frames (45.8%)
      Progress: 45500/98201 frames (46.3%)
      Progress: 46000/98201 frames (46.8%)
      Progress: 46500/98201 frames (47.4%)
      Progress: 47000/98201 frames (47.9%)
      Progress: 47500/98201 frames (48.4%)
      Progress: 48000/98201 frames (48.9%)
      Progress: 48500/98201 frames (49.4%)
      Progress: 49000/98201 frames (49.9%)
      Progress: 49500/98201 frames (50.4%)
      Progress: 50000/98201 frames (50.9%)
      Progress: 50500/98201 frames (51.4%)
      Progress: 51000/98201 frames (51.9%)
      Progress: 51500/98201 frames (52.4%)
      Progress: 52000/98201 frames (53.0%)
      Progress: 52500/98201 frames (53.5%)
      Progress: 53000/98201 frames (54.0%)
      Progress: 53500/98201 frames (54.5%)
      Progress: 54000/98201 frames (55.0%)
      Progress: 54500/98201 frames (55.5%)
      Progress: 55000/98201 frames (56.0%)
      Progress: 55500/98201 frames (56.5%)
      Progress: 56000/98201 frames (57.0%)
      Progress: 56500/98201 frames (57.5%)
      Progress: 57000/98201 frames (58.0%)
      Progress: 57500/98201 frames (58.6%)
      Progress: 58000/98201 frames (59.1%)
      Progress: 58500/98201 frames (59.6%)
      Progress: 59000/98201 frames (60.1%)
      Progress: 59500/98201 frames (60.6%)
      Progress: 60000/98201 frames (61.1%)
      Progress: 60500/98201 frames (61.6%)
      Progress: 61000/98201 frames (62.1%)
      Progress: 61500/98201 frames (62.6%)
      Progress: 62000/98201 frames (63.1%)
      Progress: 62500/98201 frames (63.6%)
      Progress: 63000/98201 frames (64.2%)
      Progress: 63500/98201 frames (64.7%)
      Progress: 64000/98201 frames (65.2%)
      Progress: 64500/98201 frames (65.7%)
      Progress: 65000/98201 frames (66.2%)
      Progress: 65500/98201 frames (66.7%)
      Progress: 66000/98201 frames (67.2%)
      Progress: 66500/98201 frames (67.7%)
      Progress: 67000/98201 frames (68.2%)
      Progress: 67500/98201 frames (68.7%)
      Progress: 68000/98201 frames (69.2%)
      Progress: 68500/98201 frames (69.8%)
      Progress: 69000/98201 frames (70.3%)
      Progress: 69500/98201 frames (70.8%)
      Progress: 70000/98201 frames (71.3%)
      Progress: 70500/98201 frames (71.8%)
      Progress: 71000/98201 frames (72.3%)
      Progress: 71500/98201 frames (72.8%)
      Progress: 72000/98201 frames (73.3%)
      Progress: 72500/98201 frames (73.8%)
      Progress: 73000/98201 frames (74.3%)
      Progress: 73500/98201 frames (74.8%)
      Progress: 74000/98201 frames (75.4%)
      Progress: 74500/98201 frames (75.9%)
      Progress: 75000/98201 frames (76.4%)
      Progress: 75500/98201 frames (76.9%)
      Progress: 76000/98201 frames (77.4%)
      Progress: 76500/98201 frames (77.9%)
      Progress: 77000/98201 frames (78.4%)
      Progress: 77500/98201 frames (78.9%)
      Progress: 78000/98201 frames (79.4%)
      Progress: 78500/98201 frames (79.9%)
      Progress: 79000/98201 frames (80.4%)
      Progress: 79500/98201 frames (81.0%)
      Progress: 80000/98201 frames (81.5%)
      Progress: 80500/98201 frames (82.0%)
      Progress: 81000/98201 frames (82.5%)
      Progress: 81500/98201 frames (83.0%)
      Progress: 82000/98201 frames (83.5%)
      Progress: 82500/98201 frames (84.0%)
      Progress: 83000/98201 frames (84.5%)
      Progress: 83500/98201 frames (85.0%)
      Progress: 84000/98201 frames (85.5%)
      Progress: 84500/98201 frames (86.0%)
      Progress: 85000/98201 frames (86.6%)
      Progress: 85500/98201 frames (87.1%)
      Progress: 86000/98201 frames (87.6%)
      Progress: 86500/98201 frames (88.1%)
      Progress: 87000/98201 frames (88.6%)
      Progress: 87500/98201 frames (89.1%)
      Progress: 88000/98201 frames (89.6%)
      Progress: 88500/98201 frames (90.1%)
      Progress: 89000/98201 frames (90.6%)
      Progress: 89500/98201 frames (91.1%)
      Progress: 90000/98201 frames (91.6%)
      Progress: 90500/98201 frames (92.2%)
      Progress: 91000/98201 frames (92.7%)
      Progress: 91500/98201 frames (93.2%)
      Progress: 92000/98201 frames (93.7%)
      Progress: 92500/98201 frames (94.2%)
      Progress: 93000/98201 frames (94.7%)
      Progress: 93500/98201 frames (95.2%)
      Progress: 94000/98201 frames (95.7%)
      Progress: 94500/98201 frames (96.2%)
      Progress: 95000/98201 frames (96.7%)
      Progress: 95500/98201 frames (97.2%)
      Progress: 96000/98201 frames (97.8%)
      Progress: 96500/98201 frames (98.3%)
      Progress: 97000/98201 frames (98.8%)
      Progress: 97500/98201 frames (99.3%)
      Progress: 98000/98201 frames (99.8%)
      WARNING: 200 consecutive frame read failures
      Breaking loop at frame 98026/98201
      Frames successfully read: 98026
      Total missed frames: 200
      ---------------------------------------------------
      FRAME READING COMPLETE
      ---------------------------------------------------
      Expected frames: 98201
      Frames read: 98026
      Frames missing: 200
      WARNING: 200 frames could not be read!
      WARNING: Read fewer frames than expected (98026/98201)
      This may be due to video corruption or codec issues
      ---------------------------------------------------
      ---------------------------------------------------
      EXTRACTING FEATURES PER SECOND
      ---------------------------------------------------
      Processing 3929 seconds...
        Second 0/3929
        Second 100/3929
        Second 200/3929
        Second 300/3929
        Second 400/3929
        Second 500/3929
        Second 600/3929
        Second 700/3929
        Second 800/3929
        Second 900/3929
        Second 1000/3929
        Second 1100/3929
        Second 1200/3929
        Second 1300/3929
        Second 1400/3929
        Second 1500/3929
        Second 1600/3929
        Second 1700/3929
        Second 1800/3929
        Second 1900/3929
        Second 2000/3929
        Second 2100/3929
        Second 2200/3929
        Second 2300/3929
        Second 2400/3929
        Second 2500/3929
        Second 2600/3929
        Second 2700/3929
        Second 2800/3929
        Second 2900/3929
        Second 3000/3929
        Second 3100/3929
        Second 3200/3929
        Second 3300/3929
        Second 3400/3929
        Second 3500/3929
        Second 3600/3929
        Second 3700/3929
        Second 3800/3929
        Second 3900/3929
        WARNING: Second 3922 has no frames! Using zeros.
        WARNING: Second 3923 has no frames! Using zeros.
        WARNING: Second 3924 has no frames! Using zeros.
        WARNING: Second 3925 has no frames! Using zeros.
        WARNING: Second 3926 has no frames! Using zeros.
        WARNING: Second 3927 has no frames! Using zeros.
        WARNING: Second 3928 has no frames! Using zeros.
      ---------------------------------------------------
      FEATURE EXTRACTION COMPLETE
      ---------------------------------------------------
      Final features shape: (3929, 512)

[ID11]   Features extracted: (3929, 512)
[ID11] Step 2/3: Converting to multi-label format...
      CSV columns: ['start_time', 'end_time', 'licking', 'shaking']
      CSV shape: (3840, 4)
      Video seconds: 3929
      Total rows in CSV: 3840
      Valid rows (within video duration): 3840
      Label statistics:
        Licking only: 348
        Shaking only: 9
        Both (licking + shaking): 3
        Background (neither): 3569
[ID11] Step 3/3: Saving processed data...
[ID11]   Saved features: /data-8tb/nvaci/dataset/dataset_Stanford/FACT_method/preprocessed_data_multilabel_originalFPS/features/ID11.npy
[ID11]     Shape: (3929, 512)
[ID11]   Saved multi-labels: /data-8tb/nvaci/dataset/dataset_Stanford/FACT_method/preprocessed_data_multilabel_originalFPS/groundTruth/ID11.npy
[ID11]     Shape: (3929, 2)
[ID11] SUCCESS

================================================================================
Processing video 12/32: ID12
================================================================================
[ID12] Found label file: 25-021_ID12.csv
[ID12] Step 1/3: Extracting features...
      Opening video file...

      ===================================================
      VIDEO PROPERTIES
      ===================================================
      FPS detected: 25.00
      Clip length (auto): 25 frames
      Total frames: 97201
      Duration: 3888.04 seconds
      Expected seconds: 3889
      Frames per second: ~25.0
      ===================================================

      Using ORIGINAL FPS with per-second aggregation
      Aggregation method: mean
      ---------------------------------------------------
      READING ALL FRAMES FROM VIDEO (FAST MODE)
      ---------------------------------------------------
      Progress: 500/97201 frames (0.5%)
      Progress: 1000/97201 frames (1.0%)
      Progress: 1500/97201 frames (1.5%)
      Progress: 2000/97201 frames (2.1%)
      Progress: 2500/97201 frames (2.6%)
      Progress: 3000/97201 frames (3.1%)
      Progress: 3500/97201 frames (3.6%)
      Progress: 4000/97201 frames (4.1%)
      Progress: 4500/97201 frames (4.6%)
      Progress: 5000/97201 frames (5.1%)
      Progress: 5500/97201 frames (5.7%)
      Progress: 6000/97201 frames (6.2%)
      Progress: 6500/97201 frames (6.7%)
      Progress: 7000/97201 frames (7.2%)
      Progress: 7500/97201 frames (7.7%)
      Progress: 8000/97201 frames (8.2%)
      Progress: 8500/97201 frames (8.7%)
      Progress: 9000/97201 frames (9.3%)
      Progress: 9500/97201 frames (9.8%)
      Progress: 10000/97201 frames (10.3%)
      Progress: 10500/97201 frames (10.8%)
      Progress: 11000/97201 frames (11.3%)
      Progress: 11500/97201 frames (11.8%)
      Progress: 12000/97201 frames (12.3%)
      Progress: 12500/97201 frames (12.9%)
      Progress: 13000/97201 frames (13.4%)
      Progress: 13500/97201 frames (13.9%)
      Progress: 14000/97201 frames (14.4%)
      Progress: 14500/97201 frames (14.9%)
      Progress: 15000/97201 frames (15.4%)
      Progress: 15500/97201 frames (15.9%)
      Progress: 16000/97201 frames (16.5%)
      Progress: 16500/97201 frames (17.0%)
      Progress: 17000/97201 frames (17.5%)
      Progress: 17500/97201 frames (18.0%)
      Progress: 18000/97201 frames (18.5%)
      Progress: 18500/97201 frames (19.0%)
      Progress: 19000/97201 frames (19.5%)
      Progress: 19500/97201 frames (20.1%)
      Progress: 20000/97201 frames (20.6%)
      Progress: 20500/97201 frames (21.1%)
      Progress: 21000/97201 frames (21.6%)
      Progress: 21500/97201 frames (22.1%)
      Progress: 22000/97201 frames (22.6%)
      Progress: 22500/97201 frames (23.1%)
      Progress: 23000/97201 frames (23.7%)
      Progress: 23500/97201 frames (24.2%)
      Progress: 24000/97201 frames (24.7%)
      Progress: 24500/97201 frames (25.2%)
      Progress: 25000/97201 frames (25.7%)
      Progress: 25500/97201 frames (26.2%)
      Progress: 26000/97201 frames (26.7%)
      Progress: 26500/97201 frames (27.3%)
      Progress: 27000/97201 frames (27.8%)
      Progress: 27500/97201 frames (28.3%)
      Progress: 28000/97201 frames (28.8%)
      Progress: 28500/97201 frames (29.3%)
      Progress: 29000/97201 frames (29.8%)
      Progress: 29500/97201 frames (30.3%)
      Progress: 30000/97201 frames (30.9%)
      Progress: 30500/97201 frames (31.4%)
      Progress: 31000/97201 frames (31.9%)
      Progress: 31500/97201 frames (32.4%)
      Progress: 32000/97201 frames (32.9%)
      Progress: 32500/97201 frames (33.4%)
      Progress: 33000/97201 frames (34.0%)
      Progress: 33500/97201 frames (34.5%)
      Progress: 34000/97201 frames (35.0%)
      Progress: 34500/97201 frames (35.5%)
      Progress: 35000/97201 frames (36.0%)
      Progress: 35500/97201 frames (36.5%)
      Progress: 36000/97201 frames (37.0%)
      Progress: 36500/97201 frames (37.6%)
      Progress: 37000/97201 frames (38.1%)
      Progress: 37500/97201 frames (38.6%)
      Progress: 38000/97201 frames (39.1%)
      Progress: 38500/97201 frames (39.6%)
      Progress: 39000/97201 frames (40.1%)
      Progress: 39500/97201 frames (40.6%)
      Progress: 40000/97201 frames (41.2%)
      Progress: 40500/97201 frames (41.7%)
      Progress: 41000/97201 frames (42.2%)
      Progress: 41500/97201 frames (42.7%)
      Progress: 42000/97201 frames (43.2%)
      Progress: 42500/97201 frames (43.7%)
      Progress: 43000/97201 frames (44.2%)
      Progress: 43500/97201 frames (44.8%)
      Progress: 44000/97201 frames (45.3%)
      Progress: 44500/97201 frames (45.8%)
      Progress: 45000/97201 frames (46.3%)
      Progress: 45500/97201 frames (46.8%)
      Progress: 46000/97201 frames (47.3%)
      Progress: 46500/97201 frames (47.8%)
      Progress: 47000/97201 frames (48.4%)
      Progress: 47500/97201 frames (48.9%)
      Progress: 48000/97201 frames (49.4%)
      Progress: 48500/97201 frames (49.9%)
      Progress: 49000/97201 frames (50.4%)
      Progress: 49500/97201 frames (50.9%)
      Progress: 50000/97201 frames (51.4%)
      Progress: 50500/97201 frames (52.0%)
      Progress: 51000/97201 frames (52.5%)
      Progress: 51500/97201 frames (53.0%)
      Progress: 52000/97201 frames (53.5%)
      Progress: 52500/97201 frames (54.0%)
      Progress: 53000/97201 frames (54.5%)
      Progress: 53500/97201 frames (55.0%)
      Progress: 54000/97201 frames (55.6%)
      Progress: 54500/97201 frames (56.1%)
      Progress: 55000/97201 frames (56.6%)
      Progress: 55500/97201 frames (57.1%)
      Progress: 56000/97201 frames (57.6%)
      Progress: 56500/97201 frames (58.1%)
      Progress: 57000/97201 frames (58.6%)
      Progress: 57500/97201 frames (59.2%)
      Progress: 58000/97201 frames (59.7%)
      Progress: 58500/97201 frames (60.2%)
      Progress: 59000/97201 frames (60.7%)
      Progress: 59500/97201 frames (61.2%)
      Progress: 60000/97201 frames (61.7%)
      Progress: 60500/97201 frames (62.2%)
      Progress: 61000/97201 frames (62.8%)
      Progress: 61500/97201 frames (63.3%)
      Progress: 62000/97201 frames (63.8%)
      Progress: 62500/97201 frames (64.3%)
      Progress: 63000/97201 frames (64.8%)
      Progress: 63500/97201 frames (65.3%)
      Progress: 64000/97201 frames (65.8%)
      Progress: 64500/97201 frames (66.4%)
      Progress: 65000/97201 frames (66.9%)
      Progress: 65500/97201 frames (67.4%)
      Progress: 66000/97201 frames (67.9%)
      Progress: 66500/97201 frames (68.4%)
      Progress: 67000/97201 frames (68.9%)
      Progress: 67500/97201 frames (69.4%)
      Progress: 68000/97201 frames (70.0%)
      Progress: 68500/97201 frames (70.5%)
      Progress: 69000/97201 frames (71.0%)
      Progress: 69500/97201 frames (71.5%)
      Progress: 70000/97201 frames (72.0%)
      Progress: 70500/97201 frames (72.5%)
      Progress: 71000/97201 frames (73.0%)
      Progress: 71500/97201 frames (73.6%)
      Progress: 72000/97201 frames (74.1%)
      Progress: 72500/97201 frames (74.6%)
      Progress: 73000/97201 frames (75.1%)
      Progress: 73500/97201 frames (75.6%)
      Progress: 74000/97201 frames (76.1%)
      Progress: 74500/97201 frames (76.6%)
      Progress: 75000/97201 frames (77.2%)
      Progress: 75500/97201 frames (77.7%)
      Progress: 76000/97201 frames (78.2%)
      Progress: 76500/97201 frames (78.7%)
      Progress: 77000/97201 frames (79.2%)
      Progress: 77500/97201 frames (79.7%)
      Progress: 78000/97201 frames (80.2%)
      Progress: 78500/97201 frames (80.8%)
      Progress: 79000/97201 frames (81.3%)
      Progress: 79500/97201 frames (81.8%)
      Progress: 80000/97201 frames (82.3%)
      Progress: 80500/97201 frames (82.8%)
      Progress: 81000/97201 frames (83.3%)
      Progress: 81500/97201 frames (83.8%)
      Progress: 82000/97201 frames (84.4%)
      Progress: 82500/97201 frames (84.9%)
      Progress: 83000/97201 frames (85.4%)
      Progress: 83500/97201 frames (85.9%)
      Progress: 84000/97201 frames (86.4%)
      Progress: 84500/97201 frames (86.9%)
      Progress: 85000/97201 frames (87.4%)
      Progress: 85500/97201 frames (88.0%)
      Progress: 86000/97201 frames (88.5%)
      Progress: 86500/97201 frames (89.0%)
      Progress: 87000/97201 frames (89.5%)
      Progress: 87500/97201 frames (90.0%)
      Progress: 88000/97201 frames (90.5%)
      Progress: 88500/97201 frames (91.0%)
      Progress: 89000/97201 frames (91.6%)
      Progress: 89500/97201 frames (92.1%)
      Progress: 90000/97201 frames (92.6%)
      Progress: 90500/97201 frames (93.1%)
      Progress: 91000/97201 frames (93.6%)
      Progress: 91500/97201 frames (94.1%)
      Progress: 92000/97201 frames (94.6%)
      Progress: 92500/97201 frames (95.2%)
      Progress: 93000/97201 frames (95.7%)
      Progress: 93500/97201 frames (96.2%)
      Progress: 94000/97201 frames (96.7%)
      Progress: 94500/97201 frames (97.2%)
      Progress: 95000/97201 frames (97.7%)
      Progress: 95500/97201 frames (98.3%)
      Progress: 96000/97201 frames (98.8%)
      Progress: 96500/97201 frames (99.3%)
      Progress: 97000/97201 frames (99.8%)
      WARNING: 200 consecutive frame read failures
      Breaking loop at frame 97126/97201
      Frames successfully read: 97126
      Total missed frames: 200
      ---------------------------------------------------
      FRAME READING COMPLETE
      ---------------------------------------------------
      Expected frames: 97201
      Frames read: 97126
      Frames missing: 200
      WARNING: 200 frames could not be read!
      WARNING: Read fewer frames than expected (97126/97201)
      This may be due to video corruption or codec issues
      ---------------------------------------------------
      ---------------------------------------------------
      EXTRACTING FEATURES PER SECOND
      ---------------------------------------------------
      Processing 3889 seconds...
        Second 0/3889
        Second 100/3889
        Second 200/3889
        Second 300/3889
        Second 400/3889
        Second 500/3889
        Second 600/3889
        Second 700/3889
        Second 800/3889
        Second 900/3889
        Second 1000/3889
        Second 1100/3889
        Second 1200/3889
        Second 1300/3889
        Second 1400/3889
        Second 1500/3889
        Second 1600/3889
        Second 1700/3889
        Second 1800/3889
        Second 1900/3889
        Second 2000/3889
        Second 2100/3889
        Second 2200/3889
        Second 2300/3889
        Second 2400/3889
        Second 2500/3889
        Second 2600/3889
        Second 2700/3889
        Second 2800/3889
        Second 2900/3889
        Second 3000/3889
        Second 3100/3889
        Second 3200/3889
        Second 3300/3889
        Second 3400/3889
        Second 3500/3889
        Second 3600/3889
        Second 3700/3889
        Second 3800/3889
        WARNING: Second 3886 has no frames! Using zeros.
        WARNING: Second 3887 has no frames! Using zeros.
        WARNING: Second 3888 has no frames! Using zeros.
      ---------------------------------------------------
      FEATURE EXTRACTION COMPLETE
      ---------------------------------------------------
      Final features shape: (3889, 512)

[ID12]   Features extracted: (3889, 512)
[ID12] Step 2/3: Converting to multi-label format...
      CSV columns: ['start_time', 'end_time', 'licking', 'shaking']
      CSV shape: (3840, 4)
      Video seconds: 3889
      Total rows in CSV: 3840
      Valid rows (within video duration): 3840
      Label statistics:
        Licking only: 560
        Shaking only: 54
        Both (licking + shaking): 14
        Background (neither): 3261
[ID12] Step 3/3: Saving processed data...
[ID12]   Saved features: /data-8tb/nvaci/dataset/dataset_Stanford/FACT_method/preprocessed_data_multilabel_originalFPS/features/ID12.npy
[ID12]     Shape: (3889, 512)
[ID12]   Saved multi-labels: /data-8tb/nvaci/dataset/dataset_Stanford/FACT_method/preprocessed_data_multilabel_originalFPS/groundTruth/ID12.npy
[ID12]     Shape: (3889, 2)
[ID12] SUCCESS

================================================================================
Processing video 13/32: ID13
================================================================================
[ID13] Found label file: 25-021_ID13.csv
[ID13] Step 1/3: Extracting features...
      Opening video file...

      ===================================================
      VIDEO PROPERTIES
      ===================================================
      FPS detected: 25.00
      Clip length (auto): 25 frames
      Total frames: 95806
      Duration: 3832.24 seconds
      Expected seconds: 3833
      Frames per second: ~25.0
      ===================================================

      Using ORIGINAL FPS with per-second aggregation
      Aggregation method: mean
      ---------------------------------------------------
      READING ALL FRAMES FROM VIDEO (FAST MODE)
      ---------------------------------------------------
      Progress: 500/95806 frames (0.5%)
      Progress: 1000/95806 frames (1.0%)
      Progress: 1500/95806 frames (1.6%)
      Progress: 2000/95806 frames (2.1%)
      Progress: 2500/95806 frames (2.6%)
      Progress: 3000/95806 frames (3.1%)
      Progress: 3500/95806 frames (3.7%)
      Progress: 4000/95806 frames (4.2%)
      Progress: 4500/95806 frames (4.7%)
      Progress: 5000/95806 frames (5.2%)
      Progress: 5500/95806 frames (5.7%)
      Progress: 6000/95806 frames (6.3%)
      Progress: 6500/95806 frames (6.8%)
      Progress: 7000/95806 frames (7.3%)
      Progress: 7500/95806 frames (7.8%)
      Progress: 8000/95806 frames (8.4%)
      Progress: 8500/95806 frames (8.9%)
      Progress: 9000/95806 frames (9.4%)
      Progress: 9500/95806 frames (9.9%)
      Progress: 10000/95806 frames (10.4%)
      Progress: 10500/95806 frames (11.0%)
      Progress: 11000/95806 frames (11.5%)
      Progress: 11500/95806 frames (12.0%)
      Progress: 12000/95806 frames (12.5%)
      Progress: 12500/95806 frames (13.0%)
      Progress: 13000/95806 frames (13.6%)
      Progress: 13500/95806 frames (14.1%)
      Progress: 14000/95806 frames (14.6%)
      Progress: 14500/95806 frames (15.1%)
      Progress: 15000/95806 frames (15.7%)
      Progress: 15500/95806 frames (16.2%)
      Progress: 16000/95806 frames (16.7%)
      Progress: 16500/95806 frames (17.2%)
      Progress: 17000/95806 frames (17.7%)
      Progress: 17500/95806 frames (18.3%)
      Progress: 18000/95806 frames (18.8%)
      Progress: 18500/95806 frames (19.3%)
      Progress: 19000/95806 frames (19.8%)
      Progress: 19500/95806 frames (20.4%)
      Progress: 20000/95806 frames (20.9%)
      Progress: 20500/95806 frames (21.4%)
      Progress: 21000/95806 frames (21.9%)
      Progress: 21500/95806 frames (22.4%)
      Progress: 22000/95806 frames (23.0%)
      Progress: 22500/95806 frames (23.5%)
      Progress: 23000/95806 frames (24.0%)
      Progress: 23500/95806 frames (24.5%)
      Progress: 24000/95806 frames (25.1%)
      Progress: 24500/95806 frames (25.6%)
      Progress: 25000/95806 frames (26.1%)
      Progress: 25500/95806 frames (26.6%)
      Progress: 26000/95806 frames (27.1%)
      Progress: 26500/95806 frames (27.7%)
      Progress: 27000/95806 frames (28.2%)
      Progress: 27500/95806 frames (28.7%)
      Progress: 28000/95806 frames (29.2%)
      Progress: 28500/95806 frames (29.7%)
      Progress: 29000/95806 frames (30.3%)
      Progress: 29500/95806 frames (30.8%)
      Progress: 30000/95806 frames (31.3%)
      Progress: 30500/95806 frames (31.8%)
      Progress: 31000/95806 frames (32.4%)
      Progress: 31500/95806 frames (32.9%)
      Progress: 32000/95806 frames (33.4%)
      Progress: 32500/95806 frames (33.9%)
      Progress: 33000/95806 frames (34.4%)
      Progress: 33500/95806 frames (35.0%)
      Progress: 34000/95806 frames (35.5%)
      Progress: 34500/95806 frames (36.0%)
      Progress: 35000/95806 frames (36.5%)
      Progress: 35500/95806 frames (37.1%)
      Progress: 36000/95806 frames (37.6%)
      Progress: 36500/95806 frames (38.1%)
      Progress: 37000/95806 frames (38.6%)
      Progress: 37500/95806 frames (39.1%)
      Progress: 38000/95806 frames (39.7%)
      Progress: 38500/95806 frames (40.2%)
      Progress: 39000/95806 frames (40.7%)
      Progress: 39500/95806 frames (41.2%)
      Progress: 40000/95806 frames (41.8%)
      Progress: 40500/95806 frames (42.3%)
      Progress: 41000/95806 frames (42.8%)
      Progress: 41500/95806 frames (43.3%)
      Progress: 42000/95806 frames (43.8%)
      Progress: 42500/95806 frames (44.4%)
      Progress: 43000/95806 frames (44.9%)
      Progress: 43500/95806 frames (45.4%)
      Progress: 44000/95806 frames (45.9%)
      Progress: 44500/95806 frames (46.4%)
      Progress: 45000/95806 frames (47.0%)
      Progress: 45500/95806 frames (47.5%)
      Progress: 46000/95806 frames (48.0%)
      Progress: 46500/95806 frames (48.5%)
      Progress: 47000/95806 frames (49.1%)
      Progress: 47500/95806 frames (49.6%)
      Progress: 48000/95806 frames (50.1%)
      Progress: 48500/95806 frames (50.6%)
      Progress: 49000/95806 frames (51.1%)
      Progress: 49500/95806 frames (51.7%)
      Progress: 50000/95806 frames (52.2%)
      Progress: 50500/95806 frames (52.7%)
      Progress: 51000/95806 frames (53.2%)
      Progress: 51500/95806 frames (53.8%)
      Progress: 52000/95806 frames (54.3%)
      Progress: 52500/95806 frames (54.8%)
      Progress: 53000/95806 frames (55.3%)
      Progress: 53500/95806 frames (55.8%)
      Progress: 54000/95806 frames (56.4%)
      Progress: 54500/95806 frames (56.9%)
      Progress: 55000/95806 frames (57.4%)
      Progress: 55500/95806 frames (57.9%)
      Progress: 56000/95806 frames (58.5%)
      Progress: 56500/95806 frames (59.0%)
      Progress: 57000/95806 frames (59.5%)
      Progress: 57500/95806 frames (60.0%)
      Progress: 58000/95806 frames (60.5%)
      Progress: 58500/95806 frames (61.1%)
      Progress: 59000/95806 frames (61.6%)
      Progress: 59500/95806 frames (62.1%)
      Progress: 60000/95806 frames (62.6%)
      Progress: 60500/95806 frames (63.1%)
      Progress: 61000/95806 frames (63.7%)
      Progress: 61500/95806 frames (64.2%)
      Progress: 62000/95806 frames (64.7%)
      Progress: 62500/95806 frames (65.2%)
      Progress: 63000/95806 frames (65.8%)
      Progress: 63500/95806 frames (66.3%)
      Progress: 64000/95806 frames (66.8%)
      Progress: 64500/95806 frames (67.3%)
      Progress: 65000/95806 frames (67.8%)
      Progress: 65500/95806 frames (68.4%)
      Progress: 66000/95806 frames (68.9%)
      Progress: 66500/95806 frames (69.4%)
      Progress: 67000/95806 frames (69.9%)
      Progress: 67500/95806 frames (70.5%)
      Progress: 68000/95806 frames (71.0%)
      Progress: 68500/95806 frames (71.5%)
      Progress: 69000/95806 frames (72.0%)
      Progress: 69500/95806 frames (72.5%)
      Progress: 70000/95806 frames (73.1%)
      Progress: 70500/95806 frames (73.6%)
      Progress: 71000/95806 frames (74.1%)
      Progress: 71500/95806 frames (74.6%)
      Progress: 72000/95806 frames (75.2%)
      Progress: 72500/95806 frames (75.7%)
      Progress: 73000/95806 frames (76.2%)
      Progress: 73500/95806 frames (76.7%)
      Progress: 74000/95806 frames (77.2%)
      Progress: 74500/95806 frames (77.8%)
      Progress: 75000/95806 frames (78.3%)
      Progress: 75500/95806 frames (78.8%)
      Progress: 76000/95806 frames (79.3%)
      Progress: 76500/95806 frames (79.8%)
      Progress: 77000/95806 frames (80.4%)
      Progress: 77500/95806 frames (80.9%)
      Progress: 78000/95806 frames (81.4%)
      Progress: 78500/95806 frames (81.9%)
      Progress: 79000/95806 frames (82.5%)
      Progress: 79500/95806 frames (83.0%)
      Progress: 80000/95806 frames (83.5%)
      Progress: 80500/95806 frames (84.0%)
      Progress: 81000/95806 frames (84.5%)
      Progress: 81500/95806 frames (85.1%)
      Progress: 82000/95806 frames (85.6%)
      Progress: 82500/95806 frames (86.1%)
      Progress: 83000/95806 frames (86.6%)
      Progress: 83500/95806 frames (87.2%)
      Progress: 84000/95806 frames (87.7%)
      Progress: 84500/95806 frames (88.2%)
      Progress: 85000/95806 frames (88.7%)
      Progress: 85500/95806 frames (89.2%)
      Progress: 86000/95806 frames (89.8%)
      Progress: 86500/95806 frames (90.3%)
      Progress: 87000/95806 frames (90.8%)
      Progress: 87500/95806 frames (91.3%)
      Progress: 88000/95806 frames (91.9%)
      Progress: 88500/95806 frames (92.4%)
      Progress: 89000/95806 frames (92.9%)
      Progress: 89500/95806 frames (93.4%)
      Progress: 90000/95806 frames (93.9%)
      Progress: 90500/95806 frames (94.5%)
      Progress: 91000/95806 frames (95.0%)
      Progress: 91500/95806 frames (95.5%)
      Progress: 92000/95806 frames (96.0%)
      Progress: 92500/95806 frames (96.5%)
      Progress: 93000/95806 frames (97.1%)
      Progress: 93500/95806 frames (97.6%)
      Progress: 94000/95806 frames (98.1%)
      Progress: 94500/95806 frames (98.6%)
      Progress: 95000/95806 frames (99.2%)
      Progress: 95500/95806 frames (99.7%)
      WARNING: 200 consecutive frame read failures
      Breaking loop at frame 95776/95806
      Frames successfully read: 95776
      Total missed frames: 200
      ---------------------------------------------------
      FRAME READING COMPLETE
      ---------------------------------------------------
      Expected frames: 95806
      Frames read: 95776
      Frames missing: 200
      WARNING: 200 frames could not be read!
      WARNING: Read fewer frames than expected (95776/95806)
      This may be due to video corruption or codec issues
      ---------------------------------------------------
      ---------------------------------------------------
      EXTRACTING FEATURES PER SECOND
      ---------------------------------------------------
      Processing 3833 seconds...
        Second 0/3833
        Second 100/3833
        Second 200/3833
        Second 300/3833
        Second 400/3833
        Second 500/3833
        Second 600/3833
        Second 700/3833
        Second 800/3833
        Second 900/3833
        Second 1000/3833
        Second 1100/3833
        Second 1200/3833
        Second 1300/3833
        Second 1400/3833
        Second 1500/3833
        Second 1600/3833
        Second 1700/3833
        Second 1800/3833
        Second 1900/3833
        Second 2000/3833
        Second 2100/3833
        Second 2200/3833
        Second 2300/3833
        Second 2400/3833
        Second 2500/3833
        Second 2600/3833
        Second 2700/3833
        Second 2800/3833
        Second 2900/3833
        Second 3000/3833
        Second 3100/3833
        Second 3200/3833
        Second 3300/3833
        Second 3400/3833
        Second 3500/3833
        Second 3600/3833
        Second 3700/3833
        Second 3800/3833
        WARNING: Second 3832 has no frames! Using zeros.
      ---------------------------------------------------
      FEATURE EXTRACTION COMPLETE
      ---------------------------------------------------
      Final features shape: (3833, 512)

[ID13]   Features extracted: (3833, 512)
[ID13] Step 2/3: Converting to multi-label format...
      CSV columns: ['start_time', 'end_time', 'licking', 'shaking']
      CSV shape: (3840, 4)
      Video seconds: 3833
      Total rows in CSV: 3840
      Valid rows (within video duration): 3833
      Label statistics:
        Licking only: 680
        Shaking only: 10
        Both (licking + shaking): 9
        Background (neither): 3134
[ID13] Step 3/3: Saving processed data...
[ID13]   Saved features: /data-8tb/nvaci/dataset/dataset_Stanford/FACT_method/preprocessed_data_multilabel_originalFPS/features/ID13.npy
[ID13]     Shape: (3833, 512)
[ID13]   Saved multi-labels: /data-8tb/nvaci/dataset/dataset_Stanford/FACT_method/preprocessed_data_multilabel_originalFPS/groundTruth/ID13.npy
[ID13]     Shape: (3833, 2)
[ID13] SUCCESS

================================================================================
Processing video 14/32: ID14
================================================================================
[ID14] Found label file: 25-021_ID14.csv
[ID14] Step 1/3: Extracting features...
      Opening video file...

      ===================================================
      VIDEO PROPERTIES
      ===================================================
      FPS detected: 25.00
      Clip length (auto): 25 frames
      Total frames: 95201
      Duration: 3808.04 seconds
      Expected seconds: 3809
      Frames per second: ~25.0
      ===================================================

      Using ORIGINAL FPS with per-second aggregation
      Aggregation method: mean
      ---------------------------------------------------
      READING ALL FRAMES FROM VIDEO (FAST MODE)
      ---------------------------------------------------
      Progress: 500/95201 frames (0.5%)
      Progress: 1000/95201 frames (1.1%)
      Progress: 1500/95201 frames (1.6%)
      Progress: 2000/95201 frames (2.1%)
      Progress: 2500/95201 frames (2.6%)
      Progress: 3000/95201 frames (3.2%)
      Progress: 3500/95201 frames (3.7%)
      Progress: 4000/95201 frames (4.2%)
      Progress: 4500/95201 frames (4.7%)
      Progress: 5000/95201 frames (5.3%)
      Progress: 5500/95201 frames (5.8%)
      Progress: 6000/95201 frames (6.3%)
      Progress: 6500/95201 frames (6.8%)
      Progress: 7000/95201 frames (7.4%)
      Progress: 7500/95201 frames (7.9%)
      Progress: 8000/95201 frames (8.4%)
      Progress: 8500/95201 frames (8.9%)
      Progress: 9000/95201 frames (9.5%)
      Progress: 9500/95201 frames (10.0%)
      Progress: 10000/95201 frames (10.5%)
      Progress: 10500/95201 frames (11.0%)
      Progress: 11000/95201 frames (11.6%)
      Progress: 11500/95201 frames (12.1%)
      Progress: 12000/95201 frames (12.6%)
      Progress: 12500/95201 frames (13.1%)
      Progress: 13000/95201 frames (13.7%)
      Progress: 13500/95201 frames (14.2%)
      Progress: 14000/95201 frames (14.7%)
      Progress: 14500/95201 frames (15.2%)
      Progress: 15000/95201 frames (15.8%)
      Progress: 15500/95201 frames (16.3%)
      Progress: 16000/95201 frames (16.8%)
      Progress: 16500/95201 frames (17.3%)
      Progress: 17000/95201 frames (17.9%)
      Progress: 17500/95201 frames (18.4%)
      Progress: 18000/95201 frames (18.9%)
      Progress: 18500/95201 frames (19.4%)
      Progress: 19000/95201 frames (20.0%)
      Progress: 19500/95201 frames (20.5%)
      Progress: 20000/95201 frames (21.0%)
      Progress: 20500/95201 frames (21.5%)
      Progress: 21000/95201 frames (22.1%)
      Progress: 21500/95201 frames (22.6%)
      Progress: 22000/95201 frames (23.1%)
      Progress: 22500/95201 frames (23.6%)
      Progress: 23000/95201 frames (24.2%)
      Progress: 23500/95201 frames (24.7%)
      Progress: 24000/95201 frames (25.2%)
      Progress: 24500/95201 frames (25.7%)
      Progress: 25000/95201 frames (26.3%)
      Progress: 25500/95201 frames (26.8%)
      Progress: 26000/95201 frames (27.3%)
      Progress: 26500/95201 frames (27.8%)
      Progress: 27000/95201 frames (28.4%)
      Progress: 27500/95201 frames (28.9%)
      Progress: 28000/95201 frames (29.4%)
      Progress: 28500/95201 frames (29.9%)
      Progress: 29000/95201 frames (30.5%)
      Progress: 29500/95201 frames (31.0%)
      Progress: 30000/95201 frames (31.5%)
      Progress: 30500/95201 frames (32.0%)
      Progress: 31000/95201 frames (32.6%)
      Progress: 31500/95201 frames (33.1%)
      Progress: 32000/95201 frames (33.6%)
      Progress: 32500/95201 frames (34.1%)
      Progress: 33000/95201 frames (34.7%)
      Progress: 33500/95201 frames (35.2%)
      Progress: 34000/95201 frames (35.7%)
      Progress: 34500/95201 frames (36.2%)
      Progress: 35000/95201 frames (36.8%)
      Progress: 35500/95201 frames (37.3%)
      Progress: 36000/95201 frames (37.8%)
      Progress: 36500/95201 frames (38.3%)
      Progress: 37000/95201 frames (38.9%)
      Progress: 37500/95201 frames (39.4%)
      Progress: 38000/95201 frames (39.9%)
      Progress: 38500/95201 frames (40.4%)
      Progress: 39000/95201 frames (41.0%)
      Progress: 39500/95201 frames (41.5%)
      Progress: 40000/95201 frames (42.0%)
      Progress: 40500/95201 frames (42.5%)
      Progress: 41000/95201 frames (43.1%)
      Progress: 41500/95201 frames (43.6%)
      Progress: 42000/95201 frames (44.1%)
      Progress: 42500/95201 frames (44.6%)
      Progress: 43000/95201 frames (45.2%)
      Progress: 43500/95201 frames (45.7%)
      Progress: 44000/95201 frames (46.2%)
      Progress: 44500/95201 frames (46.7%)
      Progress: 45000/95201 frames (47.3%)
      Progress: 45500/95201 frames (47.8%)
      Progress: 46000/95201 frames (48.3%)
      Progress: 46500/95201 frames (48.8%)
      Progress: 47000/95201 frames (49.4%)
      Progress: 47500/95201 frames (49.9%)
      Progress: 48000/95201 frames (50.4%)
      Progress: 48500/95201 frames (50.9%)
      Progress: 49000/95201 frames (51.5%)
      Progress: 49500/95201 frames (52.0%)
      Progress: 50000/95201 frames (52.5%)
      Progress: 50500/95201 frames (53.0%)
      Progress: 51000/95201 frames (53.6%)
      Progress: 51500/95201 frames (54.1%)
      Progress: 52000/95201 frames (54.6%)
      Progress: 52500/95201 frames (55.1%)
      Progress: 53000/95201 frames (55.7%)
      Progress: 53500/95201 frames (56.2%)
      Progress: 54000/95201 frames (56.7%)
      Progress: 54500/95201 frames (57.2%)
      Progress: 55000/95201 frames (57.8%)
      Progress: 55500/95201 frames (58.3%)
      Progress: 56000/95201 frames (58.8%)
      Progress: 56500/95201 frames (59.3%)
      Progress: 57000/95201 frames (59.9%)
      Progress: 57500/95201 frames (60.4%)
      Progress: 58000/95201 frames (60.9%)
      Progress: 58500/95201 frames (61.4%)
      Progress: 59000/95201 frames (62.0%)
      Progress: 59500/95201 frames (62.5%)
      Progress: 60000/95201 frames (63.0%)
      Progress: 60500/95201 frames (63.5%)
      Progress: 61000/95201 frames (64.1%)
      Progress: 61500/95201 frames (64.6%)
      Progress: 62000/95201 frames (65.1%)
      Progress: 62500/95201 frames (65.7%)
      Progress: 63000/95201 frames (66.2%)
      Progress: 63500/95201 frames (66.7%)
      Progress: 64000/95201 frames (67.2%)
      Progress: 64500/95201 frames (67.8%)
      Progress: 65000/95201 frames (68.3%)
      Progress: 65500/95201 frames (68.8%)
      Progress: 66000/95201 frames (69.3%)
      Progress: 66500/95201 frames (69.9%)
      Progress: 67000/95201 frames (70.4%)
      Progress: 67500/95201 frames (70.9%)
      Progress: 68000/95201 frames (71.4%)
      Progress: 68500/95201 frames (72.0%)
      Progress: 69000/95201 frames (72.5%)
      Progress: 69500/95201 frames (73.0%)
      Progress: 70000/95201 frames (73.5%)
      Progress: 70500/95201 frames (74.1%)
      Progress: 71000/95201 frames (74.6%)
      Progress: 71500/95201 frames (75.1%)
      Progress: 72000/95201 frames (75.6%)
      Progress: 72500/95201 frames (76.2%)
      Progress: 73000/95201 frames (76.7%)
      Progress: 73500/95201 frames (77.2%)
      Progress: 74000/95201 frames (77.7%)
      Progress: 74500/95201 frames (78.3%)
      Progress: 75000/95201 frames (78.8%)
      Progress: 75500/95201 frames (79.3%)
      Progress: 76000/95201 frames (79.8%)
      Progress: 76500/95201 frames (80.4%)
      Progress: 77000/95201 frames (80.9%)
      Progress: 77500/95201 frames (81.4%)
      Progress: 78000/95201 frames (81.9%)
      Progress: 78500/95201 frames (82.5%)
      Progress: 79000/95201 frames (83.0%)
      Progress: 79500/95201 frames (83.5%)
      Progress: 80000/95201 frames (84.0%)
      Progress: 80500/95201 frames (84.6%)
      Progress: 81000/95201 frames (85.1%)
      Progress: 81500/95201 frames (85.6%)
      Progress: 82000/95201 frames (86.1%)
      Progress: 82500/95201 frames (86.7%)
      Progress: 83000/95201 frames (87.2%)
      Progress: 83500/95201 frames (87.7%)
      Progress: 84000/95201 frames (88.2%)
      Progress: 84500/95201 frames (88.8%)
      Progress: 85000/95201 frames (89.3%)
      Progress: 85500/95201 frames (89.8%)
      Progress: 86000/95201 frames (90.3%)
      Progress: 86500/95201 frames (90.9%)
      Progress: 87000/95201 frames (91.4%)
      Progress: 87500/95201 frames (91.9%)
      Progress: 88000/95201 frames (92.4%)
      Progress: 88500/95201 frames (93.0%)
      Progress: 89000/95201 frames (93.5%)
      Progress: 89500/95201 frames (94.0%)
      Progress: 90000/95201 frames (94.5%)
      Progress: 90500/95201 frames (95.1%)
      Progress: 91000/95201 frames (95.6%)
      Progress: 91500/95201 frames (96.1%)
      Progress: 92000/95201 frames (96.6%)
      Progress: 92500/95201 frames (97.2%)
      Progress: 93000/95201 frames (97.7%)
      Progress: 93500/95201 frames (98.2%)
      Progress: 94000/95201 frames (98.7%)
      Progress: 94500/95201 frames (99.3%)
      Progress: 95000/95201 frames (99.8%)
      WARNING: 200 consecutive frame read failures
      Breaking loop at frame 95051/95201
      Frames successfully read: 95051
      Total missed frames: 200
      ---------------------------------------------------
      FRAME READING COMPLETE
      ---------------------------------------------------
      Expected frames: 95201
      Frames read: 95051
      Frames missing: 200
      WARNING: 200 frames could not be read!
      WARNING: Read fewer frames than expected (95051/95201)
      This may be due to video corruption or codec issues
      ---------------------------------------------------
      ---------------------------------------------------
      EXTRACTING FEATURES PER SECOND
      ---------------------------------------------------
      Processing 3809 seconds...
        Second 0/3809
        Second 100/3809
        Second 200/3809
        Second 300/3809
        Second 400/3809
        Second 500/3809
        Second 600/3809
        Second 700/3809
        Second 800/3809
        Second 900/3809
        Second 1000/3809
        Second 1100/3809
        Second 1200/3809
        Second 1300/3809
        Second 1400/3809
        Second 1500/3809
        Second 1600/3809
        Second 1700/3809
        Second 1800/3809
        Second 1900/3809
        Second 2000/3809
        Second 2100/3809
        Second 2200/3809
        Second 2300/3809
        Second 2400/3809
        Second 2500/3809
        Second 2600/3809
        Second 2700/3809
        Second 2800/3809
        Second 2900/3809
        Second 3000/3809
        Second 3100/3809
        Second 3200/3809
        Second 3300/3809
        Second 3400/3809
        Second 3500/3809
        Second 3600/3809
        Second 3700/3809
        Second 3800/3809
        WARNING: Second 3803 has no frames! Using zeros.
        WARNING: Second 3804 has no frames! Using zeros.
        WARNING: Second 3805 has no frames! Using zeros.
        WARNING: Second 3806 has no frames! Using zeros.
        WARNING: Second 3807 has no frames! Using zeros.
        WARNING: Second 3808 has no frames! Using zeros.
      ---------------------------------------------------
      FEATURE EXTRACTION COMPLETE
      ---------------------------------------------------
      Final features shape: (3809, 512)

[ID14]   Features extracted: (3809, 512)
[ID14] Step 2/3: Converting to multi-label format...
      CSV columns: ['start_time', 'end_time', 'licking', 'shaking']
      CSV shape: (3840, 4)
      Video seconds: 3809
      Total rows in CSV: 3840
      Valid rows (within video duration): 3809
      Label statistics:
        Licking only: 845
        Shaking only: 27
        Both (licking + shaking): 10
        Background (neither): 2927
[ID14] Step 3/3: Saving processed data...
[ID14]   Saved features: /data-8tb/nvaci/dataset/dataset_Stanford/FACT_method/preprocessed_data_multilabel_originalFPS/features/ID14.npy
[ID14]     Shape: (3809, 512)
[ID14]   Saved multi-labels: /data-8tb/nvaci/dataset/dataset_Stanford/FACT_method/preprocessed_data_multilabel_originalFPS/groundTruth/ID14.npy
[ID14]     Shape: (3809, 2)
[ID14] SUCCESS

================================================================================
Processing video 15/32: ID15
================================================================================
[ID15] Found label file: 25-021_ID15.csv
[ID15] Step 1/3: Extracting features...
      Opening video file...

      ===================================================
      VIDEO PROPERTIES
      ===================================================
      FPS detected: 25.00
      Clip length (auto): 25 frames
      Total frames: 101243
      Duration: 4049.72 seconds
      Expected seconds: 4050
      Frames per second: ~25.0
      ===================================================

      Using ORIGINAL FPS with per-second aggregation
      Aggregation method: mean
      ---------------------------------------------------
      READING ALL FRAMES FROM VIDEO (FAST MODE)
      ---------------------------------------------------
      Progress: 500/101243 frames (0.5%)
      Progress: 1000/101243 frames (1.0%)
      Progress: 1500/101243 frames (1.5%)
      Progress: 2000/101243 frames (2.0%)
      Progress: 2500/101243 frames (2.5%)
      Progress: 3000/101243 frames (3.0%)
      Progress: 3500/101243 frames (3.5%)
      Progress: 4000/101243 frames (4.0%)
      Progress: 4500/101243 frames (4.4%)
      Progress: 5000/101243 frames (4.9%)
      Progress: 5500/101243 frames (5.4%)
      Progress: 6000/101243 frames (5.9%)
      Progress: 6500/101243 frames (6.4%)
      Progress: 7000/101243 frames (6.9%)
      Progress: 7500/101243 frames (7.4%)
      Progress: 8000/101243 frames (7.9%)
      Progress: 8500/101243 frames (8.4%)
      Progress: 9000/101243 frames (8.9%)
      Progress: 9500/101243 frames (9.4%)
      Progress: 10000/101243 frames (9.9%)
      Progress: 10500/101243 frames (10.4%)
      Progress: 11000/101243 frames (10.9%)
      Progress: 11500/101243 frames (11.4%)
      Progress: 12000/101243 frames (11.9%)
      Progress: 12500/101243 frames (12.3%)
      Progress: 13000/101243 frames (12.8%)
      Progress: 13500/101243 frames (13.3%)
      Progress: 14000/101243 frames (13.8%)
      Progress: 14500/101243 frames (14.3%)
      Progress: 15000/101243 frames (14.8%)
      Progress: 15500/101243 frames (15.3%)
      Progress: 16000/101243 frames (15.8%)
      Progress: 16500/101243 frames (16.3%)
      Progress: 17000/101243 frames (16.8%)
      Progress: 17500/101243 frames (17.3%)
      Progress: 18000/101243 frames (17.8%)
      Progress: 18500/101243 frames (18.3%)
      Progress: 19000/101243 frames (18.8%)
      Progress: 19500/101243 frames (19.3%)
      Progress: 20000/101243 frames (19.8%)
      Progress: 20500/101243 frames (20.2%)
      Progress: 21000/101243 frames (20.7%)
      Progress: 21500/101243 frames (21.2%)
      Progress: 22000/101243 frames (21.7%)
      Progress: 22500/101243 frames (22.2%)
      Progress: 23000/101243 frames (22.7%)
      Progress: 23500/101243 frames (23.2%)
      Progress: 24000/101243 frames (23.7%)
      Progress: 24500/101243 frames (24.2%)
      Progress: 25000/101243 frames (24.7%)
      Progress: 25500/101243 frames (25.2%)
      Progress: 26000/101243 frames (25.7%)
      Progress: 26500/101243 frames (26.2%)
      Progress: 27000/101243 frames (26.7%)
      Progress: 27500/101243 frames (27.2%)
      Progress: 28000/101243 frames (27.7%)
      Progress: 28500/101243 frames (28.2%)
      Progress: 29000/101243 frames (28.6%)
      Progress: 29500/101243 frames (29.1%)
      Progress: 30000/101243 frames (29.6%)
      Progress: 30500/101243 frames (30.1%)
      Progress: 31000/101243 frames (30.6%)
      Progress: 31500/101243 frames (31.1%)
      Progress: 32000/101243 frames (31.6%)
      Progress: 32500/101243 frames (32.1%)
      Progress: 33000/101243 frames (32.6%)
      Progress: 33500/101243 frames (33.1%)
      Progress: 34000/101243 frames (33.6%)
      Progress: 34500/101243 frames (34.1%)
      Progress: 35000/101243 frames (34.6%)
      Progress: 35500/101243 frames (35.1%)
      Progress: 36000/101243 frames (35.6%)
      Progress: 36500/101243 frames (36.1%)
      Progress: 37000/101243 frames (36.5%)
      Progress: 37500/101243 frames (37.0%)
      Progress: 38000/101243 frames (37.5%)
      Progress: 38500/101243 frames (38.0%)
      Progress: 39000/101243 frames (38.5%)
      Progress: 39500/101243 frames (39.0%)
      Progress: 40000/101243 frames (39.5%)
      Progress: 40500/101243 frames (40.0%)
      Progress: 41000/101243 frames (40.5%)
      Progress: 41500/101243 frames (41.0%)
      Progress: 42000/101243 frames (41.5%)
      Progress: 42500/101243 frames (42.0%)
      Progress: 43000/101243 frames (42.5%)
      Progress: 43500/101243 frames (43.0%)
      Progress: 44000/101243 frames (43.5%)
      Progress: 44500/101243 frames (44.0%)
      Progress: 45000/101243 frames (44.4%)
      Progress: 45500/101243 frames (44.9%)
      Progress: 46000/101243 frames (45.4%)
      Progress: 46500/101243 frames (45.9%)
      Progress: 47000/101243 frames (46.4%)
      Progress: 47500/101243 frames (46.9%)
      Progress: 48000/101243 frames (47.4%)
      Progress: 48500/101243 frames (47.9%)
      Progress: 49000/101243 frames (48.4%)
      Progress: 49500/101243 frames (48.9%)
      Progress: 50000/101243 frames (49.4%)
      Progress: 50500/101243 frames (49.9%)
      Progress: 51000/101243 frames (50.4%)
      Progress: 51500/101243 frames (50.9%)
      Progress: 52000/101243 frames (51.4%)
      Progress: 52500/101243 frames (51.9%)
      Progress: 53000/101243 frames (52.3%)
      Progress: 53500/101243 frames (52.8%)
      Progress: 54000/101243 frames (53.3%)
      Progress: 54500/101243 frames (53.8%)
      Progress: 55000/101243 frames (54.3%)
      Progress: 55500/101243 frames (54.8%)
      Progress: 56000/101243 frames (55.3%)
      Progress: 56500/101243 frames (55.8%)
      Progress: 57000/101243 frames (56.3%)
      Progress: 57500/101243 frames (56.8%)
      Progress: 58000/101243 frames (57.3%)
      Progress: 58500/101243 frames (57.8%)
      Progress: 59000/101243 frames (58.3%)
      Progress: 59500/101243 frames (58.8%)
      Progress: 60000/101243 frames (59.3%)
      Progress: 60500/101243 frames (59.8%)
      Progress: 61000/101243 frames (60.3%)
      Progress: 61500/101243 frames (60.7%)
      Progress: 62000/101243 frames (61.2%)
      Progress: 62500/101243 frames (61.7%)
      Progress: 63000/101243 frames (62.2%)
      Progress: 63500/101243 frames (62.7%)
      Progress: 64000/101243 frames (63.2%)
      Progress: 64500/101243 frames (63.7%)
      Progress: 65000/101243 frames (64.2%)
      Progress: 65500/101243 frames (64.7%)
      Progress: 66000/101243 frames (65.2%)
      Progress: 66500/101243 frames (65.7%)
      Progress: 67000/101243 frames (66.2%)
      Progress: 67500/101243 frames (66.7%)
      Progress: 68000/101243 frames (67.2%)
      Progress: 68500/101243 frames (67.7%)
      Progress: 69000/101243 frames (68.2%)
      Progress: 69500/101243 frames (68.6%)
      Progress: 70000/101243 frames (69.1%)
      Progress: 70500/101243 frames (69.6%)
      Progress: 71000/101243 frames (70.1%)
      Progress: 71500/101243 frames (70.6%)
      Progress: 72000/101243 frames (71.1%)
      Progress: 72500/101243 frames (71.6%)
      Progress: 73000/101243 frames (72.1%)
      Progress: 73500/101243 frames (72.6%)
      Progress: 74000/101243 frames (73.1%)
      Progress: 74500/101243 frames (73.6%)
      Progress: 75000/101243 frames (74.1%)
      Progress: 75500/101243 frames (74.6%)
      Progress: 76000/101243 frames (75.1%)
      Progress: 76500/101243 frames (75.6%)
      Progress: 77000/101243 frames (76.1%)
      Progress: 77500/101243 frames (76.5%)
      Progress: 78000/101243 frames (77.0%)
      Progress: 78500/101243 frames (77.5%)
      Progress: 79000/101243 frames (78.0%)
      Progress: 79500/101243 frames (78.5%)
      Progress: 80000/101243 frames (79.0%)
      Progress: 80500/101243 frames (79.5%)
      Progress: 81000/101243 frames (80.0%)
      Progress: 81500/101243 frames (80.5%)
      Progress: 82000/101243 frames (81.0%)
      Progress: 82500/101243 frames (81.5%)
      Progress: 83000/101243 frames (82.0%)
      Progress: 83500/101243 frames (82.5%)
      Progress: 84000/101243 frames (83.0%)
      Progress: 84500/101243 frames (83.5%)
      Progress: 85000/101243 frames (84.0%)
      Progress: 85500/101243 frames (84.5%)
      Progress: 86000/101243 frames (84.9%)
      Progress: 86500/101243 frames (85.4%)
      Progress: 87000/101243 frames (85.9%)
      Progress: 87500/101243 frames (86.4%)
      Progress: 88000/101243 frames (86.9%)
      Progress: 88500/101243 frames (87.4%)
      Progress: 89000/101243 frames (87.9%)
      Progress: 89500/101243 frames (88.4%)
      Progress: 90000/101243 frames (88.9%)
      Progress: 90500/101243 frames (89.4%)
      Progress: 91000/101243 frames (89.9%)
      Progress: 91500/101243 frames (90.4%)
      Progress: 92000/101243 frames (90.9%)
      Progress: 92500/101243 frames (91.4%)
      Progress: 93000/101243 frames (91.9%)
      Progress: 93500/101243 frames (92.4%)
      Progress: 94000/101243 frames (92.8%)
      Progress: 94500/101243 frames (93.3%)
      Progress: 95000/101243 frames (93.8%)
      Progress: 95500/101243 frames (94.3%)
      Progress: 96000/101243 frames (94.8%)
      Progress: 96500/101243 frames (95.3%)
      Progress: 97000/101243 frames (95.8%)
      Progress: 97500/101243 frames (96.3%)
      Progress: 98000/101243 frames (96.8%)
      Progress: 98500/101243 frames (97.3%)
      Progress: 99000/101243 frames (97.8%)
      Progress: 99500/101243 frames (98.3%)
      Progress: 100000/101243 frames (98.8%)
      Progress: 100500/101243 frames (99.3%)
      Progress: 101000/101243 frames (99.8%)
      WARNING: 200 consecutive frame read failures
      Breaking loop at frame 101118/101243
      Frames successfully read: 101118
      Total missed frames: 200
      ---------------------------------------------------
      FRAME READING COMPLETE
      ---------------------------------------------------
      Expected frames: 101243
      Frames read: 101118
      Frames missing: 200
      WARNING: 200 frames could not be read!
      WARNING: Read fewer frames than expected (101118/101243)
      This may be due to video corruption or codec issues
      ---------------------------------------------------
      ---------------------------------------------------
      EXTRACTING FEATURES PER SECOND
      ---------------------------------------------------
      Processing 4050 seconds...
        Second 0/4050
        Second 100/4050
        Second 200/4050
        Second 300/4050
        Second 400/4050
        Second 500/4050
        Second 600/4050
        Second 700/4050
        Second 800/4050
        Second 900/4050
        Second 1000/4050
        Second 1100/4050
        Second 1200/4050
        Second 1300/4050
        Second 1400/4050
        Second 1500/4050
        Second 1600/4050
        Second 1700/4050
        Second 1800/4050
        Second 1900/4050
        Second 2000/4050
        Second 2100/4050
        Second 2200/4050
        Second 2300/4050
        Second 2400/4050
        Second 2500/4050
        Second 2600/4050
        Second 2700/4050
        Second 2800/4050
        Second 2900/4050
        Second 3000/4050
        Second 3100/4050
        Second 3200/4050
        Second 3300/4050
        Second 3400/4050
        Second 3500/4050
        Second 3600/4050
        Second 3700/4050
        Second 3800/4050
        Second 3900/4050
        Second 4000/4050
        WARNING: Second 4045 has no frames! Using zeros.
        WARNING: Second 4046 has no frames! Using zeros.
        WARNING: Second 4047 has no frames! Using zeros.
        WARNING: Second 4048 has no frames! Using zeros.
        WARNING: Second 4049 has no frames! Using zeros.
      ---------------------------------------------------
      FEATURE EXTRACTION COMPLETE
      ---------------------------------------------------
      Final features shape: (4050, 512)

[ID15]   Features extracted: (4050, 512)
[ID15] Step 2/3: Converting to multi-label format...
      CSV columns: ['start_time', 'end_time', 'licking', 'shaking']
      CSV shape: (3840, 4)
      Video seconds: 4050
      Total rows in CSV: 3840
      Valid rows (within video duration): 3840
      Label statistics:
        Licking only: 286
        Shaking only: 27
        Both (licking + shaking): 10
        Background (neither): 3727
[ID15] Step 3/3: Saving processed data...
[ID15]   Saved features: /data-8tb/nvaci/dataset/dataset_Stanford/FACT_method/preprocessed_data_multilabel_originalFPS/features/ID15.npy
[ID15]     Shape: (4050, 512)
[ID15]   Saved multi-labels: /data-8tb/nvaci/dataset/dataset_Stanford/FACT_method/preprocessed_data_multilabel_originalFPS/groundTruth/ID15.npy
[ID15]     Shape: (4050, 2)
[ID15] SUCCESS

================================================================================
Processing video 16/32: ID16
================================================================================
[ID16] Found label file: 25-021_ID16.csv
[ID16] Step 1/3: Extracting features...
      Opening video file...

      ===================================================
      VIDEO PROPERTIES
      ===================================================
      FPS detected: 25.00
      Clip length (auto): 25 frames
      Total frames: 99265
      Duration: 3970.60 seconds
      Expected seconds: 3971
      Frames per second: ~25.0
      ===================================================

      Using ORIGINAL FPS with per-second aggregation
      Aggregation method: mean
      ---------------------------------------------------
      READING ALL FRAMES FROM VIDEO (FAST MODE)
      ---------------------------------------------------
      Progress: 500/99265 frames (0.5%)
      Progress: 1000/99265 frames (1.0%)
      Progress: 1500/99265 frames (1.5%)
      Progress: 2000/99265 frames (2.0%)
      Progress: 2500/99265 frames (2.5%)
      Progress: 3000/99265 frames (3.0%)
      Progress: 3500/99265 frames (3.5%)
      Progress: 4000/99265 frames (4.0%)
      Progress: 4500/99265 frames (4.5%)
      Progress: 5000/99265 frames (5.0%)
      Progress: 5500/99265 frames (5.5%)
      Progress: 6000/99265 frames (6.0%)
      Progress: 6500/99265 frames (6.5%)
      Progress: 7000/99265 frames (7.1%)
      Progress: 7500/99265 frames (7.6%)
      Progress: 8000/99265 frames (8.1%)
      Progress: 8500/99265 frames (8.6%)
      Progress: 9000/99265 frames (9.1%)
      Progress: 9500/99265 frames (9.6%)
      Progress: 10000/99265 frames (10.1%)
      Progress: 10500/99265 frames (10.6%)
      Progress: 11000/99265 frames (11.1%)
      Progress: 11500/99265 frames (11.6%)
      Progress: 12000/99265 frames (12.1%)
      Progress: 12500/99265 frames (12.6%)
      Progress: 13000/99265 frames (13.1%)
      Progress: 13500/99265 frames (13.6%)
      Progress: 14000/99265 frames (14.1%)
      Progress: 14500/99265 frames (14.6%)
      Progress: 15000/99265 frames (15.1%)
      Progress: 15500/99265 frames (15.6%)
      Progress: 16000/99265 frames (16.1%)
      Progress: 16500/99265 frames (16.6%)
      Progress: 17000/99265 frames (17.1%)
      Progress: 17500/99265 frames (17.6%)
      Progress: 18000/99265 frames (18.1%)
      Progress: 18500/99265 frames (18.6%)
      Progress: 19000/99265 frames (19.1%)
      Progress: 19500/99265 frames (19.6%)
      Progress: 20000/99265 frames (20.1%)
      Progress: 20500/99265 frames (20.7%)
      Progress: 21000/99265 frames (21.2%)
      Progress: 21500/99265 frames (21.7%)
      Progress: 22000/99265 frames (22.2%)
      Progress: 22500/99265 frames (22.7%)
      Progress: 23000/99265 frames (23.2%)
      Progress: 23500/99265 frames (23.7%)
      Progress: 24000/99265 frames (24.2%)
      Progress: 24500/99265 frames (24.7%)
      Progress: 25000/99265 frames (25.2%)
      Progress: 25500/99265 frames (25.7%)
      Progress: 26000/99265 frames (26.2%)
      Progress: 26500/99265 frames (26.7%)
      Progress: 27000/99265 frames (27.2%)
      Progress: 27500/99265 frames (27.7%)
      Progress: 28000/99265 frames (28.2%)
      Progress: 28500/99265 frames (28.7%)
      Progress: 29000/99265 frames (29.2%)
      Progress: 29500/99265 frames (29.7%)
      Progress: 30000/99265 frames (30.2%)
      Progress: 30500/99265 frames (30.7%)
      Progress: 31000/99265 frames (31.2%)
      Progress: 31500/99265 frames (31.7%)
      Progress: 32000/99265 frames (32.2%)
      Progress: 32500/99265 frames (32.7%)
      Progress: 33000/99265 frames (33.2%)
      Progress: 33500/99265 frames (33.7%)
      Progress: 34000/99265 frames (34.3%)
      Progress: 34500/99265 frames (34.8%)
      Progress: 35000/99265 frames (35.3%)
      Progress: 35500/99265 frames (35.8%)
      Progress: 36000/99265 frames (36.3%)
      Progress: 36500/99265 frames (36.8%)
      Progress: 37000/99265 frames (37.3%)
      Progress: 37500/99265 frames (37.8%)
      Progress: 38000/99265 frames (38.3%)
      Progress: 38500/99265 frames (38.8%)
      Progress: 39000/99265 frames (39.3%)
      Progress: 39500/99265 frames (39.8%)
      Progress: 40000/99265 frames (40.3%)
      Progress: 40500/99265 frames (40.8%)
      Progress: 41000/99265 frames (41.3%)
      Progress: 41500/99265 frames (41.8%)
      Progress: 42000/99265 frames (42.3%)
      Progress: 42500/99265 frames (42.8%)
      Progress: 43000/99265 frames (43.3%)
      Progress: 43500/99265 frames (43.8%)
      Progress: 44000/99265 frames (44.3%)
      Progress: 44500/99265 frames (44.8%)
      Progress: 45000/99265 frames (45.3%)
      Progress: 45500/99265 frames (45.8%)
      Progress: 46000/99265 frames (46.3%)
      Progress: 46500/99265 frames (46.8%)
      Progress: 47000/99265 frames (47.3%)
      Progress: 47500/99265 frames (47.9%)
      Progress: 48000/99265 frames (48.4%)
      Progress: 48500/99265 frames (48.9%)
      Progress: 49000/99265 frames (49.4%)
      Progress: 49500/99265 frames (49.9%)
      Progress: 50000/99265 frames (50.4%)
      Progress: 50500/99265 frames (50.9%)
      Progress: 51000/99265 frames (51.4%)
      Progress: 51500/99265 frames (51.9%)
      Progress: 52000/99265 frames (52.4%)
      Progress: 52500/99265 frames (52.9%)
      Progress: 53000/99265 frames (53.4%)
      Progress: 53500/99265 frames (53.9%)
      Progress: 54000/99265 frames (54.4%)
      Progress: 54500/99265 frames (54.9%)
      Progress: 55000/99265 frames (55.4%)
      Progress: 55500/99265 frames (55.9%)
      Progress: 56000/99265 frames (56.4%)
      Progress: 56500/99265 frames (56.9%)
      Progress: 57000/99265 frames (57.4%)
      Progress: 57500/99265 frames (57.9%)
      Progress: 58000/99265 frames (58.4%)
      Progress: 58500/99265 frames (58.9%)
      Progress: 59000/99265 frames (59.4%)
      Progress: 59500/99265 frames (59.9%)
      Progress: 60000/99265 frames (60.4%)
      Progress: 60500/99265 frames (60.9%)
      Progress: 61000/99265 frames (61.5%)
      Progress: 61500/99265 frames (62.0%)
      Progress: 62000/99265 frames (62.5%)
      Progress: 62500/99265 frames (63.0%)
      Progress: 63000/99265 frames (63.5%)
      Progress: 63500/99265 frames (64.0%)
      Progress: 64000/99265 frames (64.5%)
      Progress: 64500/99265 frames (65.0%)
      Progress: 65000/99265 frames (65.5%)
      Progress: 65500/99265 frames (66.0%)
      Progress: 66000/99265 frames (66.5%)
      Progress: 66500/99265 frames (67.0%)
      Progress: 67000/99265 frames (67.5%)
      Progress: 67500/99265 frames (68.0%)
      Progress: 68000/99265 frames (68.5%)
      Progress: 68500/99265 frames (69.0%)
      Progress: 69000/99265 frames (69.5%)
      Progress: 69500/99265 frames (70.0%)
      Progress: 70000/99265 frames (70.5%)
      Progress: 70500/99265 frames (71.0%)
      Progress: 71000/99265 frames (71.5%)
      Progress: 71500/99265 frames (72.0%)
      Progress: 72000/99265 frames (72.5%)
      Progress: 72500/99265 frames (73.0%)
      Progress: 73000/99265 frames (73.5%)
      Progress: 73500/99265 frames (74.0%)
      Progress: 74000/99265 frames (74.5%)
      Progress: 74500/99265 frames (75.1%)
      Progress: 75000/99265 frames (75.6%)
      Progress: 75500/99265 frames (76.1%)
      Progress: 76000/99265 frames (76.6%)
      Progress: 76500/99265 frames (77.1%)
      Progress: 77000/99265 frames (77.6%)
      Progress: 77500/99265 frames (78.1%)
      Progress: 78000/99265 frames (78.6%)
      Progress: 78500/99265 frames (79.1%)
      Progress: 79000/99265 frames (79.6%)
      Progress: 79500/99265 frames (80.1%)
      Progress: 80000/99265 frames (80.6%)
      Progress: 80500/99265 frames (81.1%)
      Progress: 81000/99265 frames (81.6%)
      Progress: 81500/99265 frames (82.1%)
      Progress: 82000/99265 frames (82.6%)
      Progress: 82500/99265 frames (83.1%)
      Progress: 83000/99265 frames (83.6%)
      Progress: 83500/99265 frames (84.1%)
      Progress: 84000/99265 frames (84.6%)
      Progress: 84500/99265 frames (85.1%)
      Progress: 85000/99265 frames (85.6%)
      Progress: 85500/99265 frames (86.1%)
      Progress: 86000/99265 frames (86.6%)
      Progress: 86500/99265 frames (87.1%)
      Progress: 87000/99265 frames (87.6%)
      Progress: 87500/99265 frames (88.1%)
      Progress: 88000/99265 frames (88.7%)
      Progress: 88500/99265 frames (89.2%)
      Progress: 89000/99265 frames (89.7%)
      Progress: 89500/99265 frames (90.2%)
      Progress: 90000/99265 frames (90.7%)
      Progress: 90500/99265 frames (91.2%)
      Progress: 91000/99265 frames (91.7%)
      Progress: 91500/99265 frames (92.2%)
      Progress: 92000/99265 frames (92.7%)
      Progress: 92500/99265 frames (93.2%)
      Progress: 93000/99265 frames (93.7%)
      Progress: 93500/99265 frames (94.2%)
      Progress: 94000/99265 frames (94.7%)
      Progress: 94500/99265 frames (95.2%)
      Progress: 95000/99265 frames (95.7%)
      Progress: 95500/99265 frames (96.2%)
      Progress: 96000/99265 frames (96.7%)
      Progress: 96500/99265 frames (97.2%)
      Progress: 97000/99265 frames (97.7%)
      Progress: 97500/99265 frames (98.2%)
      Progress: 98000/99265 frames (98.7%)
      Progress: 98500/99265 frames (99.2%)
      Progress: 99000/99265 frames (99.7%)
      WARNING: 200 consecutive frame read failures
      Breaking loop at frame 99218/99265
      Frames successfully read: 99218
      Total missed frames: 200
      ---------------------------------------------------
      FRAME READING COMPLETE
      ---------------------------------------------------
      Expected frames: 99265
      Frames read: 99218
      Frames missing: 200
      WARNING: 200 frames could not be read!
      WARNING: Read fewer frames than expected (99218/99265)
      This may be due to video corruption or codec issues
      ---------------------------------------------------
      ---------------------------------------------------
      EXTRACTING FEATURES PER SECOND
      ---------------------------------------------------
      Processing 3971 seconds...
        Second 0/3971
        Second 100/3971
        Second 200/3971
        Second 300/3971
        Second 400/3971
        Second 500/3971
        Second 600/3971
        Second 700/3971
        Second 800/3971
        Second 900/3971
        Second 1000/3971
        Second 1100/3971
        Second 1200/3971
        Second 1300/3971
        Second 1400/3971
        Second 1500/3971
        Second 1600/3971
        Second 1700/3971
        Second 1800/3971
        Second 1900/3971
        Second 2000/3971
        Second 2100/3971
        Second 2200/3971
        Second 2300/3971
        Second 2400/3971
        Second 2500/3971
        Second 2600/3971
        Second 2700/3971
        Second 2800/3971
        Second 2900/3971
        Second 3000/3971
        Second 3100/3971
        Second 3200/3971
        Second 3300/3971
        Second 3400/3971
        Second 3500/3971
        Second 3600/3971
        Second 3700/3971
        Second 3800/3971
        Second 3900/3971
        WARNING: Second 3969 has no frames! Using zeros.
        WARNING: Second 3970 has no frames! Using zeros.
      ---------------------------------------------------
      FEATURE EXTRACTION COMPLETE
      ---------------------------------------------------
      Final features shape: (3971, 512)

[ID16]   Features extracted: (3971, 512)
[ID16] Step 2/3: Converting to multi-label format...
      CSV columns: ['start_time', 'end_time', 'licking', 'shaking']
      CSV shape: (3840, 4)
      Video seconds: 3971
      Total rows in CSV: 3840
      Valid rows (within video duration): 3840
      Label statistics:
        Licking only: 835
        Shaking only: 3
        Both (licking + shaking): 6
        Background (neither): 3127
[ID16] Step 3/3: Saving processed data...
[ID16]   Saved features: /data-8tb/nvaci/dataset/dataset_Stanford/FACT_method/preprocessed_data_multilabel_originalFPS/features/ID16.npy
[ID16]     Shape: (3971, 512)
[ID16]   Saved multi-labels: /data-8tb/nvaci/dataset/dataset_Stanford/FACT_method/preprocessed_data_multilabel_originalFPS/groundTruth/ID16.npy
[ID16]     Shape: (3971, 2)
[ID16] SUCCESS

================================================================================
Processing video 17/32: ID17
================================================================================
[ID17] Found label file: 25-021_ID17.csv
[ID17] Step 1/3: Extracting features...
      Opening video file...

      ===================================================
      VIDEO PROPERTIES
      ===================================================
      FPS detected: 25.00
      Clip length (auto): 25 frames
      Total frames: 97768
      Duration: 3910.72 seconds
      Expected seconds: 3911
      Frames per second: ~25.0
      ===================================================

      Using ORIGINAL FPS with per-second aggregation
      Aggregation method: mean
      ---------------------------------------------------
      READING ALL FRAMES FROM VIDEO (FAST MODE)
      ---------------------------------------------------
      Progress: 500/97768 frames (0.5%)
      Progress: 1000/97768 frames (1.0%)
      Progress: 1500/97768 frames (1.5%)
      Progress: 2000/97768 frames (2.0%)
      Progress: 2500/97768 frames (2.6%)
      Progress: 3000/97768 frames (3.1%)
      Progress: 3500/97768 frames (3.6%)
      Progress: 4000/97768 frames (4.1%)
      Progress: 4500/97768 frames (4.6%)
      Progress: 5000/97768 frames (5.1%)
      Progress: 5500/97768 frames (5.6%)
      Progress: 6000/97768 frames (6.1%)
      Progress: 6500/97768 frames (6.6%)
      Progress: 7000/97768 frames (7.2%)
      Progress: 7500/97768 frames (7.7%)
      Progress: 8000/97768 frames (8.2%)
      Progress: 8500/97768 frames (8.7%)
      Progress: 9000/97768 frames (9.2%)
      Progress: 9500/97768 frames (9.7%)
      Progress: 10000/97768 frames (10.2%)
      Progress: 10500/97768 frames (10.7%)
      Progress: 11000/97768 frames (11.3%)
      Progress: 11500/97768 frames (11.8%)
      Progress: 12000/97768 frames (12.3%)
      Progress: 12500/97768 frames (12.8%)
      Progress: 13000/97768 frames (13.3%)
      Progress: 13500/97768 frames (13.8%)
      Progress: 14000/97768 frames (14.3%)
      Progress: 14500/97768 frames (14.8%)
      Progress: 15000/97768 frames (15.3%)
      Progress: 15500/97768 frames (15.9%)
      Progress: 16000/97768 frames (16.4%)
      Progress: 16500/97768 frames (16.9%)
      Progress: 17000/97768 frames (17.4%)
      Progress: 17500/97768 frames (17.9%)
      Progress: 18000/97768 frames (18.4%)
      Progress: 18500/97768 frames (18.9%)
      Progress: 19000/97768 frames (19.4%)
      Progress: 19500/97768 frames (19.9%)
      Progress: 20000/97768 frames (20.5%)
      Progress: 20500/97768 frames (21.0%)
      Progress: 21000/97768 frames (21.5%)
      Progress: 21500/97768 frames (22.0%)
      Progress: 22000/97768 frames (22.5%)
      Progress: 22500/97768 frames (23.0%)
      Progress: 23000/97768 frames (23.5%)
      Progress: 23500/97768 frames (24.0%)
      Progress: 24000/97768 frames (24.5%)
      Progress: 24500/97768 frames (25.1%)
      Progress: 25000/97768 frames (25.6%)
      Progress: 25500/97768 frames (26.1%)
      Progress: 26000/97768 frames (26.6%)
      Progress: 26500/97768 frames (27.1%)
      Progress: 27000/97768 frames (27.6%)
      Progress: 27500/97768 frames (28.1%)
      Progress: 28000/97768 frames (28.6%)
      Progress: 28500/97768 frames (29.2%)
      Progress: 29000/97768 frames (29.7%)
      Progress: 29500/97768 frames (30.2%)
      Progress: 30000/97768 frames (30.7%)
      Progress: 30500/97768 frames (31.2%)
      Progress: 31000/97768 frames (31.7%)
      Progress: 31500/97768 frames (32.2%)
      Progress: 32000/97768 frames (32.7%)
      Progress: 32500/97768 frames (33.2%)
      Progress: 33000/97768 frames (33.8%)
      Progress: 33500/97768 frames (34.3%)
      Progress: 34000/97768 frames (34.8%)
      Progress: 34500/97768 frames (35.3%)
      Progress: 35000/97768 frames (35.8%)
      Progress: 35500/97768 frames (36.3%)
      Progress: 36000/97768 frames (36.8%)
      Progress: 36500/97768 frames (37.3%)
      Progress: 37000/97768 frames (37.8%)
      Progress: 37500/97768 frames (38.4%)
      Progress: 38000/97768 frames (38.9%)
      Progress: 38500/97768 frames (39.4%)
      Progress: 39000/97768 frames (39.9%)
      Progress: 39500/97768 frames (40.4%)
      Progress: 40000/97768 frames (40.9%)
      Progress: 40500/97768 frames (41.4%)
      Progress: 41000/97768 frames (41.9%)
      Progress: 41500/97768 frames (42.4%)
      Progress: 42000/97768 frames (43.0%)
      Progress: 42500/97768 frames (43.5%)
      Progress: 43000/97768 frames (44.0%)
      Progress: 43500/97768 frames (44.5%)
      Progress: 44000/97768 frames (45.0%)
      Progress: 44500/97768 frames (45.5%)
      Progress: 45000/97768 frames (46.0%)
      Progress: 45500/97768 frames (46.5%)
      Progress: 46000/97768 frames (47.1%)
      Progress: 46500/97768 frames (47.6%)
      Progress: 47000/97768 frames (48.1%)
      Progress: 47500/97768 frames (48.6%)
      Progress: 48000/97768 frames (49.1%)
      Progress: 48500/97768 frames (49.6%)
      Progress: 49000/97768 frames (50.1%)
      Progress: 49500/97768 frames (50.6%)
      Progress: 50000/97768 frames (51.1%)
      Progress: 50500/97768 frames (51.7%)
      Progress: 51000/97768 frames (52.2%)
      Progress: 51500/97768 frames (52.7%)
      Progress: 52000/97768 frames (53.2%)
      Progress: 52500/97768 frames (53.7%)
      Progress: 53000/97768 frames (54.2%)
      Progress: 53500/97768 frames (54.7%)
      Progress: 54000/97768 frames (55.2%)
      Progress: 54500/97768 frames (55.7%)
      Progress: 55000/97768 frames (56.3%)
      Progress: 55500/97768 frames (56.8%)
      Progress: 56000/97768 frames (57.3%)
      Progress: 56500/97768 frames (57.8%)
      Progress: 57000/97768 frames (58.3%)
      Progress: 57500/97768 frames (58.8%)
      Progress: 58000/97768 frames (59.3%)
      Progress: 58500/97768 frames (59.8%)
      Progress: 59000/97768 frames (60.3%)
      Progress: 59500/97768 frames (60.9%)
      Progress: 60000/97768 frames (61.4%)
      Progress: 60500/97768 frames (61.9%)
      Progress: 61000/97768 frames (62.4%)
      Progress: 61500/97768 frames (62.9%)
      Progress: 62000/97768 frames (63.4%)
      Progress: 62500/97768 frames (63.9%)
      Progress: 63000/97768 frames (64.4%)
      Progress: 63500/97768 frames (64.9%)
      Progress: 64000/97768 frames (65.5%)
      Progress: 64500/97768 frames (66.0%)
      Progress: 65000/97768 frames (66.5%)
      Progress: 65500/97768 frames (67.0%)
      Progress: 66000/97768 frames (67.5%)
      Progress: 66500/97768 frames (68.0%)
      Progress: 67000/97768 frames (68.5%)
      Progress: 67500/97768 frames (69.0%)
      Progress: 68000/97768 frames (69.6%)
      Progress: 68500/97768 frames (70.1%)
      Progress: 69000/97768 frames (70.6%)
      Progress: 69500/97768 frames (71.1%)
      Progress: 70000/97768 frames (71.6%)
      Progress: 70500/97768 frames (72.1%)
      Progress: 71000/97768 frames (72.6%)
      Progress: 71500/97768 frames (73.1%)
      Progress: 72000/97768 frames (73.6%)
      Progress: 72500/97768 frames (74.2%)
      Progress: 73000/97768 frames (74.7%)
      Progress: 73500/97768 frames (75.2%)
      Progress: 74000/97768 frames (75.7%)
      Progress: 74500/97768 frames (76.2%)
      Progress: 75000/97768 frames (76.7%)
      Progress: 75500/97768 frames (77.2%)
      Progress: 76000/97768 frames (77.7%)
      Progress: 76500/97768 frames (78.2%)
      Progress: 77000/97768 frames (78.8%)
      Progress: 77500/97768 frames (79.3%)
      Progress: 78000/97768 frames (79.8%)
      Progress: 78500/97768 frames (80.3%)
      Progress: 79000/97768 frames (80.8%)
      Progress: 79500/97768 frames (81.3%)
      Progress: 80000/97768 frames (81.8%)
      Progress: 80500/97768 frames (82.3%)
      Progress: 81000/97768 frames (82.8%)
      Progress: 81500/97768 frames (83.4%)
      Progress: 82000/97768 frames (83.9%)
      Progress: 82500/97768 frames (84.4%)
      Progress: 83000/97768 frames (84.9%)
      Progress: 83500/97768 frames (85.4%)
      Progress: 84000/97768 frames (85.9%)
      Progress: 84500/97768 frames (86.4%)
      Progress: 85000/97768 frames (86.9%)
      Progress: 85500/97768 frames (87.5%)
      Progress: 86000/97768 frames (88.0%)
      Progress: 86500/97768 frames (88.5%)
      Progress: 87000/97768 frames (89.0%)
      Progress: 87500/97768 frames (89.5%)
      Progress: 88000/97768 frames (90.0%)
      Progress: 88500/97768 frames (90.5%)
      Progress: 89000/97768 frames (91.0%)
      Progress: 89500/97768 frames (91.5%)
      Progress: 90000/97768 frames (92.1%)
      Progress: 90500/97768 frames (92.6%)
      Progress: 91000/97768 frames (93.1%)
      Progress: 91500/97768 frames (93.6%)
      Progress: 92000/97768 frames (94.1%)
      Progress: 92500/97768 frames (94.6%)
      Progress: 93000/97768 frames (95.1%)
      Progress: 93500/97768 frames (95.6%)
      Progress: 94000/97768 frames (96.1%)
      Progress: 94500/97768 frames (96.7%)
      Progress: 95000/97768 frames (97.2%)
      Progress: 95500/97768 frames (97.7%)
      Progress: 96000/97768 frames (98.2%)
      Progress: 96500/97768 frames (98.7%)
      Progress: 97000/97768 frames (99.2%)
      Progress: 97500/97768 frames (99.7%)
      WARNING: 200 consecutive frame read failures
      Breaking loop at frame 97743/97768
      Frames successfully read: 97743
      Total missed frames: 200
      ---------------------------------------------------
      FRAME READING COMPLETE
      ---------------------------------------------------
      Expected frames: 97768
      Frames read: 97743
      Frames missing: 200
      WARNING: 200 frames could not be read!
      WARNING: Read fewer frames than expected (97743/97768)
      This may be due to video corruption or codec issues
      ---------------------------------------------------
      ---------------------------------------------------
      EXTRACTING FEATURES PER SECOND
      ---------------------------------------------------
      Processing 3911 seconds...
        Second 0/3911
        Second 100/3911
        Second 200/3911
        Second 300/3911
        Second 400/3911
        Second 500/3911
        Second 600/3911
        Second 700/3911
        Second 800/3911
        Second 900/3911
        Second 1000/3911
        Second 1100/3911
        Second 1200/3911
        Second 1300/3911
        Second 1400/3911
        Second 1500/3911
        Second 1600/3911
        Second 1700/3911
        Second 1800/3911
        Second 1900/3911
        Second 2000/3911
        Second 2100/3911
        Second 2200/3911
        Second 2300/3911
        Second 2400/3911
        Second 2500/3911
        Second 2600/3911
        Second 2700/3911
        Second 2800/3911
        Second 2900/3911
        Second 3000/3911
        Second 3100/3911
        Second 3200/3911
        Second 3300/3911
        Second 3400/3911
        Second 3500/3911
        Second 3600/3911
        Second 3700/3911
        Second 3800/3911
        Second 3900/3911
        WARNING: Second 3910 has no frames! Using zeros.
      ---------------------------------------------------
      FEATURE EXTRACTION COMPLETE
      ---------------------------------------------------
      Final features shape: (3911, 512)

[ID17]   Features extracted: (3911, 512)
[ID17] Step 2/3: Converting to multi-label format...
      CSV columns: ['start_time', 'end_time', 'licking', 'shaking']
      CSV shape: (3840, 4)
      Video seconds: 3911
      Total rows in CSV: 3840
      Valid rows (within video duration): 3840
      Label statistics:
        Licking only: 672
        Shaking only: 10
        Both (licking + shaking): 8
        Background (neither): 3221
[ID17] Step 3/3: Saving processed data...
[ID17]   Saved features: /data-8tb/nvaci/dataset/dataset_Stanford/FACT_method/preprocessed_data_multilabel_originalFPS/features/ID17.npy
[ID17]     Shape: (3911, 512)
[ID17]   Saved multi-labels: /data-8tb/nvaci/dataset/dataset_Stanford/FACT_method/preprocessed_data_multilabel_originalFPS/groundTruth/ID17.npy
[ID17]     Shape: (3911, 2)
[ID17] SUCCESS

================================================================================
Processing video 18/32: ID18
================================================================================
[ID18] Found label file: 25-021_ID18.csv
[ID18] Step 1/3: Extracting features...
      Opening video file...

      ===================================================
      VIDEO PROPERTIES
      ===================================================
      FPS detected: 25.00
      Clip length (auto): 25 frames
      Total frames: 97017
      Duration: 3880.68 seconds
      Expected seconds: 3881
      Frames per second: ~25.0
      ===================================================

      Using ORIGINAL FPS with per-second aggregation
      Aggregation method: mean
      ---------------------------------------------------
      READING ALL FRAMES FROM VIDEO (FAST MODE)
      ---------------------------------------------------
      Progress: 500/97017 frames (0.5%)
      Progress: 1000/97017 frames (1.0%)
      Progress: 1500/97017 frames (1.5%)
      Progress: 2000/97017 frames (2.1%)
      Progress: 2500/97017 frames (2.6%)
      Progress: 3000/97017 frames (3.1%)
      Progress: 3500/97017 frames (3.6%)
      Progress: 4000/97017 frames (4.1%)
      Progress: 4500/97017 frames (4.6%)
      Progress: 5000/97017 frames (5.2%)
      Progress: 5500/97017 frames (5.7%)
      Progress: 6000/97017 frames (6.2%)
      Progress: 6500/97017 frames (6.7%)
      Progress: 7000/97017 frames (7.2%)
      Progress: 7500/97017 frames (7.7%)
      Progress: 8000/97017 frames (8.2%)
      Progress: 8500/97017 frames (8.8%)
      Progress: 9000/97017 frames (9.3%)
      Progress: 9500/97017 frames (9.8%)
      Progress: 10000/97017 frames (10.3%)
      Progress: 10500/97017 frames (10.8%)
      Progress: 11000/97017 frames (11.3%)
      Progress: 11500/97017 frames (11.9%)
      Progress: 12000/97017 frames (12.4%)
      Progress: 12500/97017 frames (12.9%)
      Progress: 13000/97017 frames (13.4%)
      Progress: 13500/97017 frames (13.9%)
      Progress: 14000/97017 frames (14.4%)
      Progress: 14500/97017 frames (14.9%)
      Progress: 15000/97017 frames (15.5%)
      Progress: 15500/97017 frames (16.0%)
      Progress: 16000/97017 frames (16.5%)
      Progress: 16500/97017 frames (17.0%)
      Progress: 17000/97017 frames (17.5%)
      Progress: 17500/97017 frames (18.0%)
      Progress: 18000/97017 frames (18.6%)
      Progress: 18500/97017 frames (19.1%)
      Progress: 19000/97017 frames (19.6%)
      Progress: 19500/97017 frames (20.1%)
      Progress: 20000/97017 frames (20.6%)
      Progress: 20500/97017 frames (21.1%)
      Progress: 21000/97017 frames (21.6%)
      Progress: 21500/97017 frames (22.2%)
      Progress: 22000/97017 frames (22.7%)
      Progress: 22500/97017 frames (23.2%)
      Progress: 23000/97017 frames (23.7%)
      Progress: 23500/97017 frames (24.2%)
      Progress: 24000/97017 frames (24.7%)
      Progress: 24500/97017 frames (25.3%)
      Progress: 25000/97017 frames (25.8%)
      Progress: 25500/97017 frames (26.3%)
      Progress: 26000/97017 frames (26.8%)
      Progress: 26500/97017 frames (27.3%)
      Progress: 27000/97017 frames (27.8%)
      Progress: 27500/97017 frames (28.3%)
      Progress: 28000/97017 frames (28.9%)
      Progress: 28500/97017 frames (29.4%)
      Progress: 29000/97017 frames (29.9%)
      Progress: 29500/97017 frames (30.4%)
      Progress: 30000/97017 frames (30.9%)
      Progress: 30500/97017 frames (31.4%)
      Progress: 31000/97017 frames (32.0%)
      Progress: 31500/97017 frames (32.5%)
      Progress: 32000/97017 frames (33.0%)
      Progress: 32500/97017 frames (33.5%)
      Progress: 33000/97017 frames (34.0%)
      Progress: 33500/97017 frames (34.5%)
      Progress: 34000/97017 frames (35.0%)
      Progress: 34500/97017 frames (35.6%)
      Progress: 35000/97017 frames (36.1%)
      Progress: 35500/97017 frames (36.6%)
      Progress: 36000/97017 frames (37.1%)
      Progress: 36500/97017 frames (37.6%)
      Progress: 37000/97017 frames (38.1%)
      Progress: 37500/97017 frames (38.7%)
      Progress: 38000/97017 frames (39.2%)
      Progress: 38500/97017 frames (39.7%)
      Progress: 39000/97017 frames (40.2%)
      Progress: 39500/97017 frames (40.7%)
      Progress: 40000/97017 frames (41.2%)
      Progress: 40500/97017 frames (41.7%)
      Progress: 41000/97017 frames (42.3%)
      Progress: 41500/97017 frames (42.8%)
      Progress: 42000/97017 frames (43.3%)
      Progress: 42500/97017 frames (43.8%)
      Progress: 43000/97017 frames (44.3%)
      Progress: 43500/97017 frames (44.8%)
      Progress: 44000/97017 frames (45.4%)
      Progress: 44500/97017 frames (45.9%)
      Progress: 45000/97017 frames (46.4%)
      Progress: 45500/97017 frames (46.9%)
      Progress: 46000/97017 frames (47.4%)
      Progress: 46500/97017 frames (47.9%)
      Progress: 47000/97017 frames (48.4%)
      Progress: 47500/97017 frames (49.0%)
      Progress: 48000/97017 frames (49.5%)
      Progress: 48500/97017 frames (50.0%)
      Progress: 49000/97017 frames (50.5%)
      Progress: 49500/97017 frames (51.0%)
      Progress: 50000/97017 frames (51.5%)
      Progress: 50500/97017 frames (52.1%)
      Progress: 51000/97017 frames (52.6%)
      Progress: 51500/97017 frames (53.1%)
      Progress: 52000/97017 frames (53.6%)
      Progress: 52500/97017 frames (54.1%)
      Progress: 53000/97017 frames (54.6%)
      Progress: 53500/97017 frames (55.1%)
      Progress: 54000/97017 frames (55.7%)
      Progress: 54500/97017 frames (56.2%)
      Progress: 55000/97017 frames (56.7%)
      Progress: 55500/97017 frames (57.2%)
      Progress: 56000/97017 frames (57.7%)
      Progress: 56500/97017 frames (58.2%)
      Progress: 57000/97017 frames (58.8%)
      Progress: 57500/97017 frames (59.3%)
      Progress: 58000/97017 frames (59.8%)
      Progress: 58500/97017 frames (60.3%)
      Progress: 59000/97017 frames (60.8%)
      Progress: 59500/97017 frames (61.3%)
      Progress: 60000/97017 frames (61.8%)
      Progress: 60500/97017 frames (62.4%)
      Progress: 61000/97017 frames (62.9%)
      Progress: 61500/97017 frames (63.4%)
      Progress: 62000/97017 frames (63.9%)
      Progress: 62500/97017 frames (64.4%)
      Progress: 63000/97017 frames (64.9%)
      Progress: 63500/97017 frames (65.5%)
      Progress: 64000/97017 frames (66.0%)
      Progress: 64500/97017 frames (66.5%)
      Progress: 65000/97017 frames (67.0%)
      Progress: 65500/97017 frames (67.5%)
      Progress: 66000/97017 frames (68.0%)
      Progress: 66500/97017 frames (68.5%)
      Progress: 67000/97017 frames (69.1%)
      Progress: 67500/97017 frames (69.6%)
      Progress: 68000/97017 frames (70.1%)
      Progress: 68500/97017 frames (70.6%)
      Progress: 69000/97017 frames (71.1%)
      Progress: 69500/97017 frames (71.6%)
      Progress: 70000/97017 frames (72.2%)
      Progress: 70500/97017 frames (72.7%)
      Progress: 71000/97017 frames (73.2%)
      Progress: 71500/97017 frames (73.7%)
      Progress: 72000/97017 frames (74.2%)
      Progress: 72500/97017 frames (74.7%)
      Progress: 73000/97017 frames (75.2%)
      Progress: 73500/97017 frames (75.8%)
      Progress: 74000/97017 frames (76.3%)
      Progress: 74500/97017 frames (76.8%)
      Progress: 75000/97017 frames (77.3%)
      Progress: 75500/97017 frames (77.8%)
      Progress: 76000/97017 frames (78.3%)
      Progress: 76500/97017 frames (78.9%)
      Progress: 77000/97017 frames (79.4%)
      Progress: 77500/97017 frames (79.9%)
      Progress: 78000/97017 frames (80.4%)
      Progress: 78500/97017 frames (80.9%)
      Progress: 79000/97017 frames (81.4%)
      Progress: 79500/97017 frames (81.9%)
      Progress: 80000/97017 frames (82.5%)
      Progress: 80500/97017 frames (83.0%)
      Progress: 81000/97017 frames (83.5%)
      Progress: 81500/97017 frames (84.0%)
      Progress: 82000/97017 frames (84.5%)
      Progress: 82500/97017 frames (85.0%)
      Progress: 83000/97017 frames (85.6%)
      Progress: 83500/97017 frames (86.1%)
      Progress: 84000/97017 frames (86.6%)
      Progress: 84500/97017 frames (87.1%)
      Progress: 85000/97017 frames (87.6%)
      Progress: 85500/97017 frames (88.1%)
      Progress: 86000/97017 frames (88.6%)
      Progress: 86500/97017 frames (89.2%)
      Progress: 87000/97017 frames (89.7%)
      Progress: 87500/97017 frames (90.2%)
      Progress: 88000/97017 frames (90.7%)
      Progress: 88500/97017 frames (91.2%)
      Progress: 89000/97017 frames (91.7%)
      Progress: 89500/97017 frames (92.3%)
      Progress: 90000/97017 frames (92.8%)
      Progress: 90500/97017 frames (93.3%)
      Progress: 91000/97017 frames (93.8%)
      Progress: 91500/97017 frames (94.3%)
      Progress: 92000/97017 frames (94.8%)
      Progress: 92500/97017 frames (95.3%)
      Progress: 93000/97017 frames (95.9%)
      Progress: 93500/97017 frames (96.4%)
      Progress: 94000/97017 frames (96.9%)
      Progress: 94500/97017 frames (97.4%)
      Progress: 95000/97017 frames (97.9%)
      Progress: 95500/97017 frames (98.4%)
      Progress: 96000/97017 frames (99.0%)
      Progress: 96500/97017 frames (99.5%)
      WARNING: 200 consecutive frame read failures
      Breaking loop at frame 96793/97017
      Frames successfully read: 96793
      Total missed frames: 200
      ---------------------------------------------------
      FRAME READING COMPLETE
      ---------------------------------------------------
      Expected frames: 97017
      Frames read: 96793
      Frames missing: 200
      WARNING: 200 frames could not be read!
      WARNING: Read fewer frames than expected (96793/97017)
      This may be due to video corruption or codec issues
      ---------------------------------------------------
      ---------------------------------------------------
      EXTRACTING FEATURES PER SECOND
      ---------------------------------------------------
      Processing 3881 seconds...
        Second 0/3881
        Second 100/3881
        Second 200/3881
        Second 300/3881
        Second 400/3881
        Second 500/3881
        Second 600/3881
        Second 700/3881
        Second 800/3881
        Second 900/3881
        Second 1000/3881
        Second 1100/3881
        Second 1200/3881
        Second 1300/3881
        Second 1400/3881
        Second 1500/3881
        Second 1600/3881
        Second 1700/3881
        Second 1800/3881
        Second 1900/3881
        Second 2000/3881
        Second 2100/3881
        Second 2200/3881
        Second 2300/3881
        Second 2400/3881
        Second 2500/3881
        Second 2600/3881
        Second 2700/3881
        Second 2800/3881
        Second 2900/3881
        Second 3000/3881
        Second 3100/3881
        Second 3200/3881
        Second 3300/3881
        Second 3400/3881
        Second 3500/3881
        Second 3600/3881
        Second 3700/3881
        Second 3800/3881
        WARNING: Second 3872 has no frames! Using zeros.
        WARNING: Second 3873 has no frames! Using zeros.
        WARNING: Second 3874 has no frames! Using zeros.
        WARNING: Second 3875 has no frames! Using zeros.
        WARNING: Second 3876 has no frames! Using zeros.
        WARNING: Second 3877 has no frames! Using zeros.
        WARNING: Second 3878 has no frames! Using zeros.
        WARNING: Second 3879 has no frames! Using zeros.
        WARNING: Second 3880 has no frames! Using zeros.
      ---------------------------------------------------
      FEATURE EXTRACTION COMPLETE
      ---------------------------------------------------
      Final features shape: (3881, 512)

[ID18]   Features extracted: (3881, 512)
[ID18] Step 2/3: Converting to multi-label format...
      CSV columns: ['start_time', 'end_time', 'licking', 'shaking']
      CSV shape: (3840, 4)
      Video seconds: 3881
      Total rows in CSV: 3840
      Valid rows (within video duration): 3840
      Label statistics:
        Licking only: 392
        Shaking only: 9
        Both (licking + shaking): 5
        Background (neither): 3475
[ID18] Step 3/3: Saving processed data...
[ID18]   Saved features: /data-8tb/nvaci/dataset/dataset_Stanford/FACT_method/preprocessed_data_multilabel_originalFPS/features/ID18.npy
[ID18]     Shape: (3881, 512)
[ID18]   Saved multi-labels: /data-8tb/nvaci/dataset/dataset_Stanford/FACT_method/preprocessed_data_multilabel_originalFPS/groundTruth/ID18.npy
[ID18]     Shape: (3881, 2)
[ID18] SUCCESS

================================================================================
Processing video 19/32: ID19
================================================================================
[ID19] Found label file: 25-021_ID19.csv
[ID19] Step 1/3: Extracting features...
      Opening video file...

      ===================================================
      VIDEO PROPERTIES
      ===================================================
      FPS detected: 25.00
      Clip length (auto): 25 frames
      Total frames: 95767
      Duration: 3830.68 seconds
      Expected seconds: 3831
      Frames per second: ~25.0
      ===================================================

      Using ORIGINAL FPS with per-second aggregation
      Aggregation method: mean
      ---------------------------------------------------
      READING ALL FRAMES FROM VIDEO (FAST MODE)
      ---------------------------------------------------
      Progress: 500/95767 frames (0.5%)
      Progress: 1000/95767 frames (1.0%)
      Progress: 1500/95767 frames (1.6%)
      Progress: 2000/95767 frames (2.1%)
      Progress: 2500/95767 frames (2.6%)
      Progress: 3000/95767 frames (3.1%)
      Progress: 3500/95767 frames (3.7%)
      Progress: 4000/95767 frames (4.2%)
      Progress: 4500/95767 frames (4.7%)
      Progress: 5000/95767 frames (5.2%)
      Progress: 5500/95767 frames (5.7%)
      Progress: 6000/95767 frames (6.3%)
      Progress: 6500/95767 frames (6.8%)
      Progress: 7000/95767 frames (7.3%)
      Progress: 7500/95767 frames (7.8%)
      Progress: 8000/95767 frames (8.4%)
      Progress: 8500/95767 frames (8.9%)
      Progress: 9000/95767 frames (9.4%)
      Progress: 9500/95767 frames (9.9%)
      Progress: 10000/95767 frames (10.4%)
      Progress: 10500/95767 frames (11.0%)
      Progress: 11000/95767 frames (11.5%)
      Progress: 11500/95767 frames (12.0%)
      Progress: 12000/95767 frames (12.5%)
      Progress: 12500/95767 frames (13.1%)
      Progress: 13000/95767 frames (13.6%)
      Progress: 13500/95767 frames (14.1%)
      Progress: 14000/95767 frames (14.6%)
      Progress: 14500/95767 frames (15.1%)
      Progress: 15000/95767 frames (15.7%)
      Progress: 15500/95767 frames (16.2%)
      Progress: 16000/95767 frames (16.7%)
      Progress: 16500/95767 frames (17.2%)
      Progress: 17000/95767 frames (17.8%)
      Progress: 17500/95767 frames (18.3%)
      Progress: 18000/95767 frames (18.8%)
      Progress: 18500/95767 frames (19.3%)
      Progress: 19000/95767 frames (19.8%)
      Progress: 19500/95767 frames (20.4%)
      Progress: 20000/95767 frames (20.9%)
      Progress: 20500/95767 frames (21.4%)
      Progress: 21000/95767 frames (21.9%)
      Progress: 21500/95767 frames (22.5%)
      Progress: 22000/95767 frames (23.0%)
      Progress: 22500/95767 frames (23.5%)
      Progress: 23000/95767 frames (24.0%)
      Progress: 23500/95767 frames (24.5%)
      Progress: 24000/95767 frames (25.1%)
      Progress: 24500/95767 frames (25.6%)
      Progress: 25000/95767 frames (26.1%)
      Progress: 25500/95767 frames (26.6%)
      Progress: 26000/95767 frames (27.1%)
      Progress: 26500/95767 frames (27.7%)
      Progress: 27000/95767 frames (28.2%)
      Progress: 27500/95767 frames (28.7%)
      Progress: 28000/95767 frames (29.2%)
      Progress: 28500/95767 frames (29.8%)
      Progress: 29000/95767 frames (30.3%)
      Progress: 29500/95767 frames (30.8%)
      Progress: 30000/95767 frames (31.3%)
      Progress: 30500/95767 frames (31.8%)
      Progress: 31000/95767 frames (32.4%)
      Progress: 31500/95767 frames (32.9%)
      Progress: 32000/95767 frames (33.4%)
      Progress: 32500/95767 frames (33.9%)
      Progress: 33000/95767 frames (34.5%)
      Progress: 33500/95767 frames (35.0%)
      Progress: 34000/95767 frames (35.5%)
      Progress: 34500/95767 frames (36.0%)
      Progress: 35000/95767 frames (36.5%)
      Progress: 35500/95767 frames (37.1%)
      Progress: 36000/95767 frames (37.6%)
      Progress: 36500/95767 frames (38.1%)
      Progress: 37000/95767 frames (38.6%)
      Progress: 37500/95767 frames (39.2%)
      Progress: 38000/95767 frames (39.7%)
      Progress: 38500/95767 frames (40.2%)
      Progress: 39000/95767 frames (40.7%)
      Progress: 39500/95767 frames (41.2%)
      Progress: 40000/95767 frames (41.8%)
      Progress: 40500/95767 frames (42.3%)
      Progress: 41000/95767 frames (42.8%)
      Progress: 41500/95767 frames (43.3%)
      Progress: 42000/95767 frames (43.9%)
      Progress: 42500/95767 frames (44.4%)
      Progress: 43000/95767 frames (44.9%)
      Progress: 43500/95767 frames (45.4%)
      Progress: 44000/95767 frames (45.9%)
      Progress: 44500/95767 frames (46.5%)
      Progress: 45000/95767 frames (47.0%)
      Progress: 45500/95767 frames (47.5%)
      Progress: 46000/95767 frames (48.0%)
      Progress: 46500/95767 frames (48.6%)
      Progress: 47000/95767 frames (49.1%)
      Progress: 47500/95767 frames (49.6%)
      Progress: 48000/95767 frames (50.1%)
      Progress: 48500/95767 frames (50.6%)
      Progress: 49000/95767 frames (51.2%)
      Progress: 49500/95767 frames (51.7%)
      Progress: 50000/95767 frames (52.2%)
      Progress: 50500/95767 frames (52.7%)
      Progress: 51000/95767 frames (53.3%)
      Progress: 51500/95767 frames (53.8%)
      Progress: 52000/95767 frames (54.3%)
      Progress: 52500/95767 frames (54.8%)
      Progress: 53000/95767 frames (55.3%)
      Progress: 53500/95767 frames (55.9%)
      Progress: 54000/95767 frames (56.4%)
      Progress: 54500/95767 frames (56.9%)
      Progress: 55000/95767 frames (57.4%)
      Progress: 55500/95767 frames (58.0%)
      Progress: 56000/95767 frames (58.5%)
      Progress: 56500/95767 frames (59.0%)
      Progress: 57000/95767 frames (59.5%)
      Progress: 57500/95767 frames (60.0%)
      Progress: 58000/95767 frames (60.6%)
      Progress: 58500/95767 frames (61.1%)
      Progress: 59000/95767 frames (61.6%)
      Progress: 59500/95767 frames (62.1%)
      Progress: 60000/95767 frames (62.7%)
      Progress: 60500/95767 frames (63.2%)
      Progress: 61000/95767 frames (63.7%)
      Progress: 61500/95767 frames (64.2%)
      Progress: 62000/95767 frames (64.7%)
      Progress: 62500/95767 frames (65.3%)
      Progress: 63000/95767 frames (65.8%)
      Progress: 63500/95767 frames (66.3%)
      Progress: 64000/95767 frames (66.8%)
      Progress: 64500/95767 frames (67.4%)
      Progress: 65000/95767 frames (67.9%)
      Progress: 65500/95767 frames (68.4%)
      Progress: 66000/95767 frames (68.9%)
      Progress: 66500/95767 frames (69.4%)
      Progress: 67000/95767 frames (70.0%)
      Progress: 67500/95767 frames (70.5%)
      Progress: 68000/95767 frames (71.0%)
      Progress: 68500/95767 frames (71.5%)
      Progress: 69000/95767 frames (72.0%)
      Progress: 69500/95767 frames (72.6%)
      Progress: 70000/95767 frames (73.1%)
      Progress: 70500/95767 frames (73.6%)
      Progress: 71000/95767 frames (74.1%)
      Progress: 71500/95767 frames (74.7%)
      Progress: 72000/95767 frames (75.2%)
      Progress: 72500/95767 frames (75.7%)
      Progress: 73000/95767 frames (76.2%)
      Progress: 73500/95767 frames (76.7%)
      Progress: 74000/95767 frames (77.3%)
      Progress: 74500/95767 frames (77.8%)
      Progress: 75000/95767 frames (78.3%)
      Progress: 75500/95767 frames (78.8%)
      Progress: 76000/95767 frames (79.4%)
      Progress: 76500/95767 frames (79.9%)
      Progress: 77000/95767 frames (80.4%)
      Progress: 77500/95767 frames (80.9%)
      Progress: 78000/95767 frames (81.4%)
      Progress: 78500/95767 frames (82.0%)
      Progress: 79000/95767 frames (82.5%)
      Progress: 79500/95767 frames (83.0%)
      Progress: 80000/95767 frames (83.5%)
      Progress: 80500/95767 frames (84.1%)
      Progress: 81000/95767 frames (84.6%)
      Progress: 81500/95767 frames (85.1%)
      Progress: 82000/95767 frames (85.6%)
      Progress: 82500/95767 frames (86.1%)
      Progress: 83000/95767 frames (86.7%)
      Progress: 83500/95767 frames (87.2%)
      Progress: 84000/95767 frames (87.7%)
      Progress: 84500/95767 frames (88.2%)
      Progress: 85000/95767 frames (88.8%)
      Progress: 85500/95767 frames (89.3%)
      Progress: 86000/95767 frames (89.8%)
      Progress: 86500/95767 frames (90.3%)
      Progress: 87000/95767 frames (90.8%)
      Progress: 87500/95767 frames (91.4%)
      Progress: 88000/95767 frames (91.9%)
      Progress: 88500/95767 frames (92.4%)
      Progress: 89000/95767 frames (92.9%)
      Progress: 89500/95767 frames (93.5%)
      Progress: 90000/95767 frames (94.0%)
      Progress: 90500/95767 frames (94.5%)
      Progress: 91000/95767 frames (95.0%)
      Progress: 91500/95767 frames (95.5%)
      Progress: 92000/95767 frames (96.1%)
      Progress: 92500/95767 frames (96.6%)
      Progress: 93000/95767 frames (97.1%)
      Progress: 93500/95767 frames (97.6%)
      Progress: 94000/95767 frames (98.2%)
      Progress: 94500/95767 frames (98.7%)
      Progress: 95000/95767 frames (99.2%)
      Progress: 95500/95767 frames (99.7%)
      WARNING: 200 consecutive frame read failures
      Breaking loop at frame 95618/95767
      Frames successfully read: 95618
      Total missed frames: 200
      ---------------------------------------------------
      FRAME READING COMPLETE
      ---------------------------------------------------
      Expected frames: 95767
      Frames read: 95618
      Frames missing: 200
      WARNING: 200 frames could not be read!
      WARNING: Read fewer frames than expected (95618/95767)
      This may be due to video corruption or codec issues
      ---------------------------------------------------
      ---------------------------------------------------
      EXTRACTING FEATURES PER SECOND
      ---------------------------------------------------
      Processing 3831 seconds...
        Second 0/3831
        Second 100/3831
        Second 200/3831
        Second 300/3831
        Second 400/3831
        Second 500/3831
        Second 600/3831
        Second 700/3831
        Second 800/3831
        Second 900/3831
        Second 1000/3831
        Second 1100/3831
        Second 1200/3831
        Second 1300/3831
        Second 1400/3831
        Second 1500/3831
        Second 1600/3831
        Second 1700/3831
        Second 1800/3831
        Second 1900/3831
        Second 2000/3831
        Second 2100/3831
        Second 2200/3831
        Second 2300/3831
        Second 2400/3831
        Second 2500/3831
        Second 2600/3831
        Second 2700/3831
        Second 2800/3831
        Second 2900/3831
        Second 3000/3831
        Second 3100/3831
        Second 3200/3831
        Second 3300/3831
        Second 3400/3831
        Second 3500/3831
        Second 3600/3831
        Second 3700/3831
        Second 3800/3831
        WARNING: Second 3825 has no frames! Using zeros.
        WARNING: Second 3826 has no frames! Using zeros.
        WARNING: Second 3827 has no frames! Using zeros.
        WARNING: Second 3828 has no frames! Using zeros.
        WARNING: Second 3829 has no frames! Using zeros.
        WARNING: Second 3830 has no frames! Using zeros.
      ---------------------------------------------------
      FEATURE EXTRACTION COMPLETE
      ---------------------------------------------------
      Final features shape: (3831, 512)

[ID19]   Features extracted: (3831, 512)
[ID19] Step 2/3: Converting to multi-label format...
      CSV columns: ['start_time', 'end_time', 'licking', 'shaking']
      CSV shape: (3840, 4)
      Video seconds: 3831
      Total rows in CSV: 3840
      Valid rows (within video duration): 3831
      Label statistics:
        Licking only: 516
        Shaking only: 48
        Both (licking + shaking): 13
        Background (neither): 3254
[ID19] Step 3/3: Saving processed data...
[ID19]   Saved features: /data-8tb/nvaci/dataset/dataset_Stanford/FACT_method/preprocessed_data_multilabel_originalFPS/features/ID19.npy
[ID19]     Shape: (3831, 512)
[ID19]   Saved multi-labels: /data-8tb/nvaci/dataset/dataset_Stanford/FACT_method/preprocessed_data_multilabel_originalFPS/groundTruth/ID19.npy
[ID19]     Shape: (3831, 2)
[ID19] SUCCESS

================================================================================
Processing video 20/32: ID20
================================================================================
[ID20] Found label file: 25-021_ID20.csv
[ID20] Step 1/3: Extracting features...
      Opening video file...

      ===================================================
      VIDEO PROPERTIES
      ===================================================
      FPS detected: 25.00
      Clip length (auto): 25 frames
      Total frames: 94639
      Duration: 3785.56 seconds
      Expected seconds: 3786
      Frames per second: ~25.0
      ===================================================

      Using ORIGINAL FPS with per-second aggregation
      Aggregation method: mean
      ---------------------------------------------------
      READING ALL FRAMES FROM VIDEO (FAST MODE)
      ---------------------------------------------------
      Progress: 500/94639 frames (0.5%)
      Progress: 1000/94639 frames (1.1%)
      Progress: 1500/94639 frames (1.6%)
      Progress: 2000/94639 frames (2.1%)
      Progress: 2500/94639 frames (2.6%)
      Progress: 3000/94639 frames (3.2%)
      Progress: 3500/94639 frames (3.7%)
      Progress: 4000/94639 frames (4.2%)
      Progress: 4500/94639 frames (4.8%)
      Progress: 5000/94639 frames (5.3%)
      Progress: 5500/94639 frames (5.8%)
      Progress: 6000/94639 frames (6.3%)
      Progress: 6500/94639 frames (6.9%)
      Progress: 7000/94639 frames (7.4%)
      Progress: 7500/94639 frames (7.9%)
      Progress: 8000/94639 frames (8.5%)
      Progress: 8500/94639 frames (9.0%)
      Progress: 9000/94639 frames (9.5%)
      Progress: 9500/94639 frames (10.0%)
      Progress: 10000/94639 frames (10.6%)
      Progress: 10500/94639 frames (11.1%)
      Progress: 11000/94639 frames (11.6%)
      Progress: 11500/94639 frames (12.2%)
      Progress: 12000/94639 frames (12.7%)
      Progress: 12500/94639 frames (13.2%)
      Progress: 13000/94639 frames (13.7%)
      Progress: 13500/94639 frames (14.3%)
      Progress: 14000/94639 frames (14.8%)
      Progress: 14500/94639 frames (15.3%)
      Progress: 15000/94639 frames (15.8%)
      Progress: 15500/94639 frames (16.4%)
      Progress: 16000/94639 frames (16.9%)
      Progress: 16500/94639 frames (17.4%)
      Progress: 17000/94639 frames (18.0%)
      Progress: 17500/94639 frames (18.5%)
      Progress: 18000/94639 frames (19.0%)
      Progress: 18500/94639 frames (19.5%)
      Progress: 19000/94639 frames (20.1%)
      Progress: 19500/94639 frames (20.6%)
      Progress: 20000/94639 frames (21.1%)
      Progress: 20500/94639 frames (21.7%)
      Progress: 21000/94639 frames (22.2%)
      Progress: 21500/94639 frames (22.7%)
      Progress: 22000/94639 frames (23.2%)
      Progress: 22500/94639 frames (23.8%)
      Progress: 23000/94639 frames (24.3%)
      Progress: 23500/94639 frames (24.8%)
      Progress: 24000/94639 frames (25.4%)
      Progress: 24500/94639 frames (25.9%)
      Progress: 25000/94639 frames (26.4%)
      Progress: 25500/94639 frames (26.9%)
      Progress: 26000/94639 frames (27.5%)
      Progress: 26500/94639 frames (28.0%)
      Progress: 27000/94639 frames (28.5%)
      Progress: 27500/94639 frames (29.1%)
      Progress: 28000/94639 frames (29.6%)
      Progress: 28500/94639 frames (30.1%)
      Progress: 29000/94639 frames (30.6%)
      Progress: 29500/94639 frames (31.2%)
      Progress: 30000/94639 frames (31.7%)
      Progress: 30500/94639 frames (32.2%)
      Progress: 31000/94639 frames (32.8%)
      Progress: 31500/94639 frames (33.3%)
      Progress: 32000/94639 frames (33.8%)
      Progress: 32500/94639 frames (34.3%)
      Progress: 33000/94639 frames (34.9%)
      Progress: 33500/94639 frames (35.4%)
      Progress: 34000/94639 frames (35.9%)
      Progress: 34500/94639 frames (36.5%)
      Progress: 35000/94639 frames (37.0%)
      Progress: 35500/94639 frames (37.5%)
      Progress: 36000/94639 frames (38.0%)
      Progress: 36500/94639 frames (38.6%)
      Progress: 37000/94639 frames (39.1%)
      Progress: 37500/94639 frames (39.6%)
      Progress: 38000/94639 frames (40.2%)
      Progress: 38500/94639 frames (40.7%)
      Progress: 39000/94639 frames (41.2%)
      Progress: 39500/94639 frames (41.7%)
      Progress: 40000/94639 frames (42.3%)
      Progress: 40500/94639 frames (42.8%)
      Progress: 41000/94639 frames (43.3%)
      Progress: 41500/94639 frames (43.9%)
      Progress: 42000/94639 frames (44.4%)
      Progress: 42500/94639 frames (44.9%)
      Progress: 43000/94639 frames (45.4%)
      Progress: 43500/94639 frames (46.0%)
      Progress: 44000/94639 frames (46.5%)
      Progress: 44500/94639 frames (47.0%)
      Progress: 45000/94639 frames (47.5%)
      Progress: 45500/94639 frames (48.1%)
      Progress: 46000/94639 frames (48.6%)
      Progress: 46500/94639 frames (49.1%)
      Progress: 47000/94639 frames (49.7%)
      Progress: 47500/94639 frames (50.2%)
      Progress: 48000/94639 frames (50.7%)
      Progress: 48500/94639 frames (51.2%)
      Progress: 49000/94639 frames (51.8%)
      Progress: 49500/94639 frames (52.3%)
      Progress: 50000/94639 frames (52.8%)
      Progress: 50500/94639 frames (53.4%)
      Progress: 51000/94639 frames (53.9%)
      Progress: 51500/94639 frames (54.4%)
      Progress: 52000/94639 frames (54.9%)
      Progress: 52500/94639 frames (55.5%)
      Progress: 53000/94639 frames (56.0%)
      Progress: 53500/94639 frames (56.5%)
      Progress: 54000/94639 frames (57.1%)
      Progress: 54500/94639 frames (57.6%)
      Progress: 55000/94639 frames (58.1%)
      Progress: 55500/94639 frames (58.6%)
      Progress: 56000/94639 frames (59.2%)
      Progress: 56500/94639 frames (59.7%)
      Progress: 57000/94639 frames (60.2%)
      Progress: 57500/94639 frames (60.8%)
      Progress: 58000/94639 frames (61.3%)
      Progress: 58500/94639 frames (61.8%)
      Progress: 59000/94639 frames (62.3%)
      Progress: 59500/94639 frames (62.9%)
      Progress: 60000/94639 frames (63.4%)
      Progress: 60500/94639 frames (63.9%)
      Progress: 61000/94639 frames (64.5%)
      Progress: 61500/94639 frames (65.0%)
      Progress: 62000/94639 frames (65.5%)
      Progress: 62500/94639 frames (66.0%)
      Progress: 63000/94639 frames (66.6%)
      Progress: 63500/94639 frames (67.1%)
      Progress: 64000/94639 frames (67.6%)
      Progress: 64500/94639 frames (68.2%)
      Progress: 65000/94639 frames (68.7%)
      Progress: 65500/94639 frames (69.2%)
      Progress: 66000/94639 frames (69.7%)
      Progress: 66500/94639 frames (70.3%)
      Progress: 67000/94639 frames (70.8%)
      Progress: 67500/94639 frames (71.3%)
      Progress: 68000/94639 frames (71.9%)
      Progress: 68500/94639 frames (72.4%)
      Progress: 69000/94639 frames (72.9%)
      Progress: 69500/94639 frames (73.4%)
      Progress: 70000/94639 frames (74.0%)
      Progress: 70500/94639 frames (74.5%)
      Progress: 71000/94639 frames (75.0%)
      Progress: 71500/94639 frames (75.6%)
      Progress: 72000/94639 frames (76.1%)
      Progress: 72500/94639 frames (76.6%)
      Progress: 73000/94639 frames (77.1%)
      Progress: 73500/94639 frames (77.7%)
      Progress: 74000/94639 frames (78.2%)
      Progress: 74500/94639 frames (78.7%)
      Progress: 75000/94639 frames (79.2%)
      Progress: 75500/94639 frames (79.8%)
      Progress: 76000/94639 frames (80.3%)
      Progress: 76500/94639 frames (80.8%)
      Progress: 77000/94639 frames (81.4%)
      Progress: 77500/94639 frames (81.9%)
      Progress: 78000/94639 frames (82.4%)
      Progress: 78500/94639 frames (82.9%)
      Progress: 79000/94639 frames (83.5%)
      Progress: 79500/94639 frames (84.0%)
      Progress: 80000/94639 frames (84.5%)
      Progress: 80500/94639 frames (85.1%)
      Progress: 81000/94639 frames (85.6%)
      Progress: 81500/94639 frames (86.1%)
      Progress: 82000/94639 frames (86.6%)
      Progress: 82500/94639 frames (87.2%)
      Progress: 83000/94639 frames (87.7%)
      Progress: 83500/94639 frames (88.2%)
      Progress: 84000/94639 frames (88.8%)
      Progress: 84500/94639 frames (89.3%)
      Progress: 85000/94639 frames (89.8%)
      Progress: 85500/94639 frames (90.3%)
      Progress: 86000/94639 frames (90.9%)
      Progress: 86500/94639 frames (91.4%)
      Progress: 87000/94639 frames (91.9%)
      Progress: 87500/94639 frames (92.5%)
      Progress: 88000/94639 frames (93.0%)
      Progress: 88500/94639 frames (93.5%)
      Progress: 89000/94639 frames (94.0%)
      Progress: 89500/94639 frames (94.6%)
      Progress: 90000/94639 frames (95.1%)
      Progress: 90500/94639 frames (95.6%)
      Progress: 91000/94639 frames (96.2%)
      Progress: 91500/94639 frames (96.7%)
      Progress: 92000/94639 frames (97.2%)
      Progress: 92500/94639 frames (97.7%)
      Progress: 93000/94639 frames (98.3%)
      Progress: 93500/94639 frames (98.8%)
      Progress: 94000/94639 frames (99.3%)
      Progress: 94500/94639 frames (99.9%)
      WARNING: 200 consecutive frame read failures
      Breaking loop at frame 94543/94639
      Frames successfully read: 94543
      Total missed frames: 200
      ---------------------------------------------------
      FRAME READING COMPLETE
      ---------------------------------------------------
      Expected frames: 94639
      Frames read: 94543
      Frames missing: 200
      WARNING: 200 frames could not be read!
      WARNING: Read fewer frames than expected (94543/94639)
      This may be due to video corruption or codec issues
      ---------------------------------------------------
      ---------------------------------------------------
      EXTRACTING FEATURES PER SECOND
      ---------------------------------------------------
      Processing 3786 seconds...
        Second 0/3786
        Second 100/3786
        Second 200/3786
        Second 300/3786
        Second 400/3786
        Second 500/3786
        Second 600/3786
        Second 700/3786
        Second 800/3786
        Second 900/3786
        Second 1000/3786
        Second 1100/3786
        Second 1200/3786
        Second 1300/3786
        Second 1400/3786
        Second 1500/3786
        Second 1600/3786
        Second 1700/3786
        Second 1800/3786
        Second 1900/3786
        Second 2000/3786
        Second 2100/3786
        Second 2200/3786
        Second 2300/3786
        Second 2400/3786
        Second 2500/3786
        Second 2600/3786
        Second 2700/3786
        Second 2800/3786
        Second 2900/3786
        Second 3000/3786
        Second 3100/3786
        Second 3200/3786
        Second 3300/3786
        Second 3400/3786
        Second 3500/3786
        Second 3600/3786
        Second 3700/3786
        WARNING: Second 3782 has no frames! Using zeros.
        WARNING: Second 3783 has no frames! Using zeros.
        WARNING: Second 3784 has no frames! Using zeros.
        WARNING: Second 3785 has no frames! Using zeros.
      ---------------------------------------------------
      FEATURE EXTRACTION COMPLETE
      ---------------------------------------------------
      Final features shape: (3786, 512)

[ID20]   Features extracted: (3786, 512)
[ID20] Step 2/3: Converting to multi-label format...
      CSV columns: ['start_time', 'end_time', 'licking', 'shaking']
      CSV shape: (3840, 4)
      Video seconds: 3786
      Total rows in CSV: 3840
      Valid rows (within video duration): 3786
      Label statistics:
        Licking only: 59
        Shaking only: 0
        Both (licking + shaking): 0
        Background (neither): 3727
[ID20] Step 3/3: Saving processed data...
[ID20]   Saved features: /data-8tb/nvaci/dataset/dataset_Stanford/FACT_method/preprocessed_data_multilabel_originalFPS/features/ID20.npy
[ID20]     Shape: (3786, 512)
[ID20]   Saved multi-labels: /data-8tb/nvaci/dataset/dataset_Stanford/FACT_method/preprocessed_data_multilabel_originalFPS/groundTruth/ID20.npy
[ID20]     Shape: (3786, 2)
[ID20] SUCCESS

================================================================================
Processing video 21/32: ID21
================================================================================
[ID21] Found label file: 25-021_ID21.csv
[ID21] Step 1/3: Extracting features...
      Opening video file...

      ===================================================
      VIDEO PROPERTIES
      ===================================================
      FPS detected: 25.00
      Clip length (auto): 25 frames
      Total frames: 99464
      Duration: 3978.56 seconds
      Expected seconds: 3979
      Frames per second: ~25.0
      ===================================================

      Using ORIGINAL FPS with per-second aggregation
      Aggregation method: mean
      ---------------------------------------------------
      READING ALL FRAMES FROM VIDEO (FAST MODE)
      ---------------------------------------------------
      Progress: 500/99464 frames (0.5%)
      Progress: 1000/99464 frames (1.0%)
      Progress: 1500/99464 frames (1.5%)
      Progress: 2000/99464 frames (2.0%)
      Progress: 2500/99464 frames (2.5%)
      Progress: 3000/99464 frames (3.0%)
      Progress: 3500/99464 frames (3.5%)
      Progress: 4000/99464 frames (4.0%)
      Progress: 4500/99464 frames (4.5%)
      Progress: 5000/99464 frames (5.0%)
      Progress: 5500/99464 frames (5.5%)
      Progress: 6000/99464 frames (6.0%)
      Progress: 6500/99464 frames (6.5%)
      Progress: 7000/99464 frames (7.0%)
      Progress: 7500/99464 frames (7.5%)
      Progress: 8000/99464 frames (8.0%)
      Progress: 8500/99464 frames (8.5%)
      Progress: 9000/99464 frames (9.0%)
      Progress: 9500/99464 frames (9.6%)
      Progress: 10000/99464 frames (10.1%)
      Progress: 10500/99464 frames (10.6%)
      Progress: 11000/99464 frames (11.1%)
      Progress: 11500/99464 frames (11.6%)
      Progress: 12000/99464 frames (12.1%)
      Progress: 12500/99464 frames (12.6%)
      Progress: 13000/99464 frames (13.1%)
      Progress: 13500/99464 frames (13.6%)
      Progress: 14000/99464 frames (14.1%)
      Progress: 14500/99464 frames (14.6%)
      Progress: 15000/99464 frames (15.1%)
      Progress: 15500/99464 frames (15.6%)
      Progress: 16000/99464 frames (16.1%)
      Progress: 16500/99464 frames (16.6%)
      Progress: 17000/99464 frames (17.1%)
      Progress: 17500/99464 frames (17.6%)
      Progress: 18000/99464 frames (18.1%)
      Progress: 18500/99464 frames (18.6%)
      Progress: 19000/99464 frames (19.1%)
      Progress: 19500/99464 frames (19.6%)
      Progress: 20000/99464 frames (20.1%)
      Progress: 20500/99464 frames (20.6%)
      Progress: 21000/99464 frames (21.1%)
      Progress: 21500/99464 frames (21.6%)
      Progress: 22000/99464 frames (22.1%)
      Progress: 22500/99464 frames (22.6%)
      Progress: 23000/99464 frames (23.1%)
      Progress: 23500/99464 frames (23.6%)
      Progress: 24000/99464 frames (24.1%)
      Progress: 24500/99464 frames (24.6%)
      Progress: 25000/99464 frames (25.1%)
      Progress: 25500/99464 frames (25.6%)
      Progress: 26000/99464 frames (26.1%)
      Progress: 26500/99464 frames (26.6%)
      Progress: 27000/99464 frames (27.1%)
      Progress: 27500/99464 frames (27.6%)
      Progress: 28000/99464 frames (28.2%)
      Progress: 28500/99464 frames (28.7%)
      Progress: 29000/99464 frames (29.2%)
      Progress: 29500/99464 frames (29.7%)
      Progress: 30000/99464 frames (30.2%)
      Progress: 30500/99464 frames (30.7%)
      Progress: 31000/99464 frames (31.2%)
      Progress: 31500/99464 frames (31.7%)
      Progress: 32000/99464 frames (32.2%)
      Progress: 32500/99464 frames (32.7%)
      Progress: 33000/99464 frames (33.2%)
      Progress: 33500/99464 frames (33.7%)
      Progress: 34000/99464 frames (34.2%)
      Progress: 34500/99464 frames (34.7%)
      Progress: 35000/99464 frames (35.2%)
      Progress: 35500/99464 frames (35.7%)
      Progress: 36000/99464 frames (36.2%)
      Progress: 36500/99464 frames (36.7%)
      Progress: 37000/99464 frames (37.2%)
      Progress: 37500/99464 frames (37.7%)
      Progress: 38000/99464 frames (38.2%)
      Progress: 38500/99464 frames (38.7%)
      Progress: 39000/99464 frames (39.2%)
      Progress: 39500/99464 frames (39.7%)
      Progress: 40000/99464 frames (40.2%)
      Progress: 40500/99464 frames (40.7%)
      Progress: 41000/99464 frames (41.2%)
      Progress: 41500/99464 frames (41.7%)
      Progress: 42000/99464 frames (42.2%)
      Progress: 42500/99464 frames (42.7%)
      Progress: 43000/99464 frames (43.2%)
      Progress: 43500/99464 frames (43.7%)
      Progress: 44000/99464 frames (44.2%)
      Progress: 44500/99464 frames (44.7%)
      Progress: 45000/99464 frames (45.2%)
      Progress: 45500/99464 frames (45.7%)
      Progress: 46000/99464 frames (46.2%)
      Progress: 46500/99464 frames (46.8%)
      Progress: 47000/99464 frames (47.3%)
      Progress: 47500/99464 frames (47.8%)
      Progress: 48000/99464 frames (48.3%)
      Progress: 48500/99464 frames (48.8%)
      Progress: 49000/99464 frames (49.3%)
      Progress: 49500/99464 frames (49.8%)
      Progress: 50000/99464 frames (50.3%)
      Progress: 50500/99464 frames (50.8%)
      Progress: 51000/99464 frames (51.3%)
      Progress: 51500/99464 frames (51.8%)
      Progress: 52000/99464 frames (52.3%)
      Progress: 52500/99464 frames (52.8%)
      Progress: 53000/99464 frames (53.3%)
      Progress: 53500/99464 frames (53.8%)
      Progress: 54000/99464 frames (54.3%)
      Progress: 54500/99464 frames (54.8%)
      Progress: 55000/99464 frames (55.3%)
      Progress: 55500/99464 frames (55.8%)
      Progress: 56000/99464 frames (56.3%)
      Progress: 56500/99464 frames (56.8%)
      Progress: 57000/99464 frames (57.3%)
      Progress: 57500/99464 frames (57.8%)
      Progress: 58000/99464 frames (58.3%)
      Progress: 58500/99464 frames (58.8%)
      Progress: 59000/99464 frames (59.3%)
      Progress: 59500/99464 frames (59.8%)
      Progress: 60000/99464 frames (60.3%)
      Progress: 60500/99464 frames (60.8%)
      Progress: 61000/99464 frames (61.3%)
      Progress: 61500/99464 frames (61.8%)
      Progress: 62000/99464 frames (62.3%)
      Progress: 62500/99464 frames (62.8%)
      Progress: 63000/99464 frames (63.3%)
      Progress: 63500/99464 frames (63.8%)
      Progress: 64000/99464 frames (64.3%)
      Progress: 64500/99464 frames (64.8%)
      Progress: 65000/99464 frames (65.4%)
      Progress: 65500/99464 frames (65.9%)
      Progress: 66000/99464 frames (66.4%)
      Progress: 66500/99464 frames (66.9%)
      Progress: 67000/99464 frames (67.4%)
      Progress: 67500/99464 frames (67.9%)
      Progress: 68000/99464 frames (68.4%)
      Progress: 68500/99464 frames (68.9%)
      Progress: 69000/99464 frames (69.4%)
      Progress: 69500/99464 frames (69.9%)
      Progress: 70000/99464 frames (70.4%)
      Progress: 70500/99464 frames (70.9%)
      Progress: 71000/99464 frames (71.4%)
      Progress: 71500/99464 frames (71.9%)
      Progress: 72000/99464 frames (72.4%)
      Progress: 72500/99464 frames (72.9%)
      Progress: 73000/99464 frames (73.4%)
      Progress: 73500/99464 frames (73.9%)
      Progress: 74000/99464 frames (74.4%)
      Progress: 74500/99464 frames (74.9%)
      Progress: 75000/99464 frames (75.4%)
      Progress: 75500/99464 frames (75.9%)
      Progress: 76000/99464 frames (76.4%)
      Progress: 76500/99464 frames (76.9%)
      Progress: 77000/99464 frames (77.4%)
      Progress: 77500/99464 frames (77.9%)
      Progress: 78000/99464 frames (78.4%)
      Progress: 78500/99464 frames (78.9%)
      Progress: 79000/99464 frames (79.4%)
      Progress: 79500/99464 frames (79.9%)
      Progress: 80000/99464 frames (80.4%)
      Progress: 80500/99464 frames (80.9%)
      Progress: 81000/99464 frames (81.4%)
      Progress: 81500/99464 frames (81.9%)
      Progress: 82000/99464 frames (82.4%)
      Progress: 82500/99464 frames (82.9%)
      Progress: 83000/99464 frames (83.4%)
      Progress: 83500/99464 frames (83.9%)
      Progress: 84000/99464 frames (84.5%)
      Progress: 84500/99464 frames (85.0%)
      Progress: 85000/99464 frames (85.5%)
      Progress: 85500/99464 frames (86.0%)
      Progress: 86000/99464 frames (86.5%)
      Progress: 86500/99464 frames (87.0%)
      Progress: 87000/99464 frames (87.5%)
      Progress: 87500/99464 frames (88.0%)
      Progress: 88000/99464 frames (88.5%)
      Progress: 88500/99464 frames (89.0%)
      Progress: 89000/99464 frames (89.5%)
      Progress: 89500/99464 frames (90.0%)
      Progress: 90000/99464 frames (90.5%)
      Progress: 90500/99464 frames (91.0%)
      Progress: 91000/99464 frames (91.5%)
      Progress: 91500/99464 frames (92.0%)
      Progress: 92000/99464 frames (92.5%)
      Progress: 92500/99464 frames (93.0%)
      Progress: 93000/99464 frames (93.5%)
      Progress: 93500/99464 frames (94.0%)
      Progress: 94000/99464 frames (94.5%)
      Progress: 94500/99464 frames (95.0%)
      Progress: 95000/99464 frames (95.5%)
      Progress: 95500/99464 frames (96.0%)
      Progress: 96000/99464 frames (96.5%)
      Progress: 96500/99464 frames (97.0%)
      Progress: 97000/99464 frames (97.5%)
      Progress: 97500/99464 frames (98.0%)
      Progress: 98000/99464 frames (98.5%)
      Progress: 98500/99464 frames (99.0%)
      Progress: 99000/99464 frames (99.5%)
      WARNING: 200 consecutive frame read failures
      Breaking loop at frame 99364/99464
      Frames successfully read: 99364
      Total missed frames: 200
      ---------------------------------------------------
      FRAME READING COMPLETE
      ---------------------------------------------------
      Expected frames: 99464
      Frames read: 99364
      Frames missing: 200
      WARNING: 200 frames could not be read!
      WARNING: Read fewer frames than expected (99364/99464)
      This may be due to video corruption or codec issues
      ---------------------------------------------------
      ---------------------------------------------------
      EXTRACTING FEATURES PER SECOND
      ---------------------------------------------------
      Processing 3979 seconds...
        Second 0/3979
        Second 100/3979
        Second 200/3979
        Second 300/3979
        Second 400/3979
        Second 500/3979
        Second 600/3979
        Second 700/3979
        Second 800/3979
        Second 900/3979
        Second 1000/3979
        Second 1100/3979
        Second 1200/3979
        Second 1300/3979
        Second 1400/3979
        Second 1500/3979
        Second 1600/3979
        Second 1700/3979
        Second 1800/3979
        Second 1900/3979
        Second 2000/3979
        Second 2100/3979
        Second 2200/3979
        Second 2300/3979
        Second 2400/3979
        Second 2500/3979
        Second 2600/3979
        Second 2700/3979
        Second 2800/3979
        Second 2900/3979
        Second 3000/3979
        Second 3100/3979
        Second 3200/3979
        Second 3300/3979
        Second 3400/3979
        Second 3500/3979
        Second 3600/3979
        Second 3700/3979
        Second 3800/3979
        Second 3900/3979
        WARNING: Second 3975 has no frames! Using zeros.
        WARNING: Second 3976 has no frames! Using zeros.
        WARNING: Second 3977 has no frames! Using zeros.
        WARNING: Second 3978 has no frames! Using zeros.
      ---------------------------------------------------
      FEATURE EXTRACTION COMPLETE
      ---------------------------------------------------
      Final features shape: (3979, 512)

[ID21]   Features extracted: (3979, 512)
[ID21] Step 2/3: Converting to multi-label format...
      CSV columns: ['start_time', 'end_time', 'licking', 'shaking']
      CSV shape: (3840, 4)
      Video seconds: 3979
      Total rows in CSV: 3840
      Valid rows (within video duration): 3840
      Label statistics:
        Licking only: 436
        Shaking only: 19
        Both (licking + shaking): 10
        Background (neither): 3514
[ID21] Step 3/3: Saving processed data...
[ID21]   Saved features: /data-8tb/nvaci/dataset/dataset_Stanford/FACT_method/preprocessed_data_multilabel_originalFPS/features/ID21.npy
[ID21]     Shape: (3979, 512)
[ID21]   Saved multi-labels: /data-8tb/nvaci/dataset/dataset_Stanford/FACT_method/preprocessed_data_multilabel_originalFPS/groundTruth/ID21.npy
[ID21]     Shape: (3979, 2)
[ID21] SUCCESS

================================================================================
Processing video 22/32: ID22
================================================================================
[ID22] Found label file: 25-021_ID22.csv
[ID22] Step 1/3: Extracting features...
      Opening video file...

      ===================================================
      VIDEO PROPERTIES
      ===================================================
      FPS detected: 25.00
      Clip length (auto): 25 frames
      Total frames: 98464
      Duration: 3938.56 seconds
      Expected seconds: 3939
      Frames per second: ~25.0
      ===================================================

      Using ORIGINAL FPS with per-second aggregation
      Aggregation method: mean
      ---------------------------------------------------
      READING ALL FRAMES FROM VIDEO (FAST MODE)
      ---------------------------------------------------
      Progress: 500/98464 frames (0.5%)
      Progress: 1000/98464 frames (1.0%)
      Progress: 1500/98464 frames (1.5%)
      Progress: 2000/98464 frames (2.0%)
      Progress: 2500/98464 frames (2.5%)
      Progress: 3000/98464 frames (3.0%)
      Progress: 3500/98464 frames (3.6%)
      Progress: 4000/98464 frames (4.1%)
      Progress: 4500/98464 frames (4.6%)
      Progress: 5000/98464 frames (5.1%)
      Progress: 5500/98464 frames (5.6%)
      Progress: 6000/98464 frames (6.1%)
      Progress: 6500/98464 frames (6.6%)
      Progress: 7000/98464 frames (7.1%)
      Progress: 7500/98464 frames (7.6%)
      Progress: 8000/98464 frames (8.1%)
      Progress: 8500/98464 frames (8.6%)
      Progress: 9000/98464 frames (9.1%)
      Progress: 9500/98464 frames (9.6%)
      Progress: 10000/98464 frames (10.2%)
      Progress: 10500/98464 frames (10.7%)
      Progress: 11000/98464 frames (11.2%)
      Progress: 11500/98464 frames (11.7%)
      Progress: 12000/98464 frames (12.2%)
      Progress: 12500/98464 frames (12.7%)
      Progress: 13000/98464 frames (13.2%)
      Progress: 13500/98464 frames (13.7%)
      Progress: 14000/98464 frames (14.2%)
      Progress: 14500/98464 frames (14.7%)
      Progress: 15000/98464 frames (15.2%)
      Progress: 15500/98464 frames (15.7%)
      Progress: 16000/98464 frames (16.2%)
      Progress: 16500/98464 frames (16.8%)
      Progress: 17000/98464 frames (17.3%)
      Progress: 17500/98464 frames (17.8%)
      Progress: 18000/98464 frames (18.3%)
      Progress: 18500/98464 frames (18.8%)
      Progress: 19000/98464 frames (19.3%)
      Progress: 19500/98464 frames (19.8%)
      Progress: 20000/98464 frames (20.3%)
      Progress: 20500/98464 frames (20.8%)
      Progress: 21000/98464 frames (21.3%)
      Progress: 21500/98464 frames (21.8%)
      Progress: 22000/98464 frames (22.3%)
      Progress: 22500/98464 frames (22.9%)
      Progress: 23000/98464 frames (23.4%)
      Progress: 23500/98464 frames (23.9%)
      Progress: 24000/98464 frames (24.4%)
      Progress: 24500/98464 frames (24.9%)
      Progress: 25000/98464 frames (25.4%)
      Progress: 25500/98464 frames (25.9%)
      Progress: 26000/98464 frames (26.4%)
      Progress: 26500/98464 frames (26.9%)
      Progress: 27000/98464 frames (27.4%)
      Progress: 27500/98464 frames (27.9%)
      Progress: 28000/98464 frames (28.4%)
      Progress: 28500/98464 frames (28.9%)
      Progress: 29000/98464 frames (29.5%)
      Progress: 29500/98464 frames (30.0%)
      Progress: 30000/98464 frames (30.5%)
      Progress: 30500/98464 frames (31.0%)
      Progress: 31000/98464 frames (31.5%)
      Progress: 31500/98464 frames (32.0%)
      Progress: 32000/98464 frames (32.5%)
      Progress: 32500/98464 frames (33.0%)
      Progress: 33000/98464 frames (33.5%)
      Progress: 33500/98464 frames (34.0%)
      Progress: 34000/98464 frames (34.5%)
      Progress: 34500/98464 frames (35.0%)
      Progress: 35000/98464 frames (35.5%)
      Progress: 35500/98464 frames (36.1%)
      Progress: 36000/98464 frames (36.6%)
      Progress: 36500/98464 frames (37.1%)
      Progress: 37000/98464 frames (37.6%)
      Progress: 37500/98464 frames (38.1%)
      Progress: 38000/98464 frames (38.6%)
      Progress: 38500/98464 frames (39.1%)
      Progress: 39000/98464 frames (39.6%)
      Progress: 39500/98464 frames (40.1%)
      Progress: 40000/98464 frames (40.6%)
      Progress: 40500/98464 frames (41.1%)
      Progress: 41000/98464 frames (41.6%)
      Progress: 41500/98464 frames (42.1%)
      Progress: 42000/98464 frames (42.7%)
      Progress: 42500/98464 frames (43.2%)
      Progress: 43000/98464 frames (43.7%)
      Progress: 43500/98464 frames (44.2%)
      Progress: 44000/98464 frames (44.7%)
      Progress: 44500/98464 frames (45.2%)
      Progress: 45000/98464 frames (45.7%)
      Progress: 45500/98464 frames (46.2%)
      Progress: 46000/98464 frames (46.7%)
      Progress: 46500/98464 frames (47.2%)
      Progress: 47000/98464 frames (47.7%)
      Progress: 47500/98464 frames (48.2%)
      Progress: 48000/98464 frames (48.7%)
      Progress: 48500/98464 frames (49.3%)
      Progress: 49000/98464 frames (49.8%)
      Progress: 49500/98464 frames (50.3%)
      Progress: 50000/98464 frames (50.8%)
      Progress: 50500/98464 frames (51.3%)
      Progress: 51000/98464 frames (51.8%)
      Progress: 51500/98464 frames (52.3%)
      Progress: 52000/98464 frames (52.8%)
      Progress: 52500/98464 frames (53.3%)
      Progress: 53000/98464 frames (53.8%)
      Progress: 53500/98464 frames (54.3%)
      Progress: 54000/98464 frames (54.8%)
      Progress: 54500/98464 frames (55.4%)
      Progress: 55000/98464 frames (55.9%)
      Progress: 55500/98464 frames (56.4%)
      Progress: 56000/98464 frames (56.9%)
      Progress: 56500/98464 frames (57.4%)
      Progress: 57000/98464 frames (57.9%)
      Progress: 57500/98464 frames (58.4%)
      Progress: 58000/98464 frames (58.9%)
      Progress: 58500/98464 frames (59.4%)
      Progress: 59000/98464 frames (59.9%)
      Progress: 59500/98464 frames (60.4%)
      Progress: 60000/98464 frames (60.9%)
      Progress: 60500/98464 frames (61.4%)
      Progress: 61000/98464 frames (62.0%)
      Progress: 61500/98464 frames (62.5%)
      Progress: 62000/98464 frames (63.0%)
      Progress: 62500/98464 frames (63.5%)
      Progress: 63000/98464 frames (64.0%)
      Progress: 63500/98464 frames (64.5%)
      Progress: 64000/98464 frames (65.0%)
      Progress: 64500/98464 frames (65.5%)
      Progress: 65000/98464 frames (66.0%)
      Progress: 65500/98464 frames (66.5%)
      Progress: 66000/98464 frames (67.0%)
      Progress: 66500/98464 frames (67.5%)
      Progress: 67000/98464 frames (68.0%)
      Progress: 67500/98464 frames (68.6%)
      Progress: 68000/98464 frames (69.1%)
      Progress: 68500/98464 frames (69.6%)
      Progress: 69000/98464 frames (70.1%)
      Progress: 69500/98464 frames (70.6%)
      Progress: 70000/98464 frames (71.1%)
      Progress: 70500/98464 frames (71.6%)
      Progress: 71000/98464 frames (72.1%)
      Progress: 71500/98464 frames (72.6%)
      Progress: 72000/98464 frames (73.1%)
      Progress: 72500/98464 frames (73.6%)
      Progress: 73000/98464 frames (74.1%)
      Progress: 73500/98464 frames (74.6%)
      Progress: 74000/98464 frames (75.2%)
      Progress: 74500/98464 frames (75.7%)
      Progress: 75000/98464 frames (76.2%)
      Progress: 75500/98464 frames (76.7%)
      Progress: 76000/98464 frames (77.2%)
      Progress: 76500/98464 frames (77.7%)
      Progress: 77000/98464 frames (78.2%)
      Progress: 77500/98464 frames (78.7%)
      Progress: 78000/98464 frames (79.2%)
      Progress: 78500/98464 frames (79.7%)
      Progress: 79000/98464 frames (80.2%)
      Progress: 79500/98464 frames (80.7%)
      Progress: 80000/98464 frames (81.2%)
      Progress: 80500/98464 frames (81.8%)
      Progress: 81000/98464 frames (82.3%)
      Progress: 81500/98464 frames (82.8%)
      Progress: 82000/98464 frames (83.3%)
      Progress: 82500/98464 frames (83.8%)
      Progress: 83000/98464 frames (84.3%)
      Progress: 83500/98464 frames (84.8%)
      Progress: 84000/98464 frames (85.3%)
      Progress: 84500/98464 frames (85.8%)
      Progress: 85000/98464 frames (86.3%)
      Progress: 85500/98464 frames (86.8%)
      Progress: 86000/98464 frames (87.3%)
      Progress: 86500/98464 frames (87.8%)
      Progress: 87000/98464 frames (88.4%)
      Progress: 87500/98464 frames (88.9%)
      Progress: 88000/98464 frames (89.4%)
      Progress: 88500/98464 frames (89.9%)
      Progress: 89000/98464 frames (90.4%)
      Progress: 89500/98464 frames (90.9%)
      Progress: 90000/98464 frames (91.4%)
      Progress: 90500/98464 frames (91.9%)
      Progress: 91000/98464 frames (92.4%)
      Progress: 91500/98464 frames (92.9%)
      Progress: 92000/98464 frames (93.4%)
      Progress: 92500/98464 frames (93.9%)
      Progress: 93000/98464 frames (94.5%)
      Progress: 93500/98464 frames (95.0%)
      Progress: 94000/98464 frames (95.5%)
      Progress: 94500/98464 frames (96.0%)
      Progress: 95000/98464 frames (96.5%)
      Progress: 95500/98464 frames (97.0%)
      Progress: 96000/98464 frames (97.5%)
      Progress: 96500/98464 frames (98.0%)
      Progress: 97000/98464 frames (98.5%)
      Progress: 97500/98464 frames (99.0%)
      Progress: 98000/98464 frames (99.5%)
      WARNING: 200 consecutive frame read failures
      Breaking loop at frame 98389/98464
      Frames successfully read: 98389
      Total missed frames: 200
      ---------------------------------------------------
      FRAME READING COMPLETE
      ---------------------------------------------------
      Expected frames: 98464
      Frames read: 98389
      Frames missing: 200
      WARNING: 200 frames could not be read!
      WARNING: Read fewer frames than expected (98389/98464)
      This may be due to video corruption or codec issues
      ---------------------------------------------------
      ---------------------------------------------------
      EXTRACTING FEATURES PER SECOND
      ---------------------------------------------------
      Processing 3939 seconds...
        Second 0/3939
        Second 100/3939
        Second 200/3939
        Second 300/3939
        Second 400/3939
        Second 500/3939
        Second 600/3939
        Second 700/3939
        Second 800/3939
        Second 900/3939
        Second 1000/3939
        Second 1100/3939
        Second 1200/3939
        Second 1300/3939
        Second 1400/3939
        Second 1500/3939
        Second 1600/3939
        Second 1700/3939
        Second 1800/3939
        Second 1900/3939
        Second 2000/3939
        Second 2100/3939
        Second 2200/3939
        Second 2300/3939
        Second 2400/3939
        Second 2500/3939
        Second 2600/3939
        Second 2700/3939
        Second 2800/3939
        Second 2900/3939
        Second 3000/3939
        Second 3100/3939
        Second 3200/3939
        Second 3300/3939
        Second 3400/3939
        Second 3500/3939
        Second 3600/3939
        Second 3700/3939
        Second 3800/3939
        Second 3900/3939
        WARNING: Second 3936 has no frames! Using zeros.
        WARNING: Second 3937 has no frames! Using zeros.
        WARNING: Second 3938 has no frames! Using zeros.
      ---------------------------------------------------
      FEATURE EXTRACTION COMPLETE
      ---------------------------------------------------
      Final features shape: (3939, 512)

[ID22]   Features extracted: (3939, 512)
[ID22] Step 2/3: Converting to multi-label format...
      CSV columns: ['start_time', 'end_time', 'licking', 'shaking']
      CSV shape: (3840, 4)
      Video seconds: 3939
      Total rows in CSV: 3840
      Valid rows (within video duration): 3840
      Label statistics:
        Licking only: 895
        Shaking only: 11
        Both (licking + shaking): 2
        Background (neither): 3031
[ID22] Step 3/3: Saving processed data...
[ID22]   Saved features: /data-8tb/nvaci/dataset/dataset_Stanford/FACT_method/preprocessed_data_multilabel_originalFPS/features/ID22.npy
[ID22]     Shape: (3939, 512)
[ID22]   Saved multi-labels: /data-8tb/nvaci/dataset/dataset_Stanford/FACT_method/preprocessed_data_multilabel_originalFPS/groundTruth/ID22.npy
[ID22]     Shape: (3939, 2)
[ID22] SUCCESS

================================================================================
Processing video 23/32: ID23
================================================================================
[ID23] Found label file: 25-021_ID23.csv
[ID23] Step 1/3: Extracting features...
      Opening video file...

      ===================================================
      VIDEO PROPERTIES
      ===================================================
      FPS detected: 25.00
      Clip length (auto): 25 frames
      Total frames: 97464
      Duration: 3898.56 seconds
      Expected seconds: 3899
      Frames per second: ~25.0
      ===================================================

      Using ORIGINAL FPS with per-second aggregation
      Aggregation method: mean
      ---------------------------------------------------
      READING ALL FRAMES FROM VIDEO (FAST MODE)
      ---------------------------------------------------
      Progress: 500/97464 frames (0.5%)
      Progress: 1000/97464 frames (1.0%)
      Progress: 1500/97464 frames (1.5%)
      Progress: 2000/97464 frames (2.1%)
      Progress: 2500/97464 frames (2.6%)
      Progress: 3000/97464 frames (3.1%)
      Progress: 3500/97464 frames (3.6%)
      Progress: 4000/97464 frames (4.1%)
      Progress: 4500/97464 frames (4.6%)
      Progress: 5000/97464 frames (5.1%)
      Progress: 5500/97464 frames (5.6%)
      Progress: 6000/97464 frames (6.2%)
      Progress: 6500/97464 frames (6.7%)
      Progress: 7000/97464 frames (7.2%)
      Progress: 7500/97464 frames (7.7%)
      Progress: 8000/97464 frames (8.2%)
      Progress: 8500/97464 frames (8.7%)
      Progress: 9000/97464 frames (9.2%)
      Progress: 9500/97464 frames (9.7%)
      Progress: 10000/97464 frames (10.3%)
      Progress: 10500/97464 frames (10.8%)
      Progress: 11000/97464 frames (11.3%)
      Progress: 11500/97464 frames (11.8%)
      Progress: 12000/97464 frames (12.3%)
      Progress: 12500/97464 frames (12.8%)
      Progress: 13000/97464 frames (13.3%)
      Progress: 13500/97464 frames (13.9%)
      Progress: 14000/97464 frames (14.4%)
      Progress: 14500/97464 frames (14.9%)
      Progress: 15000/97464 frames (15.4%)
      Progress: 15500/97464 frames (15.9%)
      Progress: 16000/97464 frames (16.4%)
      Progress: 16500/97464 frames (16.9%)
      Progress: 17000/97464 frames (17.4%)
      Progress: 17500/97464 frames (18.0%)
      Progress: 18000/97464 frames (18.5%)
      Progress: 18500/97464 frames (19.0%)
      Progress: 19000/97464 frames (19.5%)
      Progress: 19500/97464 frames (20.0%)
      Progress: 20000/97464 frames (20.5%)
      Progress: 20500/97464 frames (21.0%)
      Progress: 21000/97464 frames (21.5%)
      Progress: 21500/97464 frames (22.1%)
      Progress: 22000/97464 frames (22.6%)
      Progress: 22500/97464 frames (23.1%)
      Progress: 23000/97464 frames (23.6%)
      Progress: 23500/97464 frames (24.1%)
      Progress: 24000/97464 frames (24.6%)
      Progress: 24500/97464 frames (25.1%)
      Progress: 25000/97464 frames (25.7%)
      Progress: 25500/97464 frames (26.2%)
      Progress: 26000/97464 frames (26.7%)
      Progress: 26500/97464 frames (27.2%)
      Progress: 27000/97464 frames (27.7%)
      Progress: 27500/97464 frames (28.2%)
      Progress: 28000/97464 frames (28.7%)
      Progress: 28500/97464 frames (29.2%)
      Progress: 29000/97464 frames (29.8%)
      Progress: 29500/97464 frames (30.3%)
      Progress: 30000/97464 frames (30.8%)
      Progress: 30500/97464 frames (31.3%)
      Progress: 31000/97464 frames (31.8%)
      Progress: 31500/97464 frames (32.3%)
      Progress: 32000/97464 frames (32.8%)
      Progress: 32500/97464 frames (33.3%)
      Progress: 33000/97464 frames (33.9%)
      Progress: 33500/97464 frames (34.4%)
      Progress: 34000/97464 frames (34.9%)
      Progress: 34500/97464 frames (35.4%)
      Progress: 35000/97464 frames (35.9%)
      Progress: 35500/97464 frames (36.4%)
      Progress: 36000/97464 frames (36.9%)
      Progress: 36500/97464 frames (37.4%)
      Progress: 37000/97464 frames (38.0%)
      Progress: 37500/97464 frames (38.5%)
      Progress: 38000/97464 frames (39.0%)
      Progress: 38500/97464 frames (39.5%)
      Progress: 39000/97464 frames (40.0%)
      Progress: 39500/97464 frames (40.5%)
      Progress: 40000/97464 frames (41.0%)
      Progress: 40500/97464 frames (41.6%)
      Progress: 41000/97464 frames (42.1%)
      Progress: 41500/97464 frames (42.6%)
      Progress: 42000/97464 frames (43.1%)
      Progress: 42500/97464 frames (43.6%)
      Progress: 43000/97464 frames (44.1%)
      Progress: 43500/97464 frames (44.6%)
      Progress: 44000/97464 frames (45.1%)
      Progress: 44500/97464 frames (45.7%)
      Progress: 45000/97464 frames (46.2%)
      Progress: 45500/97464 frames (46.7%)
      Progress: 46000/97464 frames (47.2%)
      Progress: 46500/97464 frames (47.7%)
      Progress: 47000/97464 frames (48.2%)
      Progress: 47500/97464 frames (48.7%)
      Progress: 48000/97464 frames (49.2%)
      Progress: 48500/97464 frames (49.8%)
      Progress: 49000/97464 frames (50.3%)
      Progress: 49500/97464 frames (50.8%)
      Progress: 50000/97464 frames (51.3%)
      Progress: 50500/97464 frames (51.8%)
      Progress: 51000/97464 frames (52.3%)
      Progress: 51500/97464 frames (52.8%)
      Progress: 52000/97464 frames (53.4%)
      Progress: 52500/97464 frames (53.9%)
      Progress: 53000/97464 frames (54.4%)
      Progress: 53500/97464 frames (54.9%)
      Progress: 54000/97464 frames (55.4%)
      Progress: 54500/97464 frames (55.9%)
      Progress: 55000/97464 frames (56.4%)
      Progress: 55500/97464 frames (56.9%)
      Progress: 56000/97464 frames (57.5%)
      Progress: 56500/97464 frames (58.0%)
      Progress: 57000/97464 frames (58.5%)
      Progress: 57500/97464 frames (59.0%)
      Progress: 58000/97464 frames (59.5%)
      Progress: 58500/97464 frames (60.0%)
      Progress: 59000/97464 frames (60.5%)
      Progress: 59500/97464 frames (61.0%)
      Progress: 60000/97464 frames (61.6%)
      Progress: 60500/97464 frames (62.1%)
      Progress: 61000/97464 frames (62.6%)
      Progress: 61500/97464 frames (63.1%)
      Progress: 62000/97464 frames (63.6%)
      Progress: 62500/97464 frames (64.1%)
      Progress: 63000/97464 frames (64.6%)
      Progress: 63500/97464 frames (65.2%)
      Progress: 64000/97464 frames (65.7%)
      Progress: 64500/97464 frames (66.2%)
      Progress: 65000/97464 frames (66.7%)
      Progress: 65500/97464 frames (67.2%)
      Progress: 66000/97464 frames (67.7%)
      Progress: 66500/97464 frames (68.2%)
      Progress: 67000/97464 frames (68.7%)
      Progress: 67500/97464 frames (69.3%)
      Progress: 68000/97464 frames (69.8%)
      Progress: 68500/97464 frames (70.3%)
      Progress: 69000/97464 frames (70.8%)
      Progress: 69500/97464 frames (71.3%)
      Progress: 70000/97464 frames (71.8%)
      Progress: 70500/97464 frames (72.3%)
      Progress: 71000/97464 frames (72.8%)
      Progress: 71500/97464 frames (73.4%)
      Progress: 72000/97464 frames (73.9%)
      Progress: 72500/97464 frames (74.4%)
      Progress: 73000/97464 frames (74.9%)
      Progress: 73500/97464 frames (75.4%)
      Progress: 74000/97464 frames (75.9%)
      Progress: 74500/97464 frames (76.4%)
      Progress: 75000/97464 frames (77.0%)
      Progress: 75500/97464 frames (77.5%)
      Progress: 76000/97464 frames (78.0%)
      Progress: 76500/97464 frames (78.5%)
      Progress: 77000/97464 frames (79.0%)
      Progress: 77500/97464 frames (79.5%)
      Progress: 78000/97464 frames (80.0%)
      Progress: 78500/97464 frames (80.5%)
      Progress: 79000/97464 frames (81.1%)
      Progress: 79500/97464 frames (81.6%)
      Progress: 80000/97464 frames (82.1%)
      Progress: 80500/97464 frames (82.6%)
      Progress: 81000/97464 frames (83.1%)
      Progress: 81500/97464 frames (83.6%)
      Progress: 82000/97464 frames (84.1%)
      Progress: 82500/97464 frames (84.6%)
      Progress: 83000/97464 frames (85.2%)
      Progress: 83500/97464 frames (85.7%)
      Progress: 84000/97464 frames (86.2%)
      Progress: 84500/97464 frames (86.7%)
      Progress: 85000/97464 frames (87.2%)
      Progress: 85500/97464 frames (87.7%)
      Progress: 86000/97464 frames (88.2%)
      Progress: 86500/97464 frames (88.8%)
      Progress: 87000/97464 frames (89.3%)
      Progress: 87500/97464 frames (89.8%)
      Progress: 88000/97464 frames (90.3%)
      Progress: 88500/97464 frames (90.8%)
      Progress: 89000/97464 frames (91.3%)
      Progress: 89500/97464 frames (91.8%)
      Progress: 90000/97464 frames (92.3%)
      Progress: 90500/97464 frames (92.9%)
      Progress: 91000/97464 frames (93.4%)
      Progress: 91500/97464 frames (93.9%)
      Progress: 92000/97464 frames (94.4%)
      Progress: 92500/97464 frames (94.9%)
      Progress: 93000/97464 frames (95.4%)
      Progress: 93500/97464 frames (95.9%)
      Progress: 94000/97464 frames (96.4%)
      Progress: 94500/97464 frames (97.0%)
      Progress: 95000/97464 frames (97.5%)
      Progress: 95500/97464 frames (98.0%)
      Progress: 96000/97464 frames (98.5%)
      Progress: 96500/97464 frames (99.0%)
      Progress: 97000/97464 frames (99.5%)
      WARNING: 200 consecutive frame read failures
      Breaking loop at frame 97314/97464
      Frames successfully read: 97314
      Total missed frames: 200
      ---------------------------------------------------
      FRAME READING COMPLETE
      ---------------------------------------------------
      Expected frames: 97464
      Frames read: 97314
      Frames missing: 200
      WARNING: 200 frames could not be read!
      WARNING: Read fewer frames than expected (97314/97464)
      This may be due to video corruption or codec issues
      ---------------------------------------------------
      ---------------------------------------------------
      EXTRACTING FEATURES PER SECOND
      ---------------------------------------------------
      Processing 3899 seconds...
        Second 0/3899
        Second 100/3899
        Second 200/3899
        Second 300/3899
        Second 400/3899
        Second 500/3899
        Second 600/3899
        Second 700/3899
        Second 800/3899
        Second 900/3899
        Second 1000/3899
        Second 1100/3899
        Second 1200/3899
        Second 1300/3899
        Second 1400/3899
        Second 1500/3899
        Second 1600/3899
        Second 1700/3899
        Second 1800/3899
        Second 1900/3899
        Second 2000/3899
        Second 2100/3899
        Second 2200/3899
        Second 2300/3899
        Second 2400/3899
        Second 2500/3899
        Second 2600/3899
        Second 2700/3899
        Second 2800/3899
        Second 2900/3899
        Second 3000/3899
        Second 3100/3899
        Second 3200/3899
        Second 3300/3899
        Second 3400/3899
        Second 3500/3899
        Second 3600/3899
        Second 3700/3899
        Second 3800/3899
        WARNING: Second 3893 has no frames! Using zeros.
        WARNING: Second 3894 has no frames! Using zeros.
        WARNING: Second 3895 has no frames! Using zeros.
        WARNING: Second 3896 has no frames! Using zeros.
        WARNING: Second 3897 has no frames! Using zeros.
        WARNING: Second 3898 has no frames! Using zeros.
      ---------------------------------------------------
      FEATURE EXTRACTION COMPLETE
      ---------------------------------------------------
      Final features shape: (3899, 512)

[ID23]   Features extracted: (3899, 512)
[ID23] Step 2/3: Converting to multi-label format...
      CSV columns: ['start_time', 'end_time', 'licking', 'shaking']
      CSV shape: (3840, 4)
      Video seconds: 3899
      Total rows in CSV: 3840
      Valid rows (within video duration): 3840
      Label statistics:
        Licking only: 1079
        Shaking only: 38
        Both (licking + shaking): 13
        Background (neither): 2769
[ID23] Step 3/3: Saving processed data...
[ID23]   Saved features: /data-8tb/nvaci/dataset/dataset_Stanford/FACT_method/preprocessed_data_multilabel_originalFPS/features/ID23.npy
[ID23]     Shape: (3899, 512)
[ID23]   Saved multi-labels: /data-8tb/nvaci/dataset/dataset_Stanford/FACT_method/preprocessed_data_multilabel_originalFPS/groundTruth/ID23.npy
[ID23]     Shape: (3899, 2)
[ID23] SUCCESS

================================================================================
Processing video 24/32: ID24
================================================================================
[ID24] Found label file: 25-021_ID24.csv
[ID24] Step 1/3: Extracting features...
      Opening video file...

      ===================================================
      VIDEO PROPERTIES
      ===================================================
      FPS detected: 25.00
      Clip length (auto): 25 frames
      Total frames: 96228
      Duration: 3849.12 seconds
      Expected seconds: 3850
      Frames per second: ~25.0
      ===================================================

      Using ORIGINAL FPS with per-second aggregation
      Aggregation method: mean
      ---------------------------------------------------
      READING ALL FRAMES FROM VIDEO (FAST MODE)
      ---------------------------------------------------
      Progress: 500/96228 frames (0.5%)
      Progress: 1000/96228 frames (1.0%)
      Progress: 1500/96228 frames (1.6%)
      Progress: 2000/96228 frames (2.1%)
      Progress: 2500/96228 frames (2.6%)
      Progress: 3000/96228 frames (3.1%)
      Progress: 3500/96228 frames (3.6%)
      Progress: 4000/96228 frames (4.2%)
      Progress: 4500/96228 frames (4.7%)
      Progress: 5000/96228 frames (5.2%)
      Progress: 5500/96228 frames (5.7%)
      Progress: 6000/96228 frames (6.2%)
      Progress: 6500/96228 frames (6.8%)
      Progress: 7000/96228 frames (7.3%)
      Progress: 7500/96228 frames (7.8%)
      Progress: 8000/96228 frames (8.3%)
      Progress: 8500/96228 frames (8.8%)
      Progress: 9000/96228 frames (9.4%)
      Progress: 9500/96228 frames (9.9%)
      Progress: 10000/96228 frames (10.4%)
      Progress: 10500/96228 frames (10.9%)
      Progress: 11000/96228 frames (11.4%)
      Progress: 11500/96228 frames (12.0%)
      Progress: 12000/96228 frames (12.5%)
      Progress: 12500/96228 frames (13.0%)
      Progress: 13000/96228 frames (13.5%)
      Progress: 13500/96228 frames (14.0%)
      Progress: 14000/96228 frames (14.5%)
      Progress: 14500/96228 frames (15.1%)
      Progress: 15000/96228 frames (15.6%)
      Progress: 15500/96228 frames (16.1%)
      Progress: 16000/96228 frames (16.6%)
      Progress: 16500/96228 frames (17.1%)
      Progress: 17000/96228 frames (17.7%)
      Progress: 17500/96228 frames (18.2%)
      Progress: 18000/96228 frames (18.7%)
      Progress: 18500/96228 frames (19.2%)
      Progress: 19000/96228 frames (19.7%)
      Progress: 19500/96228 frames (20.3%)
      Progress: 20000/96228 frames (20.8%)
      Progress: 20500/96228 frames (21.3%)
      Progress: 21000/96228 frames (21.8%)
      Progress: 21500/96228 frames (22.3%)
      Progress: 22000/96228 frames (22.9%)
      Progress: 22500/96228 frames (23.4%)
      Progress: 23000/96228 frames (23.9%)
      Progress: 23500/96228 frames (24.4%)
      Progress: 24000/96228 frames (24.9%)
      Progress: 24500/96228 frames (25.5%)
      Progress: 25000/96228 frames (26.0%)
      Progress: 25500/96228 frames (26.5%)
      Progress: 26000/96228 frames (27.0%)
      Progress: 26500/96228 frames (27.5%)
      Progress: 27000/96228 frames (28.1%)
      Progress: 27500/96228 frames (28.6%)
      Progress: 28000/96228 frames (29.1%)
      Progress: 28500/96228 frames (29.6%)
      Progress: 29000/96228 frames (30.1%)
      Progress: 29500/96228 frames (30.7%)
      Progress: 30000/96228 frames (31.2%)
      Progress: 30500/96228 frames (31.7%)
      Progress: 31000/96228 frames (32.2%)
      Progress: 31500/96228 frames (32.7%)
      Progress: 32000/96228 frames (33.3%)
      Progress: 32500/96228 frames (33.8%)
      Progress: 33000/96228 frames (34.3%)
      Progress: 33500/96228 frames (34.8%)
      Progress: 34000/96228 frames (35.3%)
      Progress: 34500/96228 frames (35.9%)
      Progress: 35000/96228 frames (36.4%)
      Progress: 35500/96228 frames (36.9%)
      Progress: 36000/96228 frames (37.4%)
      Progress: 36500/96228 frames (37.9%)
      Progress: 37000/96228 frames (38.5%)
      Progress: 37500/96228 frames (39.0%)
      Progress: 38000/96228 frames (39.5%)
      Progress: 38500/96228 frames (40.0%)
      Progress: 39000/96228 frames (40.5%)
      Progress: 39500/96228 frames (41.0%)
      Progress: 40000/96228 frames (41.6%)
      Progress: 40500/96228 frames (42.1%)
      Progress: 41000/96228 frames (42.6%)
      Progress: 41500/96228 frames (43.1%)
      Progress: 42000/96228 frames (43.6%)
      Progress: 42500/96228 frames (44.2%)
      Progress: 43000/96228 frames (44.7%)
      Progress: 43500/96228 frames (45.2%)
      Progress: 44000/96228 frames (45.7%)
      Progress: 44500/96228 frames (46.2%)
      Progress: 45000/96228 frames (46.8%)
      Progress: 45500/96228 frames (47.3%)
      Progress: 46000/96228 frames (47.8%)
      Progress: 46500/96228 frames (48.3%)
      Progress: 47000/96228 frames (48.8%)
      Progress: 47500/96228 frames (49.4%)
      Progress: 48000/96228 frames (49.9%)
      Progress: 48500/96228 frames (50.4%)
      Progress: 49000/96228 frames (50.9%)
      Progress: 49500/96228 frames (51.4%)
      Progress: 50000/96228 frames (52.0%)
      Progress: 50500/96228 frames (52.5%)
      Progress: 51000/96228 frames (53.0%)
      Progress: 51500/96228 frames (53.5%)
      Progress: 52000/96228 frames (54.0%)
      Progress: 52500/96228 frames (54.6%)
      Progress: 53000/96228 frames (55.1%)
      Progress: 53500/96228 frames (55.6%)
      Progress: 54000/96228 frames (56.1%)
      Progress: 54500/96228 frames (56.6%)
      Progress: 55000/96228 frames (57.2%)
      Progress: 55500/96228 frames (57.7%)
      Progress: 56000/96228 frames (58.2%)
      Progress: 56500/96228 frames (58.7%)
      Progress: 57000/96228 frames (59.2%)
      Progress: 57500/96228 frames (59.8%)
      Progress: 58000/96228 frames (60.3%)
      Progress: 58500/96228 frames (60.8%)
      Progress: 59000/96228 frames (61.3%)
      Progress: 59500/96228 frames (61.8%)
      Progress: 60000/96228 frames (62.4%)
      Progress: 60500/96228 frames (62.9%)
      Progress: 61000/96228 frames (63.4%)
      Progress: 61500/96228 frames (63.9%)
      Progress: 62000/96228 frames (64.4%)
      Progress: 62500/96228 frames (64.9%)
      Progress: 63000/96228 frames (65.5%)
      Progress: 63500/96228 frames (66.0%)
      Progress: 64000/96228 frames (66.5%)
      Progress: 64500/96228 frames (67.0%)
      Progress: 65000/96228 frames (67.5%)
      Progress: 65500/96228 frames (68.1%)
      Progress: 66000/96228 frames (68.6%)
      Progress: 66500/96228 frames (69.1%)
      Progress: 67000/96228 frames (69.6%)
      Progress: 67500/96228 frames (70.1%)
      Progress: 68000/96228 frames (70.7%)
      Progress: 68500/96228 frames (71.2%)
      Progress: 69000/96228 frames (71.7%)
      Progress: 69500/96228 frames (72.2%)
      Progress: 70000/96228 frames (72.7%)
      Progress: 70500/96228 frames (73.3%)
      Progress: 71000/96228 frames (73.8%)
      Progress: 71500/96228 frames (74.3%)
      Progress: 72000/96228 frames (74.8%)
      Progress: 72500/96228 frames (75.3%)
      Progress: 73000/96228 frames (75.9%)
      Progress: 73500/96228 frames (76.4%)
      Progress: 74000/96228 frames (76.9%)
      Progress: 74500/96228 frames (77.4%)
      Progress: 75000/96228 frames (77.9%)
      Progress: 75500/96228 frames (78.5%)
      Progress: 76000/96228 frames (79.0%)
      Progress: 76500/96228 frames (79.5%)
      Progress: 77000/96228 frames (80.0%)
      Progress: 77500/96228 frames (80.5%)
      Progress: 78000/96228 frames (81.1%)
      Progress: 78500/96228 frames (81.6%)
      Progress: 79000/96228 frames (82.1%)
      Progress: 79500/96228 frames (82.6%)
      Progress: 80000/96228 frames (83.1%)
      Progress: 80500/96228 frames (83.7%)
      Progress: 81000/96228 frames (84.2%)
      Progress: 81500/96228 frames (84.7%)
      Progress: 82000/96228 frames (85.2%)
      Progress: 82500/96228 frames (85.7%)
      Progress: 83000/96228 frames (86.3%)
      Progress: 83500/96228 frames (86.8%)
      Progress: 84000/96228 frames (87.3%)
      Progress: 84500/96228 frames (87.8%)
      Progress: 85000/96228 frames (88.3%)
      Progress: 85500/96228 frames (88.9%)
      Progress: 86000/96228 frames (89.4%)
      Progress: 86500/96228 frames (89.9%)
      Progress: 87000/96228 frames (90.4%)
      Progress: 87500/96228 frames (90.9%)
      Progress: 88000/96228 frames (91.4%)
      Progress: 88500/96228 frames (92.0%)
      Progress: 89000/96228 frames (92.5%)
      Progress: 89500/96228 frames (93.0%)
      Progress: 90000/96228 frames (93.5%)
      Progress: 90500/96228 frames (94.0%)
      Progress: 91000/96228 frames (94.6%)
      Progress: 91500/96228 frames (95.1%)
      Progress: 92000/96228 frames (95.6%)
      Progress: 92500/96228 frames (96.1%)
      Progress: 93000/96228 frames (96.6%)
      Progress: 93500/96228 frames (97.2%)
      Progress: 94000/96228 frames (97.7%)
      Progress: 94500/96228 frames (98.2%)
      Progress: 95000/96228 frames (98.7%)
      Progress: 95500/96228 frames (99.2%)
      Progress: 96000/96228 frames (99.8%)
      WARNING: 200 consecutive frame read failures
      Breaking loop at frame 96139/96228
      Frames successfully read: 96139
      Total missed frames: 200
      ---------------------------------------------------
      FRAME READING COMPLETE
      ---------------------------------------------------
      Expected frames: 96228
      Frames read: 96139
      Frames missing: 200
      WARNING: 200 frames could not be read!
      WARNING: Read fewer frames than expected (96139/96228)
      This may be due to video corruption or codec issues
      ---------------------------------------------------
      ---------------------------------------------------
      EXTRACTING FEATURES PER SECOND
      ---------------------------------------------------
      Processing 3850 seconds...
        Second 0/3850
        Second 100/3850
        Second 200/3850
        Second 300/3850
        Second 400/3850
        Second 500/3850
        Second 600/3850
        Second 700/3850
        Second 800/3850
        Second 900/3850
        Second 1000/3850
        Second 1100/3850
        Second 1200/3850
        Second 1300/3850
        Second 1400/3850
        Second 1500/3850
        Second 1600/3850
        Second 1700/3850
        Second 1800/3850
        Second 1900/3850
        Second 2000/3850
        Second 2100/3850
        Second 2200/3850
        Second 2300/3850
        Second 2400/3850
        Second 2500/3850
        Second 2600/3850
        Second 2700/3850
        Second 2800/3850
        Second 2900/3850
        Second 3000/3850
        Second 3100/3850
        Second 3200/3850
        Second 3300/3850
        Second 3400/3850
        Second 3500/3850
        Second 3600/3850
        Second 3700/3850
        Second 3800/3850
        WARNING: Second 3846 has no frames! Using zeros.
        WARNING: Second 3847 has no frames! Using zeros.
        WARNING: Second 3848 has no frames! Using zeros.
        WARNING: Second 3849 has no frames! Using zeros.
      ---------------------------------------------------
      FEATURE EXTRACTION COMPLETE
      ---------------------------------------------------
      Final features shape: (3850, 512)

[ID24]   Features extracted: (3850, 512)
[ID24] Step 2/3: Converting to multi-label format...
      CSV columns: ['start_time', 'end_time', 'licking', 'shaking']
      CSV shape: (3840, 4)
      Video seconds: 3850
      Total rows in CSV: 3840
      Valid rows (within video duration): 3840
      Label statistics:
        Licking only: 839
        Shaking only: 20
        Both (licking + shaking): 12
        Background (neither): 2979
[ID24] Step 3/3: Saving processed data...
[ID24]   Saved features: /data-8tb/nvaci/dataset/dataset_Stanford/FACT_method/preprocessed_data_multilabel_originalFPS/features/ID24.npy
[ID24]     Shape: (3850, 512)
[ID24]   Saved multi-labels: /data-8tb/nvaci/dataset/dataset_Stanford/FACT_method/preprocessed_data_multilabel_originalFPS/groundTruth/ID24.npy
[ID24]     Shape: (3850, 2)
[ID24] SUCCESS

================================================================================
Processing video 25/32: ID25
================================================================================
[ID25] Found label file: 25-021_ID25.csv
[ID25] Step 1/3: Extracting features...
      Opening video file...

      ===================================================
      VIDEO PROPERTIES
      ===================================================
      FPS detected: 25.00
      Clip length (auto): 25 frames
      Total frames: 100409
      Duration: 4016.36 seconds
      Expected seconds: 4017
      Frames per second: ~25.0
      ===================================================

      Using ORIGINAL FPS with per-second aggregation
      Aggregation method: mean
      ---------------------------------------------------
      READING ALL FRAMES FROM VIDEO (FAST MODE)
      ---------------------------------------------------
      Progress: 500/100409 frames (0.5%)
      Progress: 1000/100409 frames (1.0%)
      Progress: 1500/100409 frames (1.5%)
      Progress: 2000/100409 frames (2.0%)
      Progress: 2500/100409 frames (2.5%)
      Progress: 3000/100409 frames (3.0%)
      Progress: 3500/100409 frames (3.5%)
      Progress: 4000/100409 frames (4.0%)
      Progress: 4500/100409 frames (4.5%)
      Progress: 5000/100409 frames (5.0%)
      Progress: 5500/100409 frames (5.5%)
      Progress: 6000/100409 frames (6.0%)
      Progress: 6500/100409 frames (6.5%)
      Progress: 7000/100409 frames (7.0%)
      Progress: 7500/100409 frames (7.5%)
      Progress: 8000/100409 frames (8.0%)
      Progress: 8500/100409 frames (8.5%)
      Progress: 9000/100409 frames (9.0%)
      Progress: 9500/100409 frames (9.5%)
      Progress: 10000/100409 frames (10.0%)
      Progress: 10500/100409 frames (10.5%)
      Progress: 11000/100409 frames (11.0%)
      Progress: 11500/100409 frames (11.5%)
      Progress: 12000/100409 frames (12.0%)
      Progress: 12500/100409 frames (12.4%)
      Progress: 13000/100409 frames (12.9%)
      Progress: 13500/100409 frames (13.4%)
      Progress: 14000/100409 frames (13.9%)
      Progress: 14500/100409 frames (14.4%)
      Progress: 15000/100409 frames (14.9%)
      Progress: 15500/100409 frames (15.4%)
      Progress: 16000/100409 frames (15.9%)
      Progress: 16500/100409 frames (16.4%)
      Progress: 17000/100409 frames (16.9%)
      Progress: 17500/100409 frames (17.4%)
      Progress: 18000/100409 frames (17.9%)
      Progress: 18500/100409 frames (18.4%)
      Progress: 19000/100409 frames (18.9%)
      Progress: 19500/100409 frames (19.4%)
      Progress: 20000/100409 frames (19.9%)
      Progress: 20500/100409 frames (20.4%)
      Progress: 21000/100409 frames (20.9%)
      Progress: 21500/100409 frames (21.4%)
      Progress: 22000/100409 frames (21.9%)
      Progress: 22500/100409 frames (22.4%)
      Progress: 23000/100409 frames (22.9%)
      Progress: 23500/100409 frames (23.4%)
      Progress: 24000/100409 frames (23.9%)
      Progress: 24500/100409 frames (24.4%)
      Progress: 25000/100409 frames (24.9%)
      Progress: 25500/100409 frames (25.4%)
      Progress: 26000/100409 frames (25.9%)
      Progress: 26500/100409 frames (26.4%)
      Progress: 27000/100409 frames (26.9%)
      Progress: 27500/100409 frames (27.4%)
      Progress: 28000/100409 frames (27.9%)
      Progress: 28500/100409 frames (28.4%)
      Progress: 29000/100409 frames (28.9%)
      Progress: 29500/100409 frames (29.4%)
      Progress: 30000/100409 frames (29.9%)
      Progress: 30500/100409 frames (30.4%)
      Progress: 31000/100409 frames (30.9%)
      Progress: 31500/100409 frames (31.4%)
      Progress: 32000/100409 frames (31.9%)
      Progress: 32500/100409 frames (32.4%)
      Progress: 33000/100409 frames (32.9%)
      Progress: 33500/100409 frames (33.4%)
      Progress: 34000/100409 frames (33.9%)
      Progress: 34500/100409 frames (34.4%)
      Progress: 35000/100409 frames (34.9%)
      Progress: 35500/100409 frames (35.4%)
      Progress: 36000/100409 frames (35.9%)
      Progress: 36500/100409 frames (36.4%)
      Progress: 37000/100409 frames (36.8%)
      Progress: 37500/100409 frames (37.3%)
      Progress: 38000/100409 frames (37.8%)
      Progress: 38500/100409 frames (38.3%)
      Progress: 39000/100409 frames (38.8%)
      Progress: 39500/100409 frames (39.3%)
      Progress: 40000/100409 frames (39.8%)
      Progress: 40500/100409 frames (40.3%)
      Progress: 41000/100409 frames (40.8%)
      Progress: 41500/100409 frames (41.3%)
      Progress: 42000/100409 frames (41.8%)
      Progress: 42500/100409 frames (42.3%)
      Progress: 43000/100409 frames (42.8%)
      Progress: 43500/100409 frames (43.3%)
      Progress: 44000/100409 frames (43.8%)
      Progress: 44500/100409 frames (44.3%)
      Progress: 45000/100409 frames (44.8%)
      Progress: 45500/100409 frames (45.3%)
      Progress: 46000/100409 frames (45.8%)
      Progress: 46500/100409 frames (46.3%)
      Progress: 47000/100409 frames (46.8%)
      Progress: 47500/100409 frames (47.3%)
      Progress: 48000/100409 frames (47.8%)
      Progress: 48500/100409 frames (48.3%)
      Progress: 49000/100409 frames (48.8%)
      Progress: 49500/100409 frames (49.3%)
      Progress: 50000/100409 frames (49.8%)
      Progress: 50500/100409 frames (50.3%)
      Progress: 51000/100409 frames (50.8%)
      Progress: 51500/100409 frames (51.3%)
      Progress: 52000/100409 frames (51.8%)
      Progress: 52500/100409 frames (52.3%)
      Progress: 53000/100409 frames (52.8%)
      Progress: 53500/100409 frames (53.3%)
      Progress: 54000/100409 frames (53.8%)
      Progress: 54500/100409 frames (54.3%)
      Progress: 55000/100409 frames (54.8%)
      Progress: 55500/100409 frames (55.3%)
      Progress: 56000/100409 frames (55.8%)
      Progress: 56500/100409 frames (56.3%)
      Progress: 57000/100409 frames (56.8%)
      Progress: 57500/100409 frames (57.3%)
      Progress: 58000/100409 frames (57.8%)
      Progress: 58500/100409 frames (58.3%)
      Progress: 59000/100409 frames (58.8%)
      Progress: 59500/100409 frames (59.3%)
      Progress: 60000/100409 frames (59.8%)
      Progress: 60500/100409 frames (60.3%)
      Progress: 61000/100409 frames (60.8%)
      Progress: 61500/100409 frames (61.2%)
      Progress: 62000/100409 frames (61.7%)
      Progress: 62500/100409 frames (62.2%)
      Progress: 63000/100409 frames (62.7%)
      Progress: 63500/100409 frames (63.2%)
      Progress: 64000/100409 frames (63.7%)
      Progress: 64500/100409 frames (64.2%)
      Progress: 65000/100409 frames (64.7%)
      Progress: 65500/100409 frames (65.2%)
      Progress: 66000/100409 frames (65.7%)
      Progress: 66500/100409 frames (66.2%)
      Progress: 67000/100409 frames (66.7%)
      Progress: 67500/100409 frames (67.2%)
      Progress: 68000/100409 frames (67.7%)
      Progress: 68500/100409 frames (68.2%)
      Progress: 69000/100409 frames (68.7%)
      Progress: 69500/100409 frames (69.2%)
      Progress: 70000/100409 frames (69.7%)
      Progress: 70500/100409 frames (70.2%)
      Progress: 71000/100409 frames (70.7%)
      Progress: 71500/100409 frames (71.2%)
      Progress: 72000/100409 frames (71.7%)
      Progress: 72500/100409 frames (72.2%)
      Progress: 73000/100409 frames (72.7%)
      Progress: 73500/100409 frames (73.2%)
      Progress: 74000/100409 frames (73.7%)
      Progress: 74500/100409 frames (74.2%)
      Progress: 75000/100409 frames (74.7%)
      Progress: 75500/100409 frames (75.2%)
      Progress: 76000/100409 frames (75.7%)
      Progress: 76500/100409 frames (76.2%)
      Progress: 77000/100409 frames (76.7%)
      Progress: 77500/100409 frames (77.2%)
      Progress: 78000/100409 frames (77.7%)
      Progress: 78500/100409 frames (78.2%)
      Progress: 79000/100409 frames (78.7%)
      Progress: 79500/100409 frames (79.2%)
      Progress: 80000/100409 frames (79.7%)
      Progress: 80500/100409 frames (80.2%)
      Progress: 81000/100409 frames (80.7%)
      Progress: 81500/100409 frames (81.2%)
      Progress: 82000/100409 frames (81.7%)
      Progress: 82500/100409 frames (82.2%)
      Progress: 83000/100409 frames (82.7%)
      Progress: 83500/100409 frames (83.2%)
      Progress: 84000/100409 frames (83.7%)
      Progress: 84500/100409 frames (84.2%)
      Progress: 85000/100409 frames (84.7%)
      Progress: 85500/100409 frames (85.2%)
      Progress: 86000/100409 frames (85.6%)
      Progress: 86500/100409 frames (86.1%)
      Progress: 87000/100409 frames (86.6%)
      Progress: 87500/100409 frames (87.1%)
      Progress: 88000/100409 frames (87.6%)
      Progress: 88500/100409 frames (88.1%)
      Progress: 89000/100409 frames (88.6%)
      Progress: 89500/100409 frames (89.1%)
      Progress: 90000/100409 frames (89.6%)
      Progress: 90500/100409 frames (90.1%)
      Progress: 91000/100409 frames (90.6%)
      Progress: 91500/100409 frames (91.1%)
      Progress: 92000/100409 frames (91.6%)
      Progress: 92500/100409 frames (92.1%)
      Progress: 93000/100409 frames (92.6%)
      Progress: 93500/100409 frames (93.1%)
      Progress: 94000/100409 frames (93.6%)
      Progress: 94500/100409 frames (94.1%)
      Progress: 95000/100409 frames (94.6%)
      Progress: 95500/100409 frames (95.1%)
      Progress: 96000/100409 frames (95.6%)
      Progress: 96500/100409 frames (96.1%)
      Progress: 97000/100409 frames (96.6%)
      Progress: 97500/100409 frames (97.1%)
      Progress: 98000/100409 frames (97.6%)
      Progress: 98500/100409 frames (98.1%)
      Progress: 99000/100409 frames (98.6%)
      Progress: 99500/100409 frames (99.1%)
      Progress: 100000/100409 frames (99.6%)
      WARNING: 200 consecutive frame read failures
      Breaking loop at frame 100284/100409
      Frames successfully read: 100284
      Total missed frames: 200
      ---------------------------------------------------
      FRAME READING COMPLETE
      ---------------------------------------------------
      Expected frames: 100409
      Frames read: 100284
      Frames missing: 200
      WARNING: 200 frames could not be read!
      WARNING: Read fewer frames than expected (100284/100409)
      This may be due to video corruption or codec issues
      ---------------------------------------------------
      ---------------------------------------------------
      EXTRACTING FEATURES PER SECOND
      ---------------------------------------------------
      Processing 4017 seconds...
        Second 0/4017
        Second 100/4017
        Second 200/4017
        Second 300/4017
        Second 400/4017
        Second 500/4017
        Second 600/4017
        Second 700/4017
        Second 800/4017
        Second 900/4017
        Second 1000/4017
        Second 1100/4017
        Second 1200/4017
        Second 1300/4017
        Second 1400/4017
        Second 1500/4017
        Second 1600/4017
        Second 1700/4017
        Second 1800/4017
        Second 1900/4017
        Second 2000/4017
        Second 2100/4017
        Second 2200/4017
        Second 2300/4017
        Second 2400/4017
        Second 2500/4017
        Second 2600/4017
        Second 2700/4017
        Second 2800/4017
        Second 2900/4017
        Second 3000/4017
        Second 3100/4017
        Second 3200/4017
        Second 3300/4017
        Second 3400/4017
        Second 3500/4017
        Second 3600/4017
        Second 3700/4017
        Second 3800/4017
        Second 3900/4017
        Second 4000/4017
        WARNING: Second 4012 has no frames! Using zeros.
        WARNING: Second 4013 has no frames! Using zeros.
        WARNING: Second 4014 has no frames! Using zeros.
        WARNING: Second 4015 has no frames! Using zeros.
        WARNING: Second 4016 has no frames! Using zeros.
      ---------------------------------------------------
      FEATURE EXTRACTION COMPLETE
      ---------------------------------------------------
      Final features shape: (4017, 512)

[ID25]   Features extracted: (4017, 512)
[ID25] Step 2/3: Converting to multi-label format...
      CSV columns: ['start_time', 'end_time', 'licking', 'shaking']
      CSV shape: (3840, 4)
      Video seconds: 4017
      Total rows in CSV: 3840
      Valid rows (within video duration): 3840
      Label statistics:
        Licking only: 432
        Shaking only: 20
        Both (licking + shaking): 5
        Background (neither): 3560
[ID25] Step 3/3: Saving processed data...
[ID25]   Saved features: /data-8tb/nvaci/dataset/dataset_Stanford/FACT_method/preprocessed_data_multilabel_originalFPS/features/ID25.npy
[ID25]     Shape: (4017, 512)
[ID25]   Saved multi-labels: /data-8tb/nvaci/dataset/dataset_Stanford/FACT_method/preprocessed_data_multilabel_originalFPS/groundTruth/ID25.npy
[ID25]     Shape: (4017, 2)
[ID25] SUCCESS

================================================================================
Processing video 26/32: ID26
================================================================================
[ID26] Found label file: 25-021_ID26.csv
[ID26] Step 1/3: Extracting features...
      Opening video file...

      ===================================================
      VIDEO PROPERTIES
      ===================================================
      FPS detected: 25.00
      Clip length (auto): 25 frames
      Total frames: 99659
      Duration: 3986.36 seconds
      Expected seconds: 3987
      Frames per second: ~25.0
      ===================================================

      Using ORIGINAL FPS with per-second aggregation
      Aggregation method: mean
      ---------------------------------------------------
      READING ALL FRAMES FROM VIDEO (FAST MODE)
      ---------------------------------------------------
      Progress: 500/99659 frames (0.5%)
      Progress: 1000/99659 frames (1.0%)
      Progress: 1500/99659 frames (1.5%)
      Progress: 2000/99659 frames (2.0%)
      Progress: 2500/99659 frames (2.5%)
      Progress: 3000/99659 frames (3.0%)
      Progress: 3500/99659 frames (3.5%)
      Progress: 4000/99659 frames (4.0%)
      Progress: 4500/99659 frames (4.5%)
      Progress: 5000/99659 frames (5.0%)
      Progress: 5500/99659 frames (5.5%)
      Progress: 6000/99659 frames (6.0%)
      Progress: 6500/99659 frames (6.5%)
      Progress: 7000/99659 frames (7.0%)
      Progress: 7500/99659 frames (7.5%)
      Progress: 8000/99659 frames (8.0%)
      Progress: 8500/99659 frames (8.5%)
      Progress: 9000/99659 frames (9.0%)
      Progress: 9500/99659 frames (9.5%)
      Progress: 10000/99659 frames (10.0%)
      Progress: 10500/99659 frames (10.5%)
      Progress: 11000/99659 frames (11.0%)
      Progress: 11500/99659 frames (11.5%)
      Progress: 12000/99659 frames (12.0%)
      Progress: 12500/99659 frames (12.5%)
      Progress: 13000/99659 frames (13.0%)
      Progress: 13500/99659 frames (13.5%)
      Progress: 14000/99659 frames (14.0%)
      Progress: 14500/99659 frames (14.5%)
      Progress: 15000/99659 frames (15.1%)
      Progress: 15500/99659 frames (15.6%)
      Progress: 16000/99659 frames (16.1%)
      Progress: 16500/99659 frames (16.6%)
      Progress: 17000/99659 frames (17.1%)
      Progress: 17500/99659 frames (17.6%)
      Progress: 18000/99659 frames (18.1%)
      Progress: 18500/99659 frames (18.6%)
      Progress: 19000/99659 frames (19.1%)
      Progress: 19500/99659 frames (19.6%)
      Progress: 20000/99659 frames (20.1%)
      Progress: 20500/99659 frames (20.6%)
      Progress: 21000/99659 frames (21.1%)
      Progress: 21500/99659 frames (21.6%)
      Progress: 22000/99659 frames (22.1%)
      Progress: 22500/99659 frames (22.6%)
      Progress: 23000/99659 frames (23.1%)
      Progress: 23500/99659 frames (23.6%)
      Progress: 24000/99659 frames (24.1%)
      Progress: 24500/99659 frames (24.6%)
      Progress: 25000/99659 frames (25.1%)
      Progress: 25500/99659 frames (25.6%)
      Progress: 26000/99659 frames (26.1%)
      Progress: 26500/99659 frames (26.6%)
      Progress: 27000/99659 frames (27.1%)
      Progress: 27500/99659 frames (27.6%)
      Progress: 28000/99659 frames (28.1%)
      Progress: 28500/99659 frames (28.6%)
      Progress: 29000/99659 frames (29.1%)
      Progress: 29500/99659 frames (29.6%)
      Progress: 30000/99659 frames (30.1%)
      Progress: 30500/99659 frames (30.6%)
      Progress: 31000/99659 frames (31.1%)
      Progress: 31500/99659 frames (31.6%)
      Progress: 32000/99659 frames (32.1%)
      Progress: 32500/99659 frames (32.6%)
      Progress: 33000/99659 frames (33.1%)
      Progress: 33500/99659 frames (33.6%)
      Progress: 34000/99659 frames (34.1%)
      Progress: 34500/99659 frames (34.6%)
      Progress: 35000/99659 frames (35.1%)
      Progress: 35500/99659 frames (35.6%)
      Progress: 36000/99659 frames (36.1%)
      Progress: 36500/99659 frames (36.6%)
      Progress: 37000/99659 frames (37.1%)
      Progress: 37500/99659 frames (37.6%)
      Progress: 38000/99659 frames (38.1%)
      Progress: 38500/99659 frames (38.6%)
      Progress: 39000/99659 frames (39.1%)
      Progress: 39500/99659 frames (39.6%)
      Progress: 40000/99659 frames (40.1%)
      Progress: 40500/99659 frames (40.6%)
      Progress: 41000/99659 frames (41.1%)
      Progress: 41500/99659 frames (41.6%)
      Progress: 42000/99659 frames (42.1%)
      Progress: 42500/99659 frames (42.6%)
      Progress: 43000/99659 frames (43.1%)
      Progress: 43500/99659 frames (43.6%)
      Progress: 44000/99659 frames (44.2%)
      Progress: 44500/99659 frames (44.7%)
      Progress: 45000/99659 frames (45.2%)
      Progress: 45500/99659 frames (45.7%)
      Progress: 46000/99659 frames (46.2%)
      Progress: 46500/99659 frames (46.7%)
      Progress: 47000/99659 frames (47.2%)
      Progress: 47500/99659 frames (47.7%)
      Progress: 48000/99659 frames (48.2%)
      Progress: 48500/99659 frames (48.7%)
      Progress: 49000/99659 frames (49.2%)
      Progress: 49500/99659 frames (49.7%)
      Progress: 50000/99659 frames (50.2%)
      Progress: 50500/99659 frames (50.7%)
      Progress: 51000/99659 frames (51.2%)
      Progress: 51500/99659 frames (51.7%)
      Progress: 52000/99659 frames (52.2%)
      Progress: 52500/99659 frames (52.7%)
      Progress: 53000/99659 frames (53.2%)
      Progress: 53500/99659 frames (53.7%)
      Progress: 54000/99659 frames (54.2%)
      Progress: 54500/99659 frames (54.7%)
      Progress: 55000/99659 frames (55.2%)
      Progress: 55500/99659 frames (55.7%)
      Progress: 56000/99659 frames (56.2%)
      Progress: 56500/99659 frames (56.7%)
      Progress: 57000/99659 frames (57.2%)
      Progress: 57500/99659 frames (57.7%)
      Progress: 58000/99659 frames (58.2%)
      Progress: 58500/99659 frames (58.7%)
      Progress: 59000/99659 frames (59.2%)
      Progress: 59500/99659 frames (59.7%)
      Progress: 60000/99659 frames (60.2%)
      Progress: 60500/99659 frames (60.7%)
      Progress: 61000/99659 frames (61.2%)
      Progress: 61500/99659 frames (61.7%)
      Progress: 62000/99659 frames (62.2%)
      Progress: 62500/99659 frames (62.7%)
      Progress: 63000/99659 frames (63.2%)
      Progress: 63500/99659 frames (63.7%)
      Progress: 64000/99659 frames (64.2%)
      Progress: 64500/99659 frames (64.7%)
      Progress: 65000/99659 frames (65.2%)
      Progress: 65500/99659 frames (65.7%)
      Progress: 66000/99659 frames (66.2%)
      Progress: 66500/99659 frames (66.7%)
      Progress: 67000/99659 frames (67.2%)
      Progress: 67500/99659 frames (67.7%)
      Progress: 68000/99659 frames (68.2%)
      Progress: 68500/99659 frames (68.7%)
      Progress: 69000/99659 frames (69.2%)
      Progress: 69500/99659 frames (69.7%)
      Progress: 70000/99659 frames (70.2%)
      Progress: 70500/99659 frames (70.7%)
      Progress: 71000/99659 frames (71.2%)
      Progress: 71500/99659 frames (71.7%)
      Progress: 72000/99659 frames (72.2%)
      Progress: 72500/99659 frames (72.7%)
      Progress: 73000/99659 frames (73.2%)
      Progress: 73500/99659 frames (73.8%)
      Progress: 74000/99659 frames (74.3%)
      Progress: 74500/99659 frames (74.8%)
      Progress: 75000/99659 frames (75.3%)
      Progress: 75500/99659 frames (75.8%)
      Progress: 76000/99659 frames (76.3%)
      Progress: 76500/99659 frames (76.8%)
      Progress: 77000/99659 frames (77.3%)
      Progress: 77500/99659 frames (77.8%)
      Progress: 78000/99659 frames (78.3%)
      Progress: 78500/99659 frames (78.8%)
      Progress: 79000/99659 frames (79.3%)
      Progress: 79500/99659 frames (79.8%)
      Progress: 80000/99659 frames (80.3%)
      Progress: 80500/99659 frames (80.8%)
      Progress: 81000/99659 frames (81.3%)
      Progress: 81500/99659 frames (81.8%)
      Progress: 82000/99659 frames (82.3%)
      Progress: 82500/99659 frames (82.8%)
      Progress: 83000/99659 frames (83.3%)
      Progress: 83500/99659 frames (83.8%)
      Progress: 84000/99659 frames (84.3%)
      Progress: 84500/99659 frames (84.8%)
      Progress: 85000/99659 frames (85.3%)
      Progress: 85500/99659 frames (85.8%)
      Progress: 86000/99659 frames (86.3%)
      Progress: 86500/99659 frames (86.8%)
      Progress: 87000/99659 frames (87.3%)
      Progress: 87500/99659 frames (87.8%)
      Progress: 88000/99659 frames (88.3%)
      Progress: 88500/99659 frames (88.8%)
      Progress: 89000/99659 frames (89.3%)
      Progress: 89500/99659 frames (89.8%)
      Progress: 90000/99659 frames (90.3%)
      Progress: 90500/99659 frames (90.8%)
      Progress: 91000/99659 frames (91.3%)
      Progress: 91500/99659 frames (91.8%)
      Progress: 92000/99659 frames (92.3%)
      Progress: 92500/99659 frames (92.8%)
      Progress: 93000/99659 frames (93.3%)
      Progress: 93500/99659 frames (93.8%)
      Progress: 94000/99659 frames (94.3%)
      Progress: 94500/99659 frames (94.8%)
      Progress: 95000/99659 frames (95.3%)
      Progress: 95500/99659 frames (95.8%)
      Progress: 96000/99659 frames (96.3%)
      Progress: 96500/99659 frames (96.8%)
      Progress: 97000/99659 frames (97.3%)
      Progress: 97500/99659 frames (97.8%)
      Progress: 98000/99659 frames (98.3%)
      Progress: 98500/99659 frames (98.8%)
      Progress: 99000/99659 frames (99.3%)
      WARNING: 200 consecutive frame read failures
      Breaking loop at frame 99484/99659
      Frames successfully read: 99484
      Total missed frames: 200
      ---------------------------------------------------
      FRAME READING COMPLETE
      ---------------------------------------------------
      Expected frames: 99659
      Frames read: 99484
      Frames missing: 200
      WARNING: 200 frames could not be read!
      WARNING: Read fewer frames than expected (99484/99659)
      This may be due to video corruption or codec issues
      ---------------------------------------------------
      ---------------------------------------------------
      EXTRACTING FEATURES PER SECOND
      ---------------------------------------------------
      Processing 3987 seconds...
        Second 0/3987
        Second 100/3987
        Second 200/3987
        Second 300/3987
        Second 400/3987
        Second 500/3987
        Second 600/3987
        Second 700/3987
        Second 800/3987
        Second 900/3987
        Second 1000/3987
        Second 1100/3987
        Second 1200/3987
        Second 1300/3987
        Second 1400/3987
        Second 1500/3987
        Second 1600/3987
        Second 1700/3987
        Second 1800/3987
        Second 1900/3987
        Second 2000/3987
        Second 2100/3987
        Second 2200/3987
        Second 2300/3987
        Second 2400/3987
        Second 2500/3987
        Second 2600/3987
        Second 2700/3987
        Second 2800/3987
        Second 2900/3987
        Second 3000/3987
        Second 3100/3987
        Second 3200/3987
        Second 3300/3987
        Second 3400/3987
        Second 3500/3987
        Second 3600/3987
        Second 3700/3987
        Second 3800/3987
        Second 3900/3987
        WARNING: Second 3980 has no frames! Using zeros.
        WARNING: Second 3981 has no frames! Using zeros.
        WARNING: Second 3982 has no frames! Using zeros.
        WARNING: Second 3983 has no frames! Using zeros.
        WARNING: Second 3984 has no frames! Using zeros.
        WARNING: Second 3985 has no frames! Using zeros.
        WARNING: Second 3986 has no frames! Using zeros.
      ---------------------------------------------------
      FEATURE EXTRACTION COMPLETE
      ---------------------------------------------------
      Final features shape: (3987, 512)

[ID26]   Features extracted: (3987, 512)
[ID26] Step 2/3: Converting to multi-label format...
      CSV columns: ['start_time', 'end_time', 'licking', 'shaking']
      CSV shape: (3840, 4)
      Video seconds: 3987
      Total rows in CSV: 3840
      Valid rows (within video duration): 3840
      Label statistics:
        Licking only: 508
        Shaking only: 9
        Both (licking + shaking): 2
        Background (neither): 3468
[ID26] Step 3/3: Saving processed data...
[ID26]   Saved features: /data-8tb/nvaci/dataset/dataset_Stanford/FACT_method/preprocessed_data_multilabel_originalFPS/features/ID26.npy
[ID26]     Shape: (3987, 512)
[ID26]   Saved multi-labels: /data-8tb/nvaci/dataset/dataset_Stanford/FACT_method/preprocessed_data_multilabel_originalFPS/groundTruth/ID26.npy
[ID26]     Shape: (3987, 2)
[ID26] SUCCESS

================================================================================
Processing video 27/32: ID27
================================================================================
[ID27] Found label file: 25-021_ID27.csv
[ID27] Step 1/3: Extracting features...
      Opening video file...

      ===================================================
      VIDEO PROPERTIES
      ===================================================
      FPS detected: 25.00
      Clip length (auto): 25 frames
      Total frames: 97975
      Duration: 3919.00 seconds
      Expected seconds: 3919
      Frames per second: ~25.0
      ===================================================

      Using ORIGINAL FPS with per-second aggregation
      Aggregation method: mean
      ---------------------------------------------------
      READING ALL FRAMES FROM VIDEO (FAST MODE)
      ---------------------------------------------------
      Progress: 500/97975 frames (0.5%)
      Progress: 1000/97975 frames (1.0%)
      Progress: 1500/97975 frames (1.5%)
      Progress: 2000/97975 frames (2.0%)
      Progress: 2500/97975 frames (2.6%)
      Progress: 3000/97975 frames (3.1%)
      Progress: 3500/97975 frames (3.6%)
      Progress: 4000/97975 frames (4.1%)
      Progress: 4500/97975 frames (4.6%)
      Progress: 5000/97975 frames (5.1%)
      Progress: 5500/97975 frames (5.6%)
      Progress: 6000/97975 frames (6.1%)
      Progress: 6500/97975 frames (6.6%)
      Progress: 7000/97975 frames (7.1%)
      Progress: 7500/97975 frames (7.7%)
      Progress: 8000/97975 frames (8.2%)
      Progress: 8500/97975 frames (8.7%)
      Progress: 9000/97975 frames (9.2%)
      Progress: 9500/97975 frames (9.7%)
      Progress: 10000/97975 frames (10.2%)
      Progress: 10500/97975 frames (10.7%)
      Progress: 11000/97975 frames (11.2%)
      Progress: 11500/97975 frames (11.7%)
      Progress: 12000/97975 frames (12.2%)
      Progress: 12500/97975 frames (12.8%)
      Progress: 13000/97975 frames (13.3%)
      Progress: 13500/97975 frames (13.8%)
      Progress: 14000/97975 frames (14.3%)
      Progress: 14500/97975 frames (14.8%)
      Progress: 15000/97975 frames (15.3%)
      Progress: 15500/97975 frames (15.8%)
      Progress: 16000/97975 frames (16.3%)
      Progress: 16500/97975 frames (16.8%)
      Progress: 17000/97975 frames (17.4%)
      Progress: 17500/97975 frames (17.9%)
      Progress: 18000/97975 frames (18.4%)
      Progress: 18500/97975 frames (18.9%)
      Progress: 19000/97975 frames (19.4%)
      Progress: 19500/97975 frames (19.9%)
      Progress: 20000/97975 frames (20.4%)
      Progress: 20500/97975 frames (20.9%)
      Progress: 21000/97975 frames (21.4%)
      Progress: 21500/97975 frames (21.9%)
      Progress: 22000/97975 frames (22.5%)
      Progress: 22500/97975 frames (23.0%)
      Progress: 23000/97975 frames (23.5%)
      Progress: 23500/97975 frames (24.0%)
      Progress: 24000/97975 frames (24.5%)
      Progress: 24500/97975 frames (25.0%)
      Progress: 25000/97975 frames (25.5%)
      Progress: 25500/97975 frames (26.0%)
      Progress: 26000/97975 frames (26.5%)
      Progress: 26500/97975 frames (27.0%)
      Progress: 27000/97975 frames (27.6%)
      Progress: 27500/97975 frames (28.1%)
      Progress: 28000/97975 frames (28.6%)
      Progress: 28500/97975 frames (29.1%)
      Progress: 29000/97975 frames (29.6%)
      Progress: 29500/97975 frames (30.1%)
      Progress: 30000/97975 frames (30.6%)
      Progress: 30500/97975 frames (31.1%)
      Progress: 31000/97975 frames (31.6%)
      Progress: 31500/97975 frames (32.2%)
      Progress: 32000/97975 frames (32.7%)
      Progress: 32500/97975 frames (33.2%)
      Progress: 33000/97975 frames (33.7%)
      Progress: 33500/97975 frames (34.2%)
      Progress: 34000/97975 frames (34.7%)
      Progress: 34500/97975 frames (35.2%)
      Progress: 35000/97975 frames (35.7%)
      Progress: 35500/97975 frames (36.2%)
      Progress: 36000/97975 frames (36.7%)
      Progress: 36500/97975 frames (37.3%)
      Progress: 37000/97975 frames (37.8%)
      Progress: 37500/97975 frames (38.3%)
      Progress: 38000/97975 frames (38.8%)
      Progress: 38500/97975 frames (39.3%)
      Progress: 39000/97975 frames (39.8%)
      Progress: 39500/97975 frames (40.3%)
      Progress: 40000/97975 frames (40.8%)
      Progress: 40500/97975 frames (41.3%)
      Progress: 41000/97975 frames (41.8%)
      Progress: 41500/97975 frames (42.4%)
      Progress: 42000/97975 frames (42.9%)
      Progress: 42500/97975 frames (43.4%)
      Progress: 43000/97975 frames (43.9%)
      Progress: 43500/97975 frames (44.4%)
      Progress: 44000/97975 frames (44.9%)
      Progress: 44500/97975 frames (45.4%)
      Progress: 45000/97975 frames (45.9%)
      Progress: 45500/97975 frames (46.4%)
      Progress: 46000/97975 frames (47.0%)
      Progress: 46500/97975 frames (47.5%)
      Progress: 47000/97975 frames (48.0%)
      Progress: 47500/97975 frames (48.5%)
      Progress: 48000/97975 frames (49.0%)
      Progress: 48500/97975 frames (49.5%)
      Progress: 49000/97975 frames (50.0%)
      Progress: 49500/97975 frames (50.5%)
      Progress: 50000/97975 frames (51.0%)
      Progress: 50500/97975 frames (51.5%)
      Progress: 51000/97975 frames (52.1%)
      Progress: 51500/97975 frames (52.6%)
      Progress: 52000/97975 frames (53.1%)
      Progress: 52500/97975 frames (53.6%)
      Progress: 53000/97975 frames (54.1%)
      Progress: 53500/97975 frames (54.6%)
      Progress: 54000/97975 frames (55.1%)
      Progress: 54500/97975 frames (55.6%)
      Progress: 55000/97975 frames (56.1%)
      Progress: 55500/97975 frames (56.6%)
      Progress: 56000/97975 frames (57.2%)
      Progress: 56500/97975 frames (57.7%)
      Progress: 57000/97975 frames (58.2%)
      Progress: 57500/97975 frames (58.7%)
      Progress: 58000/97975 frames (59.2%)
      Progress: 58500/97975 frames (59.7%)
      Progress: 59000/97975 frames (60.2%)
      Progress: 59500/97975 frames (60.7%)
      Progress: 60000/97975 frames (61.2%)
      Progress: 60500/97975 frames (61.8%)
      Progress: 61000/97975 frames (62.3%)
      Progress: 61500/97975 frames (62.8%)
      Progress: 62000/97975 frames (63.3%)
      Progress: 62500/97975 frames (63.8%)
      Progress: 63000/97975 frames (64.3%)
      Progress: 63500/97975 frames (64.8%)
      Progress: 64000/97975 frames (65.3%)
      Progress: 64500/97975 frames (65.8%)
      Progress: 65000/97975 frames (66.3%)
      Progress: 65500/97975 frames (66.9%)
      Progress: 66000/97975 frames (67.4%)
      Progress: 66500/97975 frames (67.9%)
      Progress: 67000/97975 frames (68.4%)
      Progress: 67500/97975 frames (68.9%)
      Progress: 68000/97975 frames (69.4%)
      Progress: 68500/97975 frames (69.9%)
      Progress: 69000/97975 frames (70.4%)
      Progress: 69500/97975 frames (70.9%)
      Progress: 70000/97975 frames (71.4%)
      Progress: 70500/97975 frames (72.0%)
      Progress: 71000/97975 frames (72.5%)
      Progress: 71500/97975 frames (73.0%)
      Progress: 72000/97975 frames (73.5%)
      Progress: 72500/97975 frames (74.0%)
      Progress: 73000/97975 frames (74.5%)
      Progress: 73500/97975 frames (75.0%)
      Progress: 74000/97975 frames (75.5%)
      Progress: 74500/97975 frames (76.0%)
      Progress: 75000/97975 frames (76.6%)
      Progress: 75500/97975 frames (77.1%)
      Progress: 76000/97975 frames (77.6%)
      Progress: 76500/97975 frames (78.1%)
      Progress: 77000/97975 frames (78.6%)
      Progress: 77500/97975 frames (79.1%)
      Progress: 78000/97975 frames (79.6%)
      Progress: 78500/97975 frames (80.1%)
      Progress: 79000/97975 frames (80.6%)
      Progress: 79500/97975 frames (81.1%)
      Progress: 80000/97975 frames (81.7%)
      Progress: 80500/97975 frames (82.2%)
      Progress: 81000/97975 frames (82.7%)
      Progress: 81500/97975 frames (83.2%)
      Progress: 82000/97975 frames (83.7%)
      Progress: 82500/97975 frames (84.2%)
      Progress: 83000/97975 frames (84.7%)
      Progress: 83500/97975 frames (85.2%)
      Progress: 84000/97975 frames (85.7%)
      Progress: 84500/97975 frames (86.2%)
      Progress: 85000/97975 frames (86.8%)
      Progress: 85500/97975 frames (87.3%)
      Progress: 86000/97975 frames (87.8%)
      Progress: 86500/97975 frames (88.3%)
      Progress: 87000/97975 frames (88.8%)
      Progress: 87500/97975 frames (89.3%)
      Progress: 88000/97975 frames (89.8%)
      Progress: 88500/97975 frames (90.3%)
      Progress: 89000/97975 frames (90.8%)
      Progress: 89500/97975 frames (91.3%)
      Progress: 90000/97975 frames (91.9%)
      Progress: 90500/97975 frames (92.4%)
      Progress: 91000/97975 frames (92.9%)
      Progress: 91500/97975 frames (93.4%)
      Progress: 92000/97975 frames (93.9%)
      Progress: 92500/97975 frames (94.4%)
      Progress: 93000/97975 frames (94.9%)
      Progress: 93500/97975 frames (95.4%)
      Progress: 94000/97975 frames (95.9%)
      Progress: 94500/97975 frames (96.5%)
      Progress: 95000/97975 frames (97.0%)
      Progress: 95500/97975 frames (97.5%)
      Progress: 96000/97975 frames (98.0%)
      Progress: 96500/97975 frames (98.5%)
      Progress: 97000/97975 frames (99.0%)
      Progress: 97500/97975 frames (99.5%)
      WARNING: 200 consecutive frame read failures
      Breaking loop at frame 97884/97975
      Frames successfully read: 97884
      Total missed frames: 200
      ---------------------------------------------------
      FRAME READING COMPLETE
      ---------------------------------------------------
      Expected frames: 97975
      Frames read: 97884
      Frames missing: 200
      WARNING: 200 frames could not be read!
      WARNING: Read fewer frames than expected (97884/97975)
      This may be due to video corruption or codec issues
      ---------------------------------------------------
      ---------------------------------------------------
      EXTRACTING FEATURES PER SECOND
      ---------------------------------------------------
      Processing 3919 seconds...
        Second 0/3919
        Second 100/3919
        Second 200/3919
        Second 300/3919
        Second 400/3919
        Second 500/3919
        Second 600/3919
        Second 700/3919
        Second 800/3919
        Second 900/3919
        Second 1000/3919
        Second 1100/3919
        Second 1200/3919
        Second 1300/3919
        Second 1400/3919
        Second 1500/3919
        Second 1600/3919
        Second 1700/3919
        Second 1800/3919
        Second 1900/3919
        Second 2000/3919
        Second 2100/3919
        Second 2200/3919
        Second 2300/3919
        Second 2400/3919
        Second 2500/3919
        Second 2600/3919
        Second 2700/3919
        Second 2800/3919
        Second 2900/3919
        Second 3000/3919
        Second 3100/3919
        Second 3200/3919
        Second 3300/3919
        Second 3400/3919
        Second 3500/3919
        Second 3600/3919
        Second 3700/3919
        Second 3800/3919
        Second 3900/3919
        WARNING: Second 3916 has no frames! Using zeros.
        WARNING: Second 3917 has no frames! Using zeros.
        WARNING: Second 3918 has no frames! Using zeros.
      ---------------------------------------------------
      FEATURE EXTRACTION COMPLETE
      ---------------------------------------------------
      Final features shape: (3919, 512)

[ID27]   Features extracted: (3919, 512)
[ID27] Step 2/3: Converting to multi-label format...
      CSV columns: ['start_time', 'end_time', 'licking', 'shaking']
      CSV shape: (3840, 4)
      Video seconds: 3919
      Total rows in CSV: 3840
      Valid rows (within video duration): 3840
      Label statistics:
        Licking only: 52
        Shaking only: 0
        Both (licking + shaking): 0
        Background (neither): 3867
[ID27] Step 3/3: Saving processed data...
[ID27]   Saved features: /data-8tb/nvaci/dataset/dataset_Stanford/FACT_method/preprocessed_data_multilabel_originalFPS/features/ID27.npy
[ID27]     Shape: (3919, 512)
[ID27]   Saved multi-labels: /data-8tb/nvaci/dataset/dataset_Stanford/FACT_method/preprocessed_data_multilabel_originalFPS/groundTruth/ID27.npy
[ID27]     Shape: (3919, 2)
[ID27] SUCCESS

================================================================================
Processing video 28/32: ID28
================================================================================
[ID28] Found label file: 25-021_ID28.csv
[ID28] Step 1/3: Extracting features...
      Opening video file...

      ===================================================
      VIDEO PROPERTIES
      ===================================================
      FPS detected: 25.00
      Clip length (auto): 25 frames
      Total frames: 96960
      Duration: 3878.40 seconds
      Expected seconds: 3879
      Frames per second: ~25.0
      ===================================================

      Using ORIGINAL FPS with per-second aggregation
      Aggregation method: mean
      ---------------------------------------------------
      READING ALL FRAMES FROM VIDEO (FAST MODE)
      ---------------------------------------------------
      Progress: 500/96960 frames (0.5%)
      Progress: 1000/96960 frames (1.0%)
      Progress: 1500/96960 frames (1.5%)
      Progress: 2000/96960 frames (2.1%)
      Progress: 2500/96960 frames (2.6%)
      Progress: 3000/96960 frames (3.1%)
      Progress: 3500/96960 frames (3.6%)
      Progress: 4000/96960 frames (4.1%)
      Progress: 4500/96960 frames (4.6%)
      Progress: 5000/96960 frames (5.2%)
      Progress: 5500/96960 frames (5.7%)
      Progress: 6000/96960 frames (6.2%)
      Progress: 6500/96960 frames (6.7%)
      Progress: 7000/96960 frames (7.2%)
      Progress: 7500/96960 frames (7.7%)
      Progress: 8000/96960 frames (8.3%)
      Progress: 8500/96960 frames (8.8%)
      Progress: 9000/96960 frames (9.3%)
      Progress: 9500/96960 frames (9.8%)
      Progress: 10000/96960 frames (10.3%)
      Progress: 10500/96960 frames (10.8%)
      Progress: 11000/96960 frames (11.3%)
      Progress: 11500/96960 frames (11.9%)
      Progress: 12000/96960 frames (12.4%)
      Progress: 12500/96960 frames (12.9%)
      Progress: 13000/96960 frames (13.4%)
      Progress: 13500/96960 frames (13.9%)
      Progress: 14000/96960 frames (14.4%)
      Progress: 14500/96960 frames (15.0%)
      Progress: 15000/96960 frames (15.5%)
      Progress: 15500/96960 frames (16.0%)
      Progress: 16000/96960 frames (16.5%)
      Progress: 16500/96960 frames (17.0%)
      Progress: 17000/96960 frames (17.5%)
      Progress: 17500/96960 frames (18.0%)
      Progress: 18000/96960 frames (18.6%)
      Progress: 18500/96960 frames (19.1%)
      Progress: 19000/96960 frames (19.6%)
      Progress: 19500/96960 frames (20.1%)
      Progress: 20000/96960 frames (20.6%)
      Progress: 20500/96960 frames (21.1%)
      Progress: 21000/96960 frames (21.7%)
      Progress: 21500/96960 frames (22.2%)
      Progress: 22000/96960 frames (22.7%)
      Progress: 22500/96960 frames (23.2%)
      Progress: 23000/96960 frames (23.7%)
      Progress: 23500/96960 frames (24.2%)
      Progress: 24000/96960 frames (24.8%)
      Progress: 24500/96960 frames (25.3%)
      Progress: 25000/96960 frames (25.8%)
      Progress: 25500/96960 frames (26.3%)
      Progress: 26000/96960 frames (26.8%)
      Progress: 26500/96960 frames (27.3%)
      Progress: 27000/96960 frames (27.8%)
      Progress: 27500/96960 frames (28.4%)
      Progress: 28000/96960 frames (28.9%)
      Progress: 28500/96960 frames (29.4%)
      Progress: 29000/96960 frames (29.9%)
      Progress: 29500/96960 frames (30.4%)
      Progress: 30000/96960 frames (30.9%)
      Progress: 30500/96960 frames (31.5%)
      Progress: 31000/96960 frames (32.0%)
      Progress: 31500/96960 frames (32.5%)
      Progress: 32000/96960 frames (33.0%)
      Progress: 32500/96960 frames (33.5%)
      Progress: 33000/96960 frames (34.0%)
      Progress: 33500/96960 frames (34.6%)
      Progress: 34000/96960 frames (35.1%)
      Progress: 34500/96960 frames (35.6%)
      Progress: 35000/96960 frames (36.1%)
      Progress: 35500/96960 frames (36.6%)
      Progress: 36000/96960 frames (37.1%)
      Progress: 36500/96960 frames (37.6%)
      Progress: 37000/96960 frames (38.2%)
      Progress: 37500/96960 frames (38.7%)
      Progress: 38000/96960 frames (39.2%)
      Progress: 38500/96960 frames (39.7%)
      Progress: 39000/96960 frames (40.2%)
      Progress: 39500/96960 frames (40.7%)
      Progress: 40000/96960 frames (41.3%)
      Progress: 40500/96960 frames (41.8%)
      Progress: 41000/96960 frames (42.3%)
      Progress: 41500/96960 frames (42.8%)
      Progress: 42000/96960 frames (43.3%)
      Progress: 42500/96960 frames (43.8%)
      Progress: 43000/96960 frames (44.3%)
      Progress: 43500/96960 frames (44.9%)
      Progress: 44000/96960 frames (45.4%)
      Progress: 44500/96960 frames (45.9%)
      Progress: 45000/96960 frames (46.4%)
      Progress: 45500/96960 frames (46.9%)
      Progress: 46000/96960 frames (47.4%)
      Progress: 46500/96960 frames (48.0%)
      Progress: 47000/96960 frames (48.5%)
      Progress: 47500/96960 frames (49.0%)
      Progress: 48000/96960 frames (49.5%)
      Progress: 48500/96960 frames (50.0%)
      Progress: 49000/96960 frames (50.5%)
      Progress: 49500/96960 frames (51.1%)
      Progress: 50000/96960 frames (51.6%)
      Progress: 50500/96960 frames (52.1%)
      Progress: 51000/96960 frames (52.6%)
      Progress: 51500/96960 frames (53.1%)
      Progress: 52000/96960 frames (53.6%)
      Progress: 52500/96960 frames (54.1%)
      Progress: 53000/96960 frames (54.7%)
      Progress: 53500/96960 frames (55.2%)
      Progress: 54000/96960 frames (55.7%)
      Progress: 54500/96960 frames (56.2%)
      Progress: 55000/96960 frames (56.7%)
      Progress: 55500/96960 frames (57.2%)
      Progress: 56000/96960 frames (57.8%)
      Progress: 56500/96960 frames (58.3%)
      Progress: 57000/96960 frames (58.8%)
      Progress: 57500/96960 frames (59.3%)
      Progress: 58000/96960 frames (59.8%)
      Progress: 58500/96960 frames (60.3%)
      Progress: 59000/96960 frames (60.8%)
      Progress: 59500/96960 frames (61.4%)
      Progress: 60000/96960 frames (61.9%)
      Progress: 60500/96960 frames (62.4%)
      Progress: 61000/96960 frames (62.9%)
      Progress: 61500/96960 frames (63.4%)
      Progress: 62000/96960 frames (63.9%)
      Progress: 62500/96960 frames (64.5%)
      Progress: 63000/96960 frames (65.0%)
      Progress: 63500/96960 frames (65.5%)
      Progress: 64000/96960 frames (66.0%)
      Progress: 64500/96960 frames (66.5%)
      Progress: 65000/96960 frames (67.0%)
      Progress: 65500/96960 frames (67.6%)
      Progress: 66000/96960 frames (68.1%)
      Progress: 66500/96960 frames (68.6%)
      Progress: 67000/96960 frames (69.1%)
      Progress: 67500/96960 frames (69.6%)
      Progress: 68000/96960 frames (70.1%)
      Progress: 68500/96960 frames (70.6%)
      Progress: 69000/96960 frames (71.2%)
      Progress: 69500/96960 frames (71.7%)
      Progress: 70000/96960 frames (72.2%)
      Progress: 70500/96960 frames (72.7%)
      Progress: 71000/96960 frames (73.2%)
      Progress: 71500/96960 frames (73.7%)
      Progress: 72000/96960 frames (74.3%)
      Progress: 72500/96960 frames (74.8%)
      Progress: 73000/96960 frames (75.3%)
      Progress: 73500/96960 frames (75.8%)
      Progress: 74000/96960 frames (76.3%)
      Progress: 74500/96960 frames (76.8%)
      Progress: 75000/96960 frames (77.4%)
      Progress: 75500/96960 frames (77.9%)
      Progress: 76000/96960 frames (78.4%)
      Progress: 76500/96960 frames (78.9%)
      Progress: 77000/96960 frames (79.4%)
      Progress: 77500/96960 frames (79.9%)
      Progress: 78000/96960 frames (80.4%)
      Progress: 78500/96960 frames (81.0%)
      Progress: 79000/96960 frames (81.5%)
      Progress: 79500/96960 frames (82.0%)
      Progress: 80000/96960 frames (82.5%)
      Progress: 80500/96960 frames (83.0%)
      Progress: 81000/96960 frames (83.5%)
      Progress: 81500/96960 frames (84.1%)
      Progress: 82000/96960 frames (84.6%)
      Progress: 82500/96960 frames (85.1%)
      Progress: 83000/96960 frames (85.6%)
      Progress: 83500/96960 frames (86.1%)
      Progress: 84000/96960 frames (86.6%)
      Progress: 84500/96960 frames (87.1%)
      Progress: 85000/96960 frames (87.7%)
      Progress: 85500/96960 frames (88.2%)
      Progress: 86000/96960 frames (88.7%)
      Progress: 86500/96960 frames (89.2%)
      Progress: 87000/96960 frames (89.7%)
      Progress: 87500/96960 frames (90.2%)
      Progress: 88000/96960 frames (90.8%)
      Progress: 88500/96960 frames (91.3%)
      Progress: 89000/96960 frames (91.8%)
      Progress: 89500/96960 frames (92.3%)
      Progress: 90000/96960 frames (92.8%)
      Progress: 90500/96960 frames (93.3%)
      Progress: 91000/96960 frames (93.9%)
      Progress: 91500/96960 frames (94.4%)
      Progress: 92000/96960 frames (94.9%)
      Progress: 92500/96960 frames (95.4%)
      Progress: 93000/96960 frames (95.9%)
      Progress: 93500/96960 frames (96.4%)
      Progress: 94000/96960 frames (96.9%)
      Progress: 94500/96960 frames (97.5%)
      Progress: 95000/96960 frames (98.0%)
      Progress: 95500/96960 frames (98.5%)
      Progress: 96000/96960 frames (99.0%)
      Progress: 96500/96960 frames (99.5%)
      WARNING: 200 consecutive frame read failures
      Breaking loop at frame 96859/96960
      Frames successfully read: 96859
      Total missed frames: 200
      ---------------------------------------------------
      FRAME READING COMPLETE
      ---------------------------------------------------
      Expected frames: 96960
      Frames read: 96859
      Frames missing: 200
      WARNING: 200 frames could not be read!
      WARNING: Read fewer frames than expected (96859/96960)
      This may be due to video corruption or codec issues
      ---------------------------------------------------
      ---------------------------------------------------
      EXTRACTING FEATURES PER SECOND
      ---------------------------------------------------
      Processing 3879 seconds...
        Second 0/3879
        Second 100/3879
        Second 200/3879
        Second 300/3879
        Second 400/3879
        Second 500/3879
        Second 600/3879
        Second 700/3879
        Second 800/3879
        Second 900/3879
        Second 1000/3879
        Second 1100/3879
        Second 1200/3879
        Second 1300/3879
        Second 1400/3879
        Second 1500/3879
        Second 1600/3879
        Second 1700/3879
        Second 1800/3879
        Second 1900/3879
        Second 2000/3879
        Second 2100/3879
        Second 2200/3879
        Second 2300/3879
        Second 2400/3879
        Second 2500/3879
        Second 2600/3879
        Second 2700/3879
        Second 2800/3879
        Second 2900/3879
        Second 3000/3879
        Second 3100/3879
        Second 3200/3879
        Second 3300/3879
        Second 3400/3879
        Second 3500/3879
        Second 3600/3879
        Second 3700/3879
        Second 3800/3879
        WARNING: Second 3875 has no frames! Using zeros.
        WARNING: Second 3876 has no frames! Using zeros.
        WARNING: Second 3877 has no frames! Using zeros.
        WARNING: Second 3878 has no frames! Using zeros.
      ---------------------------------------------------
      FEATURE EXTRACTION COMPLETE
      ---------------------------------------------------
      Final features shape: (3879, 512)

[ID28]   Features extracted: (3879, 512)
[ID28] Step 2/3: Converting to multi-label format...
      CSV columns: ['start_time', 'end_time', 'licking', 'shaking']
      CSV shape: (3840, 4)
      Video seconds: 3879
      Total rows in CSV: 3840
      Valid rows (within video duration): 3840
      Label statistics:
        Licking only: 708
        Shaking only: 11
        Both (licking + shaking): 7
        Background (neither): 3153
[ID28] Step 3/3: Saving processed data...
[ID28]   Saved features: /data-8tb/nvaci/dataset/dataset_Stanford/FACT_method/preprocessed_data_multilabel_originalFPS/features/ID28.npy
[ID28]     Shape: (3879, 512)
[ID28]   Saved multi-labels: /data-8tb/nvaci/dataset/dataset_Stanford/FACT_method/preprocessed_data_multilabel_originalFPS/groundTruth/ID28.npy
[ID28]     Shape: (3879, 2)
[ID28] SUCCESS

================================================================================
Processing video 29/32: ID29
================================================================================
[ID29] Found label file: 25-021_ID29.csv
[ID29] Step 1/3: Extracting features...
      Opening video file...

      ===================================================
      VIDEO PROPERTIES
      ===================================================
      FPS detected: 25.00
      Clip length (auto): 25 frames
      Total frames: 95496
      Duration: 3819.84 seconds
      Expected seconds: 3820
      Frames per second: ~25.0
      ===================================================

      Using ORIGINAL FPS with per-second aggregation
      Aggregation method: mean
      ---------------------------------------------------
      READING ALL FRAMES FROM VIDEO (FAST MODE)
      ---------------------------------------------------
      Progress: 500/95496 frames (0.5%)
      Progress: 1000/95496 frames (1.0%)
      Progress: 1500/95496 frames (1.6%)
      Progress: 2000/95496 frames (2.1%)
      Progress: 2500/95496 frames (2.6%)
      Progress: 3000/95496 frames (3.1%)
      Progress: 3500/95496 frames (3.7%)
      Progress: 4000/95496 frames (4.2%)
      Progress: 4500/95496 frames (4.7%)
      Progress: 5000/95496 frames (5.2%)
      Progress: 5500/95496 frames (5.8%)
      Progress: 6000/95496 frames (6.3%)
      Progress: 6500/95496 frames (6.8%)
      Progress: 7000/95496 frames (7.3%)
      Progress: 7500/95496 frames (7.9%)
      Progress: 8000/95496 frames (8.4%)
      Progress: 8500/95496 frames (8.9%)
      Progress: 9000/95496 frames (9.4%)
      Progress: 9500/95496 frames (9.9%)
      Progress: 10000/95496 frames (10.5%)
      Progress: 10500/95496 frames (11.0%)
      Progress: 11000/95496 frames (11.5%)
      Progress: 11500/95496 frames (12.0%)
      Progress: 12000/95496 frames (12.6%)
      Progress: 12500/95496 frames (13.1%)
      Progress: 13000/95496 frames (13.6%)
      Progress: 13500/95496 frames (14.1%)
      Progress: 14000/95496 frames (14.7%)
      Progress: 14500/95496 frames (15.2%)
      Progress: 15000/95496 frames (15.7%)
      Progress: 15500/95496 frames (16.2%)
      Progress: 16000/95496 frames (16.8%)
      Progress: 16500/95496 frames (17.3%)
      Progress: 17000/95496 frames (17.8%)
      Progress: 17500/95496 frames (18.3%)
      Progress: 18000/95496 frames (18.8%)
      Progress: 18500/95496 frames (19.4%)
      Progress: 19000/95496 frames (19.9%)
      Progress: 19500/95496 frames (20.4%)
      Progress: 20000/95496 frames (20.9%)
      Progress: 20500/95496 frames (21.5%)
      Progress: 21000/95496 frames (22.0%)
      Progress: 21500/95496 frames (22.5%)
      Progress: 22000/95496 frames (23.0%)
      Progress: 22500/95496 frames (23.6%)
      Progress: 23000/95496 frames (24.1%)
      Progress: 23500/95496 frames (24.6%)
      Progress: 24000/95496 frames (25.1%)
      Progress: 24500/95496 frames (25.7%)
      Progress: 25000/95496 frames (26.2%)
      Progress: 25500/95496 frames (26.7%)
      Progress: 26000/95496 frames (27.2%)
      Progress: 26500/95496 frames (27.7%)
      Progress: 27000/95496 frames (28.3%)
      Progress: 27500/95496 frames (28.8%)
      Progress: 28000/95496 frames (29.3%)
      Progress: 28500/95496 frames (29.8%)
      Progress: 29000/95496 frames (30.4%)
      Progress: 29500/95496 frames (30.9%)
      Progress: 30000/95496 frames (31.4%)
      Progress: 30500/95496 frames (31.9%)
      Progress: 31000/95496 frames (32.5%)
      Progress: 31500/95496 frames (33.0%)
      Progress: 32000/95496 frames (33.5%)
      Progress: 32500/95496 frames (34.0%)
      Progress: 33000/95496 frames (34.6%)
      Progress: 33500/95496 frames (35.1%)
      Progress: 34000/95496 frames (35.6%)
      Progress: 34500/95496 frames (36.1%)
      Progress: 35000/95496 frames (36.7%)
      Progress: 35500/95496 frames (37.2%)
      Progress: 36000/95496 frames (37.7%)
      Progress: 36500/95496 frames (38.2%)
      Progress: 37000/95496 frames (38.7%)
      Progress: 37500/95496 frames (39.3%)
      Progress: 38000/95496 frames (39.8%)
      Progress: 38500/95496 frames (40.3%)
      Progress: 39000/95496 frames (40.8%)
      Progress: 39500/95496 frames (41.4%)
      Progress: 40000/95496 frames (41.9%)
      Progress: 40500/95496 frames (42.4%)
      Progress: 41000/95496 frames (42.9%)
      Progress: 41500/95496 frames (43.5%)
      Progress: 42000/95496 frames (44.0%)
      Progress: 42500/95496 frames (44.5%)
      Progress: 43000/95496 frames (45.0%)
      Progress: 43500/95496 frames (45.6%)
      Progress: 44000/95496 frames (46.1%)
      Progress: 44500/95496 frames (46.6%)
      Progress: 45000/95496 frames (47.1%)
      Progress: 45500/95496 frames (47.6%)
      Progress: 46000/95496 frames (48.2%)
      Progress: 46500/95496 frames (48.7%)
      Progress: 47000/95496 frames (49.2%)
      Progress: 47500/95496 frames (49.7%)
      Progress: 48000/95496 frames (50.3%)
      Progress: 48500/95496 frames (50.8%)
      Progress: 49000/95496 frames (51.3%)
      Progress: 49500/95496 frames (51.8%)
      Progress: 50000/95496 frames (52.4%)
      Progress: 50500/95496 frames (52.9%)
      Progress: 51000/95496 frames (53.4%)
      Progress: 51500/95496 frames (53.9%)
      Progress: 52000/95496 frames (54.5%)
      Progress: 52500/95496 frames (55.0%)
      Progress: 53000/95496 frames (55.5%)
      Progress: 53500/95496 frames (56.0%)
      Progress: 54000/95496 frames (56.5%)
      Progress: 54500/95496 frames (57.1%)
      Progress: 55000/95496 frames (57.6%)
      Progress: 55500/95496 frames (58.1%)
      Progress: 56000/95496 frames (58.6%)
      Progress: 56500/95496 frames (59.2%)
      Progress: 57000/95496 frames (59.7%)
      Progress: 57500/95496 frames (60.2%)
      Progress: 58000/95496 frames (60.7%)
      Progress: 58500/95496 frames (61.3%)
      Progress: 59000/95496 frames (61.8%)
      Progress: 59500/95496 frames (62.3%)
      Progress: 60000/95496 frames (62.8%)
      Progress: 60500/95496 frames (63.4%)
      Progress: 61000/95496 frames (63.9%)
      Progress: 61500/95496 frames (64.4%)
      Progress: 62000/95496 frames (64.9%)
      Progress: 62500/95496 frames (65.4%)
      Progress: 63000/95496 frames (66.0%)
      Progress: 63500/95496 frames (66.5%)
      Progress: 64000/95496 frames (67.0%)
      Progress: 64500/95496 frames (67.5%)
      Progress: 65000/95496 frames (68.1%)
      Progress: 65500/95496 frames (68.6%)
      Progress: 66000/95496 frames (69.1%)
      Progress: 66500/95496 frames (69.6%)
      Progress: 67000/95496 frames (70.2%)
      Progress: 67500/95496 frames (70.7%)
      Progress: 68000/95496 frames (71.2%)
      Progress: 68500/95496 frames (71.7%)
      Progress: 69000/95496 frames (72.3%)
      Progress: 69500/95496 frames (72.8%)
      Progress: 70000/95496 frames (73.3%)
      Progress: 70500/95496 frames (73.8%)
      Progress: 71000/95496 frames (74.3%)
      Progress: 71500/95496 frames (74.9%)
      Progress: 72000/95496 frames (75.4%)
      Progress: 72500/95496 frames (75.9%)
      Progress: 73000/95496 frames (76.4%)
      Progress: 73500/95496 frames (77.0%)
      Progress: 74000/95496 frames (77.5%)
      Progress: 74500/95496 frames (78.0%)
      Progress: 75000/95496 frames (78.5%)
      Progress: 75500/95496 frames (79.1%)
      Progress: 76000/95496 frames (79.6%)
      Progress: 76500/95496 frames (80.1%)
      Progress: 77000/95496 frames (80.6%)
      Progress: 77500/95496 frames (81.2%)
      Progress: 78000/95496 frames (81.7%)
      Progress: 78500/95496 frames (82.2%)
      Progress: 79000/95496 frames (82.7%)
      Progress: 79500/95496 frames (83.2%)
      Progress: 80000/95496 frames (83.8%)
      Progress: 80500/95496 frames (84.3%)
      Progress: 81000/95496 frames (84.8%)
      Progress: 81500/95496 frames (85.3%)
      Progress: 82000/95496 frames (85.9%)
      Progress: 82500/95496 frames (86.4%)
      Progress: 83000/95496 frames (86.9%)
      Progress: 83500/95496 frames (87.4%)
      Progress: 84000/95496 frames (88.0%)
      Progress: 84500/95496 frames (88.5%)
      Progress: 85000/95496 frames (89.0%)
      Progress: 85500/95496 frames (89.5%)
      Progress: 86000/95496 frames (90.1%)
      Progress: 86500/95496 frames (90.6%)
      Progress: 87000/95496 frames (91.1%)
      Progress: 87500/95496 frames (91.6%)
      Progress: 88000/95496 frames (92.2%)
      Progress: 88500/95496 frames (92.7%)
      Progress: 89000/95496 frames (93.2%)
      Progress: 89500/95496 frames (93.7%)
      Progress: 90000/95496 frames (94.2%)
      Progress: 90500/95496 frames (94.8%)
      Progress: 91000/95496 frames (95.3%)
      Progress: 91500/95496 frames (95.8%)
      Progress: 92000/95496 frames (96.3%)
      Progress: 92500/95496 frames (96.9%)
      Progress: 93000/95496 frames (97.4%)
      Progress: 93500/95496 frames (97.9%)
      Progress: 94000/95496 frames (98.4%)
      Progress: 94500/95496 frames (99.0%)
      Progress: 95000/95496 frames (99.5%)
      WARNING: 200 consecutive frame read failures
      Breaking loop at frame 95484/95496
      Frames successfully read: 95484
      Total missed frames: 200
      ---------------------------------------------------
      FRAME READING COMPLETE
      ---------------------------------------------------
      Expected frames: 95496
      Frames read: 95484
      Frames missing: 200
      WARNING: 200 frames could not be read!
      WARNING: Read fewer frames than expected (95484/95496)
      This may be due to video corruption or codec issues
      ---------------------------------------------------
      ---------------------------------------------------
      EXTRACTING FEATURES PER SECOND
      ---------------------------------------------------
      Processing 3820 seconds...
        Second 0/3820
        Second 100/3820
        Second 200/3820
        Second 300/3820
        Second 400/3820
        Second 500/3820
        Second 600/3820
        Second 700/3820
        Second 800/3820
        Second 900/3820
        Second 1000/3820
        Second 1100/3820
        Second 1200/3820
        Second 1300/3820
        Second 1400/3820
        Second 1500/3820
        Second 1600/3820
        Second 1700/3820
        Second 1800/3820
        Second 1900/3820
        Second 2000/3820
        Second 2100/3820
        Second 2200/3820
        Second 2300/3820
        Second 2400/3820
        Second 2500/3820
        Second 2600/3820
        Second 2700/3820
        Second 2800/3820
        Second 2900/3820
        Second 3000/3820
        Second 3100/3820
        Second 3200/3820
        Second 3300/3820
        Second 3400/3820
        Second 3500/3820
        Second 3600/3820
        Second 3700/3820
        Second 3800/3820
      ---------------------------------------------------
      FEATURE EXTRACTION COMPLETE
      ---------------------------------------------------
      Final features shape: (3820, 512)

[ID29]   Features extracted: (3820, 512)
[ID29] Step 2/3: Converting to multi-label format...
      CSV columns: ['start_time', 'end_time', 'licking', 'shaking']
      CSV shape: (3840, 4)
      Video seconds: 3820
      Total rows in CSV: 3840
      Valid rows (within video duration): 3820
      Label statistics:
        Licking only: 880
        Shaking only: 12
        Both (licking + shaking): 1
        Background (neither): 2927
[ID29] Step 3/3: Saving processed data...
[ID29]   Saved features: /data-8tb/nvaci/dataset/dataset_Stanford/FACT_method/preprocessed_data_multilabel_originalFPS/features/ID29.npy
[ID29]     Shape: (3820, 512)
[ID29]   Saved multi-labels: /data-8tb/nvaci/dataset/dataset_Stanford/FACT_method/preprocessed_data_multilabel_originalFPS/groundTruth/ID29.npy
[ID29]     Shape: (3820, 2)
[ID29] SUCCESS

================================================================================
Processing video 30/32: ID30
================================================================================
[ID30] Found label file: 25-021_ID30.csv
[ID30] Step 1/3: Extracting features...
      Opening video file...

      ===================================================
      VIDEO PROPERTIES
      ===================================================
      FPS detected: 25.00
      Clip length (auto): 25 frames
      Total frames: 94672
      Duration: 3786.88 seconds
      Expected seconds: 3787
      Frames per second: ~25.0
      ===================================================

      Using ORIGINAL FPS with per-second aggregation
      Aggregation method: mean
      ---------------------------------------------------
      READING ALL FRAMES FROM VIDEO (FAST MODE)
      ---------------------------------------------------
      Progress: 500/94672 frames (0.5%)
      Progress: 1000/94672 frames (1.1%)
      Progress: 1500/94672 frames (1.6%)
      Progress: 2000/94672 frames (2.1%)
      Progress: 2500/94672 frames (2.6%)
      Progress: 3000/94672 frames (3.2%)
      Progress: 3500/94672 frames (3.7%)
      Progress: 4000/94672 frames (4.2%)
      Progress: 4500/94672 frames (4.8%)
      Progress: 5000/94672 frames (5.3%)
      Progress: 5500/94672 frames (5.8%)
      Progress: 6000/94672 frames (6.3%)
      Progress: 6500/94672 frames (6.9%)
      Progress: 7000/94672 frames (7.4%)
      Progress: 7500/94672 frames (7.9%)
      Progress: 8000/94672 frames (8.5%)
      Progress: 8500/94672 frames (9.0%)
      Progress: 9000/94672 frames (9.5%)
      Progress: 9500/94672 frames (10.0%)
      Progress: 10000/94672 frames (10.6%)
      Progress: 10500/94672 frames (11.1%)
      Progress: 11000/94672 frames (11.6%)
      Progress: 11500/94672 frames (12.1%)
      Progress: 12000/94672 frames (12.7%)
      Progress: 12500/94672 frames (13.2%)
      Progress: 13000/94672 frames (13.7%)
      Progress: 13500/94672 frames (14.3%)
      Progress: 14000/94672 frames (14.8%)
      Progress: 14500/94672 frames (15.3%)
      Progress: 15000/94672 frames (15.8%)
      Progress: 15500/94672 frames (16.4%)
      Progress: 16000/94672 frames (16.9%)
      Progress: 16500/94672 frames (17.4%)
      Progress: 17000/94672 frames (18.0%)
      Progress: 17500/94672 frames (18.5%)
      Progress: 18000/94672 frames (19.0%)
      Progress: 18500/94672 frames (19.5%)
      Progress: 19000/94672 frames (20.1%)
      Progress: 19500/94672 frames (20.6%)
      Progress: 20000/94672 frames (21.1%)
      Progress: 20500/94672 frames (21.7%)
      Progress: 21000/94672 frames (22.2%)
      Progress: 21500/94672 frames (22.7%)
      Progress: 22000/94672 frames (23.2%)
      Progress: 22500/94672 frames (23.8%)
      Progress: 23000/94672 frames (24.3%)
      Progress: 23500/94672 frames (24.8%)
      Progress: 24000/94672 frames (25.4%)
      Progress: 24500/94672 frames (25.9%)
      Progress: 25000/94672 frames (26.4%)
      Progress: 25500/94672 frames (26.9%)
      Progress: 26000/94672 frames (27.5%)
      Progress: 26500/94672 frames (28.0%)
      Progress: 27000/94672 frames (28.5%)
      Progress: 27500/94672 frames (29.0%)
      Progress: 28000/94672 frames (29.6%)
      Progress: 28500/94672 frames (30.1%)
      Progress: 29000/94672 frames (30.6%)
      Progress: 29500/94672 frames (31.2%)
      Progress: 30000/94672 frames (31.7%)
      Progress: 30500/94672 frames (32.2%)
      Progress: 31000/94672 frames (32.7%)
      Progress: 31500/94672 frames (33.3%)
      Progress: 32000/94672 frames (33.8%)
      Progress: 32500/94672 frames (34.3%)
      Progress: 33000/94672 frames (34.9%)
      Progress: 33500/94672 frames (35.4%)
      Progress: 34000/94672 frames (35.9%)
      Progress: 34500/94672 frames (36.4%)
      Progress: 35000/94672 frames (37.0%)
      Progress: 35500/94672 frames (37.5%)
      Progress: 36000/94672 frames (38.0%)
      Progress: 36500/94672 frames (38.6%)
      Progress: 37000/94672 frames (39.1%)
      Progress: 37500/94672 frames (39.6%)
      Progress: 38000/94672 frames (40.1%)
      Progress: 38500/94672 frames (40.7%)
      Progress: 39000/94672 frames (41.2%)
      Progress: 39500/94672 frames (41.7%)
      Progress: 40000/94672 frames (42.3%)
      Progress: 40500/94672 frames (42.8%)
      Progress: 41000/94672 frames (43.3%)
      Progress: 41500/94672 frames (43.8%)
      Progress: 42000/94672 frames (44.4%)
      Progress: 42500/94672 frames (44.9%)
      Progress: 43000/94672 frames (45.4%)
      Progress: 43500/94672 frames (45.9%)
      Progress: 44000/94672 frames (46.5%)
      Progress: 44500/94672 frames (47.0%)
      Progress: 45000/94672 frames (47.5%)
      Progress: 45500/94672 frames (48.1%)
      Progress: 46000/94672 frames (48.6%)
      Progress: 46500/94672 frames (49.1%)
      Progress: 47000/94672 frames (49.6%)
      Progress: 47500/94672 frames (50.2%)
      Progress: 48000/94672 frames (50.7%)
      Progress: 48500/94672 frames (51.2%)
      Progress: 49000/94672 frames (51.8%)
      Progress: 49500/94672 frames (52.3%)
      Progress: 50000/94672 frames (52.8%)
      Progress: 50500/94672 frames (53.3%)
      Progress: 51000/94672 frames (53.9%)
      Progress: 51500/94672 frames (54.4%)
      Progress: 52000/94672 frames (54.9%)
      Progress: 52500/94672 frames (55.5%)
      Progress: 53000/94672 frames (56.0%)
      Progress: 53500/94672 frames (56.5%)
      Progress: 54000/94672 frames (57.0%)
      Progress: 54500/94672 frames (57.6%)
      Progress: 55000/94672 frames (58.1%)
      Progress: 55500/94672 frames (58.6%)
      Progress: 56000/94672 frames (59.2%)
      Progress: 56500/94672 frames (59.7%)
      Progress: 57000/94672 frames (60.2%)
      Progress: 57500/94672 frames (60.7%)
      Progress: 58000/94672 frames (61.3%)
      Progress: 58500/94672 frames (61.8%)
      Progress: 59000/94672 frames (62.3%)
      Progress: 59500/94672 frames (62.8%)
      Progress: 60000/94672 frames (63.4%)
      Progress: 60500/94672 frames (63.9%)
      Progress: 61000/94672 frames (64.4%)
      Progress: 61500/94672 frames (65.0%)
      Progress: 62000/94672 frames (65.5%)
      Progress: 62500/94672 frames (66.0%)
      Progress: 63000/94672 frames (66.5%)
      Progress: 63500/94672 frames (67.1%)
      Progress: 64000/94672 frames (67.6%)
      Progress: 64500/94672 frames (68.1%)
      Progress: 65000/94672 frames (68.7%)
      Progress: 65500/94672 frames (69.2%)
      Progress: 66000/94672 frames (69.7%)
      Progress: 66500/94672 frames (70.2%)
      Progress: 67000/94672 frames (70.8%)
      Progress: 67500/94672 frames (71.3%)
      Progress: 68000/94672 frames (71.8%)
      Progress: 68500/94672 frames (72.4%)
      Progress: 69000/94672 frames (72.9%)
      Progress: 69500/94672 frames (73.4%)
      Progress: 70000/94672 frames (73.9%)
      Progress: 70500/94672 frames (74.5%)
      Progress: 71000/94672 frames (75.0%)
      Progress: 71500/94672 frames (75.5%)
      Progress: 72000/94672 frames (76.1%)
      Progress: 72500/94672 frames (76.6%)
      Progress: 73000/94672 frames (77.1%)
      Progress: 73500/94672 frames (77.6%)
      Progress: 74000/94672 frames (78.2%)
      Progress: 74500/94672 frames (78.7%)
      Progress: 75000/94672 frames (79.2%)
      Progress: 75500/94672 frames (79.7%)
      Progress: 76000/94672 frames (80.3%)
      Progress: 76500/94672 frames (80.8%)
      Progress: 77000/94672 frames (81.3%)
      Progress: 77500/94672 frames (81.9%)
      Progress: 78000/94672 frames (82.4%)
      Progress: 78500/94672 frames (82.9%)
      Progress: 79000/94672 frames (83.4%)
      Progress: 79500/94672 frames (84.0%)
      Progress: 80000/94672 frames (84.5%)
      Progress: 80500/94672 frames (85.0%)
      Progress: 81000/94672 frames (85.6%)
      Progress: 81500/94672 frames (86.1%)
      Progress: 82000/94672 frames (86.6%)
      Progress: 82500/94672 frames (87.1%)
      Progress: 83000/94672 frames (87.7%)
      Progress: 83500/94672 frames (88.2%)
      Progress: 84000/94672 frames (88.7%)
      Progress: 84500/94672 frames (89.3%)
      Progress: 85000/94672 frames (89.8%)
      Progress: 85500/94672 frames (90.3%)
      Progress: 86000/94672 frames (90.8%)
      Progress: 86500/94672 frames (91.4%)
      Progress: 87000/94672 frames (91.9%)
      Progress: 87500/94672 frames (92.4%)
      Progress: 88000/94672 frames (93.0%)
      Progress: 88500/94672 frames (93.5%)
      Progress: 89000/94672 frames (94.0%)
      Progress: 89500/94672 frames (94.5%)
      Progress: 90000/94672 frames (95.1%)
      Progress: 90500/94672 frames (95.6%)
      Progress: 91000/94672 frames (96.1%)
      Progress: 91500/94672 frames (96.6%)
      Progress: 92000/94672 frames (97.2%)
      Progress: 92500/94672 frames (97.7%)
      Progress: 93000/94672 frames (98.2%)
      Progress: 93500/94672 frames (98.8%)
      Progress: 94000/94672 frames (99.3%)
      Progress: 94500/94672 frames (99.8%)
      WARNING: 200 consecutive frame read failures
      Breaking loop at frame 94534/94672
      Frames successfully read: 94534
      Total missed frames: 200
      ---------------------------------------------------
      FRAME READING COMPLETE
      ---------------------------------------------------
      Expected frames: 94672
      Frames read: 94534
      Frames missing: 200
      WARNING: 200 frames could not be read!
      WARNING: Read fewer frames than expected (94534/94672)
      This may be due to video corruption or codec issues
      ---------------------------------------------------
      ---------------------------------------------------
      EXTRACTING FEATURES PER SECOND
      ---------------------------------------------------
      Processing 3787 seconds...
        Second 0/3787
        Second 100/3787
        Second 200/3787
        Second 300/3787
        Second 400/3787
        Second 500/3787
        Second 600/3787
        Second 700/3787
        Second 800/3787
        Second 900/3787
        Second 1000/3787
        Second 1100/3787
        Second 1200/3787
        Second 1300/3787
        Second 1400/3787
        Second 1500/3787
        Second 1600/3787
        Second 1700/3787
        Second 1800/3787
        Second 1900/3787
        Second 2000/3787
        Second 2100/3787
        Second 2200/3787
        Second 2300/3787
        Second 2400/3787
        Second 2500/3787
        Second 2600/3787
        Second 2700/3787
        Second 2800/3787
        Second 2900/3787
        Second 3000/3787
        Second 3100/3787
        Second 3200/3787
        Second 3300/3787
        Second 3400/3787
        Second 3500/3787
        Second 3600/3787
        Second 3700/3787
        WARNING: Second 3782 has no frames! Using zeros.
        WARNING: Second 3783 has no frames! Using zeros.
        WARNING: Second 3784 has no frames! Using zeros.
        WARNING: Second 3785 has no frames! Using zeros.
        WARNING: Second 3786 has no frames! Using zeros.
      ---------------------------------------------------
      FEATURE EXTRACTION COMPLETE
      ---------------------------------------------------
      Final features shape: (3787, 512)

[ID30]   Features extracted: (3787, 512)
[ID30] Step 2/3: Converting to multi-label format...
      CSV columns: ['start_time', 'end_time', 'licking', 'shaking']
      CSV shape: (3840, 4)
      Video seconds: 3787
      Total rows in CSV: 3840
      Valid rows (within video duration): 3787
      Label statistics:
        Licking only: 458
        Shaking only: 12
        Both (licking + shaking): 6
        Background (neither): 3311
[ID30] Step 3/3: Saving processed data...
[ID30]   Saved features: /data-8tb/nvaci/dataset/dataset_Stanford/FACT_method/preprocessed_data_multilabel_originalFPS/features/ID30.npy
[ID30]     Shape: (3787, 512)
[ID30]   Saved multi-labels: /data-8tb/nvaci/dataset/dataset_Stanford/FACT_method/preprocessed_data_multilabel_originalFPS/groundTruth/ID30.npy
[ID30]     Shape: (3787, 2)
[ID30] SUCCESS

================================================================================
Processing video 31/32: ID31
================================================================================
[ID31] Found label file: 25-021_ID31.csv
[ID31] Step 1/3: Extracting features...
      Opening video file...

      ===================================================
      VIDEO PROPERTIES
      ===================================================
      FPS detected: 25.00
      Clip length (auto): 25 frames
      Total frames: 97520
      Duration: 3900.80 seconds
      Expected seconds: 3901
      Frames per second: ~25.0
      ===================================================

      Using ORIGINAL FPS with per-second aggregation
      Aggregation method: mean
      ---------------------------------------------------
      READING ALL FRAMES FROM VIDEO (FAST MODE)
      ---------------------------------------------------
      Progress: 500/97520 frames (0.5%)
      Progress: 1000/97520 frames (1.0%)
      Progress: 1500/97520 frames (1.5%)
      Progress: 2000/97520 frames (2.1%)
      Progress: 2500/97520 frames (2.6%)
      Progress: 3000/97520 frames (3.1%)
      Progress: 3500/97520 frames (3.6%)
      Progress: 4000/97520 frames (4.1%)
      Progress: 4500/97520 frames (4.6%)
      Progress: 5000/97520 frames (5.1%)
      Progress: 5500/97520 frames (5.6%)
      Progress: 6000/97520 frames (6.2%)
      Progress: 6500/97520 frames (6.7%)
      Progress: 7000/97520 frames (7.2%)
      Progress: 7500/97520 frames (7.7%)
      Progress: 8000/97520 frames (8.2%)
      Progress: 8500/97520 frames (8.7%)
      Progress: 9000/97520 frames (9.2%)
      Progress: 9500/97520 frames (9.7%)
      Progress: 10000/97520 frames (10.3%)
      Progress: 10500/97520 frames (10.8%)
      Progress: 11000/97520 frames (11.3%)
      Progress: 11500/97520 frames (11.8%)
      Progress: 12000/97520 frames (12.3%)
      Progress: 12500/97520 frames (12.8%)
      Progress: 13000/97520 frames (13.3%)
      Progress: 13500/97520 frames (13.8%)
      Progress: 14000/97520 frames (14.4%)
      Progress: 14500/97520 frames (14.9%)
      Progress: 15000/97520 frames (15.4%)
      Progress: 15500/97520 frames (15.9%)
      Progress: 16000/97520 frames (16.4%)
      Progress: 16500/97520 frames (16.9%)
      Progress: 17000/97520 frames (17.4%)
      Progress: 17500/97520 frames (17.9%)
      Progress: 18000/97520 frames (18.5%)
      Progress: 18500/97520 frames (19.0%)
      Progress: 19000/97520 frames (19.5%)
      Progress: 19500/97520 frames (20.0%)
      Progress: 20000/97520 frames (20.5%)
      Progress: 20500/97520 frames (21.0%)
      Progress: 21000/97520 frames (21.5%)
      Progress: 21500/97520 frames (22.0%)
      Progress: 22000/97520 frames (22.6%)
      Progress: 22500/97520 frames (23.1%)
      Progress: 23000/97520 frames (23.6%)
      Progress: 23500/97520 frames (24.1%)
      Progress: 24000/97520 frames (24.6%)
      Progress: 24500/97520 frames (25.1%)
      Progress: 25000/97520 frames (25.6%)
      Progress: 25500/97520 frames (26.1%)
      Progress: 26000/97520 frames (26.7%)
      Progress: 26500/97520 frames (27.2%)
      Progress: 27000/97520 frames (27.7%)
      Progress: 27500/97520 frames (28.2%)
      Progress: 28000/97520 frames (28.7%)
      Progress: 28500/97520 frames (29.2%)
      Progress: 29000/97520 frames (29.7%)
      Progress: 29500/97520 frames (30.3%)
      Progress: 30000/97520 frames (30.8%)
      Progress: 30500/97520 frames (31.3%)
      Progress: 31000/97520 frames (31.8%)
      Progress: 31500/97520 frames (32.3%)
      Progress: 32000/97520 frames (32.8%)
      Progress: 32500/97520 frames (33.3%)
      Progress: 33000/97520 frames (33.8%)
      Progress: 33500/97520 frames (34.4%)
      Progress: 34000/97520 frames (34.9%)
      Progress: 34500/97520 frames (35.4%)
      Progress: 35000/97520 frames (35.9%)
      Progress: 35500/97520 frames (36.4%)
      Progress: 36000/97520 frames (36.9%)
      Progress: 36500/97520 frames (37.4%)
      Progress: 37000/97520 frames (37.9%)
      Progress: 37500/97520 frames (38.5%)
      Progress: 38000/97520 frames (39.0%)
      Progress: 38500/97520 frames (39.5%)
      Progress: 39000/97520 frames (40.0%)
      Progress: 39500/97520 frames (40.5%)
      Progress: 40000/97520 frames (41.0%)
      Progress: 40500/97520 frames (41.5%)
      Progress: 41000/97520 frames (42.0%)
      Progress: 41500/97520 frames (42.6%)
      Progress: 42000/97520 frames (43.1%)
      Progress: 42500/97520 frames (43.6%)
      Progress: 43000/97520 frames (44.1%)
      Progress: 43500/97520 frames (44.6%)
      Progress: 44000/97520 frames (45.1%)
      Progress: 44500/97520 frames (45.6%)
      Progress: 45000/97520 frames (46.1%)
      Progress: 45500/97520 frames (46.7%)
      Progress: 46000/97520 frames (47.2%)
      Progress: 46500/97520 frames (47.7%)
      Progress: 47000/97520 frames (48.2%)
      Progress: 47500/97520 frames (48.7%)
      Progress: 48000/97520 frames (49.2%)
      Progress: 48500/97520 frames (49.7%)
      Progress: 49000/97520 frames (50.2%)
      Progress: 49500/97520 frames (50.8%)
      Progress: 50000/97520 frames (51.3%)
      Progress: 50500/97520 frames (51.8%)
      Progress: 51000/97520 frames (52.3%)
      Progress: 51500/97520 frames (52.8%)
      Progress: 52000/97520 frames (53.3%)
      Progress: 52500/97520 frames (53.8%)
      Progress: 53000/97520 frames (54.3%)
      Progress: 53500/97520 frames (54.9%)
      Progress: 54000/97520 frames (55.4%)
      Progress: 54500/97520 frames (55.9%)
      Progress: 55000/97520 frames (56.4%)
      Progress: 55500/97520 frames (56.9%)
      Progress: 56000/97520 frames (57.4%)
      Progress: 56500/97520 frames (57.9%)
      Progress: 57000/97520 frames (58.4%)
      Progress: 57500/97520 frames (59.0%)
      Progress: 58000/97520 frames (59.5%)
      Progress: 58500/97520 frames (60.0%)
      Progress: 59000/97520 frames (60.5%)
      Progress: 59500/97520 frames (61.0%)
      Progress: 60000/97520 frames (61.5%)
      Progress: 60500/97520 frames (62.0%)
      Progress: 61000/97520 frames (62.6%)
      Progress: 61500/97520 frames (63.1%)
      Progress: 62000/97520 frames (63.6%)
      Progress: 62500/97520 frames (64.1%)
      Progress: 63000/97520 frames (64.6%)
      Progress: 63500/97520 frames (65.1%)
      Progress: 64000/97520 frames (65.6%)
      Progress: 64500/97520 frames (66.1%)
      Progress: 65000/97520 frames (66.7%)
      Progress: 65500/97520 frames (67.2%)
      Progress: 66000/97520 frames (67.7%)
      Progress: 66500/97520 frames (68.2%)
      Progress: 67000/97520 frames (68.7%)
      Progress: 67500/97520 frames (69.2%)
      Progress: 68000/97520 frames (69.7%)
      Progress: 68500/97520 frames (70.2%)
      Progress: 69000/97520 frames (70.8%)
      Progress: 69500/97520 frames (71.3%)
      Progress: 70000/97520 frames (71.8%)
      Progress: 70500/97520 frames (72.3%)
      Progress: 71000/97520 frames (72.8%)
      Progress: 71500/97520 frames (73.3%)
      Progress: 72000/97520 frames (73.8%)
      Progress: 72500/97520 frames (74.3%)
      Progress: 73000/97520 frames (74.9%)
      Progress: 73500/97520 frames (75.4%)
      Progress: 74000/97520 frames (75.9%)
      Progress: 74500/97520 frames (76.4%)
      Progress: 75000/97520 frames (76.9%)
      Progress: 75500/97520 frames (77.4%)
      Progress: 76000/97520 frames (77.9%)
      Progress: 76500/97520 frames (78.4%)
      Progress: 77000/97520 frames (79.0%)
      Progress: 77500/97520 frames (79.5%)
      Progress: 78000/97520 frames (80.0%)
      Progress: 78500/97520 frames (80.5%)
      Progress: 79000/97520 frames (81.0%)
      Progress: 79500/97520 frames (81.5%)
      Progress: 80000/97520 frames (82.0%)
      Progress: 80500/97520 frames (82.5%)
      Progress: 81000/97520 frames (83.1%)
      Progress: 81500/97520 frames (83.6%)
      Progress: 82000/97520 frames (84.1%)
      Progress: 82500/97520 frames (84.6%)
      Progress: 83000/97520 frames (85.1%)
      Progress: 83500/97520 frames (85.6%)
      Progress: 84000/97520 frames (86.1%)
      Progress: 84500/97520 frames (86.6%)
      Progress: 85000/97520 frames (87.2%)
      Progress: 85500/97520 frames (87.7%)
      Progress: 86000/97520 frames (88.2%)
      Progress: 86500/97520 frames (88.7%)
      Progress: 87000/97520 frames (89.2%)
      Progress: 87500/97520 frames (89.7%)
      Progress: 88000/97520 frames (90.2%)
      Progress: 88500/97520 frames (90.8%)
      Progress: 89000/97520 frames (91.3%)
      Progress: 89500/97520 frames (91.8%)
      Progress: 90000/97520 frames (92.3%)
      Progress: 90500/97520 frames (92.8%)
      Progress: 91000/97520 frames (93.3%)
      Progress: 91500/97520 frames (93.8%)
      Progress: 92000/97520 frames (94.3%)
      Progress: 92500/97520 frames (94.9%)
      Progress: 93000/97520 frames (95.4%)
      Progress: 93500/97520 frames (95.9%)
      Progress: 94000/97520 frames (96.4%)
      Progress: 94500/97520 frames (96.9%)
      Progress: 95000/97520 frames (97.4%)
      Progress: 95500/97520 frames (97.9%)
      Progress: 96000/97520 frames (98.4%)
      Progress: 96500/97520 frames (99.0%)
      Progress: 97000/97520 frames (99.5%)
      WARNING: 200 consecutive frame read failures
      Breaking loop at frame 97370/97520
      Frames successfully read: 97370
      Total missed frames: 200
      ---------------------------------------------------
      FRAME READING COMPLETE
      ---------------------------------------------------
      Expected frames: 97520
      Frames read: 97370
      Frames missing: 200
      WARNING: 200 frames could not be read!
      WARNING: Read fewer frames than expected (97370/97520)
      This may be due to video corruption or codec issues
      ---------------------------------------------------
      ---------------------------------------------------
      EXTRACTING FEATURES PER SECOND
      ---------------------------------------------------
      Processing 3901 seconds...
        Second 0/3901
        Second 100/3901
        Second 200/3901
        Second 300/3901
        Second 400/3901
        Second 500/3901
        Second 600/3901
        Second 700/3901
        Second 800/3901
        Second 900/3901
        Second 1000/3901
        Second 1100/3901
        Second 1200/3901
        Second 1300/3901
        Second 1400/3901
        Second 1500/3901
        Second 1600/3901
        Second 1700/3901
        Second 1800/3901
        Second 1900/3901
        Second 2000/3901
        Second 2100/3901
        Second 2200/3901
        Second 2300/3901
        Second 2400/3901
        Second 2500/3901
        Second 2600/3901
        Second 2700/3901
        Second 2800/3901
        Second 2900/3901
        Second 3000/3901
        Second 3100/3901
        Second 3200/3901
        Second 3300/3901
        Second 3400/3901
        Second 3500/3901
        Second 3600/3901
        Second 3700/3901
        Second 3800/3901
        WARNING: Second 3895 has no frames! Using zeros.
        WARNING: Second 3896 has no frames! Using zeros.
        WARNING: Second 3897 has no frames! Using zeros.
        WARNING: Second 3898 has no frames! Using zeros.
        WARNING: Second 3899 has no frames! Using zeros.
        WARNING: Second 3900 has no frames! Using zeros.
      ---------------------------------------------------
      FEATURE EXTRACTION COMPLETE
      ---------------------------------------------------
      Final features shape: (3901, 512)

[ID31]   Features extracted: (3901, 512)
[ID31] Step 2/3: Converting to multi-label format...
      CSV columns: ['start_time', 'end_time', 'licking', 'shaking']
      CSV shape: (3840, 4)
      Video seconds: 3901
      Total rows in CSV: 3840
      Valid rows (within video duration): 3840
      Label statistics:
        Licking only: 424
        Shaking only: 11
        Both (licking + shaking): 11
        Background (neither): 3455
[ID31] Step 3/3: Saving processed data...
[ID31]   Saved features: /data-8tb/nvaci/dataset/dataset_Stanford/FACT_method/preprocessed_data_multilabel_originalFPS/features/ID31.npy
[ID31]     Shape: (3901, 512)
[ID31]   Saved multi-labels: /data-8tb/nvaci/dataset/dataset_Stanford/FACT_method/preprocessed_data_multilabel_originalFPS/groundTruth/ID31.npy
[ID31]     Shape: (3901, 2)
[ID31] SUCCESS

================================================================================
Processing video 32/32: ID32
================================================================================
[ID32] Found label file: 25-021_ID32.csv
[ID32] Step 1/3: Extracting features...
      Opening video file...

      ===================================================
      VIDEO PROPERTIES
      ===================================================
      FPS detected: 25.00
      Clip length (auto): 25 frames
      Total frames: 96073
      Duration: 3842.92 seconds
      Expected seconds: 3843
      Frames per second: ~25.0
      ===================================================

      Using ORIGINAL FPS with per-second aggregation
      Aggregation method: mean
      ---------------------------------------------------
      READING ALL FRAMES FROM VIDEO (FAST MODE)
      ---------------------------------------------------
      Progress: 500/96073 frames (0.5%)
      Progress: 1000/96073 frames (1.0%)
      Progress: 1500/96073 frames (1.6%)
      Progress: 2000/96073 frames (2.1%)
      Progress: 2500/96073 frames (2.6%)
      Progress: 3000/96073 frames (3.1%)
      Progress: 3500/96073 frames (3.6%)
      Progress: 4000/96073 frames (4.2%)
      Progress: 4500/96073 frames (4.7%)
      Progress: 5000/96073 frames (5.2%)
      Progress: 5500/96073 frames (5.7%)
      Progress: 6000/96073 frames (6.2%)
      Progress: 6500/96073 frames (6.8%)
      Progress: 7000/96073 frames (7.3%)
      Progress: 7500/96073 frames (7.8%)
      Progress: 8000/96073 frames (8.3%)
      Progress: 8500/96073 frames (8.8%)
      Progress: 9000/96073 frames (9.4%)
      Progress: 9500/96073 frames (9.9%)
      Progress: 10000/96073 frames (10.4%)
      Progress: 10500/96073 frames (10.9%)
      Progress: 11000/96073 frames (11.4%)
      Progress: 11500/96073 frames (12.0%)
      Progress: 12000/96073 frames (12.5%)
      Progress: 12500/96073 frames (13.0%)
      Progress: 13000/96073 frames (13.5%)
      Progress: 13500/96073 frames (14.1%)
      Progress: 14000/96073 frames (14.6%)
      Progress: 14500/96073 frames (15.1%)
      Progress: 15000/96073 frames (15.6%)
      Progress: 15500/96073 frames (16.1%)
      Progress: 16000/96073 frames (16.7%)
      Progress: 16500/96073 frames (17.2%)
      Progress: 17000/96073 frames (17.7%)
      Progress: 17500/96073 frames (18.2%)
      Progress: 18000/96073 frames (18.7%)
      Progress: 18500/96073 frames (19.3%)
      Progress: 19000/96073 frames (19.8%)
      Progress: 19500/96073 frames (20.3%)
      Progress: 20000/96073 frames (20.8%)
      Progress: 20500/96073 frames (21.3%)
      Progress: 21000/96073 frames (21.9%)
      Progress: 21500/96073 frames (22.4%)
      Progress: 22000/96073 frames (22.9%)
      Progress: 22500/96073 frames (23.4%)
      Progress: 23000/96073 frames (23.9%)
      Progress: 23500/96073 frames (24.5%)
      Progress: 24000/96073 frames (25.0%)
      Progress: 24500/96073 frames (25.5%)
      Progress: 25000/96073 frames (26.0%)
      Progress: 25500/96073 frames (26.5%)
      Progress: 26000/96073 frames (27.1%)
      Progress: 26500/96073 frames (27.6%)
      Progress: 27000/96073 frames (28.1%)
      Progress: 27500/96073 frames (28.6%)
      Progress: 28000/96073 frames (29.1%)
      Progress: 28500/96073 frames (29.7%)
      Progress: 29000/96073 frames (30.2%)
      Progress: 29500/96073 frames (30.7%)
      Progress: 30000/96073 frames (31.2%)
      Progress: 30500/96073 frames (31.7%)
      Progress: 31000/96073 frames (32.3%)
      Progress: 31500/96073 frames (32.8%)
      Progress: 32000/96073 frames (33.3%)
      Progress: 32500/96073 frames (33.8%)
      Progress: 33000/96073 frames (34.3%)
      Progress: 33500/96073 frames (34.9%)
      Progress: 34000/96073 frames (35.4%)
      Progress: 34500/96073 frames (35.9%)
      Progress: 35000/96073 frames (36.4%)
      Progress: 35500/96073 frames (37.0%)
      Progress: 36000/96073 frames (37.5%)
      Progress: 36500/96073 frames (38.0%)
      Progress: 37000/96073 frames (38.5%)
      Progress: 37500/96073 frames (39.0%)
      Progress: 38000/96073 frames (39.6%)
      Progress: 38500/96073 frames (40.1%)
      Progress: 39000/96073 frames (40.6%)
      Progress: 39500/96073 frames (41.1%)
      Progress: 40000/96073 frames (41.6%)
      Progress: 40500/96073 frames (42.2%)
      Progress: 41000/96073 frames (42.7%)
      Progress: 41500/96073 frames (43.2%)
      Progress: 42000/96073 frames (43.7%)
      Progress: 42500/96073 frames (44.2%)
      Progress: 43000/96073 frames (44.8%)
      Progress: 43500/96073 frames (45.3%)
      Progress: 44000/96073 frames (45.8%)
      Progress: 44500/96073 frames (46.3%)
      Progress: 45000/96073 frames (46.8%)
      Progress: 45500/96073 frames (47.4%)
      Progress: 46000/96073 frames (47.9%)
      Progress: 46500/96073 frames (48.4%)
      Progress: 47000/96073 frames (48.9%)
      Progress: 47500/96073 frames (49.4%)
      Progress: 48000/96073 frames (50.0%)
      Progress: 48500/96073 frames (50.5%)
      Progress: 49000/96073 frames (51.0%)
      Progress: 49500/96073 frames (51.5%)
      Progress: 50000/96073 frames (52.0%)
      Progress: 50500/96073 frames (52.6%)
      Progress: 51000/96073 frames (53.1%)
      Progress: 51500/96073 frames (53.6%)
      Progress: 52000/96073 frames (54.1%)
      Progress: 52500/96073 frames (54.6%)
      Progress: 53000/96073 frames (55.2%)
      Progress: 53500/96073 frames (55.7%)
      Progress: 54000/96073 frames (56.2%)
      Progress: 54500/96073 frames (56.7%)
      Progress: 55000/96073 frames (57.2%)
      Progress: 55500/96073 frames (57.8%)
      Progress: 56000/96073 frames (58.3%)
      Progress: 56500/96073 frames (58.8%)
      Progress: 57000/96073 frames (59.3%)
      Progress: 57500/96073 frames (59.9%)
      Progress: 58000/96073 frames (60.4%)
      Progress: 58500/96073 frames (60.9%)
      Progress: 59000/96073 frames (61.4%)
      Progress: 59500/96073 frames (61.9%)
      Progress: 60000/96073 frames (62.5%)
      Progress: 60500/96073 frames (63.0%)
      Progress: 61000/96073 frames (63.5%)
      Progress: 61500/96073 frames (64.0%)
      Progress: 62000/96073 frames (64.5%)
      Progress: 62500/96073 frames (65.1%)
      Progress: 63000/96073 frames (65.6%)
      Progress: 63500/96073 frames (66.1%)
      Progress: 64000/96073 frames (66.6%)
      Progress: 64500/96073 frames (67.1%)
      Progress: 65000/96073 frames (67.7%)
      Progress: 65500/96073 frames (68.2%)
      Progress: 66000/96073 frames (68.7%)
      Progress: 66500/96073 frames (69.2%)
      Progress: 67000/96073 frames (69.7%)
      Progress: 67500/96073 frames (70.3%)
      Progress: 68000/96073 frames (70.8%)
      Progress: 68500/96073 frames (71.3%)
      Progress: 69000/96073 frames (71.8%)
      Progress: 69500/96073 frames (72.3%)
      Progress: 70000/96073 frames (72.9%)
      Progress: 70500/96073 frames (73.4%)
      Progress: 71000/96073 frames (73.9%)
      Progress: 71500/96073 frames (74.4%)
      Progress: 72000/96073 frames (74.9%)
      Progress: 72500/96073 frames (75.5%)
      Progress: 73000/96073 frames (76.0%)
      Progress: 73500/96073 frames (76.5%)
      Progress: 74000/96073 frames (77.0%)
      Progress: 74500/96073 frames (77.5%)
      Progress: 75000/96073 frames (78.1%)
      Progress: 75500/96073 frames (78.6%)
      Progress: 76000/96073 frames (79.1%)
      Progress: 76500/96073 frames (79.6%)
      Progress: 77000/96073 frames (80.1%)
      Progress: 77500/96073 frames (80.7%)
      Progress: 78000/96073 frames (81.2%)
      Progress: 78500/96073 frames (81.7%)
      Progress: 79000/96073 frames (82.2%)
      Progress: 79500/96073 frames (82.7%)
      Progress: 80000/96073 frames (83.3%)
      Progress: 80500/96073 frames (83.8%)
      Progress: 81000/96073 frames (84.3%)
      Progress: 81500/96073 frames (84.8%)
      Progress: 82000/96073 frames (85.4%)
      Progress: 82500/96073 frames (85.9%)
      Progress: 83000/96073 frames (86.4%)
      Progress: 83500/96073 frames (86.9%)
      Progress: 84000/96073 frames (87.4%)
      Progress: 84500/96073 frames (88.0%)
      Progress: 85000/96073 frames (88.5%)
      Progress: 85500/96073 frames (89.0%)
      Progress: 86000/96073 frames (89.5%)
      Progress: 86500/96073 frames (90.0%)
      Progress: 87000/96073 frames (90.6%)
      Progress: 87500/96073 frames (91.1%)
      Progress: 88000/96073 frames (91.6%)
      Progress: 88500/96073 frames (92.1%)
      Progress: 89000/96073 frames (92.6%)
      Progress: 89500/96073 frames (93.2%)
      Progress: 90000/96073 frames (93.7%)
      Progress: 90500/96073 frames (94.2%)
      Progress: 91000/96073 frames (94.7%)
      Progress: 91500/96073 frames (95.2%)
      Progress: 92000/96073 frames (95.8%)
      Progress: 92500/96073 frames (96.3%)
      Progress: 93000/96073 frames (96.8%)
      Progress: 93500/96073 frames (97.3%)
      Progress: 94000/96073 frames (97.8%)
      Progress: 94500/96073 frames (98.4%)
      Progress: 95000/96073 frames (98.9%)
      Progress: 95500/96073 frames (99.4%)
      Progress: 96000/96073 frames (99.9%)
      WARNING: 200 consecutive frame read failures
      Breaking loop at frame 96070/96073
      Frames successfully read: 96070
      Total missed frames: 200
      ---------------------------------------------------
      FRAME READING COMPLETE
      ---------------------------------------------------
      Expected frames: 96073
      Frames read: 96070
      Frames missing: 200
      WARNING: 200 frames could not be read!
      WARNING: Read fewer frames than expected (96070/96073)
      This may be due to video corruption or codec issues
      ---------------------------------------------------
      ---------------------------------------------------
      EXTRACTING FEATURES PER SECOND
      ---------------------------------------------------
      Processing 3843 seconds...
        Second 0/3843
        Second 100/3843
        Second 200/3843
        Second 300/3843
        Second 400/3843
        Second 500/3843
        Second 600/3843
        Second 700/3843
        Second 800/3843
        Second 900/3843
        Second 1000/3843
        Second 1100/3843
        Second 1200/3843
        Second 1300/3843
        Second 1400/3843
        Second 1500/3843
        Second 1600/3843
        Second 1700/3843
        Second 1800/3843
        Second 1900/3843
        Second 2000/3843
        Second 2100/3843
        Second 2200/3843
        Second 2300/3843
        Second 2400/3843
        Second 2500/3843
        Second 2600/3843
        Second 2700/3843
        Second 2800/3843
        Second 2900/3843
        Second 3000/3843
        Second 3100/3843
        Second 3200/3843
        Second 3300/3843
        Second 3400/3843
        Second 3500/3843
        Second 3600/3843
        Second 3700/3843
        Second 3800/3843
      ---------------------------------------------------
      FEATURE EXTRACTION COMPLETE
      ---------------------------------------------------
      Final features shape: (3843, 512)

[ID32]   Features extracted: (3843, 512)
[ID32] Step 2/3: Converting to multi-label format...
      CSV columns: ['start_time', 'end_time', 'licking', 'shaking']
      CSV shape: (3840, 4)
      Video seconds: 3843
      Total rows in CSV: 3840
      Valid rows (within video duration): 3840
      Label statistics:
        Licking only: 102
        Shaking only: 0
        Both (licking + shaking): 0
        Background (neither): 3741
[ID32] Step 3/3: Saving processed data...
/data-8tb/nvaci/miniconda3/envs/FACT/lib/python3.8/site-packages/torchvision/models/_utils.py:208: UserWarning: The parameter 'pretrained' is deprecated since 0.13 and may be removed in the future, please use 'weights' instead.
  warnings.warn(
/data-8tb/nvaci/miniconda3/envs/FACT/lib/python3.8/site-packages/torchvision/models/_utils.py:223: UserWarning: Arguments other than a weight enum or `None` for 'weights' are deprecated since 0.13 and may be removed in the future. The current behavior is equivalent to passing `weights=R3D_18_Weights.KINETICS400_V1`. You can also use `weights=R3D_18_Weights.DEFAULT` to get the most up-to-date weights.
  warnings.warn(msg)
[ID32]   Saved features: /data-8tb/nvaci/dataset/dataset_Stanford/FACT_method/preprocessed_data_multilabel_originalFPS/features/ID32.npy
[ID32]     Shape: (3843, 512)
[ID32]   Saved multi-labels: /data-8tb/nvaci/dataset/dataset_Stanford/FACT_method/preprocessed_data_multilabel_originalFPS/groundTruth/ID32.npy
[ID32]     Shape: (3843, 2)
[ID32] SUCCESS

================================================================================
Processing Summary
================================================================================
Total videos: 32
Successfully processed: 32
Failed: 0

Created mapping file: /data-8tb/nvaci/dataset/dataset_Stanford/FACT_method/preprocessed_data_multilabel_originalFPS/mapping.txt

Creating 1 train/test splits...
  Train ratio: 0.78125 (25/32 videos)
  Split 1: 25 train, 7 test

================================================================================
Preprocessing complete!
================================================================================

Key features:
  - Multi-label format: licking AND shaking (independent)
  - No balancing applied
  - Labels saved as .npy with shape (n_seconds, 2)
  - Ready for two-head sigmoid output model
  - FAST VERSION: ~10x faster frame reading
  - FIXED: Corrected CSV reading logic
