nohup: ignoring input
[0;32m[INFO][0m Starting Stanford dataset preprocessing (binary + balanced)...
[0;32m[INFO][0m Videos directory: /data-8tb/nvaci/dataset/dataset_Stanford/raw/videos_cut
[0;32m[INFO][0m Labels directory: /data-8tb/nvaci/dataset/dataset_Stanford/raw/labels
[0;32m[INFO][0m Output directory: /data-8tb/nvaci/dataset/dataset_Stanford/FACT_method/preprocessed_data_2class

[0;32m[INFO][0m Python version: Python 3.8.20
[0;32m[INFO][0m Checking required Python packages...
[0;32m[INFO][0m GPU detected:
NVIDIA RTX 6000 Ada Generation, 49140 MiB
NVIDIA RTX 6000 Ada Generation, 49140 MiB
NVIDIA RTX 6000 Ada Generation, 49140 MiB
NVIDIA RTX 6000 Ada Generation, 49140 MiB
NVIDIA RTX 6000 Ada Generation, 49140 MiB
NVIDIA RTX 6000 Ada Generation, 49140 MiB
NVIDIA RTX 6000 Ada Generation, 49140 MiB
NVIDIA RTX 6000 Ada Generation, 49140 MiB
[0;32m[INFO][0m Running preprocessing pipeline...

======================================================================
Set CPU thread limits to 4 threads
================================================================================
Stanford Dataset - Binary Classification (Balanced)
================================================================================
Videos directory: /data-8tb/nvaci/dataset/dataset_Stanford/raw/videos_cut
Labels directory: /data-8tb/nvaci/dataset/dataset_Stanford/raw/labels
Output directory: /data-8tb/nvaci/dataset/dataset_Stanford/FACT_method/preprocessed_data_2class
Target FPS: 25
Clip length: 16
Balance seed: 42
I3D weights: /data-8tb/nvaci/dataset/dataset_Stanford/FACT_method/pretrained_models/i3d_rgb_kinetics.pt

Configuration:
  - Classes: background vs licking (binary)
  - Removed: shaking, licking_shaking
  - Balanced: background downsampled to match licking
================================================================================
Using GPU: NVIDIA RTX 6000 Ada Generation
Loading pretrained I3D model...
Loading I3D model from weights: /data-8tb/nvaci/dataset/dataset_Stanford/FACT_method/pretrained_models/i3d_rgb_kinetics.pt
Loading pretrained weights from: /data-8tb/nvaci/dataset/dataset_Stanford/FACT_method/pretrained_models/i3d_rgb_kinetics.pt
/home/nvaci/FACT/preprocessing_dataset_Stanford/i3d_model.py:341: FutureWarning: You are using `torch.load` with `weights_only=False` (the current default value), which uses the default pickle module implicitly. It is possible to construct malicious pickle data which will execute arbitrary code during unpickling (See https://github.com/pytorch/pytorch/blob/main/SECURITY.md#untrusted-models for more details). In a future release, the default value for `weights_only` will be flipped to `True`. This limits the functions that could be executed during unpickling. Arbitrary objects will no longer be allowed to be loaded via this mode unless they are explicitly allowlisted by the user via `torch.serialization.add_safe_globals`. We recommend you start setting `weights_only=True` for any use case where you don't have full control of the loaded file. Please open an issue on GitHub for any issues related to this experimental feature.
  state_dict = torch.load(weights_path, map_location='cpu')
I3D model loaded successfully on cuda
Model type: i3d

Found 32 videos to process

================================================================================
Starting to process 32 videos...
================================================================================


================================================================================
Processing video 1/32: ID01
================================================================================
[ID01] Found label file: 25-021_ID01.csv
[ID01] Step 1/4: Extracting features...
      Opening video file...
      Original video FPS: 25.00
      Original total frames: 97552
      Sample rate: 1 every 1 frames
      Using STREAMING mode - processing clips on-the-fly
      Clip length: 16 frames
      ✓ First clip on device: cuda:0
      Processed 100 clips, 808 frames sampled...
      Processed 200 clips, 1608 frames sampled...
      Processed 300 clips, 2408 frames sampled...
      Processed 400 clips, 3208 frames sampled...
      Processed 500 clips, 4008 frames sampled...
      Processed 600 clips, 4808 frames sampled...
      Read 5000/97552 frames (5000 sampled, 624 clips processed)...
      Processed 700 clips, 5608 frames sampled...
      Processed 800 clips, 6408 frames sampled...
      Processed 900 clips, 7208 frames sampled...
      Processed 1000 clips, 8008 frames sampled...
      Processed 1100 clips, 8808 frames sampled...
      Processed 1200 clips, 9608 frames sampled...
      Read 10000/97552 frames (10000 sampled, 1249 clips processed)...
      Processed 1300 clips, 10408 frames sampled...
      Processed 1400 clips, 11208 frames sampled...
      Processed 1500 clips, 12008 frames sampled...
      Processed 1600 clips, 12808 frames sampled...
      Processed 1700 clips, 13608 frames sampled...
      Processed 1800 clips, 14408 frames sampled...
      Read 15000/97552 frames (15000 sampled, 1874 clips processed)...
      Processed 1900 clips, 15208 frames sampled...
      Processed 2000 clips, 16008 frames sampled...
      Processed 2100 clips, 16808 frames sampled...
      Processed 2200 clips, 17608 frames sampled...
      Processed 2300 clips, 18408 frames sampled...
      Processed 2400 clips, 19208 frames sampled...
      Read 20000/97552 frames (20000 sampled, 2499 clips processed)...
      Processed 2500 clips, 20008 frames sampled...
      Processed 2600 clips, 20808 frames sampled...
      Processed 2700 clips, 21608 frames sampled...
      Processed 2800 clips, 22408 frames sampled...
      Processed 2900 clips, 23208 frames sampled...
      Processed 3000 clips, 24008 frames sampled...
      Processed 3100 clips, 24808 frames sampled...
      Read 25000/97552 frames (25000 sampled, 3124 clips processed)...
      Processed 3200 clips, 25608 frames sampled...
      Processed 3300 clips, 26408 frames sampled...
      Processed 3400 clips, 27208 frames sampled...
      Processed 3500 clips, 28008 frames sampled...
      Processed 3600 clips, 28808 frames sampled...
      Processed 3700 clips, 29608 frames sampled...
      Read 30000/97552 frames (30000 sampled, 3749 clips processed)...
      Processed 3800 clips, 30408 frames sampled...
      Processed 3900 clips, 31208 frames sampled...
      Processed 4000 clips, 32008 frames sampled...
      Processed 4100 clips, 32808 frames sampled...
      Processed 4200 clips, 33608 frames sampled...
      Processed 4300 clips, 34408 frames sampled...
      Read 35000/97552 frames (35000 sampled, 4374 clips processed)...
      Processed 4400 clips, 35208 frames sampled...
      Processed 4500 clips, 36008 frames sampled...
      Processed 4600 clips, 36808 frames sampled...
      Processed 4700 clips, 37608 frames sampled...
      Processed 4800 clips, 38408 frames sampled...
      Processed 4900 clips, 39208 frames sampled...
      Read 40000/97552 frames (40000 sampled, 4999 clips processed)...
      Processed 5000 clips, 40008 frames sampled...
      Processed 5100 clips, 40808 frames sampled...
      Processed 5200 clips, 41608 frames sampled...
      Processed 5300 clips, 42408 frames sampled...
      Processed 5400 clips, 43208 frames sampled...
      Processed 5500 clips, 44008 frames sampled...
      Processed 5600 clips, 44808 frames sampled...
      Read 45000/97552 frames (45000 sampled, 5624 clips processed)...
      Processed 5700 clips, 45608 frames sampled...
      Processed 5800 clips, 46408 frames sampled...
      Processed 5900 clips, 47208 frames sampled...
      Processed 6000 clips, 48008 frames sampled...
      Processed 6100 clips, 48808 frames sampled...
      Processed 6200 clips, 49608 frames sampled...
      Read 50000/97552 frames (50000 sampled, 6249 clips processed)...
      Processed 6300 clips, 50408 frames sampled...
      Processed 6400 clips, 51208 frames sampled...
      Processed 6500 clips, 52008 frames sampled...
      Processed 6600 clips, 52808 frames sampled...
      Processed 6700 clips, 53608 frames sampled...
      Processed 6800 clips, 54408 frames sampled...
      Read 55000/97552 frames (55000 sampled, 6874 clips processed)...
      Processed 6900 clips, 55208 frames sampled...
      Processed 7000 clips, 56008 frames sampled...
      Processed 7100 clips, 56808 frames sampled...
      Processed 7200 clips, 57608 frames sampled...
      Processed 7300 clips, 58408 frames sampled...
      Processed 7400 clips, 59208 frames sampled...
      Read 60000/97552 frames (60000 sampled, 7499 clips processed)...
      Processed 7500 clips, 60008 frames sampled...
      Processed 7600 clips, 60808 frames sampled...
      Processed 7700 clips, 61608 frames sampled...
      Processed 7800 clips, 62408 frames sampled...
      Processed 7900 clips, 63208 frames sampled...
      Processed 8000 clips, 64008 frames sampled...
      Processed 8100 clips, 64808 frames sampled...
      Read 65000/97552 frames (65000 sampled, 8124 clips processed)...
      Processed 8200 clips, 65608 frames sampled...
      Processed 8300 clips, 66408 frames sampled...
      Processed 8400 clips, 67208 frames sampled...
      Processed 8500 clips, 68008 frames sampled...
      Processed 8600 clips, 68808 frames sampled...
      Processed 8700 clips, 69608 frames sampled...
      Read 70000/97552 frames (70000 sampled, 8749 clips processed)...
      Processed 8800 clips, 70408 frames sampled...
      Processed 8900 clips, 71208 frames sampled...
      Processed 9000 clips, 72008 frames sampled...
      Processed 9100 clips, 72808 frames sampled...
      Processed 9200 clips, 73608 frames sampled...
      Processed 9300 clips, 74408 frames sampled...
      Read 75000/97552 frames (75000 sampled, 9374 clips processed)...
      Processed 9400 clips, 75208 frames sampled...
      Processed 9500 clips, 76008 frames sampled...
      Processed 9600 clips, 76808 frames sampled...
      Processed 9700 clips, 77608 frames sampled...
      Processed 9800 clips, 78408 frames sampled...
      Processed 9900 clips, 79208 frames sampled...
      Read 80000/97552 frames (80000 sampled, 9999 clips processed)...
      Processed 10000 clips, 80008 frames sampled...
      Processed 10100 clips, 80808 frames sampled...
      Processed 10200 clips, 81608 frames sampled...
      Processed 10300 clips, 82408 frames sampled...
      Processed 10400 clips, 83208 frames sampled...
      Processed 10500 clips, 84008 frames sampled...
      Processed 10600 clips, 84808 frames sampled...
      Read 85000/97552 frames (85000 sampled, 10624 clips processed)...
      Processed 10700 clips, 85608 frames sampled...
      Processed 10800 clips, 86408 frames sampled...
      Processed 10900 clips, 87208 frames sampled...
      Processed 11000 clips, 88008 frames sampled...
      Processed 11100 clips, 88808 frames sampled...
      Processed 11200 clips, 89608 frames sampled...
      Read 90000/97552 frames (90000 sampled, 11249 clips processed)...
      Processed 11300 clips, 90408 frames sampled...
      Processed 11400 clips, 91208 frames sampled...
      Processed 11500 clips, 92008 frames sampled...
      Processed 11600 clips, 92808 frames sampled...
      Processed 11700 clips, 93608 frames sampled...
      Processed 11800 clips, 94408 frames sampled...
      Read 95000/97552 frames (95000 sampled, 11874 clips processed)...
      Processed 11900 clips, 95208 frames sampled...
      Processed 12000 clips, 96008 frames sampled...
      Processed 12100 clips, 96808 frames sampled...
      Total frames read: 97427
      Total frames sampled: 97427
      Total clips processed: 12177
      Feature extraction complete!
      Final features shape: (97427, 1024)
[ID01]   Features extracted: (97427, 1024)
[ID01] Step 2/4: Converting to binary labels and removing unwanted classes...
[ID01]   Video duration: 3902.08 seconds
      CSV columns: ['start_time', 'end_time', 'licking', 'shaking']
      CSV shape: (3840, 4)
      Total rows in CSV: 3840
      Rows kept after removing shaking: 3828
[ID01]   Original frames: 97427
[ID01]   After removing shaking/licking_shaking: 3828
[ID01] Step 3/4: Balancing classes...
      Before balancing:
        Background: 2884 frames
        Licking: 944 frames
        Ratio: 3.06:1
      After balancing:
        Background: 944 frames
        Licking: 944 frames
        Total: 1888 frames
        Ratio: 1:1
[ID01] Step 4/4: Saving processed data...
[ID01]   Saved features: /data-8tb/nvaci/dataset/dataset_Stanford/FACT_method/preprocessed_data_2class/features/ID01.npy
[ID01]     Shape: (1888, 1024)
[ID01]     Size: 7.38 MB
[ID01]   Final label distribution:
[ID01]     - background: 944 frames (50.0%)
[ID01]     - licking: 944 frames (50.0%)
[ID01]   Saved labels: /data-8tb/nvaci/dataset/dataset_Stanford/FACT_method/preprocessed_data_2class/groundTruth/ID01.txt
[ID01] SUCCESS - Video processed successfully

================================================================================
Processing video 2/32: ID02
================================================================================
[ID02] Found label file: 25-021_ID02.csv
[ID02] Step 1/4: Extracting features...
      Opening video file...
      Original video FPS: 25.00
      Original total frames: 96302
      Sample rate: 1 every 1 frames
      Using STREAMING mode - processing clips on-the-fly
      Clip length: 16 frames
      ✓ First clip on device: cuda:0
      Processed 100 clips, 808 frames sampled...
      Processed 200 clips, 1608 frames sampled...
      Processed 300 clips, 2408 frames sampled...
      Processed 400 clips, 3208 frames sampled...
      Processed 500 clips, 4008 frames sampled...
      Processed 600 clips, 4808 frames sampled...
      Read 5000/96302 frames (5000 sampled, 624 clips processed)...
      Processed 700 clips, 5608 frames sampled...
      Processed 800 clips, 6408 frames sampled...
      Processed 900 clips, 7208 frames sampled...
      Processed 1000 clips, 8008 frames sampled...
      Processed 1100 clips, 8808 frames sampled...
      Processed 1200 clips, 9608 frames sampled...
      Read 10000/96302 frames (10000 sampled, 1249 clips processed)...
      Processed 1300 clips, 10408 frames sampled...
      Processed 1400 clips, 11208 frames sampled...
      Processed 1500 clips, 12008 frames sampled...
      Processed 1600 clips, 12808 frames sampled...
      Processed 1700 clips, 13608 frames sampled...
      Processed 1800 clips, 14408 frames sampled...
      Read 15000/96302 frames (15000 sampled, 1874 clips processed)...
      Processed 1900 clips, 15208 frames sampled...
      Processed 2000 clips, 16008 frames sampled...
      Processed 2100 clips, 16808 frames sampled...
      Processed 2200 clips, 17608 frames sampled...
      Processed 2300 clips, 18408 frames sampled...
      Processed 2400 clips, 19208 frames sampled...
      Read 20000/96302 frames (20000 sampled, 2499 clips processed)...
      Processed 2500 clips, 20008 frames sampled...
      Processed 2600 clips, 20808 frames sampled...
      Processed 2700 clips, 21608 frames sampled...
      Processed 2800 clips, 22408 frames sampled...
      Processed 2900 clips, 23208 frames sampled...
      Processed 3000 clips, 24008 frames sampled...
      Processed 3100 clips, 24808 frames sampled...
      Read 25000/96302 frames (25000 sampled, 3124 clips processed)...
      Processed 3200 clips, 25608 frames sampled...
      Processed 3300 clips, 26408 frames sampled...
      Processed 3400 clips, 27208 frames sampled...
      Processed 3500 clips, 28008 frames sampled...
      Processed 3600 clips, 28808 frames sampled...
      Processed 3700 clips, 29608 frames sampled...
      Read 30000/96302 frames (30000 sampled, 3749 clips processed)...
      Processed 3800 clips, 30408 frames sampled...
      Processed 3900 clips, 31208 frames sampled...
      Processed 4000 clips, 32008 frames sampled...
      Processed 4100 clips, 32808 frames sampled...
      Processed 4200 clips, 33608 frames sampled...
      Processed 4300 clips, 34408 frames sampled...
      Read 35000/96302 frames (35000 sampled, 4374 clips processed)...
      Processed 4400 clips, 35208 frames sampled...
      Processed 4500 clips, 36008 frames sampled...
      Processed 4600 clips, 36808 frames sampled...
      Processed 4700 clips, 37608 frames sampled...
      Processed 4800 clips, 38408 frames sampled...
      Processed 4900 clips, 39208 frames sampled...
      Read 40000/96302 frames (40000 sampled, 4999 clips processed)...
      Processed 5000 clips, 40008 frames sampled...
      Processed 5100 clips, 40808 frames sampled...
      Processed 5200 clips, 41608 frames sampled...
      Processed 5300 clips, 42408 frames sampled...
      Processed 5400 clips, 43208 frames sampled...
      Processed 5500 clips, 44008 frames sampled...
      Processed 5600 clips, 44808 frames sampled...
      Read 45000/96302 frames (45000 sampled, 5624 clips processed)...
      Processed 5700 clips, 45608 frames sampled...
      Processed 5800 clips, 46408 frames sampled...
      Processed 5900 clips, 47208 frames sampled...
      Processed 6000 clips, 48008 frames sampled...
      Processed 6100 clips, 48808 frames sampled...
      Processed 6200 clips, 49608 frames sampled...
      Read 50000/96302 frames (50000 sampled, 6249 clips processed)...
      Processed 6300 clips, 50408 frames sampled...
      Processed 6400 clips, 51208 frames sampled...
      Processed 6500 clips, 52008 frames sampled...
      Processed 6600 clips, 52808 frames sampled...
      Processed 6700 clips, 53608 frames sampled...
      Processed 6800 clips, 54408 frames sampled...
      Read 55000/96302 frames (55000 sampled, 6874 clips processed)...
      Processed 6900 clips, 55208 frames sampled...
      Processed 7000 clips, 56008 frames sampled...
      Processed 7100 clips, 56808 frames sampled...
      Processed 7200 clips, 57608 frames sampled...
      Processed 7300 clips, 58408 frames sampled...
      Processed 7400 clips, 59208 frames sampled...
      Read 60000/96302 frames (60000 sampled, 7499 clips processed)...
      Processed 7500 clips, 60008 frames sampled...
      Processed 7600 clips, 60808 frames sampled...
      Processed 7700 clips, 61608 frames sampled...
      Processed 7800 clips, 62408 frames sampled...
      Processed 7900 clips, 63208 frames sampled...
      Processed 8000 clips, 64008 frames sampled...
      Processed 8100 clips, 64808 frames sampled...
      Read 65000/96302 frames (65000 sampled, 8124 clips processed)...
      Processed 8200 clips, 65608 frames sampled...
      Processed 8300 clips, 66408 frames sampled...
      Processed 8400 clips, 67208 frames sampled...
      Processed 8500 clips, 68008 frames sampled...
      Processed 8600 clips, 68808 frames sampled...
      Processed 8700 clips, 69608 frames sampled...
      Read 70000/96302 frames (70000 sampled, 8749 clips processed)...
      Processed 8800 clips, 70408 frames sampled...
      Processed 8900 clips, 71208 frames sampled...
      Processed 9000 clips, 72008 frames sampled...
      Processed 9100 clips, 72808 frames sampled...
      Processed 9200 clips, 73608 frames sampled...
      Processed 9300 clips, 74408 frames sampled...
      Read 75000/96302 frames (75000 sampled, 9374 clips processed)...
      Processed 9400 clips, 75208 frames sampled...
      Processed 9500 clips, 76008 frames sampled...
      Processed 9600 clips, 76808 frames sampled...
      Processed 9700 clips, 77608 frames sampled...
      Processed 9800 clips, 78408 frames sampled...
      Processed 9900 clips, 79208 frames sampled...
      Read 80000/96302 frames (80000 sampled, 9999 clips processed)...
      Processed 10000 clips, 80008 frames sampled...
      Processed 10100 clips, 80808 frames sampled...
      Processed 10200 clips, 81608 frames sampled...
      Processed 10300 clips, 82408 frames sampled...
      Processed 10400 clips, 83208 frames sampled...
      Processed 10500 clips, 84008 frames sampled...
      Processed 10600 clips, 84808 frames sampled...
      Read 85000/96302 frames (85000 sampled, 10624 clips processed)...
      Processed 10700 clips, 85608 frames sampled...
      Processed 10800 clips, 86408 frames sampled...
      Processed 10900 clips, 87208 frames sampled...
      Processed 11000 clips, 88008 frames sampled...
      Processed 11100 clips, 88808 frames sampled...
      Processed 11200 clips, 89608 frames sampled...
      Read 90000/96302 frames (90000 sampled, 11249 clips processed)...
      Processed 11300 clips, 90408 frames sampled...
      Processed 11400 clips, 91208 frames sampled...
      Processed 11500 clips, 92008 frames sampled...
      Processed 11600 clips, 92808 frames sampled...
      Processed 11700 clips, 93608 frames sampled...
      Processed 11800 clips, 94408 frames sampled...
      Read 95000/96302 frames (95000 sampled, 11874 clips processed)...
      Processed 11900 clips, 95208 frames sampled...
      Processed 12000 clips, 96008 frames sampled...
      Total frames read: 96202
      Total frames sampled: 96202
      Total clips processed: 12024
      Feature extraction complete!
      Final features shape: (96202, 1024)
[ID02]   Features extracted: (96202, 1024)
[ID02] Step 2/4: Converting to binary labels and removing unwanted classes...
[ID02]   Video duration: 3852.08 seconds
      CSV columns: ['start_time', 'end_time', 'licking', 'shaking']
      CSV shape: (3840, 4)
      Total rows in CSV: 3840
      Rows kept after removing shaking: 3817
[ID02]   Original frames: 96202
[ID02]   After removing shaking/licking_shaking: 3817
[ID02] Step 3/4: Balancing classes...
      Before balancing:
        Background: 3379 frames
        Licking: 438 frames
        Ratio: 7.71:1
      After balancing:
        Background: 438 frames
        Licking: 438 frames
        Total: 876 frames
        Ratio: 1:1
[ID02] Step 4/4: Saving processed data...
[ID02]   Saved features: /data-8tb/nvaci/dataset/dataset_Stanford/FACT_method/preprocessed_data_2class/features/ID02.npy
[ID02]     Shape: (876, 1024)
[ID02]     Size: 3.42 MB
[ID02]   Final label distribution:
[ID02]     - background: 438 frames (50.0%)
[ID02]     - licking: 438 frames (50.0%)
[ID02]   Saved labels: /data-8tb/nvaci/dataset/dataset_Stanford/FACT_method/preprocessed_data_2class/groundTruth/ID02.txt
[ID02] SUCCESS - Video processed successfully

================================================================================
Processing video 3/32: ID03
================================================================================
[ID03] Found label file: 25-021_ID03.csv
[ID03] Step 1/4: Extracting features...
      Opening video file...
      Original video FPS: 25.00
      Original total frames: 95552
      Sample rate: 1 every 1 frames
      Using STREAMING mode - processing clips on-the-fly
      Clip length: 16 frames
      ✓ First clip on device: cuda:0
      Processed 100 clips, 808 frames sampled...
      Processed 200 clips, 1608 frames sampled...
      Processed 300 clips, 2408 frames sampled...
      Processed 400 clips, 3208 frames sampled...
      Processed 500 clips, 4008 frames sampled...
      Processed 600 clips, 4808 frames sampled...
      Read 5000/95552 frames (5000 sampled, 624 clips processed)...
      Processed 700 clips, 5608 frames sampled...
      Processed 800 clips, 6408 frames sampled...
      Processed 900 clips, 7208 frames sampled...
      Processed 1000 clips, 8008 frames sampled...
      Processed 1100 clips, 8808 frames sampled...
      Processed 1200 clips, 9608 frames sampled...
      Read 10000/95552 frames (10000 sampled, 1249 clips processed)...
      Processed 1300 clips, 10408 frames sampled...
      Processed 1400 clips, 11208 frames sampled...
      Processed 1500 clips, 12008 frames sampled...
      Processed 1600 clips, 12808 frames sampled...
      Processed 1700 clips, 13608 frames sampled...
      Processed 1800 clips, 14408 frames sampled...
      Read 15000/95552 frames (15000 sampled, 1874 clips processed)...
      Processed 1900 clips, 15208 frames sampled...
      Processed 2000 clips, 16008 frames sampled...
      Processed 2100 clips, 16808 frames sampled...
      Processed 2200 clips, 17608 frames sampled...
      Processed 2300 clips, 18408 frames sampled...
      Processed 2400 clips, 19208 frames sampled...
      Read 20000/95552 frames (20000 sampled, 2499 clips processed)...
      Processed 2500 clips, 20008 frames sampled...
      Processed 2600 clips, 20808 frames sampled...
      Processed 2700 clips, 21608 frames sampled...
      Processed 2800 clips, 22408 frames sampled...
      Processed 2900 clips, 23208 frames sampled...
      Processed 3000 clips, 24008 frames sampled...
      Processed 3100 clips, 24808 frames sampled...
      Read 25000/95552 frames (25000 sampled, 3124 clips processed)...
      Processed 3200 clips, 25608 frames sampled...
      Processed 3300 clips, 26408 frames sampled...
      Processed 3400 clips, 27208 frames sampled...
      Processed 3500 clips, 28008 frames sampled...
      Processed 3600 clips, 28808 frames sampled...
      Processed 3700 clips, 29608 frames sampled...
      Read 30000/95552 frames (30000 sampled, 3749 clips processed)...
      Processed 3800 clips, 30408 frames sampled...
      Processed 3900 clips, 31208 frames sampled...
      Processed 4000 clips, 32008 frames sampled...
      Processed 4100 clips, 32808 frames sampled...
      Processed 4200 clips, 33608 frames sampled...
      Processed 4300 clips, 34408 frames sampled...
      Read 35000/95552 frames (35000 sampled, 4374 clips processed)...
      Processed 4400 clips, 35208 frames sampled...
      Processed 4500 clips, 36008 frames sampled...
      Processed 4600 clips, 36808 frames sampled...
      Processed 4700 clips, 37608 frames sampled...
      Processed 4800 clips, 38408 frames sampled...
      Processed 4900 clips, 39208 frames sampled...
      Read 40000/95552 frames (40000 sampled, 4999 clips processed)...
      Processed 5000 clips, 40008 frames sampled...
      Processed 5100 clips, 40808 frames sampled...
      Processed 5200 clips, 41608 frames sampled...
      Processed 5300 clips, 42408 frames sampled...
      Processed 5400 clips, 43208 frames sampled...
      Processed 5500 clips, 44008 frames sampled...
      Processed 5600 clips, 44808 frames sampled...
      Read 45000/95552 frames (45000 sampled, 5624 clips processed)...
      Processed 5700 clips, 45608 frames sampled...
      Processed 5800 clips, 46408 frames sampled...
      Processed 5900 clips, 47208 frames sampled...
      Processed 6000 clips, 48008 frames sampled...
      Processed 6100 clips, 48808 frames sampled...
      Processed 6200 clips, 49608 frames sampled...
      Read 50000/95552 frames (50000 sampled, 6249 clips processed)...
      Processed 6300 clips, 50408 frames sampled...
      Processed 6400 clips, 51208 frames sampled...
      Processed 6500 clips, 52008 frames sampled...
      Processed 6600 clips, 52808 frames sampled...
      Processed 6700 clips, 53608 frames sampled...
      Processed 6800 clips, 54408 frames sampled...
      Read 55000/95552 frames (55000 sampled, 6874 clips processed)...
      Processed 6900 clips, 55208 frames sampled...
      Processed 7000 clips, 56008 frames sampled...
      Processed 7100 clips, 56808 frames sampled...
      Processed 7200 clips, 57608 frames sampled...
      Processed 7300 clips, 58408 frames sampled...
      Processed 7400 clips, 59208 frames sampled...
      Read 60000/95552 frames (60000 sampled, 7499 clips processed)...
      Processed 7500 clips, 60008 frames sampled...
      Processed 7600 clips, 60808 frames sampled...
      Processed 7700 clips, 61608 frames sampled...
      Processed 7800 clips, 62408 frames sampled...
      Processed 7900 clips, 63208 frames sampled...
      Processed 8000 clips, 64008 frames sampled...
      Processed 8100 clips, 64808 frames sampled...
      Read 65000/95552 frames (65000 sampled, 8124 clips processed)...
      Processed 8200 clips, 65608 frames sampled...
      Processed 8300 clips, 66408 frames sampled...
      Processed 8400 clips, 67208 frames sampled...
      Processed 8500 clips, 68008 frames sampled...
      Processed 8600 clips, 68808 frames sampled...
      Processed 8700 clips, 69608 frames sampled...
      Read 70000/95552 frames (70000 sampled, 8749 clips processed)...
      Processed 8800 clips, 70408 frames sampled...
      Processed 8900 clips, 71208 frames sampled...
      Processed 9000 clips, 72008 frames sampled...
      Processed 9100 clips, 72808 frames sampled...
      Processed 9200 clips, 73608 frames sampled...
      Processed 9300 clips, 74408 frames sampled...
      Read 75000/95552 frames (75000 sampled, 9374 clips processed)...
      Processed 9400 clips, 75208 frames sampled...
      Processed 9500 clips, 76008 frames sampled...
      Processed 9600 clips, 76808 frames sampled...
      Processed 9700 clips, 77608 frames sampled...
      Processed 9800 clips, 78408 frames sampled...
      Processed 9900 clips, 79208 frames sampled...
      Read 80000/95552 frames (80000 sampled, 9999 clips processed)...
      Processed 10000 clips, 80008 frames sampled...
      Processed 10100 clips, 80808 frames sampled...
      Processed 10200 clips, 81608 frames sampled...
      Processed 10300 clips, 82408 frames sampled...
      Processed 10400 clips, 83208 frames sampled...
      Processed 10500 clips, 84008 frames sampled...
      Processed 10600 clips, 84808 frames sampled...
      Read 85000/95552 frames (85000 sampled, 10624 clips processed)...
      Processed 10700 clips, 85608 frames sampled...
      Processed 10800 clips, 86408 frames sampled...
      Processed 10900 clips, 87208 frames sampled...
      Processed 11000 clips, 88008 frames sampled...
      Processed 11100 clips, 88808 frames sampled...
      Processed 11200 clips, 89608 frames sampled...
      Read 90000/95552 frames (90000 sampled, 11249 clips processed)...
      Processed 11300 clips, 90408 frames sampled...
      Processed 11400 clips, 91208 frames sampled...
      Processed 11500 clips, 92008 frames sampled...
      Processed 11600 clips, 92808 frames sampled...
      Processed 11700 clips, 93608 frames sampled...
      Processed 11800 clips, 94408 frames sampled...
      Read 95000/95552 frames (95000 sampled, 11874 clips processed)...
      Processed 11900 clips, 95208 frames sampled...
      Total frames read: 95402
      Total frames sampled: 95402
      Total clips processed: 11924
      Feature extraction complete!
      Final features shape: (95402, 1024)
[ID03]   Features extracted: (95402, 1024)
[ID03] Step 2/4: Converting to binary labels and removing unwanted classes...
[ID03]   Video duration: 3822.08 seconds
      CSV columns: ['start_time', 'end_time', 'licking', 'shaking']
      CSV shape: (3840, 4)
      Total rows in CSV: 3840
      Rows kept after removing shaking: 3821
[ID03]   Original frames: 95402
[ID03]   After removing shaking/licking_shaking: 3821
[ID03] Step 3/4: Balancing classes...
      Before balancing:
        Background: 2492 frames
        Licking: 1329 frames
        Ratio: 1.88:1
      After balancing:
        Background: 1329 frames
        Licking: 1329 frames
        Total: 2658 frames
        Ratio: 1:1
[ID03] Step 4/4: Saving processed data...
[ID03]   Saved features: /data-8tb/nvaci/dataset/dataset_Stanford/FACT_method/preprocessed_data_2class/features/ID03.npy
[ID03]     Shape: (2658, 1024)
[ID03]     Size: 10.38 MB
[ID03]   Final label distribution:
[ID03]     - background: 1329 frames (50.0%)
[ID03]     - licking: 1329 frames (50.0%)
[ID03]   Saved labels: /data-8tb/nvaci/dataset/dataset_Stanford/FACT_method/preprocessed_data_2class/groundTruth/ID03.txt
[ID03] SUCCESS - Video processed successfully

================================================================================
Processing video 4/32: ID04
================================================================================
[ID04] Found label file: 25-021_ID04.csv
[ID04] Step 1/4: Extracting features...
      Opening video file...
      Original video FPS: 25.00
      Original total frames: 94361
      Sample rate: 1 every 1 frames
      Using STREAMING mode - processing clips on-the-fly
      Clip length: 16 frames
      ✓ First clip on device: cuda:0
      Processed 100 clips, 808 frames sampled...
      Processed 200 clips, 1608 frames sampled...
      Processed 300 clips, 2408 frames sampled...
      Processed 400 clips, 3208 frames sampled...
      Processed 500 clips, 4008 frames sampled...
      Processed 600 clips, 4808 frames sampled...
      Read 5000/94361 frames (5000 sampled, 624 clips processed)...
      Processed 700 clips, 5608 frames sampled...
      Processed 800 clips, 6408 frames sampled...
      Processed 900 clips, 7208 frames sampled...
      Processed 1000 clips, 8008 frames sampled...
      Processed 1100 clips, 8808 frames sampled...
      Processed 1200 clips, 9608 frames sampled...
      Read 10000/94361 frames (10000 sampled, 1249 clips processed)...
      Processed 1300 clips, 10408 frames sampled...
      Processed 1400 clips, 11208 frames sampled...
      Processed 1500 clips, 12008 frames sampled...
      Processed 1600 clips, 12808 frames sampled...
      Processed 1700 clips, 13608 frames sampled...
      Processed 1800 clips, 14408 frames sampled...
      Read 15000/94361 frames (15000 sampled, 1874 clips processed)...
      Processed 1900 clips, 15208 frames sampled...
      Processed 2000 clips, 16008 frames sampled...
      Processed 2100 clips, 16808 frames sampled...
      Processed 2200 clips, 17608 frames sampled...
      Processed 2300 clips, 18408 frames sampled...
      Processed 2400 clips, 19208 frames sampled...
      Read 20000/94361 frames (20000 sampled, 2499 clips processed)...
      Processed 2500 clips, 20008 frames sampled...
      Processed 2600 clips, 20808 frames sampled...
      Processed 2700 clips, 21608 frames sampled...
      Processed 2800 clips, 22408 frames sampled...
      Processed 2900 clips, 23208 frames sampled...
      Processed 3000 clips, 24008 frames sampled...
      Processed 3100 clips, 24808 frames sampled...
      Read 25000/94361 frames (25000 sampled, 3124 clips processed)...
      Processed 3200 clips, 25608 frames sampled...
      Processed 3300 clips, 26408 frames sampled...
      Processed 3400 clips, 27208 frames sampled...
      Processed 3500 clips, 28008 frames sampled...
      Processed 3600 clips, 28808 frames sampled...
      Processed 3700 clips, 29608 frames sampled...
      Read 30000/94361 frames (30000 sampled, 3749 clips processed)...
      Processed 3800 clips, 30408 frames sampled...
      Processed 3900 clips, 31208 frames sampled...
      Processed 4000 clips, 32008 frames sampled...
      Processed 4100 clips, 32808 frames sampled...
      Processed 4200 clips, 33608 frames sampled...
      Processed 4300 clips, 34408 frames sampled...
      Read 35000/94361 frames (35000 sampled, 4374 clips processed)...
      Processed 4400 clips, 35208 frames sampled...
      Processed 4500 clips, 36008 frames sampled...
      Processed 4600 clips, 36808 frames sampled...
      Processed 4700 clips, 37608 frames sampled...
      Processed 4800 clips, 38408 frames sampled...
      Processed 4900 clips, 39208 frames sampled...
      Read 40000/94361 frames (40000 sampled, 4999 clips processed)...
      Processed 5000 clips, 40008 frames sampled...
      Processed 5100 clips, 40808 frames sampled...
      Processed 5200 clips, 41608 frames sampled...
      Processed 5300 clips, 42408 frames sampled...
      Processed 5400 clips, 43208 frames sampled...
      Processed 5500 clips, 44008 frames sampled...
      Processed 5600 clips, 44808 frames sampled...
      Read 45000/94361 frames (45000 sampled, 5624 clips processed)...
      Processed 5700 clips, 45608 frames sampled...
      Processed 5800 clips, 46408 frames sampled...
      Processed 5900 clips, 47208 frames sampled...
      Processed 6000 clips, 48008 frames sampled...
      Processed 6100 clips, 48808 frames sampled...
      Processed 6200 clips, 49608 frames sampled...
      Read 50000/94361 frames (50000 sampled, 6249 clips processed)...
      Processed 6300 clips, 50408 frames sampled...
      Processed 6400 clips, 51208 frames sampled...
      Processed 6500 clips, 52008 frames sampled...
      Processed 6600 clips, 52808 frames sampled...
      Processed 6700 clips, 53608 frames sampled...
      Processed 6800 clips, 54408 frames sampled...
      Read 55000/94361 frames (55000 sampled, 6874 clips processed)...
      Processed 6900 clips, 55208 frames sampled...
      Processed 7000 clips, 56008 frames sampled...
      Processed 7100 clips, 56808 frames sampled...
      Processed 7200 clips, 57608 frames sampled...
      Processed 7300 clips, 58408 frames sampled...
      Processed 7400 clips, 59208 frames sampled...
      Read 60000/94361 frames (60000 sampled, 7499 clips processed)...
      Processed 7500 clips, 60008 frames sampled...
      Processed 7600 clips, 60808 frames sampled...
      Processed 7700 clips, 61608 frames sampled...
      Processed 7800 clips, 62408 frames sampled...
      Processed 7900 clips, 63208 frames sampled...
      Processed 8000 clips, 64008 frames sampled...
      Processed 8100 clips, 64808 frames sampled...
      Read 65000/94361 frames (65000 sampled, 8124 clips processed)...
      Processed 8200 clips, 65608 frames sampled...
      Processed 8300 clips, 66408 frames sampled...
      Processed 8400 clips, 67208 frames sampled...
      Processed 8500 clips, 68008 frames sampled...
      Processed 8600 clips, 68808 frames sampled...
      Processed 8700 clips, 69608 frames sampled...
      Read 70000/94361 frames (70000 sampled, 8749 clips processed)...
      Processed 8800 clips, 70408 frames sampled...
      Processed 8900 clips, 71208 frames sampled...
      Processed 9000 clips, 72008 frames sampled...
      Processed 9100 clips, 72808 frames sampled...
      Processed 9200 clips, 73608 frames sampled...
      Processed 9300 clips, 74408 frames sampled...
      Read 75000/94361 frames (75000 sampled, 9374 clips processed)...
      Processed 9400 clips, 75208 frames sampled...
      Processed 9500 clips, 76008 frames sampled...
      Processed 9600 clips, 76808 frames sampled...
      Processed 9700 clips, 77608 frames sampled...
      Processed 9800 clips, 78408 frames sampled...
      Processed 9900 clips, 79208 frames sampled...
      Read 80000/94361 frames (80000 sampled, 9999 clips processed)...
      Processed 10000 clips, 80008 frames sampled...
      Processed 10100 clips, 80808 frames sampled...
      Processed 10200 clips, 81608 frames sampled...
      Processed 10300 clips, 82408 frames sampled...
      Processed 10400 clips, 83208 frames sampled...
      Processed 10500 clips, 84008 frames sampled...
      Processed 10600 clips, 84808 frames sampled...
      Read 85000/94361 frames (85000 sampled, 10624 clips processed)...
      Processed 10700 clips, 85608 frames sampled...
      Processed 10800 clips, 86408 frames sampled...
      Processed 10900 clips, 87208 frames sampled...
      Processed 11000 clips, 88008 frames sampled...
      Processed 11100 clips, 88808 frames sampled...
      Processed 11200 clips, 89608 frames sampled...
      Read 90000/94361 frames (90000 sampled, 11249 clips processed)...
      Processed 11300 clips, 90408 frames sampled...
      Processed 11400 clips, 91208 frames sampled...
      Processed 11500 clips, 92008 frames sampled...
      Processed 11600 clips, 92808 frames sampled...
      Processed 11700 clips, 93608 frames sampled...
      Total frames read: 94327
      Total frames sampled: 94327
      Total clips processed: 11789
      Feature extraction complete!
      Final features shape: (94327, 1024)
[ID04]   Features extracted: (94327, 1024)
[ID04] Step 2/4: Converting to binary labels and removing unwanted classes...
[ID04]   Video duration: 3774.44 seconds
      CSV columns: ['start_time', 'end_time', 'licking', 'shaking']
      CSV shape: (3840, 4)
      Total rows in CSV: 3840
      Rows kept after removing shaking: 3829
[ID04]   Original frames: 94327
[ID04]   After removing shaking/licking_shaking: 3829
[ID04] Step 3/4: Balancing classes...
      Before balancing:
        Background: 3333 frames
        Licking: 496 frames
        Ratio: 6.72:1
      After balancing:
        Background: 496 frames
        Licking: 496 frames
        Total: 992 frames
        Ratio: 1:1
[ID04] Step 4/4: Saving processed data...
[ID04]   Saved features: /data-8tb/nvaci/dataset/dataset_Stanford/FACT_method/preprocessed_data_2class/features/ID04.npy
[ID04]     Shape: (992, 1024)
[ID04]     Size: 3.88 MB
[ID04]   Final label distribution:
[ID04]     - background: 496 frames (50.0%)
[ID04]     - licking: 496 frames (50.0%)
[ID04]   Saved labels: /data-8tb/nvaci/dataset/dataset_Stanford/FACT_method/preprocessed_data_2class/groundTruth/ID04.txt
[ID04] SUCCESS - Video processed successfully

================================================================================
Processing video 5/32: ID05
================================================================================
[ID05] Found label file: 25-021_ID05.csv
[ID05] Step 1/4: Extracting features...
      Opening video file...
      Original video FPS: 25.00
      Original total frames: 97938
      Sample rate: 1 every 1 frames
      Using STREAMING mode - processing clips on-the-fly
      Clip length: 16 frames
      ✓ First clip on device: cuda:0
      Processed 100 clips, 808 frames sampled...
      Processed 200 clips, 1608 frames sampled...
      Processed 300 clips, 2408 frames sampled...
      Processed 400 clips, 3208 frames sampled...
      Processed 500 clips, 4008 frames sampled...
      Processed 600 clips, 4808 frames sampled...
      Read 5000/97938 frames (5000 sampled, 624 clips processed)...
      Processed 700 clips, 5608 frames sampled...
      Processed 800 clips, 6408 frames sampled...
      Processed 900 clips, 7208 frames sampled...
      Processed 1000 clips, 8008 frames sampled...
      Processed 1100 clips, 8808 frames sampled...
      Processed 1200 clips, 9608 frames sampled...
      Read 10000/97938 frames (10000 sampled, 1249 clips processed)...
      Processed 1300 clips, 10408 frames sampled...
      Processed 1400 clips, 11208 frames sampled...
      Processed 1500 clips, 12008 frames sampled...
      Processed 1600 clips, 12808 frames sampled...
      Processed 1700 clips, 13608 frames sampled...
      Processed 1800 clips, 14408 frames sampled...
      Read 15000/97938 frames (15000 sampled, 1874 clips processed)...
      Processed 1900 clips, 15208 frames sampled...
      Processed 2000 clips, 16008 frames sampled...
      Processed 2100 clips, 16808 frames sampled...
      Processed 2200 clips, 17608 frames sampled...
      Processed 2300 clips, 18408 frames sampled...
      Processed 2400 clips, 19208 frames sampled...
      Read 20000/97938 frames (20000 sampled, 2499 clips processed)...
      Processed 2500 clips, 20008 frames sampled...
      Processed 2600 clips, 20808 frames sampled...
      Processed 2700 clips, 21608 frames sampled...
      Processed 2800 clips, 22408 frames sampled...
      Processed 2900 clips, 23208 frames sampled...
      Processed 3000 clips, 24008 frames sampled...
      Processed 3100 clips, 24808 frames sampled...
      Read 25000/97938 frames (25000 sampled, 3124 clips processed)...
      Processed 3200 clips, 25608 frames sampled...
      Processed 3300 clips, 26408 frames sampled...
      Processed 3400 clips, 27208 frames sampled...
      Processed 3500 clips, 28008 frames sampled...
      Processed 3600 clips, 28808 frames sampled...
      Processed 3700 clips, 29608 frames sampled...
      Read 30000/97938 frames (30000 sampled, 3749 clips processed)...
      Processed 3800 clips, 30408 frames sampled...
      Processed 3900 clips, 31208 frames sampled...
      Processed 4000 clips, 32008 frames sampled...
      Processed 4100 clips, 32808 frames sampled...
      Processed 4200 clips, 33608 frames sampled...
      Processed 4300 clips, 34408 frames sampled...
      Read 35000/97938 frames (35000 sampled, 4374 clips processed)...
      Processed 4400 clips, 35208 frames sampled...
      Processed 4500 clips, 36008 frames sampled...
      Processed 4600 clips, 36808 frames sampled...
      Processed 4700 clips, 37608 frames sampled...
      Processed 4800 clips, 38408 frames sampled...
      Processed 4900 clips, 39208 frames sampled...
      Read 40000/97938 frames (40000 sampled, 4999 clips processed)...
      Processed 5000 clips, 40008 frames sampled...
      Processed 5100 clips, 40808 frames sampled...
      Processed 5200 clips, 41608 frames sampled...
      Processed 5300 clips, 42408 frames sampled...
      Processed 5400 clips, 43208 frames sampled...
      Processed 5500 clips, 44008 frames sampled...
      Processed 5600 clips, 44808 frames sampled...
      Read 45000/97938 frames (45000 sampled, 5624 clips processed)...
      Processed 5700 clips, 45608 frames sampled...
      Processed 5800 clips, 46408 frames sampled...
      Processed 5900 clips, 47208 frames sampled...
      Processed 6000 clips, 48008 frames sampled...
      Processed 6100 clips, 48808 frames sampled...
      Processed 6200 clips, 49608 frames sampled...
      Read 50000/97938 frames (50000 sampled, 6249 clips processed)...
      Processed 6300 clips, 50408 frames sampled...
      Processed 6400 clips, 51208 frames sampled...
      Processed 6500 clips, 52008 frames sampled...
      Processed 6600 clips, 52808 frames sampled...
      Processed 6700 clips, 53608 frames sampled...
      Processed 6800 clips, 54408 frames sampled...
      Read 55000/97938 frames (55000 sampled, 6874 clips processed)...
      Processed 6900 clips, 55208 frames sampled...
      Processed 7000 clips, 56008 frames sampled...
      Processed 7100 clips, 56808 frames sampled...
      Processed 7200 clips, 57608 frames sampled...
      Processed 7300 clips, 58408 frames sampled...
      Processed 7400 clips, 59208 frames sampled...
      Read 60000/97938 frames (60000 sampled, 7499 clips processed)...
      Processed 7500 clips, 60008 frames sampled...
      Processed 7600 clips, 60808 frames sampled...
      Processed 7700 clips, 61608 frames sampled...
      Processed 7800 clips, 62408 frames sampled...
      Processed 7900 clips, 63208 frames sampled...
      Processed 8000 clips, 64008 frames sampled...
      Processed 8100 clips, 64808 frames sampled...
      Read 65000/97938 frames (65000 sampled, 8124 clips processed)...
      Processed 8200 clips, 65608 frames sampled...
      Processed 8300 clips, 66408 frames sampled...
      Processed 8400 clips, 67208 frames sampled...
      Processed 8500 clips, 68008 frames sampled...
      Processed 8600 clips, 68808 frames sampled...
      Processed 8700 clips, 69608 frames sampled...
      Read 70000/97938 frames (70000 sampled, 8749 clips processed)...
      Processed 8800 clips, 70408 frames sampled...
      Processed 8900 clips, 71208 frames sampled...
      Processed 9000 clips, 72008 frames sampled...
      Processed 9100 clips, 72808 frames sampled...
      Processed 9200 clips, 73608 frames sampled...
      Processed 9300 clips, 74408 frames sampled...
      Read 75000/97938 frames (75000 sampled, 9374 clips processed)...
      Processed 9400 clips, 75208 frames sampled...
      Processed 9500 clips, 76008 frames sampled...
      Processed 9600 clips, 76808 frames sampled...
      Processed 9700 clips, 77608 frames sampled...
      Processed 9800 clips, 78408 frames sampled...
      Processed 9900 clips, 79208 frames sampled...
      Read 80000/97938 frames (80000 sampled, 9999 clips processed)...
      Processed 10000 clips, 80008 frames sampled...
      Processed 10100 clips, 80808 frames sampled...
      Processed 10200 clips, 81608 frames sampled...
      Processed 10300 clips, 82408 frames sampled...
      Processed 10400 clips, 83208 frames sampled...
      Processed 10500 clips, 84008 frames sampled...
      Processed 10600 clips, 84808 frames sampled...
      Read 85000/97938 frames (85000 sampled, 10624 clips processed)...
      Processed 10700 clips, 85608 frames sampled...
      Processed 10800 clips, 86408 frames sampled...
      Processed 10900 clips, 87208 frames sampled...
      Processed 11000 clips, 88008 frames sampled...
      Processed 11100 clips, 88808 frames sampled...
      Processed 11200 clips, 89608 frames sampled...
      Read 90000/97938 frames (90000 sampled, 11249 clips processed)...
      Processed 11300 clips, 90408 frames sampled...
      Processed 11400 clips, 91208 frames sampled...
      Processed 11500 clips, 92008 frames sampled...
      Processed 11600 clips, 92808 frames sampled...
      Processed 11700 clips, 93608 frames sampled...
      Processed 11800 clips, 94408 frames sampled...
      Read 95000/97938 frames (95000 sampled, 11874 clips processed)...
      Processed 11900 clips, 95208 frames sampled...
      Processed 12000 clips, 96008 frames sampled...
      Processed 12100 clips, 96808 frames sampled...
      Processed 12200 clips, 97608 frames sampled...
      Total frames read: 97813
      Total frames sampled: 97813
      Total clips processed: 12225
      Feature extraction complete!
      Final features shape: (97813, 1024)
[ID05]   Features extracted: (97813, 1024)
[ID05] Step 2/4: Converting to binary labels and removing unwanted classes...
[ID05]   Video duration: 3917.52 seconds
      CSV columns: ['start_time', 'end_time', 'licking', 'shaking']
      CSV shape: (3840, 4)
      Total rows in CSV: 3840
      Rows kept after removing shaking: 3817
[ID05]   Original frames: 97813
[ID05]   After removing shaking/licking_shaking: 3817
[ID05] Step 3/4: Balancing classes...
      Before balancing:
        Background: 3482 frames
        Licking: 335 frames
        Ratio: 10.39:1
      After balancing:
        Background: 335 frames
        Licking: 335 frames
        Total: 670 frames
        Ratio: 1:1
[ID05] Step 4/4: Saving processed data...
[ID05]   Saved features: /data-8tb/nvaci/dataset/dataset_Stanford/FACT_method/preprocessed_data_2class/features/ID05.npy
[ID05]     Shape: (670, 1024)
[ID05]     Size: 2.62 MB
[ID05]   Final label distribution:
[ID05]     - background: 335 frames (50.0%)
[ID05]     - licking: 335 frames (50.0%)
[ID05]   Saved labels: /data-8tb/nvaci/dataset/dataset_Stanford/FACT_method/preprocessed_data_2class/groundTruth/ID05.txt
[ID05] SUCCESS - Video processed successfully

================================================================================
Processing video 6/32: ID06
================================================================================
[ID06] Found label file: 25-021_ID06.csv
[ID06] Step 1/4: Extracting features...
      Opening video file...
      Original video FPS: 25.00
      Original total frames: 96688
      Sample rate: 1 every 1 frames
      Using STREAMING mode - processing clips on-the-fly
      Clip length: 16 frames
      ✓ First clip on device: cuda:0
      Processed 100 clips, 808 frames sampled...
      Processed 200 clips, 1608 frames sampled...
      Processed 300 clips, 2408 frames sampled...
      Processed 400 clips, 3208 frames sampled...
      Processed 500 clips, 4008 frames sampled...
      Processed 600 clips, 4808 frames sampled...
      Read 5000/96688 frames (5000 sampled, 624 clips processed)...
      Processed 700 clips, 5608 frames sampled...
      Processed 800 clips, 6408 frames sampled...
      Processed 900 clips, 7208 frames sampled...
      Processed 1000 clips, 8008 frames sampled...
      Processed 1100 clips, 8808 frames sampled...
      Processed 1200 clips, 9608 frames sampled...
      Read 10000/96688 frames (10000 sampled, 1249 clips processed)...
      Processed 1300 clips, 10408 frames sampled...
      Processed 1400 clips, 11208 frames sampled...
      Processed 1500 clips, 12008 frames sampled...
      Processed 1600 clips, 12808 frames sampled...
      Processed 1700 clips, 13608 frames sampled...
      Processed 1800 clips, 14408 frames sampled...
      Read 15000/96688 frames (15000 sampled, 1874 clips processed)...
      Processed 1900 clips, 15208 frames sampled...
      Processed 2000 clips, 16008 frames sampled...
      Processed 2100 clips, 16808 frames sampled...
      Processed 2200 clips, 17608 frames sampled...
      Processed 2300 clips, 18408 frames sampled...
      Processed 2400 clips, 19208 frames sampled...
      Read 20000/96688 frames (20000 sampled, 2499 clips processed)...
      Processed 2500 clips, 20008 frames sampled...
      Processed 2600 clips, 20808 frames sampled...
      Processed 2700 clips, 21608 frames sampled...
      Processed 2800 clips, 22408 frames sampled...
      Processed 2900 clips, 23208 frames sampled...
      Processed 3000 clips, 24008 frames sampled...
      Processed 3100 clips, 24808 frames sampled...
      Read 25000/96688 frames (25000 sampled, 3124 clips processed)...
      Processed 3200 clips, 25608 frames sampled...
      Processed 3300 clips, 26408 frames sampled...
      Processed 3400 clips, 27208 frames sampled...
      Processed 3500 clips, 28008 frames sampled...
      Processed 3600 clips, 28808 frames sampled...
      Processed 3700 clips, 29608 frames sampled...
      Read 30000/96688 frames (30000 sampled, 3749 clips processed)...
      Processed 3800 clips, 30408 frames sampled...
      Processed 3900 clips, 31208 frames sampled...
      Processed 4000 clips, 32008 frames sampled...
      Processed 4100 clips, 32808 frames sampled...
      Processed 4200 clips, 33608 frames sampled...
      Processed 4300 clips, 34408 frames sampled...
      Read 35000/96688 frames (35000 sampled, 4374 clips processed)...
      Processed 4400 clips, 35208 frames sampled...
      Processed 4500 clips, 36008 frames sampled...
      Processed 4600 clips, 36808 frames sampled...
      Processed 4700 clips, 37608 frames sampled...
      Processed 4800 clips, 38408 frames sampled...
      Processed 4900 clips, 39208 frames sampled...
      Read 40000/96688 frames (40000 sampled, 4999 clips processed)...
      Processed 5000 clips, 40008 frames sampled...
      Processed 5100 clips, 40808 frames sampled...
      Processed 5200 clips, 41608 frames sampled...
      Processed 5300 clips, 42408 frames sampled...
      Processed 5400 clips, 43208 frames sampled...
      Processed 5500 clips, 44008 frames sampled...
      Processed 5600 clips, 44808 frames sampled...
      Read 45000/96688 frames (45000 sampled, 5624 clips processed)...
      Processed 5700 clips, 45608 frames sampled...
      Processed 5800 clips, 46408 frames sampled...
      Processed 5900 clips, 47208 frames sampled...
      Processed 6000 clips, 48008 frames sampled...
      Processed 6100 clips, 48808 frames sampled...
      Processed 6200 clips, 49608 frames sampled...
      Read 50000/96688 frames (50000 sampled, 6249 clips processed)...
      Processed 6300 clips, 50408 frames sampled...
      Processed 6400 clips, 51208 frames sampled...
      Processed 6500 clips, 52008 frames sampled...
      Processed 6600 clips, 52808 frames sampled...
      Processed 6700 clips, 53608 frames sampled...
      Processed 6800 clips, 54408 frames sampled...
      Read 55000/96688 frames (55000 sampled, 6874 clips processed)...
      Processed 6900 clips, 55208 frames sampled...
      Processed 7000 clips, 56008 frames sampled...
      Processed 7100 clips, 56808 frames sampled...
      Processed 7200 clips, 57608 frames sampled...
      Processed 7300 clips, 58408 frames sampled...
      Processed 7400 clips, 59208 frames sampled...
      Read 60000/96688 frames (60000 sampled, 7499 clips processed)...
      Processed 7500 clips, 60008 frames sampled...
      Processed 7600 clips, 60808 frames sampled...
      Processed 7700 clips, 61608 frames sampled...
      Processed 7800 clips, 62408 frames sampled...
      Processed 7900 clips, 63208 frames sampled...
      Processed 8000 clips, 64008 frames sampled...
      Processed 8100 clips, 64808 frames sampled...
      Read 65000/96688 frames (65000 sampled, 8124 clips processed)...
      Processed 8200 clips, 65608 frames sampled...
      Processed 8300 clips, 66408 frames sampled...
      Processed 8400 clips, 67208 frames sampled...
      Processed 8500 clips, 68008 frames sampled...
      Processed 8600 clips, 68808 frames sampled...
      Processed 8700 clips, 69608 frames sampled...
      Read 70000/96688 frames (70000 sampled, 8749 clips processed)...
      Processed 8800 clips, 70408 frames sampled...
      Processed 8900 clips, 71208 frames sampled...
      Processed 9000 clips, 72008 frames sampled...
      Processed 9100 clips, 72808 frames sampled...
      Processed 9200 clips, 73608 frames sampled...
      Processed 9300 clips, 74408 frames sampled...
      Read 75000/96688 frames (75000 sampled, 9374 clips processed)...
      Processed 9400 clips, 75208 frames sampled...
      Processed 9500 clips, 76008 frames sampled...
      Processed 9600 clips, 76808 frames sampled...
      Processed 9700 clips, 77608 frames sampled...
      Processed 9800 clips, 78408 frames sampled...
      Processed 9900 clips, 79208 frames sampled...
      Read 80000/96688 frames (80000 sampled, 9999 clips processed)...
      Processed 10000 clips, 80008 frames sampled...
      Processed 10100 clips, 80808 frames sampled...
      Processed 10200 clips, 81608 frames sampled...
      Processed 10300 clips, 82408 frames sampled...
      Processed 10400 clips, 83208 frames sampled...
      Processed 10500 clips, 84008 frames sampled...
      Processed 10600 clips, 84808 frames sampled...
      Read 85000/96688 frames (85000 sampled, 10624 clips processed)...
      Processed 10700 clips, 85608 frames sampled...
      Processed 10800 clips, 86408 frames sampled...
      Processed 10900 clips, 87208 frames sampled...
      Processed 11000 clips, 88008 frames sampled...
      Processed 11100 clips, 88808 frames sampled...
      Processed 11200 clips, 89608 frames sampled...
      Read 90000/96688 frames (90000 sampled, 11249 clips processed)...
      Processed 11300 clips, 90408 frames sampled...
      Processed 11400 clips, 91208 frames sampled...
      Processed 11500 clips, 92008 frames sampled...
      Processed 11600 clips, 92808 frames sampled...
      Processed 11700 clips, 93608 frames sampled...
      Processed 11800 clips, 94408 frames sampled...
      Read 95000/96688 frames (95000 sampled, 11874 clips processed)...
      Processed 11900 clips, 95208 frames sampled...
      Processed 12000 clips, 96008 frames sampled...
      Total frames read: 96688
      Total frames sampled: 96688
      Total clips processed: 12085
      Feature extraction complete!
      Final features shape: (96688, 1024)
[ID06]   Features extracted: (96688, 1024)
[ID06] Step 2/4: Converting to binary labels and removing unwanted classes...
[ID06]   Video duration: 3867.52 seconds
      CSV columns: ['start_time', 'end_time', 'licking', 'shaking']
      CSV shape: (3840, 4)
      Total rows in CSV: 3840
      Rows kept after removing shaking: 3822
[ID06]   Original frames: 96688
[ID06]   After removing shaking/licking_shaking: 3822
[ID06] Step 3/4: Balancing classes...
      Before balancing:
        Background: 2772 frames
        Licking: 1050 frames
        Ratio: 2.64:1
      After balancing:
        Background: 1050 frames
        Licking: 1050 frames
        Total: 2100 frames
        Ratio: 1:1
[ID06] Step 4/4: Saving processed data...
[ID06]   Saved features: /data-8tb/nvaci/dataset/dataset_Stanford/FACT_method/preprocessed_data_2class/features/ID06.npy
[ID06]     Shape: (2100, 1024)
[ID06]     Size: 8.20 MB
[ID06]   Final label distribution:
[ID06]     - background: 1050 frames (50.0%)
[ID06]     - licking: 1050 frames (50.0%)
[ID06]   Saved labels: /data-8tb/nvaci/dataset/dataset_Stanford/FACT_method/preprocessed_data_2class/groundTruth/ID06.txt
[ID06] SUCCESS - Video processed successfully

================================================================================
Processing video 7/32: ID07
================================================================================
[ID07] Found label file: 25-021_ID07.csv
[ID07] Step 1/4: Extracting features...
      Opening video file...
      Original video FPS: 25.00
      Original total frames: 95555
      Sample rate: 1 every 1 frames
      Using STREAMING mode - processing clips on-the-fly
      Clip length: 16 frames
      ✓ First clip on device: cuda:0
      Processed 100 clips, 808 frames sampled...
      Processed 200 clips, 1608 frames sampled...
      Processed 300 clips, 2408 frames sampled...
      Processed 400 clips, 3208 frames sampled...
      Processed 500 clips, 4008 frames sampled...
      Processed 600 clips, 4808 frames sampled...
      Read 5000/95555 frames (5000 sampled, 624 clips processed)...
      Processed 700 clips, 5608 frames sampled...
      Processed 800 clips, 6408 frames sampled...
      Processed 900 clips, 7208 frames sampled...
      Processed 1000 clips, 8008 frames sampled...
      Processed 1100 clips, 8808 frames sampled...
      Processed 1200 clips, 9608 frames sampled...
      Read 10000/95555 frames (10000 sampled, 1249 clips processed)...
      Processed 1300 clips, 10408 frames sampled...
      Processed 1400 clips, 11208 frames sampled...
      Processed 1500 clips, 12008 frames sampled...
      Processed 1600 clips, 12808 frames sampled...
      Processed 1700 clips, 13608 frames sampled...
      Processed 1800 clips, 14408 frames sampled...
      Read 15000/95555 frames (15000 sampled, 1874 clips processed)...
      Processed 1900 clips, 15208 frames sampled...
      Processed 2000 clips, 16008 frames sampled...
      Processed 2100 clips, 16808 frames sampled...
      Processed 2200 clips, 17608 frames sampled...
      Processed 2300 clips, 18408 frames sampled...
      Processed 2400 clips, 19208 frames sampled...
      Read 20000/95555 frames (20000 sampled, 2499 clips processed)...
      Processed 2500 clips, 20008 frames sampled...
      Processed 2600 clips, 20808 frames sampled...
      Processed 2700 clips, 21608 frames sampled...
      Processed 2800 clips, 22408 frames sampled...
      Processed 2900 clips, 23208 frames sampled...
      Processed 3000 clips, 24008 frames sampled...
      Processed 3100 clips, 24808 frames sampled...
      Read 25000/95555 frames (25000 sampled, 3124 clips processed)...
      Processed 3200 clips, 25608 frames sampled...
      Processed 3300 clips, 26408 frames sampled...
      Processed 3400 clips, 27208 frames sampled...
      Processed 3500 clips, 28008 frames sampled...
      Processed 3600 clips, 28808 frames sampled...
      Processed 3700 clips, 29608 frames sampled...
      Read 30000/95555 frames (30000 sampled, 3749 clips processed)...
      Processed 3800 clips, 30408 frames sampled...
      Processed 3900 clips, 31208 frames sampled...
      Processed 4000 clips, 32008 frames sampled...
      Processed 4100 clips, 32808 frames sampled...
      Processed 4200 clips, 33608 frames sampled...
      Processed 4300 clips, 34408 frames sampled...
      Read 35000/95555 frames (35000 sampled, 4374 clips processed)...
      Processed 4400 clips, 35208 frames sampled...
      Processed 4500 clips, 36008 frames sampled...
      Processed 4600 clips, 36808 frames sampled...
      Processed 4700 clips, 37608 frames sampled...
      Processed 4800 clips, 38408 frames sampled...
      Processed 4900 clips, 39208 frames sampled...
      Read 40000/95555 frames (40000 sampled, 4999 clips processed)...
      Processed 5000 clips, 40008 frames sampled...
      Processed 5100 clips, 40808 frames sampled...
      Processed 5200 clips, 41608 frames sampled...
      Processed 5300 clips, 42408 frames sampled...
      Processed 5400 clips, 43208 frames sampled...
      Processed 5500 clips, 44008 frames sampled...
      Processed 5600 clips, 44808 frames sampled...
      Read 45000/95555 frames (45000 sampled, 5624 clips processed)...
      Processed 5700 clips, 45608 frames sampled...
      Processed 5800 clips, 46408 frames sampled...
      Processed 5900 clips, 47208 frames sampled...
      Processed 6000 clips, 48008 frames sampled...
      Processed 6100 clips, 48808 frames sampled...
      Processed 6200 clips, 49608 frames sampled...
      Read 50000/95555 frames (50000 sampled, 6249 clips processed)...
      Processed 6300 clips, 50408 frames sampled...
      Processed 6400 clips, 51208 frames sampled...
      Processed 6500 clips, 52008 frames sampled...
      Processed 6600 clips, 52808 frames sampled...
      Processed 6700 clips, 53608 frames sampled...
      Processed 6800 clips, 54408 frames sampled...
      Read 55000/95555 frames (55000 sampled, 6874 clips processed)...
      Processed 6900 clips, 55208 frames sampled...
      Processed 7000 clips, 56008 frames sampled...
      Processed 7100 clips, 56808 frames sampled...
      Processed 7200 clips, 57608 frames sampled...
      Processed 7300 clips, 58408 frames sampled...
      Processed 7400 clips, 59208 frames sampled...
      Read 60000/95555 frames (60000 sampled, 7499 clips processed)...
      Processed 7500 clips, 60008 frames sampled...
      Processed 7600 clips, 60808 frames sampled...
      Processed 7700 clips, 61608 frames sampled...
      Processed 7800 clips, 62408 frames sampled...
      Processed 7900 clips, 63208 frames sampled...
      Processed 8000 clips, 64008 frames sampled...
      Processed 8100 clips, 64808 frames sampled...
      Read 65000/95555 frames (65000 sampled, 8124 clips processed)...
      Processed 8200 clips, 65608 frames sampled...
      Processed 8300 clips, 66408 frames sampled...
      Processed 8400 clips, 67208 frames sampled...
      Processed 8500 clips, 68008 frames sampled...
      Processed 8600 clips, 68808 frames sampled...
      Processed 8700 clips, 69608 frames sampled...
      Read 70000/95555 frames (70000 sampled, 8749 clips processed)...
      Processed 8800 clips, 70408 frames sampled...
      Processed 8900 clips, 71208 frames sampled...
      Processed 9000 clips, 72008 frames sampled...
      Processed 9100 clips, 72808 frames sampled...
      Processed 9200 clips, 73608 frames sampled...
      Processed 9300 clips, 74408 frames sampled...
      Read 75000/95555 frames (75000 sampled, 9374 clips processed)...
      Processed 9400 clips, 75208 frames sampled...
      Processed 9500 clips, 76008 frames sampled...
      Processed 9600 clips, 76808 frames sampled...
      Processed 9700 clips, 77608 frames sampled...
      Processed 9800 clips, 78408 frames sampled...
      Processed 9900 clips, 79208 frames sampled...
      Read 80000/95555 frames (80000 sampled, 9999 clips processed)...
      Processed 10000 clips, 80008 frames sampled...
      Processed 10100 clips, 80808 frames sampled...
      Processed 10200 clips, 81608 frames sampled...
      Processed 10300 clips, 82408 frames sampled...
      Processed 10400 clips, 83208 frames sampled...
      Processed 10500 clips, 84008 frames sampled...
      Processed 10600 clips, 84808 frames sampled...
      Read 85000/95555 frames (85000 sampled, 10624 clips processed)...
      Processed 10700 clips, 85608 frames sampled...
      Processed 10800 clips, 86408 frames sampled...
      Processed 10900 clips, 87208 frames sampled...
      Processed 11000 clips, 88008 frames sampled...
      Processed 11100 clips, 88808 frames sampled...
      Processed 11200 clips, 89608 frames sampled...
      Read 90000/95555 frames (90000 sampled, 11249 clips processed)...
      Processed 11300 clips, 90408 frames sampled...
      Processed 11400 clips, 91208 frames sampled...
      Processed 11500 clips, 92008 frames sampled...
      Processed 11600 clips, 92808 frames sampled...
      Processed 11700 clips, 93608 frames sampled...
      Processed 11800 clips, 94408 frames sampled...
      Read 95000/95555 frames (95000 sampled, 11874 clips processed)...
      Processed 11900 clips, 95208 frames sampled...
      Total frames read: 95538
      Total frames sampled: 95538
      Total clips processed: 11941
      Feature extraction complete!
      Final features shape: (95538, 1024)
[ID07]   Features extracted: (95538, 1024)
[ID07] Step 2/4: Converting to binary labels and removing unwanted classes...
[ID07]   Video duration: 3822.20 seconds
      CSV columns: ['start_time', 'end_time', 'licking', 'shaking']
      CSV shape: (3840, 4)
      Total rows in CSV: 3840
      Rows kept after removing shaking: 3811
[ID07]   Original frames: 95538
[ID07]   After removing shaking/licking_shaking: 3811
[ID07] Step 3/4: Balancing classes...
      Before balancing:
        Background: 2775 frames
        Licking: 1036 frames
        Ratio: 2.68:1
      After balancing:
        Background: 1036 frames
        Licking: 1036 frames
        Total: 2072 frames
        Ratio: 1:1
[ID07] Step 4/4: Saving processed data...
[ID07]   Saved features: /data-8tb/nvaci/dataset/dataset_Stanford/FACT_method/preprocessed_data_2class/features/ID07.npy
[ID07]     Shape: (2072, 1024)
[ID07]     Size: 8.09 MB
[ID07]   Final label distribution:
[ID07]     - background: 1036 frames (50.0%)
[ID07]     - licking: 1036 frames (50.0%)
[ID07]   Saved labels: /data-8tb/nvaci/dataset/dataset_Stanford/FACT_method/preprocessed_data_2class/groundTruth/ID07.txt
[ID07] SUCCESS - Video processed successfully

================================================================================
Processing video 8/32: ID08
================================================================================
[ID08] Found label file: 25-021_ID08.csv
[ID08] Step 1/4: Extracting features...
      Opening video file...
      Original video FPS: 25.00
      Original total frames: 94691
      Sample rate: 1 every 1 frames
      Using STREAMING mode - processing clips on-the-fly
      Clip length: 16 frames
      ✓ First clip on device: cuda:0
      Processed 100 clips, 808 frames sampled...
      Processed 200 clips, 1608 frames sampled...
      Processed 300 clips, 2408 frames sampled...
      Processed 400 clips, 3208 frames sampled...
      Processed 500 clips, 4008 frames sampled...
      Processed 600 clips, 4808 frames sampled...
      Read 5000/94691 frames (5000 sampled, 624 clips processed)...
      Processed 700 clips, 5608 frames sampled...
      Processed 800 clips, 6408 frames sampled...
      Processed 900 clips, 7208 frames sampled...
      Processed 1000 clips, 8008 frames sampled...
      Processed 1100 clips, 8808 frames sampled...
      Processed 1200 clips, 9608 frames sampled...
      Read 10000/94691 frames (10000 sampled, 1249 clips processed)...
      Processed 1300 clips, 10408 frames sampled...
      Processed 1400 clips, 11208 frames sampled...
      Processed 1500 clips, 12008 frames sampled...
      Processed 1600 clips, 12808 frames sampled...
      Processed 1700 clips, 13608 frames sampled...
      Processed 1800 clips, 14408 frames sampled...
      Read 15000/94691 frames (15000 sampled, 1874 clips processed)...
      Processed 1900 clips, 15208 frames sampled...
      Processed 2000 clips, 16008 frames sampled...
      Processed 2100 clips, 16808 frames sampled...
      Processed 2200 clips, 17608 frames sampled...
      Processed 2300 clips, 18408 frames sampled...
      Processed 2400 clips, 19208 frames sampled...
      Read 20000/94691 frames (20000 sampled, 2499 clips processed)...
      Processed 2500 clips, 20008 frames sampled...
      Processed 2600 clips, 20808 frames sampled...
      Processed 2700 clips, 21608 frames sampled...
      Processed 2800 clips, 22408 frames sampled...
      Processed 2900 clips, 23208 frames sampled...
      Processed 3000 clips, 24008 frames sampled...
      Processed 3100 clips, 24808 frames sampled...
      Read 25000/94691 frames (25000 sampled, 3124 clips processed)...
      Processed 3200 clips, 25608 frames sampled...
      Processed 3300 clips, 26408 frames sampled...
      Processed 3400 clips, 27208 frames sampled...
      Processed 3500 clips, 28008 frames sampled...
      Processed 3600 clips, 28808 frames sampled...
      Processed 3700 clips, 29608 frames sampled...
      Read 30000/94691 frames (30000 sampled, 3749 clips processed)...
      Processed 3800 clips, 30408 frames sampled...
      Processed 3900 clips, 31208 frames sampled...
      Processed 4000 clips, 32008 frames sampled...
      Processed 4100 clips, 32808 frames sampled...
      Processed 4200 clips, 33608 frames sampled...
      Processed 4300 clips, 34408 frames sampled...
      Read 35000/94691 frames (35000 sampled, 4374 clips processed)...
      Processed 4400 clips, 35208 frames sampled...
      Processed 4500 clips, 36008 frames sampled...
      Processed 4600 clips, 36808 frames sampled...
      Processed 4700 clips, 37608 frames sampled...
      Processed 4800 clips, 38408 frames sampled...
      Processed 4900 clips, 39208 frames sampled...
      Read 40000/94691 frames (40000 sampled, 4999 clips processed)...
      Processed 5000 clips, 40008 frames sampled...
      Processed 5100 clips, 40808 frames sampled...
      Processed 5200 clips, 41608 frames sampled...
      Processed 5300 clips, 42408 frames sampled...
      Processed 5400 clips, 43208 frames sampled...
      Processed 5500 clips, 44008 frames sampled...
      Processed 5600 clips, 44808 frames sampled...
      Read 45000/94691 frames (45000 sampled, 5624 clips processed)...
      Processed 5700 clips, 45608 frames sampled...
      Processed 5800 clips, 46408 frames sampled...
      Processed 5900 clips, 47208 frames sampled...
      Processed 6000 clips, 48008 frames sampled...
      Processed 6100 clips, 48808 frames sampled...
      Processed 6200 clips, 49608 frames sampled...
      Read 50000/94691 frames (50000 sampled, 6249 clips processed)...
      Processed 6300 clips, 50408 frames sampled...
      Processed 6400 clips, 51208 frames sampled...
      Processed 6500 clips, 52008 frames sampled...
      Processed 6600 clips, 52808 frames sampled...
      Processed 6700 clips, 53608 frames sampled...
      Processed 6800 clips, 54408 frames sampled...
      Read 55000/94691 frames (55000 sampled, 6874 clips processed)...
      Processed 6900 clips, 55208 frames sampled...
      Processed 7000 clips, 56008 frames sampled...
      Processed 7100 clips, 56808 frames sampled...
      Processed 7200 clips, 57608 frames sampled...
      Processed 7300 clips, 58408 frames sampled...
      Processed 7400 clips, 59208 frames sampled...
      Read 60000/94691 frames (60000 sampled, 7499 clips processed)...
      Processed 7500 clips, 60008 frames sampled...
      Processed 7600 clips, 60808 frames sampled...
      Processed 7700 clips, 61608 frames sampled...
      Processed 7800 clips, 62408 frames sampled...
      Processed 7900 clips, 63208 frames sampled...
      Processed 8000 clips, 64008 frames sampled...
      Processed 8100 clips, 64808 frames sampled...
      Read 65000/94691 frames (65000 sampled, 8124 clips processed)...
      Processed 8200 clips, 65608 frames sampled...
      Processed 8300 clips, 66408 frames sampled...
      Processed 8400 clips, 67208 frames sampled...
      Processed 8500 clips, 68008 frames sampled...
      Processed 8600 clips, 68808 frames sampled...
      Processed 8700 clips, 69608 frames sampled...
      Read 70000/94691 frames (70000 sampled, 8749 clips processed)...
      Processed 8800 clips, 70408 frames sampled...
      Processed 8900 clips, 71208 frames sampled...
      Processed 9000 clips, 72008 frames sampled...
      Processed 9100 clips, 72808 frames sampled...
      Processed 9200 clips, 73608 frames sampled...
      Processed 9300 clips, 74408 frames sampled...
      Read 75000/94691 frames (75000 sampled, 9374 clips processed)...
      Processed 9400 clips, 75208 frames sampled...
      Processed 9500 clips, 76008 frames sampled...
      Processed 9600 clips, 76808 frames sampled...
      Processed 9700 clips, 77608 frames sampled...
      Processed 9800 clips, 78408 frames sampled...
      Processed 9900 clips, 79208 frames sampled...
      Read 80000/94691 frames (80000 sampled, 9999 clips processed)...
      Processed 10000 clips, 80008 frames sampled...
      Processed 10100 clips, 80808 frames sampled...
      Processed 10200 clips, 81608 frames sampled...
      Processed 10300 clips, 82408 frames sampled...
      Processed 10400 clips, 83208 frames sampled...
      Processed 10500 clips, 84008 frames sampled...
      Processed 10600 clips, 84808 frames sampled...
      Read 85000/94691 frames (85000 sampled, 10624 clips processed)...
      Processed 10700 clips, 85608 frames sampled...
      Processed 10800 clips, 86408 frames sampled...
      Processed 10900 clips, 87208 frames sampled...
      Processed 11000 clips, 88008 frames sampled...
      Processed 11100 clips, 88808 frames sampled...
      Processed 11200 clips, 89608 frames sampled...
      Read 90000/94691 frames (90000 sampled, 11249 clips processed)...
      Processed 11300 clips, 90408 frames sampled...
      Processed 11400 clips, 91208 frames sampled...
      Processed 11500 clips, 92008 frames sampled...
      Processed 11600 clips, 92808 frames sampled...
      Processed 11700 clips, 93608 frames sampled...
      Processed 11800 clips, 94408 frames sampled...
      Total frames read: 94688
      Total frames sampled: 94688
      Total clips processed: 11835
      Feature extraction complete!
      Final features shape: (94688, 1024)
[ID08]   Features extracted: (94688, 1024)
[ID08] Step 2/4: Converting to binary labels and removing unwanted classes...
[ID08]   Video duration: 3787.64 seconds
      CSV columns: ['start_time', 'end_time', 'licking', 'shaking']
      CSV shape: (3840, 4)
      Total rows in CSV: 3840
      Rows kept after removing shaking: 3840
[ID08]   Original frames: 94688
[ID08]   After removing shaking/licking_shaking: 3840
[ID08] Step 3/4: Balancing classes...
      Before balancing:
        Background: 3759 frames
        Licking: 81 frames
        Ratio: 46.41:1
      After balancing:
        Background: 81 frames
        Licking: 81 frames
        Total: 162 frames
        Ratio: 1:1
[ID08] Step 4/4: Saving processed data...
[ID08]   Saved features: /data-8tb/nvaci/dataset/dataset_Stanford/FACT_method/preprocessed_data_2class/features/ID08.npy
[ID08]     Shape: (162, 1024)
[ID08]     Size: 0.63 MB
[ID08]   Final label distribution:
[ID08]     - background: 81 frames (50.0%)
[ID08]     - licking: 81 frames (50.0%)
[ID08]   Saved labels: /data-8tb/nvaci/dataset/dataset_Stanford/FACT_method/preprocessed_data_2class/groundTruth/ID08.txt
[ID08] SUCCESS - Video processed successfully

================================================================================
Processing video 9/32: ID09
================================================================================
[ID09] Found label file: 25-021_ID09.csv
[ID09] Step 1/4: Extracting features...
      Opening video file...
      Original video FPS: 25.00
      Original total frames: 93688
      Sample rate: 1 every 1 frames
      Using STREAMING mode - processing clips on-the-fly
      Clip length: 16 frames
      ✓ First clip on device: cuda:0
      Processed 100 clips, 808 frames sampled...
      Processed 200 clips, 1608 frames sampled...
      Processed 300 clips, 2408 frames sampled...
      Processed 400 clips, 3208 frames sampled...
      Processed 500 clips, 4008 frames sampled...
      Processed 600 clips, 4808 frames sampled...
      Read 5000/93688 frames (5000 sampled, 624 clips processed)...
      Processed 700 clips, 5608 frames sampled...
      Processed 800 clips, 6408 frames sampled...
      Processed 900 clips, 7208 frames sampled...
      Processed 1000 clips, 8008 frames sampled...
      Processed 1100 clips, 8808 frames sampled...
      Processed 1200 clips, 9608 frames sampled...
      Read 10000/93688 frames (10000 sampled, 1249 clips processed)...
      Processed 1300 clips, 10408 frames sampled...
      Processed 1400 clips, 11208 frames sampled...
      Processed 1500 clips, 12008 frames sampled...
      Processed 1600 clips, 12808 frames sampled...
      Processed 1700 clips, 13608 frames sampled...
      Processed 1800 clips, 14408 frames sampled...
      Read 15000/93688 frames (15000 sampled, 1874 clips processed)...
      Processed 1900 clips, 15208 frames sampled...
      Processed 2000 clips, 16008 frames sampled...
      Processed 2100 clips, 16808 frames sampled...
      Processed 2200 clips, 17608 frames sampled...
      Processed 2300 clips, 18408 frames sampled...
      Processed 2400 clips, 19208 frames sampled...
      Read 20000/93688 frames (20000 sampled, 2499 clips processed)...
      Processed 2500 clips, 20008 frames sampled...
      Processed 2600 clips, 20808 frames sampled...
      Processed 2700 clips, 21608 frames sampled...
      Processed 2800 clips, 22408 frames sampled...
      Processed 2900 clips, 23208 frames sampled...
      Processed 3000 clips, 24008 frames sampled...
      Processed 3100 clips, 24808 frames sampled...
      Read 25000/93688 frames (25000 sampled, 3124 clips processed)...
      Processed 3200 clips, 25608 frames sampled...
      Processed 3300 clips, 26408 frames sampled...
      Processed 3400 clips, 27208 frames sampled...
      Processed 3500 clips, 28008 frames sampled...
      Processed 3600 clips, 28808 frames sampled...
      Processed 3700 clips, 29608 frames sampled...
      Read 30000/93688 frames (30000 sampled, 3749 clips processed)...
      Processed 3800 clips, 30408 frames sampled...
      Processed 3900 clips, 31208 frames sampled...
      Processed 4000 clips, 32008 frames sampled...
      Processed 4100 clips, 32808 frames sampled...
      Processed 4200 clips, 33608 frames sampled...
      Processed 4300 clips, 34408 frames sampled...
      Read 35000/93688 frames (35000 sampled, 4374 clips processed)...
      Processed 4400 clips, 35208 frames sampled...
      Processed 4500 clips, 36008 frames sampled...
      Processed 4600 clips, 36808 frames sampled...
      Processed 4700 clips, 37608 frames sampled...
      Processed 4800 clips, 38408 frames sampled...
      Processed 4900 clips, 39208 frames sampled...
      Read 40000/93688 frames (40000 sampled, 4999 clips processed)...
      Processed 5000 clips, 40008 frames sampled...
      Processed 5100 clips, 40808 frames sampled...
      Processed 5200 clips, 41608 frames sampled...
      Processed 5300 clips, 42408 frames sampled...
      Processed 5400 clips, 43208 frames sampled...
      Processed 5500 clips, 44008 frames sampled...
      Processed 5600 clips, 44808 frames sampled...
      Read 45000/93688 frames (45000 sampled, 5624 clips processed)...
      Processed 5700 clips, 45608 frames sampled...
      Processed 5800 clips, 46408 frames sampled...
      Processed 5900 clips, 47208 frames sampled...
      Processed 6000 clips, 48008 frames sampled...
      Processed 6100 clips, 48808 frames sampled...
      Processed 6200 clips, 49608 frames sampled...
      Read 50000/93688 frames (50000 sampled, 6249 clips processed)...
      Processed 6300 clips, 50408 frames sampled...
      Processed 6400 clips, 51208 frames sampled...
      Processed 6500 clips, 52008 frames sampled...
      Processed 6600 clips, 52808 frames sampled...
      Processed 6700 clips, 53608 frames sampled...
      Processed 6800 clips, 54408 frames sampled...
      Read 55000/93688 frames (55000 sampled, 6874 clips processed)...
      Processed 6900 clips, 55208 frames sampled...
      Processed 7000 clips, 56008 frames sampled...
      Processed 7100 clips, 56808 frames sampled...
      Processed 7200 clips, 57608 frames sampled...
      Processed 7300 clips, 58408 frames sampled...
      Processed 7400 clips, 59208 frames sampled...
      Read 60000/93688 frames (60000 sampled, 7499 clips processed)...
      Processed 7500 clips, 60008 frames sampled...
      Processed 7600 clips, 60808 frames sampled...
      Processed 7700 clips, 61608 frames sampled...
      Processed 7800 clips, 62408 frames sampled...
      Processed 7900 clips, 63208 frames sampled...
      Processed 8000 clips, 64008 frames sampled...
      Processed 8100 clips, 64808 frames sampled...
      Read 65000/93688 frames (65000 sampled, 8124 clips processed)...
      Processed 8200 clips, 65608 frames sampled...
      Processed 8300 clips, 66408 frames sampled...
      Processed 8400 clips, 67208 frames sampled...
      Processed 8500 clips, 68008 frames sampled...
      Processed 8600 clips, 68808 frames sampled...
      Processed 8700 clips, 69608 frames sampled...
      Read 70000/93688 frames (70000 sampled, 8749 clips processed)...
      Processed 8800 clips, 70408 frames sampled...
      Processed 8900 clips, 71208 frames sampled...
      Processed 9000 clips, 72008 frames sampled...
      Processed 9100 clips, 72808 frames sampled...
      Processed 9200 clips, 73608 frames sampled...
      Processed 9300 clips, 74408 frames sampled...
      Read 75000/93688 frames (75000 sampled, 9374 clips processed)...
      Processed 9400 clips, 75208 frames sampled...
      Processed 9500 clips, 76008 frames sampled...
      Processed 9600 clips, 76808 frames sampled...
      Processed 9700 clips, 77608 frames sampled...
      Processed 9800 clips, 78408 frames sampled...
      Processed 9900 clips, 79208 frames sampled...
      Read 80000/93688 frames (80000 sampled, 9999 clips processed)...
      Processed 10000 clips, 80008 frames sampled...
      Processed 10100 clips, 80808 frames sampled...
      Processed 10200 clips, 81608 frames sampled...
      Processed 10300 clips, 82408 frames sampled...
      Processed 10400 clips, 83208 frames sampled...
      Processed 10500 clips, 84008 frames sampled...
      Processed 10600 clips, 84808 frames sampled...
      Read 85000/93688 frames (85000 sampled, 10624 clips processed)...
      Processed 10700 clips, 85608 frames sampled...
      Processed 10800 clips, 86408 frames sampled...
      Processed 10900 clips, 87208 frames sampled...
      Processed 11000 clips, 88008 frames sampled...
      Processed 11100 clips, 88808 frames sampled...
      Processed 11200 clips, 89608 frames sampled...
      Read 90000/93688 frames (90000 sampled, 11249 clips processed)...
      Processed 11300 clips, 90408 frames sampled...
      Processed 11400 clips, 91208 frames sampled...
      Processed 11500 clips, 92008 frames sampled...
      Processed 11600 clips, 92808 frames sampled...
      Total frames read: 93538
      Total frames sampled: 93538
      Total clips processed: 11691
      Feature extraction complete!
      Final features shape: (93538, 1024)
[ID09]   Features extracted: (93538, 1024)
[ID09] Step 2/4: Converting to binary labels and removing unwanted classes...
[ID09]   Video duration: 3747.52 seconds
      CSV columns: ['start_time', 'end_time', 'licking', 'shaking']
      CSV shape: (3840, 4)
      Total rows in CSV: 3840
      Rows kept after removing shaking: 3818
[ID09]   Original frames: 93538
[ID09]   After removing shaking/licking_shaking: 3818
[ID09] Step 3/4: Balancing classes...
      Before balancing:
        Background: 3062 frames
        Licking: 756 frames
        Ratio: 4.05:1
      After balancing:
        Background: 756 frames
        Licking: 756 frames
        Total: 1512 frames
        Ratio: 1:1
[ID09] Step 4/4: Saving processed data...
[ID09]   Saved features: /data-8tb/nvaci/dataset/dataset_Stanford/FACT_method/preprocessed_data_2class/features/ID09.npy
[ID09]     Shape: (1512, 1024)
[ID09]     Size: 5.91 MB
[ID09]   Final label distribution:
[ID09]     - background: 756 frames (50.0%)
[ID09]     - licking: 756 frames (50.0%)
[ID09]   Saved labels: /data-8tb/nvaci/dataset/dataset_Stanford/FACT_method/preprocessed_data_2class/groundTruth/ID09.txt
[ID09] SUCCESS - Video processed successfully

================================================================================
Processing video 10/32: ID10
================================================================================
[ID10] Found label file: 25-021_ID10.csv
[ID10] Step 1/4: Extracting features...
      Opening video file...
      Original video FPS: 25.00
      Original total frames: 92431
      Sample rate: 1 every 1 frames
      Using STREAMING mode - processing clips on-the-fly
      Clip length: 16 frames
      ✓ First clip on device: cuda:0
      Processed 100 clips, 808 frames sampled...
      Processed 200 clips, 1608 frames sampled...
      Processed 300 clips, 2408 frames sampled...
      Processed 400 clips, 3208 frames sampled...
      Processed 500 clips, 4008 frames sampled...
      Processed 600 clips, 4808 frames sampled...
      Read 5000/92431 frames (5000 sampled, 624 clips processed)...
      Processed 700 clips, 5608 frames sampled...
      Processed 800 clips, 6408 frames sampled...
      Processed 900 clips, 7208 frames sampled...
      Processed 1000 clips, 8008 frames sampled...
      Processed 1100 clips, 8808 frames sampled...
      Processed 1200 clips, 9608 frames sampled...
      Read 10000/92431 frames (10000 sampled, 1249 clips processed)...
      Processed 1300 clips, 10408 frames sampled...
      Processed 1400 clips, 11208 frames sampled...
      Processed 1500 clips, 12008 frames sampled...
      Processed 1600 clips, 12808 frames sampled...
      Processed 1700 clips, 13608 frames sampled...
      Processed 1800 clips, 14408 frames sampled...
      Read 15000/92431 frames (15000 sampled, 1874 clips processed)...
      Processed 1900 clips, 15208 frames sampled...
      Processed 2000 clips, 16008 frames sampled...
      Processed 2100 clips, 16808 frames sampled...
      Processed 2200 clips, 17608 frames sampled...
      Processed 2300 clips, 18408 frames sampled...
      Processed 2400 clips, 19208 frames sampled...
      Read 20000/92431 frames (20000 sampled, 2499 clips processed)...
      Processed 2500 clips, 20008 frames sampled...
      Processed 2600 clips, 20808 frames sampled...
      Processed 2700 clips, 21608 frames sampled...
      Processed 2800 clips, 22408 frames sampled...
      Processed 2900 clips, 23208 frames sampled...
      Processed 3000 clips, 24008 frames sampled...
      Processed 3100 clips, 24808 frames sampled...
      Read 25000/92431 frames (25000 sampled, 3124 clips processed)...
      Processed 3200 clips, 25608 frames sampled...
      Processed 3300 clips, 26408 frames sampled...
      Processed 3400 clips, 27208 frames sampled...
      Processed 3500 clips, 28008 frames sampled...
      Processed 3600 clips, 28808 frames sampled...
      Processed 3700 clips, 29608 frames sampled...
      Read 30000/92431 frames (30000 sampled, 3749 clips processed)...
      Processed 3800 clips, 30408 frames sampled...
      Processed 3900 clips, 31208 frames sampled...
      Processed 4000 clips, 32008 frames sampled...
      Processed 4100 clips, 32808 frames sampled...
      Processed 4200 clips, 33608 frames sampled...
      Processed 4300 clips, 34408 frames sampled...
      Read 35000/92431 frames (35000 sampled, 4374 clips processed)...
      Processed 4400 clips, 35208 frames sampled...
      Processed 4500 clips, 36008 frames sampled...
      Processed 4600 clips, 36808 frames sampled...
      Processed 4700 clips, 37608 frames sampled...
      Processed 4800 clips, 38408 frames sampled...
      Processed 4900 clips, 39208 frames sampled...
      Read 40000/92431 frames (40000 sampled, 4999 clips processed)...
      Processed 5000 clips, 40008 frames sampled...
      Processed 5100 clips, 40808 frames sampled...
      Processed 5200 clips, 41608 frames sampled...
      Processed 5300 clips, 42408 frames sampled...
      Processed 5400 clips, 43208 frames sampled...
      Processed 5500 clips, 44008 frames sampled...
      Processed 5600 clips, 44808 frames sampled...
      Read 45000/92431 frames (45000 sampled, 5624 clips processed)...
      Processed 5700 clips, 45608 frames sampled...
      Processed 5800 clips, 46408 frames sampled...
      Processed 5900 clips, 47208 frames sampled...
      Processed 6000 clips, 48008 frames sampled...
      Processed 6100 clips, 48808 frames sampled...
      Processed 6200 clips, 49608 frames sampled...
      Read 50000/92431 frames (50000 sampled, 6249 clips processed)...
      Processed 6300 clips, 50408 frames sampled...
      Processed 6400 clips, 51208 frames sampled...
      Processed 6500 clips, 52008 frames sampled...
      Processed 6600 clips, 52808 frames sampled...
      Processed 6700 clips, 53608 frames sampled...
      Processed 6800 clips, 54408 frames sampled...
      Read 55000/92431 frames (55000 sampled, 6874 clips processed)...
      Processed 6900 clips, 55208 frames sampled...
      Processed 7000 clips, 56008 frames sampled...
      Processed 7100 clips, 56808 frames sampled...
      Processed 7200 clips, 57608 frames sampled...
      Processed 7300 clips, 58408 frames sampled...
      Processed 7400 clips, 59208 frames sampled...
      Read 60000/92431 frames (60000 sampled, 7499 clips processed)...
      Processed 7500 clips, 60008 frames sampled...
      Processed 7600 clips, 60808 frames sampled...
      Processed 7700 clips, 61608 frames sampled...
      Processed 7800 clips, 62408 frames sampled...
      Processed 7900 clips, 63208 frames sampled...
      Processed 8000 clips, 64008 frames sampled...
      Processed 8100 clips, 64808 frames sampled...
      Read 65000/92431 frames (65000 sampled, 8124 clips processed)...
      Processed 8200 clips, 65608 frames sampled...
      Processed 8300 clips, 66408 frames sampled...
      Processed 8400 clips, 67208 frames sampled...
      Processed 8500 clips, 68008 frames sampled...
      Processed 8600 clips, 68808 frames sampled...
      Processed 8700 clips, 69608 frames sampled...
      Read 70000/92431 frames (70000 sampled, 8749 clips processed)...
      Processed 8800 clips, 70408 frames sampled...
      Processed 8900 clips, 71208 frames sampled...
      Processed 9000 clips, 72008 frames sampled...
      Processed 9100 clips, 72808 frames sampled...
      Processed 9200 clips, 73608 frames sampled...
      Processed 9300 clips, 74408 frames sampled...
      Read 75000/92431 frames (75000 sampled, 9374 clips processed)...
      Processed 9400 clips, 75208 frames sampled...
      Processed 9500 clips, 76008 frames sampled...
      Processed 9600 clips, 76808 frames sampled...
      Processed 9700 clips, 77608 frames sampled...
      Processed 9800 clips, 78408 frames sampled...
      Processed 9900 clips, 79208 frames sampled...
      Read 80000/92431 frames (80000 sampled, 9999 clips processed)...
      Processed 10000 clips, 80008 frames sampled...
      Processed 10100 clips, 80808 frames sampled...
      Processed 10200 clips, 81608 frames sampled...
      Processed 10300 clips, 82408 frames sampled...
      Processed 10400 clips, 83208 frames sampled...
      Processed 10500 clips, 84008 frames sampled...
      Processed 10600 clips, 84808 frames sampled...
      Read 85000/92431 frames (85000 sampled, 10624 clips processed)...
      Processed 10700 clips, 85608 frames sampled...
      Processed 10800 clips, 86408 frames sampled...
      Processed 10900 clips, 87208 frames sampled...
      Processed 11000 clips, 88008 frames sampled...
      Processed 11100 clips, 88808 frames sampled...
      Processed 11200 clips, 89608 frames sampled...
      Read 90000/92431 frames (90000 sampled, 11249 clips processed)...
      Processed 11300 clips, 90408 frames sampled...
      Processed 11400 clips, 91208 frames sampled...
      Processed 11500 clips, 92008 frames sampled...
      Total frames read: 92413
      Total frames sampled: 92413
      Total clips processed: 11550
      Feature extraction complete!
      Final features shape: (92413, 1024)
[ID10]   Features extracted: (92413, 1024)
[ID10] Step 2/4: Converting to binary labels and removing unwanted classes...
[ID10]   Video duration: 3697.24 seconds
      CSV columns: ['start_time', 'end_time', 'licking', 'shaking']
      CSV shape: (3840, 4)
      Total rows in CSV: 3840
      Rows kept after removing shaking: 3819
[ID10]   Original frames: 92413
[ID10]   After removing shaking/licking_shaking: 3819
[ID10] Step 3/4: Balancing classes...
      Before balancing:
        Background: 3186 frames
        Licking: 633 frames
        Ratio: 5.03:1
      After balancing:
        Background: 633 frames
        Licking: 633 frames
        Total: 1266 frames
        Ratio: 1:1
[ID10] Step 4/4: Saving processed data...
[ID10]   Saved features: /data-8tb/nvaci/dataset/dataset_Stanford/FACT_method/preprocessed_data_2class/features/ID10.npy
[ID10]     Shape: (1266, 1024)
[ID10]     Size: 4.95 MB
[ID10]   Final label distribution:
[ID10]     - background: 633 frames (50.0%)
[ID10]     - licking: 633 frames (50.0%)
[ID10]   Saved labels: /data-8tb/nvaci/dataset/dataset_Stanford/FACT_method/preprocessed_data_2class/groundTruth/ID10.txt
[ID10] SUCCESS - Video processed successfully

================================================================================
Processing video 11/32: ID11
================================================================================
[ID11] Found label file: 25-021_ID11.csv
[ID11] Step 1/4: Extracting features...
      Opening video file...
      Original video FPS: 25.00
      Original total frames: 98201
      Sample rate: 1 every 1 frames
      Using STREAMING mode - processing clips on-the-fly
      Clip length: 16 frames
      ✓ First clip on device: cuda:0
      Processed 100 clips, 808 frames sampled...
      Processed 200 clips, 1608 frames sampled...
      Processed 300 clips, 2408 frames sampled...
      Processed 400 clips, 3208 frames sampled...
      Processed 500 clips, 4008 frames sampled...
      Processed 600 clips, 4808 frames sampled...
      Read 5000/98201 frames (5000 sampled, 624 clips processed)...
      Processed 700 clips, 5608 frames sampled...
      Processed 800 clips, 6408 frames sampled...
      Processed 900 clips, 7208 frames sampled...
      Processed 1000 clips, 8008 frames sampled...
      Processed 1100 clips, 8808 frames sampled...
      Processed 1200 clips, 9608 frames sampled...
      Read 10000/98201 frames (10000 sampled, 1249 clips processed)...
      Processed 1300 clips, 10408 frames sampled...
      Processed 1400 clips, 11208 frames sampled...
      Processed 1500 clips, 12008 frames sampled...
      Processed 1600 clips, 12808 frames sampled...
      Processed 1700 clips, 13608 frames sampled...
      Processed 1800 clips, 14408 frames sampled...
      Read 15000/98201 frames (15000 sampled, 1874 clips processed)...
      Processed 1900 clips, 15208 frames sampled...
      Processed 2000 clips, 16008 frames sampled...
      Processed 2100 clips, 16808 frames sampled...
      Processed 2200 clips, 17608 frames sampled...
      Processed 2300 clips, 18408 frames sampled...
      Processed 2400 clips, 19208 frames sampled...
      Read 20000/98201 frames (20000 sampled, 2499 clips processed)...
      Processed 2500 clips, 20008 frames sampled...
      Processed 2600 clips, 20808 frames sampled...
      Processed 2700 clips, 21608 frames sampled...
      Processed 2800 clips, 22408 frames sampled...
      Processed 2900 clips, 23208 frames sampled...
      Processed 3000 clips, 24008 frames sampled...
      Processed 3100 clips, 24808 frames sampled...
      Read 25000/98201 frames (25000 sampled, 3124 clips processed)...
      Processed 3200 clips, 25608 frames sampled...
      Processed 3300 clips, 26408 frames sampled...
      Processed 3400 clips, 27208 frames sampled...
      Processed 3500 clips, 28008 frames sampled...
      Processed 3600 clips, 28808 frames sampled...
      Processed 3700 clips, 29608 frames sampled...
      Read 30000/98201 frames (30000 sampled, 3749 clips processed)...
      Processed 3800 clips, 30408 frames sampled...
      Processed 3900 clips, 31208 frames sampled...
      Processed 4000 clips, 32008 frames sampled...
      Processed 4100 clips, 32808 frames sampled...
      Processed 4200 clips, 33608 frames sampled...
      Processed 4300 clips, 34408 frames sampled...
      Read 35000/98201 frames (35000 sampled, 4374 clips processed)...
      Processed 4400 clips, 35208 frames sampled...
      Processed 4500 clips, 36008 frames sampled...
      Processed 4600 clips, 36808 frames sampled...
      Processed 4700 clips, 37608 frames sampled...
      Processed 4800 clips, 38408 frames sampled...
      Processed 4900 clips, 39208 frames sampled...
      Read 40000/98201 frames (40000 sampled, 4999 clips processed)...
      Processed 5000 clips, 40008 frames sampled...
      Processed 5100 clips, 40808 frames sampled...
      Processed 5200 clips, 41608 frames sampled...
      Processed 5300 clips, 42408 frames sampled...
      Processed 5400 clips, 43208 frames sampled...
      Processed 5500 clips, 44008 frames sampled...
      Processed 5600 clips, 44808 frames sampled...
      Read 45000/98201 frames (45000 sampled, 5624 clips processed)...
      Processed 5700 clips, 45608 frames sampled...
      Processed 5800 clips, 46408 frames sampled...
      Processed 5900 clips, 47208 frames sampled...
      Processed 6000 clips, 48008 frames sampled...
      Processed 6100 clips, 48808 frames sampled...
      Processed 6200 clips, 49608 frames sampled...
      Read 50000/98201 frames (50000 sampled, 6249 clips processed)...
      Processed 6300 clips, 50408 frames sampled...
      Processed 6400 clips, 51208 frames sampled...
      Processed 6500 clips, 52008 frames sampled...
      Processed 6600 clips, 52808 frames sampled...
      Processed 6700 clips, 53608 frames sampled...
      Processed 6800 clips, 54408 frames sampled...
      Read 55000/98201 frames (55000 sampled, 6874 clips processed)...
      Processed 6900 clips, 55208 frames sampled...
      Processed 7000 clips, 56008 frames sampled...
      Processed 7100 clips, 56808 frames sampled...
      Processed 7200 clips, 57608 frames sampled...
      Processed 7300 clips, 58408 frames sampled...
      Processed 7400 clips, 59208 frames sampled...
      Read 60000/98201 frames (60000 sampled, 7499 clips processed)...
      Processed 7500 clips, 60008 frames sampled...
      Processed 7600 clips, 60808 frames sampled...
      Processed 7700 clips, 61608 frames sampled...
      Processed 7800 clips, 62408 frames sampled...
      Processed 7900 clips, 63208 frames sampled...
      Processed 8000 clips, 64008 frames sampled...
      Processed 8100 clips, 64808 frames sampled...
      Read 65000/98201 frames (65000 sampled, 8124 clips processed)...
      Processed 8200 clips, 65608 frames sampled...
      Processed 8300 clips, 66408 frames sampled...
      Processed 8400 clips, 67208 frames sampled...
      Processed 8500 clips, 68008 frames sampled...
      Processed 8600 clips, 68808 frames sampled...
      Processed 8700 clips, 69608 frames sampled...
      Read 70000/98201 frames (70000 sampled, 8749 clips processed)...
      Processed 8800 clips, 70408 frames sampled...
      Processed 8900 clips, 71208 frames sampled...
      Processed 9000 clips, 72008 frames sampled...
      Processed 9100 clips, 72808 frames sampled...
      Processed 9200 clips, 73608 frames sampled...
      Processed 9300 clips, 74408 frames sampled...
      Read 75000/98201 frames (75000 sampled, 9374 clips processed)...
      Processed 9400 clips, 75208 frames sampled...
      Processed 9500 clips, 76008 frames sampled...
      Processed 9600 clips, 76808 frames sampled...
      Processed 9700 clips, 77608 frames sampled...
      Processed 9800 clips, 78408 frames sampled...
      Processed 9900 clips, 79208 frames sampled...
      Read 80000/98201 frames (80000 sampled, 9999 clips processed)...
      Processed 10000 clips, 80008 frames sampled...
      Processed 10100 clips, 80808 frames sampled...
      Processed 10200 clips, 81608 frames sampled...
      Processed 10300 clips, 82408 frames sampled...
      Processed 10400 clips, 83208 frames sampled...
      Processed 10500 clips, 84008 frames sampled...
      Processed 10600 clips, 84808 frames sampled...
      Read 85000/98201 frames (85000 sampled, 10624 clips processed)...
      Processed 10700 clips, 85608 frames sampled...
      Processed 10800 clips, 86408 frames sampled...
      Processed 10900 clips, 87208 frames sampled...
      Processed 11000 clips, 88008 frames sampled...
      Processed 11100 clips, 88808 frames sampled...
      Processed 11200 clips, 89608 frames sampled...
      Read 90000/98201 frames (90000 sampled, 11249 clips processed)...
      Processed 11300 clips, 90408 frames sampled...
      Processed 11400 clips, 91208 frames sampled...
      Processed 11500 clips, 92008 frames sampled...
      Processed 11600 clips, 92808 frames sampled...
      Processed 11700 clips, 93608 frames sampled...
      Processed 11800 clips, 94408 frames sampled...
      Read 95000/98201 frames (95000 sampled, 11874 clips processed)...
      Processed 11900 clips, 95208 frames sampled...
      Processed 12000 clips, 96008 frames sampled...
      Processed 12100 clips, 96808 frames sampled...
      Processed 12200 clips, 97608 frames sampled...
      Total frames read: 98026
      Total frames sampled: 98026
      Total clips processed: 12252
      Feature extraction complete!
      Final features shape: (98026, 1024)
[ID11]   Features extracted: (98026, 1024)
[ID11] Step 2/4: Converting to binary labels and removing unwanted classes...
[ID11]   Video duration: 3928.04 seconds
      CSV columns: ['start_time', 'end_time', 'licking', 'shaking']
      CSV shape: (3840, 4)
      Total rows in CSV: 3840
      Rows kept after removing shaking: 3828
[ID11]   Original frames: 98026
[ID11]   After removing shaking/licking_shaking: 3828
[ID11] Step 3/4: Balancing classes...
      Before balancing:
        Background: 3480 frames
        Licking: 348 frames
        Ratio: 10.00:1
      After balancing:
        Background: 348 frames
        Licking: 348 frames
        Total: 696 frames
        Ratio: 1:1
[ID11] Step 4/4: Saving processed data...
[ID11]   Saved features: /data-8tb/nvaci/dataset/dataset_Stanford/FACT_method/preprocessed_data_2class/features/ID11.npy
[ID11]     Shape: (696, 1024)
[ID11]     Size: 2.72 MB
[ID11]   Final label distribution:
[ID11]     - background: 348 frames (50.0%)
[ID11]     - licking: 348 frames (50.0%)
[ID11]   Saved labels: /data-8tb/nvaci/dataset/dataset_Stanford/FACT_method/preprocessed_data_2class/groundTruth/ID11.txt
[ID11] SUCCESS - Video processed successfully

================================================================================
Processing video 12/32: ID12
================================================================================
[ID12] Found label file: 25-021_ID12.csv
[ID12] Step 1/4: Extracting features...
      Opening video file...
      Original video FPS: 25.00
      Original total frames: 97201
      Sample rate: 1 every 1 frames
      Using STREAMING mode - processing clips on-the-fly
      Clip length: 16 frames
      ✓ First clip on device: cuda:0
      Processed 100 clips, 808 frames sampled...
      Processed 200 clips, 1608 frames sampled...
      Processed 300 clips, 2408 frames sampled...
      Processed 400 clips, 3208 frames sampled...
      Processed 500 clips, 4008 frames sampled...
      Processed 600 clips, 4808 frames sampled...
      Read 5000/97201 frames (5000 sampled, 624 clips processed)...
      Processed 700 clips, 5608 frames sampled...
      Processed 800 clips, 6408 frames sampled...
      Processed 900 clips, 7208 frames sampled...
      Processed 1000 clips, 8008 frames sampled...
      Processed 1100 clips, 8808 frames sampled...
      Processed 1200 clips, 9608 frames sampled...
      Read 10000/97201 frames (10000 sampled, 1249 clips processed)...
      Processed 1300 clips, 10408 frames sampled...
      Processed 1400 clips, 11208 frames sampled...
      Processed 1500 clips, 12008 frames sampled...
      Processed 1600 clips, 12808 frames sampled...
      Processed 1700 clips, 13608 frames sampled...
      Processed 1800 clips, 14408 frames sampled...
      Read 15000/97201 frames (15000 sampled, 1874 clips processed)...
      Processed 1900 clips, 15208 frames sampled...
      Processed 2000 clips, 16008 frames sampled...
      Processed 2100 clips, 16808 frames sampled...
      Processed 2200 clips, 17608 frames sampled...
      Processed 2300 clips, 18408 frames sampled...
      Processed 2400 clips, 19208 frames sampled...
      Read 20000/97201 frames (20000 sampled, 2499 clips processed)...
      Processed 2500 clips, 20008 frames sampled...
      Processed 2600 clips, 20808 frames sampled...
      Processed 2700 clips, 21608 frames sampled...
      Processed 2800 clips, 22408 frames sampled...
      Processed 2900 clips, 23208 frames sampled...
      Processed 3000 clips, 24008 frames sampled...
      Processed 3100 clips, 24808 frames sampled...
      Read 25000/97201 frames (25000 sampled, 3124 clips processed)...
      Processed 3200 clips, 25608 frames sampled...
      Processed 3300 clips, 26408 frames sampled...
      Processed 3400 clips, 27208 frames sampled...
      Processed 3500 clips, 28008 frames sampled...
      Processed 3600 clips, 28808 frames sampled...
      Processed 3700 clips, 29608 frames sampled...
      Read 30000/97201 frames (30000 sampled, 3749 clips processed)...
      Processed 3800 clips, 30408 frames sampled...
      Processed 3900 clips, 31208 frames sampled...
      Processed 4000 clips, 32008 frames sampled...
      Processed 4100 clips, 32808 frames sampled...
      Processed 4200 clips, 33608 frames sampled...
      Processed 4300 clips, 34408 frames sampled...
      Read 35000/97201 frames (35000 sampled, 4374 clips processed)...
      Processed 4400 clips, 35208 frames sampled...
      Processed 4500 clips, 36008 frames sampled...
      Processed 4600 clips, 36808 frames sampled...
      Processed 4700 clips, 37608 frames sampled...
      Processed 4800 clips, 38408 frames sampled...
      Processed 4900 clips, 39208 frames sampled...
      Read 40000/97201 frames (40000 sampled, 4999 clips processed)...
      Processed 5000 clips, 40008 frames sampled...
      Processed 5100 clips, 40808 frames sampled...
      Processed 5200 clips, 41608 frames sampled...
      Processed 5300 clips, 42408 frames sampled...
      Processed 5400 clips, 43208 frames sampled...
      Processed 5500 clips, 44008 frames sampled...
      Processed 5600 clips, 44808 frames sampled...
      Read 45000/97201 frames (45000 sampled, 5624 clips processed)...
      Processed 5700 clips, 45608 frames sampled...
      Processed 5800 clips, 46408 frames sampled...
      Processed 5900 clips, 47208 frames sampled...
      Processed 6000 clips, 48008 frames sampled...
      Processed 6100 clips, 48808 frames sampled...
      Processed 6200 clips, 49608 frames sampled...
      Read 50000/97201 frames (50000 sampled, 6249 clips processed)...
      Processed 6300 clips, 50408 frames sampled...
      Processed 6400 clips, 51208 frames sampled...
      Processed 6500 clips, 52008 frames sampled...
      Processed 6600 clips, 52808 frames sampled...
      Processed 6700 clips, 53608 frames sampled...
      Processed 6800 clips, 54408 frames sampled...
      Read 55000/97201 frames (55000 sampled, 6874 clips processed)...
      Processed 6900 clips, 55208 frames sampled...
      Processed 7000 clips, 56008 frames sampled...
      Processed 7100 clips, 56808 frames sampled...
      Processed 7200 clips, 57608 frames sampled...
      Processed 7300 clips, 58408 frames sampled...
      Processed 7400 clips, 59208 frames sampled...
      Read 60000/97201 frames (60000 sampled, 7499 clips processed)...
      Processed 7500 clips, 60008 frames sampled...
      Processed 7600 clips, 60808 frames sampled...
      Processed 7700 clips, 61608 frames sampled...
      Processed 7800 clips, 62408 frames sampled...
      Processed 7900 clips, 63208 frames sampled...
      Processed 8000 clips, 64008 frames sampled...
      Processed 8100 clips, 64808 frames sampled...
      Read 65000/97201 frames (65000 sampled, 8124 clips processed)...
      Processed 8200 clips, 65608 frames sampled...
      Processed 8300 clips, 66408 frames sampled...
      Processed 8400 clips, 67208 frames sampled...
      Processed 8500 clips, 68008 frames sampled...
      Processed 8600 clips, 68808 frames sampled...
      Processed 8700 clips, 69608 frames sampled...
      Read 70000/97201 frames (70000 sampled, 8749 clips processed)...
      Processed 8800 clips, 70408 frames sampled...
      Processed 8900 clips, 71208 frames sampled...
      Processed 9000 clips, 72008 frames sampled...
      Processed 9100 clips, 72808 frames sampled...
      Processed 9200 clips, 73608 frames sampled...
      Processed 9300 clips, 74408 frames sampled...
      Read 75000/97201 frames (75000 sampled, 9374 clips processed)...
      Processed 9400 clips, 75208 frames sampled...
      Processed 9500 clips, 76008 frames sampled...
      Processed 9600 clips, 76808 frames sampled...
      Processed 9700 clips, 77608 frames sampled...
      Processed 9800 clips, 78408 frames sampled...
      Processed 9900 clips, 79208 frames sampled...
      Read 80000/97201 frames (80000 sampled, 9999 clips processed)...
      Processed 10000 clips, 80008 frames sampled...
      Processed 10100 clips, 80808 frames sampled...
      Processed 10200 clips, 81608 frames sampled...
      Processed 10300 clips, 82408 frames sampled...
      Processed 10400 clips, 83208 frames sampled...
      Processed 10500 clips, 84008 frames sampled...
      Processed 10600 clips, 84808 frames sampled...
      Read 85000/97201 frames (85000 sampled, 10624 clips processed)...
      Processed 10700 clips, 85608 frames sampled...
      Processed 10800 clips, 86408 frames sampled...
      Processed 10900 clips, 87208 frames sampled...
      Processed 11000 clips, 88008 frames sampled...
      Processed 11100 clips, 88808 frames sampled...
      Processed 11200 clips, 89608 frames sampled...
      Read 90000/97201 frames (90000 sampled, 11249 clips processed)...
      Processed 11300 clips, 90408 frames sampled...
      Processed 11400 clips, 91208 frames sampled...
      Processed 11500 clips, 92008 frames sampled...
      Processed 11600 clips, 92808 frames sampled...
      Processed 11700 clips, 93608 frames sampled...
      Processed 11800 clips, 94408 frames sampled...
      Read 95000/97201 frames (95000 sampled, 11874 clips processed)...
      Processed 11900 clips, 95208 frames sampled...
      Processed 12000 clips, 96008 frames sampled...
      Processed 12100 clips, 96808 frames sampled...
      Total frames read: 97126
      Total frames sampled: 97126
      Total clips processed: 12139
      Feature extraction complete!
      Final features shape: (97126, 1024)
[ID12]   Features extracted: (97126, 1024)
[ID12] Step 2/4: Converting to binary labels and removing unwanted classes...
[ID12]   Video duration: 3888.04 seconds
      CSV columns: ['start_time', 'end_time', 'licking', 'shaking']
      CSV shape: (3840, 4)
      Total rows in CSV: 3840
      Rows kept after removing shaking: 3772
[ID12]   Original frames: 97126
[ID12]   After removing shaking/licking_shaking: 3772
[ID12] Step 3/4: Balancing classes...
      Before balancing:
        Background: 3212 frames
        Licking: 560 frames
        Ratio: 5.74:1
      After balancing:
        Background: 560 frames
        Licking: 560 frames
        Total: 1120 frames
        Ratio: 1:1
[ID12] Step 4/4: Saving processed data...
[ID12]   Saved features: /data-8tb/nvaci/dataset/dataset_Stanford/FACT_method/preprocessed_data_2class/features/ID12.npy
[ID12]     Shape: (1120, 1024)
[ID12]     Size: 4.38 MB
[ID12]   Final label distribution:
[ID12]     - background: 560 frames (50.0%)
[ID12]     - licking: 560 frames (50.0%)
[ID12]   Saved labels: /data-8tb/nvaci/dataset/dataset_Stanford/FACT_method/preprocessed_data_2class/groundTruth/ID12.txt
[ID12] SUCCESS - Video processed successfully

================================================================================
Processing video 13/32: ID13
================================================================================
[ID13] Found label file: 25-021_ID13.csv
[ID13] Step 1/4: Extracting features...
      Opening video file...
      Original video FPS: 25.00
      Original total frames: 95806
      Sample rate: 1 every 1 frames
      Using STREAMING mode - processing clips on-the-fly
      Clip length: 16 frames
      ✓ First clip on device: cuda:0
      Processed 100 clips, 808 frames sampled...
      Processed 200 clips, 1608 frames sampled...
      Processed 300 clips, 2408 frames sampled...
      Processed 400 clips, 3208 frames sampled...
      Processed 500 clips, 4008 frames sampled...
      Processed 600 clips, 4808 frames sampled...
      Read 5000/95806 frames (5000 sampled, 624 clips processed)...
      Processed 700 clips, 5608 frames sampled...
      Processed 800 clips, 6408 frames sampled...
      Processed 900 clips, 7208 frames sampled...
      Processed 1000 clips, 8008 frames sampled...
      Processed 1100 clips, 8808 frames sampled...
      Processed 1200 clips, 9608 frames sampled...
      Read 10000/95806 frames (10000 sampled, 1249 clips processed)...
      Processed 1300 clips, 10408 frames sampled...
      Processed 1400 clips, 11208 frames sampled...
      Processed 1500 clips, 12008 frames sampled...
      Processed 1600 clips, 12808 frames sampled...
      Processed 1700 clips, 13608 frames sampled...
      Processed 1800 clips, 14408 frames sampled...
      Read 15000/95806 frames (15000 sampled, 1874 clips processed)...
      Processed 1900 clips, 15208 frames sampled...
      Processed 2000 clips, 16008 frames sampled...
      Processed 2100 clips, 16808 frames sampled...
      Processed 2200 clips, 17608 frames sampled...
      Processed 2300 clips, 18408 frames sampled...
      Processed 2400 clips, 19208 frames sampled...
      Read 20000/95806 frames (20000 sampled, 2499 clips processed)...
      Processed 2500 clips, 20008 frames sampled...
      Processed 2600 clips, 20808 frames sampled...
      Processed 2700 clips, 21608 frames sampled...
      Processed 2800 clips, 22408 frames sampled...
      Processed 2900 clips, 23208 frames sampled...
      Processed 3000 clips, 24008 frames sampled...
      Processed 3100 clips, 24808 frames sampled...
      Read 25000/95806 frames (25000 sampled, 3124 clips processed)...
      Processed 3200 clips, 25608 frames sampled...
      Processed 3300 clips, 26408 frames sampled...
      Processed 3400 clips, 27208 frames sampled...
      Processed 3500 clips, 28008 frames sampled...
      Processed 3600 clips, 28808 frames sampled...
      Processed 3700 clips, 29608 frames sampled...
      Read 30000/95806 frames (30000 sampled, 3749 clips processed)...
      Processed 3800 clips, 30408 frames sampled...
      Processed 3900 clips, 31208 frames sampled...
      Processed 4000 clips, 32008 frames sampled...
      Processed 4100 clips, 32808 frames sampled...
      Processed 4200 clips, 33608 frames sampled...
      Processed 4300 clips, 34408 frames sampled...
      Read 35000/95806 frames (35000 sampled, 4374 clips processed)...
      Processed 4400 clips, 35208 frames sampled...
      Processed 4500 clips, 36008 frames sampled...
      Processed 4600 clips, 36808 frames sampled...
      Processed 4700 clips, 37608 frames sampled...
      Processed 4800 clips, 38408 frames sampled...
      Processed 4900 clips, 39208 frames sampled...
      Read 40000/95806 frames (40000 sampled, 4999 clips processed)...
      Processed 5000 clips, 40008 frames sampled...
      Processed 5100 clips, 40808 frames sampled...
      Processed 5200 clips, 41608 frames sampled...
      Processed 5300 clips, 42408 frames sampled...
      Processed 5400 clips, 43208 frames sampled...
      Processed 5500 clips, 44008 frames sampled...
      Processed 5600 clips, 44808 frames sampled...
      Read 45000/95806 frames (45000 sampled, 5624 clips processed)...
      Processed 5700 clips, 45608 frames sampled...
      Processed 5800 clips, 46408 frames sampled...
      Processed 5900 clips, 47208 frames sampled...
      Processed 6000 clips, 48008 frames sampled...
      Processed 6100 clips, 48808 frames sampled...
      Processed 6200 clips, 49608 frames sampled...
      Read 50000/95806 frames (50000 sampled, 6249 clips processed)...
      Processed 6300 clips, 50408 frames sampled...
      Processed 6400 clips, 51208 frames sampled...
      Processed 6500 clips, 52008 frames sampled...
      Processed 6600 clips, 52808 frames sampled...
      Processed 6700 clips, 53608 frames sampled...
      Processed 6800 clips, 54408 frames sampled...
      Read 55000/95806 frames (55000 sampled, 6874 clips processed)...
      Processed 6900 clips, 55208 frames sampled...
      Processed 7000 clips, 56008 frames sampled...
      Processed 7100 clips, 56808 frames sampled...
      Processed 7200 clips, 57608 frames sampled...
      Processed 7300 clips, 58408 frames sampled...
      Processed 7400 clips, 59208 frames sampled...
      Read 60000/95806 frames (60000 sampled, 7499 clips processed)...
      Processed 7500 clips, 60008 frames sampled...
      Processed 7600 clips, 60808 frames sampled...
      Processed 7700 clips, 61608 frames sampled...
      Processed 7800 clips, 62408 frames sampled...
      Processed 7900 clips, 63208 frames sampled...
      Processed 8000 clips, 64008 frames sampled...
      Processed 8100 clips, 64808 frames sampled...
      Read 65000/95806 frames (65000 sampled, 8124 clips processed)...
      Processed 8200 clips, 65608 frames sampled...
      Processed 8300 clips, 66408 frames sampled...
      Processed 8400 clips, 67208 frames sampled...
      Processed 8500 clips, 68008 frames sampled...
      Processed 8600 clips, 68808 frames sampled...
      Processed 8700 clips, 69608 frames sampled...
      Read 70000/95806 frames (70000 sampled, 8749 clips processed)...
      Processed 8800 clips, 70408 frames sampled...
      Processed 8900 clips, 71208 frames sampled...
      Processed 9000 clips, 72008 frames sampled...
      Processed 9100 clips, 72808 frames sampled...
      Processed 9200 clips, 73608 frames sampled...
      Processed 9300 clips, 74408 frames sampled...
      Read 75000/95806 frames (75000 sampled, 9374 clips processed)...
      Processed 9400 clips, 75208 frames sampled...
      Processed 9500 clips, 76008 frames sampled...
      Processed 9600 clips, 76808 frames sampled...
      Processed 9700 clips, 77608 frames sampled...
      Processed 9800 clips, 78408 frames sampled...
      Processed 9900 clips, 79208 frames sampled...
      Read 80000/95806 frames (80000 sampled, 9999 clips processed)...
      Processed 10000 clips, 80008 frames sampled...
      Processed 10100 clips, 80808 frames sampled...
      Processed 10200 clips, 81608 frames sampled...
      Processed 10300 clips, 82408 frames sampled...
      Processed 10400 clips, 83208 frames sampled...
      Processed 10500 clips, 84008 frames sampled...
      Processed 10600 clips, 84808 frames sampled...
      Read 85000/95806 frames (85000 sampled, 10624 clips processed)...
      Processed 10700 clips, 85608 frames sampled...
      Processed 10800 clips, 86408 frames sampled...
      Processed 10900 clips, 87208 frames sampled...
      Processed 11000 clips, 88008 frames sampled...
      Processed 11100 clips, 88808 frames sampled...
      Processed 11200 clips, 89608 frames sampled...
      Read 90000/95806 frames (90000 sampled, 11249 clips processed)...
      Processed 11300 clips, 90408 frames sampled...
      Processed 11400 clips, 91208 frames sampled...
      Processed 11500 clips, 92008 frames sampled...
      Processed 11600 clips, 92808 frames sampled...
      Processed 11700 clips, 93608 frames sampled...
      Processed 11800 clips, 94408 frames sampled...
      Read 95000/95806 frames (95000 sampled, 11874 clips processed)...
      Processed 11900 clips, 95208 frames sampled...
      Total frames read: 95776
      Total frames sampled: 95776
      Total clips processed: 11971
      Feature extraction complete!
      Final features shape: (95776, 1024)
[ID13]   Features extracted: (95776, 1024)
[ID13] Step 2/4: Converting to binary labels and removing unwanted classes...
[ID13]   Video duration: 3832.24 seconds
      CSV columns: ['start_time', 'end_time', 'licking', 'shaking']
      CSV shape: (3840, 4)
      Total rows in CSV: 3840
      Rows kept after removing shaking: 3821
[ID13]   Original frames: 95776
[ID13]   After removing shaking/licking_shaking: 3821
[ID13] Step 3/4: Balancing classes...
      Before balancing:
        Background: 3141 frames
        Licking: 680 frames
        Ratio: 4.62:1
      After balancing:
        Background: 680 frames
        Licking: 680 frames
        Total: 1360 frames
        Ratio: 1:1
[ID13] Step 4/4: Saving processed data...
[ID13]   Saved features: /data-8tb/nvaci/dataset/dataset_Stanford/FACT_method/preprocessed_data_2class/features/ID13.npy
[ID13]     Shape: (1360, 1024)
[ID13]     Size: 5.31 MB
[ID13]   Final label distribution:
[ID13]     - background: 680 frames (50.0%)
[ID13]     - licking: 680 frames (50.0%)
[ID13]   Saved labels: /data-8tb/nvaci/dataset/dataset_Stanford/FACT_method/preprocessed_data_2class/groundTruth/ID13.txt
[ID13] SUCCESS - Video processed successfully

================================================================================
Processing video 14/32: ID14
================================================================================
[ID14] Found label file: 25-021_ID14.csv
[ID14] Step 1/4: Extracting features...
      Opening video file...
      Original video FPS: 25.00
      Original total frames: 95201
      Sample rate: 1 every 1 frames
      Using STREAMING mode - processing clips on-the-fly
      Clip length: 16 frames
      ✓ First clip on device: cuda:0
      Processed 100 clips, 808 frames sampled...
      Processed 200 clips, 1608 frames sampled...
      Processed 300 clips, 2408 frames sampled...
      Processed 400 clips, 3208 frames sampled...
      Processed 500 clips, 4008 frames sampled...
      Processed 600 clips, 4808 frames sampled...
      Read 5000/95201 frames (5000 sampled, 624 clips processed)...
      Processed 700 clips, 5608 frames sampled...
      Processed 800 clips, 6408 frames sampled...
      Processed 900 clips, 7208 frames sampled...
      Processed 1000 clips, 8008 frames sampled...
      Processed 1100 clips, 8808 frames sampled...
      Processed 1200 clips, 9608 frames sampled...
      Read 10000/95201 frames (10000 sampled, 1249 clips processed)...
      Processed 1300 clips, 10408 frames sampled...
      Processed 1400 clips, 11208 frames sampled...
      Processed 1500 clips, 12008 frames sampled...
      Processed 1600 clips, 12808 frames sampled...
      Processed 1700 clips, 13608 frames sampled...
      Processed 1800 clips, 14408 frames sampled...
      Read 15000/95201 frames (15000 sampled, 1874 clips processed)...
      Processed 1900 clips, 15208 frames sampled...
      Processed 2000 clips, 16008 frames sampled...
      Processed 2100 clips, 16808 frames sampled...
      Processed 2200 clips, 17608 frames sampled...
      Processed 2300 clips, 18408 frames sampled...
      Processed 2400 clips, 19208 frames sampled...
      Read 20000/95201 frames (20000 sampled, 2499 clips processed)...
      Processed 2500 clips, 20008 frames sampled...
      Processed 2600 clips, 20808 frames sampled...
      Processed 2700 clips, 21608 frames sampled...
      Processed 2800 clips, 22408 frames sampled...
      Processed 2900 clips, 23208 frames sampled...
      Processed 3000 clips, 24008 frames sampled...
      Processed 3100 clips, 24808 frames sampled...
      Read 25000/95201 frames (25000 sampled, 3124 clips processed)...
      Processed 3200 clips, 25608 frames sampled...
      Processed 3300 clips, 26408 frames sampled...
      Processed 3400 clips, 27208 frames sampled...
      Processed 3500 clips, 28008 frames sampled...
      Processed 3600 clips, 28808 frames sampled...
      Processed 3700 clips, 29608 frames sampled...
      Read 30000/95201 frames (30000 sampled, 3749 clips processed)...
      Processed 3800 clips, 30408 frames sampled...
      Processed 3900 clips, 31208 frames sampled...
      Processed 4000 clips, 32008 frames sampled...
      Processed 4100 clips, 32808 frames sampled...
      Processed 4200 clips, 33608 frames sampled...
      Processed 4300 clips, 34408 frames sampled...
      Read 35000/95201 frames (35000 sampled, 4374 clips processed)...
      Processed 4400 clips, 35208 frames sampled...
      Processed 4500 clips, 36008 frames sampled...
      Processed 4600 clips, 36808 frames sampled...
      Processed 4700 clips, 37608 frames sampled...
      Processed 4800 clips, 38408 frames sampled...
      Processed 4900 clips, 39208 frames sampled...
      Read 40000/95201 frames (40000 sampled, 4999 clips processed)...
      Processed 5000 clips, 40008 frames sampled...
      Processed 5100 clips, 40808 frames sampled...
      Processed 5200 clips, 41608 frames sampled...
      Processed 5300 clips, 42408 frames sampled...
      Processed 5400 clips, 43208 frames sampled...
      Processed 5500 clips, 44008 frames sampled...
      Processed 5600 clips, 44808 frames sampled...
      Read 45000/95201 frames (45000 sampled, 5624 clips processed)...
      Processed 5700 clips, 45608 frames sampled...
      Processed 5800 clips, 46408 frames sampled...
      Processed 5900 clips, 47208 frames sampled...
      Processed 6000 clips, 48008 frames sampled...
      Processed 6100 clips, 48808 frames sampled...
      Processed 6200 clips, 49608 frames sampled...
      Read 50000/95201 frames (50000 sampled, 6249 clips processed)...
      Processed 6300 clips, 50408 frames sampled...
      Processed 6400 clips, 51208 frames sampled...
      Processed 6500 clips, 52008 frames sampled...
      Processed 6600 clips, 52808 frames sampled...
      Processed 6700 clips, 53608 frames sampled...
      Processed 6800 clips, 54408 frames sampled...
      Read 55000/95201 frames (55000 sampled, 6874 clips processed)...
      Processed 6900 clips, 55208 frames sampled...
      Processed 7000 clips, 56008 frames sampled...
      Processed 7100 clips, 56808 frames sampled...
      Processed 7200 clips, 57608 frames sampled...
      Processed 7300 clips, 58408 frames sampled...
      Processed 7400 clips, 59208 frames sampled...
      Read 60000/95201 frames (60000 sampled, 7499 clips processed)...
      Processed 7500 clips, 60008 frames sampled...
      Processed 7600 clips, 60808 frames sampled...
      Processed 7700 clips, 61608 frames sampled...
      Processed 7800 clips, 62408 frames sampled...
      Processed 7900 clips, 63208 frames sampled...
      Processed 8000 clips, 64008 frames sampled...
      Processed 8100 clips, 64808 frames sampled...
      Read 65000/95201 frames (65000 sampled, 8124 clips processed)...
      Processed 8200 clips, 65608 frames sampled...
      Processed 8300 clips, 66408 frames sampled...
      Processed 8400 clips, 67208 frames sampled...
      Processed 8500 clips, 68008 frames sampled...
      Processed 8600 clips, 68808 frames sampled...
      Processed 8700 clips, 69608 frames sampled...
      Read 70000/95201 frames (70000 sampled, 8749 clips processed)...
      Processed 8800 clips, 70408 frames sampled...
      Processed 8900 clips, 71208 frames sampled...
      Processed 9000 clips, 72008 frames sampled...
      Processed 9100 clips, 72808 frames sampled...
      Processed 9200 clips, 73608 frames sampled...
      Processed 9300 clips, 74408 frames sampled...
      Read 75000/95201 frames (75000 sampled, 9374 clips processed)...
      Processed 9400 clips, 75208 frames sampled...
      Processed 9500 clips, 76008 frames sampled...
      Processed 9600 clips, 76808 frames sampled...
      Processed 9700 clips, 77608 frames sampled...
      Processed 9800 clips, 78408 frames sampled...
      Processed 9900 clips, 79208 frames sampled...
      Read 80000/95201 frames (80000 sampled, 9999 clips processed)...
      Processed 10000 clips, 80008 frames sampled...
      Processed 10100 clips, 80808 frames sampled...
      Processed 10200 clips, 81608 frames sampled...
      Processed 10300 clips, 82408 frames sampled...
      Processed 10400 clips, 83208 frames sampled...
      Processed 10500 clips, 84008 frames sampled...
      Processed 10600 clips, 84808 frames sampled...
      Read 85000/95201 frames (85000 sampled, 10624 clips processed)...
      Processed 10700 clips, 85608 frames sampled...
      Processed 10800 clips, 86408 frames sampled...
      Processed 10900 clips, 87208 frames sampled...
      Processed 11000 clips, 88008 frames sampled...
      Processed 11100 clips, 88808 frames sampled...
      Processed 11200 clips, 89608 frames sampled...
      Read 90000/95201 frames (90000 sampled, 11249 clips processed)...
      Processed 11300 clips, 90408 frames sampled...
      Processed 11400 clips, 91208 frames sampled...
      Processed 11500 clips, 92008 frames sampled...
      Processed 11600 clips, 92808 frames sampled...
      Processed 11700 clips, 93608 frames sampled...
      Processed 11800 clips, 94408 frames sampled...
      Read 95000/95201 frames (95000 sampled, 11874 clips processed)...
      Total frames read: 95051
      Total frames sampled: 95051
      Total clips processed: 11880
      Feature extraction complete!
      Final features shape: (95051, 1024)
[ID14]   Features extracted: (95051, 1024)
[ID14] Step 2/4: Converting to binary labels and removing unwanted classes...
[ID14]   Video duration: 3808.04 seconds
      CSV columns: ['start_time', 'end_time', 'licking', 'shaking']
      CSV shape: (3840, 4)
      Total rows in CSV: 3840
      Rows kept after removing shaking: 3803
[ID14]   Original frames: 95051
[ID14]   After removing shaking/licking_shaking: 3803
[ID14] Step 3/4: Balancing classes...
      Before balancing:
        Background: 2958 frames
        Licking: 845 frames
        Ratio: 3.50:1
      After balancing:
        Background: 845 frames
        Licking: 845 frames
        Total: 1690 frames
        Ratio: 1:1
[ID14] Step 4/4: Saving processed data...
[ID14]   Saved features: /data-8tb/nvaci/dataset/dataset_Stanford/FACT_method/preprocessed_data_2class/features/ID14.npy
[ID14]     Shape: (1690, 1024)
[ID14]     Size: 6.60 MB
[ID14]   Final label distribution:
[ID14]     - background: 845 frames (50.0%)
[ID14]     - licking: 845 frames (50.0%)
[ID14]   Saved labels: /data-8tb/nvaci/dataset/dataset_Stanford/FACT_method/preprocessed_data_2class/groundTruth/ID14.txt
[ID14] SUCCESS - Video processed successfully

================================================================================
Processing video 15/32: ID15
================================================================================
[ID15] Found label file: 25-021_ID15.csv
[ID15] Step 1/4: Extracting features...
      Opening video file...
      Original video FPS: 25.00
      Original total frames: 101243
      Sample rate: 1 every 1 frames
      Using STREAMING mode - processing clips on-the-fly
      Clip length: 16 frames
      ✓ First clip on device: cuda:0
      Processed 100 clips, 808 frames sampled...
      Processed 200 clips, 1608 frames sampled...
      Processed 300 clips, 2408 frames sampled...
      Processed 400 clips, 3208 frames sampled...
      Processed 500 clips, 4008 frames sampled...
      Processed 600 clips, 4808 frames sampled...
      Read 5000/101243 frames (5000 sampled, 624 clips processed)...
      Processed 700 clips, 5608 frames sampled...
      Processed 800 clips, 6408 frames sampled...
      Processed 900 clips, 7208 frames sampled...
      Processed 1000 clips, 8008 frames sampled...
      Processed 1100 clips, 8808 frames sampled...
      Processed 1200 clips, 9608 frames sampled...
      Read 10000/101243 frames (10000 sampled, 1249 clips processed)...
      Processed 1300 clips, 10408 frames sampled...
      Processed 1400 clips, 11208 frames sampled...
      Processed 1500 clips, 12008 frames sampled...
      Processed 1600 clips, 12808 frames sampled...
      Processed 1700 clips, 13608 frames sampled...
      Processed 1800 clips, 14408 frames sampled...
      Read 15000/101243 frames (15000 sampled, 1874 clips processed)...
      Processed 1900 clips, 15208 frames sampled...
      Processed 2000 clips, 16008 frames sampled...
      Processed 2100 clips, 16808 frames sampled...
      Processed 2200 clips, 17608 frames sampled...
      Processed 2300 clips, 18408 frames sampled...
      Processed 2400 clips, 19208 frames sampled...
      Read 20000/101243 frames (20000 sampled, 2499 clips processed)...
      Processed 2500 clips, 20008 frames sampled...
      Processed 2600 clips, 20808 frames sampled...
      Processed 2700 clips, 21608 frames sampled...
      Processed 2800 clips, 22408 frames sampled...
      Processed 2900 clips, 23208 frames sampled...
      Processed 3000 clips, 24008 frames sampled...
      Processed 3100 clips, 24808 frames sampled...
      Read 25000/101243 frames (25000 sampled, 3124 clips processed)...
      Processed 3200 clips, 25608 frames sampled...
      Processed 3300 clips, 26408 frames sampled...
      Processed 3400 clips, 27208 frames sampled...
      Processed 3500 clips, 28008 frames sampled...
      Processed 3600 clips, 28808 frames sampled...
      Processed 3700 clips, 29608 frames sampled...
      Read 30000/101243 frames (30000 sampled, 3749 clips processed)...
      Processed 3800 clips, 30408 frames sampled...
      Processed 3900 clips, 31208 frames sampled...
      Processed 4000 clips, 32008 frames sampled...
      Processed 4100 clips, 32808 frames sampled...
      Processed 4200 clips, 33608 frames sampled...
      Processed 4300 clips, 34408 frames sampled...
      Read 35000/101243 frames (35000 sampled, 4374 clips processed)...
      Processed 4400 clips, 35208 frames sampled...
      Processed 4500 clips, 36008 frames sampled...
      Processed 4600 clips, 36808 frames sampled...
      Processed 4700 clips, 37608 frames sampled...
      Processed 4800 clips, 38408 frames sampled...
      Processed 4900 clips, 39208 frames sampled...
      Read 40000/101243 frames (40000 sampled, 4999 clips processed)...
      Processed 5000 clips, 40008 frames sampled...
      Processed 5100 clips, 40808 frames sampled...
      Processed 5200 clips, 41608 frames sampled...
      Processed 5300 clips, 42408 frames sampled...
      Processed 5400 clips, 43208 frames sampled...
      Processed 5500 clips, 44008 frames sampled...
      Processed 5600 clips, 44808 frames sampled...
      Read 45000/101243 frames (45000 sampled, 5624 clips processed)...
      Processed 5700 clips, 45608 frames sampled...
      Processed 5800 clips, 46408 frames sampled...
      Processed 5900 clips, 47208 frames sampled...
      Processed 6000 clips, 48008 frames sampled...
      Processed 6100 clips, 48808 frames sampled...
      Processed 6200 clips, 49608 frames sampled...
      Read 50000/101243 frames (50000 sampled, 6249 clips processed)...
      Processed 6300 clips, 50408 frames sampled...
      Processed 6400 clips, 51208 frames sampled...
      Processed 6500 clips, 52008 frames sampled...
      Processed 6600 clips, 52808 frames sampled...
      Processed 6700 clips, 53608 frames sampled...
      Processed 6800 clips, 54408 frames sampled...
      Read 55000/101243 frames (55000 sampled, 6874 clips processed)...
      Processed 6900 clips, 55208 frames sampled...
      Processed 7000 clips, 56008 frames sampled...
      Processed 7100 clips, 56808 frames sampled...
      Processed 7200 clips, 57608 frames sampled...
      Processed 7300 clips, 58408 frames sampled...
      Processed 7400 clips, 59208 frames sampled...
      Read 60000/101243 frames (60000 sampled, 7499 clips processed)...
      Processed 7500 clips, 60008 frames sampled...
      Processed 7600 clips, 60808 frames sampled...
      Processed 7700 clips, 61608 frames sampled...
      Processed 7800 clips, 62408 frames sampled...
      Processed 7900 clips, 63208 frames sampled...
      Processed 8000 clips, 64008 frames sampled...
      Processed 8100 clips, 64808 frames sampled...
      Read 65000/101243 frames (65000 sampled, 8124 clips processed)...
      Processed 8200 clips, 65608 frames sampled...
      Processed 8300 clips, 66408 frames sampled...
      Processed 8400 clips, 67208 frames sampled...
      Processed 8500 clips, 68008 frames sampled...
      Processed 8600 clips, 68808 frames sampled...
      Processed 8700 clips, 69608 frames sampled...
      Read 70000/101243 frames (70000 sampled, 8749 clips processed)...
      Processed 8800 clips, 70408 frames sampled...
      Processed 8900 clips, 71208 frames sampled...
      Processed 9000 clips, 72008 frames sampled...
      Processed 9100 clips, 72808 frames sampled...
      Processed 9200 clips, 73608 frames sampled...
      Processed 9300 clips, 74408 frames sampled...
      Read 75000/101243 frames (75000 sampled, 9374 clips processed)...
      Processed 9400 clips, 75208 frames sampled...
      Processed 9500 clips, 76008 frames sampled...
      Processed 9600 clips, 76808 frames sampled...
      Processed 9700 clips, 77608 frames sampled...
      Processed 9800 clips, 78408 frames sampled...
      Processed 9900 clips, 79208 frames sampled...
      Read 80000/101243 frames (80000 sampled, 9999 clips processed)...
      Processed 10000 clips, 80008 frames sampled...
      Processed 10100 clips, 80808 frames sampled...
      Processed 10200 clips, 81608 frames sampled...
      Processed 10300 clips, 82408 frames sampled...
      Processed 10400 clips, 83208 frames sampled...
      Processed 10500 clips, 84008 frames sampled...
      Processed 10600 clips, 84808 frames sampled...
      Read 85000/101243 frames (85000 sampled, 10624 clips processed)...
      Processed 10700 clips, 85608 frames sampled...
      Processed 10800 clips, 86408 frames sampled...
      Processed 10900 clips, 87208 frames sampled...
      Processed 11000 clips, 88008 frames sampled...
      Processed 11100 clips, 88808 frames sampled...
      Processed 11200 clips, 89608 frames sampled...
      Read 90000/101243 frames (90000 sampled, 11249 clips processed)...
      Processed 11300 clips, 90408 frames sampled...
      Processed 11400 clips, 91208 frames sampled...
      Processed 11500 clips, 92008 frames sampled...
      Processed 11600 clips, 92808 frames sampled...
      Processed 11700 clips, 93608 frames sampled...
      Processed 11800 clips, 94408 frames sampled...
      Read 95000/101243 frames (95000 sampled, 11874 clips processed)...
      Processed 11900 clips, 95208 frames sampled...
      Processed 12000 clips, 96008 frames sampled...
      Processed 12100 clips, 96808 frames sampled...
      Processed 12200 clips, 97608 frames sampled...
      Processed 12300 clips, 98408 frames sampled...
      Processed 12400 clips, 99208 frames sampled...
      Read 100000/101243 frames (100000 sampled, 12499 clips processed)...
      Processed 12500 clips, 100008 frames sampled...
      Processed 12600 clips, 100808 frames sampled...
      Total frames read: 101118
      Total frames sampled: 101118
      Total clips processed: 12638
      Feature extraction complete!
      Final features shape: (101118, 1024)
[ID15]   Features extracted: (101118, 1024)
[ID15] Step 2/4: Converting to binary labels and removing unwanted classes...
[ID15]   Video duration: 4049.72 seconds
      CSV columns: ['start_time', 'end_time', 'licking', 'shaking']
      CSV shape: (3840, 4)
      Total rows in CSV: 3840
      Rows kept after removing shaking: 3803
[ID15]   Original frames: 101118
[ID15]   After removing shaking/licking_shaking: 3803
[ID15] Step 3/4: Balancing classes...
      Before balancing:
        Background: 3517 frames
        Licking: 286 frames
        Ratio: 12.30:1
      After balancing:
        Background: 286 frames
        Licking: 286 frames
        Total: 572 frames
        Ratio: 1:1
[ID15] Step 4/4: Saving processed data...
[ID15]   Saved features: /data-8tb/nvaci/dataset/dataset_Stanford/FACT_method/preprocessed_data_2class/features/ID15.npy
[ID15]     Shape: (572, 1024)
[ID15]     Size: 2.23 MB
[ID15]   Final label distribution:
[ID15]     - background: 286 frames (50.0%)
[ID15]     - licking: 286 frames (50.0%)
[ID15]   Saved labels: /data-8tb/nvaci/dataset/dataset_Stanford/FACT_method/preprocessed_data_2class/groundTruth/ID15.txt
[ID15] SUCCESS - Video processed successfully

================================================================================
Processing video 16/32: ID16
================================================================================
[ID16] Found label file: 25-021_ID16.csv
[ID16] Step 1/4: Extracting features...
      Opening video file...
      Original video FPS: 25.00
      Original total frames: 99265
      Sample rate: 1 every 1 frames
      Using STREAMING mode - processing clips on-the-fly
      Clip length: 16 frames
      ✓ First clip on device: cuda:0
      Processed 100 clips, 808 frames sampled...
      Processed 200 clips, 1608 frames sampled...
      Processed 300 clips, 2408 frames sampled...
      Processed 400 clips, 3208 frames sampled...
      Processed 500 clips, 4008 frames sampled...
      Processed 600 clips, 4808 frames sampled...
      Read 5000/99265 frames (5000 sampled, 624 clips processed)...
      Processed 700 clips, 5608 frames sampled...
      Processed 800 clips, 6408 frames sampled...
      Processed 900 clips, 7208 frames sampled...
      Processed 1000 clips, 8008 frames sampled...
      Processed 1100 clips, 8808 frames sampled...
      Processed 1200 clips, 9608 frames sampled...
      Read 10000/99265 frames (10000 sampled, 1249 clips processed)...
      Processed 1300 clips, 10408 frames sampled...
      Processed 1400 clips, 11208 frames sampled...
      Processed 1500 clips, 12008 frames sampled...
      Processed 1600 clips, 12808 frames sampled...
      Processed 1700 clips, 13608 frames sampled...
      Processed 1800 clips, 14408 frames sampled...
      Read 15000/99265 frames (15000 sampled, 1874 clips processed)...
      Processed 1900 clips, 15208 frames sampled...
      Processed 2000 clips, 16008 frames sampled...
      Processed 2100 clips, 16808 frames sampled...
      Processed 2200 clips, 17608 frames sampled...
      Processed 2300 clips, 18408 frames sampled...
      Processed 2400 clips, 19208 frames sampled...
      Read 20000/99265 frames (20000 sampled, 2499 clips processed)...
      Processed 2500 clips, 20008 frames sampled...
      Processed 2600 clips, 20808 frames sampled...
      Processed 2700 clips, 21608 frames sampled...
      Processed 2800 clips, 22408 frames sampled...
      Processed 2900 clips, 23208 frames sampled...
      Processed 3000 clips, 24008 frames sampled...
      Processed 3100 clips, 24808 frames sampled...
      Read 25000/99265 frames (25000 sampled, 3124 clips processed)...
      Processed 3200 clips, 25608 frames sampled...
      Processed 3300 clips, 26408 frames sampled...
      Processed 3400 clips, 27208 frames sampled...
      Processed 3500 clips, 28008 frames sampled...
      Processed 3600 clips, 28808 frames sampled...
      Processed 3700 clips, 29608 frames sampled...
      Read 30000/99265 frames (30000 sampled, 3749 clips processed)...
      Processed 3800 clips, 30408 frames sampled...
      Processed 3900 clips, 31208 frames sampled...
      Processed 4000 clips, 32008 frames sampled...
      Processed 4100 clips, 32808 frames sampled...
      Processed 4200 clips, 33608 frames sampled...
      Processed 4300 clips, 34408 frames sampled...
      Read 35000/99265 frames (35000 sampled, 4374 clips processed)...
      Processed 4400 clips, 35208 frames sampled...
      Processed 4500 clips, 36008 frames sampled...
      Processed 4600 clips, 36808 frames sampled...
      Processed 4700 clips, 37608 frames sampled...
      Processed 4800 clips, 38408 frames sampled...
      Processed 4900 clips, 39208 frames sampled...
      Read 40000/99265 frames (40000 sampled, 4999 clips processed)...
      Processed 5000 clips, 40008 frames sampled...
      Processed 5100 clips, 40808 frames sampled...
      Processed 5200 clips, 41608 frames sampled...
      Processed 5300 clips, 42408 frames sampled...
      Processed 5400 clips, 43208 frames sampled...
      Processed 5500 clips, 44008 frames sampled...
      Processed 5600 clips, 44808 frames sampled...
      Read 45000/99265 frames (45000 sampled, 5624 clips processed)...
      Processed 5700 clips, 45608 frames sampled...
      Processed 5800 clips, 46408 frames sampled...
      Processed 5900 clips, 47208 frames sampled...
      Processed 6000 clips, 48008 frames sampled...
      Processed 6100 clips, 48808 frames sampled...
      Processed 6200 clips, 49608 frames sampled...
      Read 50000/99265 frames (50000 sampled, 6249 clips processed)...
      Processed 6300 clips, 50408 frames sampled...
      Processed 6400 clips, 51208 frames sampled...
      Processed 6500 clips, 52008 frames sampled...
      Processed 6600 clips, 52808 frames sampled...
      Processed 6700 clips, 53608 frames sampled...
      Processed 6800 clips, 54408 frames sampled...
      Read 55000/99265 frames (55000 sampled, 6874 clips processed)...
      Processed 6900 clips, 55208 frames sampled...
      Processed 7000 clips, 56008 frames sampled...
      Processed 7100 clips, 56808 frames sampled...
      Processed 7200 clips, 57608 frames sampled...
      Processed 7300 clips, 58408 frames sampled...
      Processed 7400 clips, 59208 frames sampled...
      Read 60000/99265 frames (60000 sampled, 7499 clips processed)...
      Processed 7500 clips, 60008 frames sampled...
      Processed 7600 clips, 60808 frames sampled...
      Processed 7700 clips, 61608 frames sampled...
      Processed 7800 clips, 62408 frames sampled...
      Processed 7900 clips, 63208 frames sampled...
      Processed 8000 clips, 64008 frames sampled...
      Processed 8100 clips, 64808 frames sampled...
      Read 65000/99265 frames (65000 sampled, 8124 clips processed)...
      Processed 8200 clips, 65608 frames sampled...
      Processed 8300 clips, 66408 frames sampled...
      Processed 8400 clips, 67208 frames sampled...
      Processed 8500 clips, 68008 frames sampled...
      Processed 8600 clips, 68808 frames sampled...
      Processed 8700 clips, 69608 frames sampled...
      Read 70000/99265 frames (70000 sampled, 8749 clips processed)...
      Processed 8800 clips, 70408 frames sampled...
      Processed 8900 clips, 71208 frames sampled...
      Processed 9000 clips, 72008 frames sampled...
      Processed 9100 clips, 72808 frames sampled...
      Processed 9200 clips, 73608 frames sampled...
      Processed 9300 clips, 74408 frames sampled...
      Read 75000/99265 frames (75000 sampled, 9374 clips processed)...
      Processed 9400 clips, 75208 frames sampled...
      Processed 9500 clips, 76008 frames sampled...
      Processed 9600 clips, 76808 frames sampled...
      Processed 9700 clips, 77608 frames sampled...
      Processed 9800 clips, 78408 frames sampled...
      Processed 9900 clips, 79208 frames sampled...
      Read 80000/99265 frames (80000 sampled, 9999 clips processed)...
      Processed 10000 clips, 80008 frames sampled...
      Processed 10100 clips, 80808 frames sampled...
      Processed 10200 clips, 81608 frames sampled...
      Processed 10300 clips, 82408 frames sampled...
      Processed 10400 clips, 83208 frames sampled...
      Processed 10500 clips, 84008 frames sampled...
      Processed 10600 clips, 84808 frames sampled...
      Read 85000/99265 frames (85000 sampled, 10624 clips processed)...
      Processed 10700 clips, 85608 frames sampled...
      Processed 10800 clips, 86408 frames sampled...
      Processed 10900 clips, 87208 frames sampled...
      Processed 11000 clips, 88008 frames sampled...
      Processed 11100 clips, 88808 frames sampled...
      Processed 11200 clips, 89608 frames sampled...
      Read 90000/99265 frames (90000 sampled, 11249 clips processed)...
      Processed 11300 clips, 90408 frames sampled...
      Processed 11400 clips, 91208 frames sampled...
      Processed 11500 clips, 92008 frames sampled...
      Processed 11600 clips, 92808 frames sampled...
      Processed 11700 clips, 93608 frames sampled...
      Processed 11800 clips, 94408 frames sampled...
      Read 95000/99265 frames (95000 sampled, 11874 clips processed)...
      Processed 11900 clips, 95208 frames sampled...
      Processed 12000 clips, 96008 frames sampled...
      Processed 12100 clips, 96808 frames sampled...
      Processed 12200 clips, 97608 frames sampled...
      Processed 12300 clips, 98408 frames sampled...
      Processed 12400 clips, 99208 frames sampled...
      Total frames read: 99218
      Total frames sampled: 99218
      Total clips processed: 12401
      Feature extraction complete!
      Final features shape: (99218, 1024)
[ID16]   Features extracted: (99218, 1024)
[ID16] Step 2/4: Converting to binary labels and removing unwanted classes...
[ID16]   Video duration: 3970.60 seconds
      CSV columns: ['start_time', 'end_time', 'licking', 'shaking']
      CSV shape: (3840, 4)
      Total rows in CSV: 3840
      Rows kept after removing shaking: 3831
[ID16]   Original frames: 99218
[ID16]   After removing shaking/licking_shaking: 3831
[ID16] Step 3/4: Balancing classes...
      Before balancing:
        Background: 2996 frames
        Licking: 835 frames
        Ratio: 3.59:1
      After balancing:
        Background: 835 frames
        Licking: 835 frames
        Total: 1670 frames
        Ratio: 1:1
[ID16] Step 4/4: Saving processed data...
[ID16]   Saved features: /data-8tb/nvaci/dataset/dataset_Stanford/FACT_method/preprocessed_data_2class/features/ID16.npy
[ID16]     Shape: (1670, 1024)
[ID16]     Size: 6.52 MB
[ID16]   Final label distribution:
[ID16]     - background: 835 frames (50.0%)
[ID16]     - licking: 835 frames (50.0%)
[ID16]   Saved labels: /data-8tb/nvaci/dataset/dataset_Stanford/FACT_method/preprocessed_data_2class/groundTruth/ID16.txt
[ID16] SUCCESS - Video processed successfully

================================================================================
Processing video 17/32: ID17
================================================================================
[ID17] Found label file: 25-021_ID17.csv
[ID17] Step 1/4: Extracting features...
      Opening video file...
      Original video FPS: 25.00
      Original total frames: 97768
      Sample rate: 1 every 1 frames
      Using STREAMING mode - processing clips on-the-fly
      Clip length: 16 frames
      ✓ First clip on device: cuda:0
      Processed 100 clips, 808 frames sampled...
      Processed 200 clips, 1608 frames sampled...
      Processed 300 clips, 2408 frames sampled...
      Processed 400 clips, 3208 frames sampled...
      Processed 500 clips, 4008 frames sampled...
      Processed 600 clips, 4808 frames sampled...
      Read 5000/97768 frames (5000 sampled, 624 clips processed)...
      Processed 700 clips, 5608 frames sampled...
      Processed 800 clips, 6408 frames sampled...
      Processed 900 clips, 7208 frames sampled...
      Processed 1000 clips, 8008 frames sampled...
      Processed 1100 clips, 8808 frames sampled...
      Processed 1200 clips, 9608 frames sampled...
      Read 10000/97768 frames (10000 sampled, 1249 clips processed)...
      Processed 1300 clips, 10408 frames sampled...
      Processed 1400 clips, 11208 frames sampled...
      Processed 1500 clips, 12008 frames sampled...
      Processed 1600 clips, 12808 frames sampled...
      Processed 1700 clips, 13608 frames sampled...
      Processed 1800 clips, 14408 frames sampled...
      Read 15000/97768 frames (15000 sampled, 1874 clips processed)...
      Processed 1900 clips, 15208 frames sampled...
      Processed 2000 clips, 16008 frames sampled...
      Processed 2100 clips, 16808 frames sampled...
      Processed 2200 clips, 17608 frames sampled...
      Processed 2300 clips, 18408 frames sampled...
      Processed 2400 clips, 19208 frames sampled...
      Read 20000/97768 frames (20000 sampled, 2499 clips processed)...
      Processed 2500 clips, 20008 frames sampled...
      Processed 2600 clips, 20808 frames sampled...
      Processed 2700 clips, 21608 frames sampled...
      Processed 2800 clips, 22408 frames sampled...
      Processed 2900 clips, 23208 frames sampled...
      Processed 3000 clips, 24008 frames sampled...
      Processed 3100 clips, 24808 frames sampled...
      Read 25000/97768 frames (25000 sampled, 3124 clips processed)...
      Processed 3200 clips, 25608 frames sampled...
      Processed 3300 clips, 26408 frames sampled...
      Processed 3400 clips, 27208 frames sampled...
      Processed 3500 clips, 28008 frames sampled...
      Processed 3600 clips, 28808 frames sampled...
      Processed 3700 clips, 29608 frames sampled...
      Read 30000/97768 frames (30000 sampled, 3749 clips processed)...
      Processed 3800 clips, 30408 frames sampled...
      Processed 3900 clips, 31208 frames sampled...
      Processed 4000 clips, 32008 frames sampled...
      Processed 4100 clips, 32808 frames sampled...
      Processed 4200 clips, 33608 frames sampled...
      Processed 4300 clips, 34408 frames sampled...
      Read 35000/97768 frames (35000 sampled, 4374 clips processed)...
      Processed 4400 clips, 35208 frames sampled...
      Processed 4500 clips, 36008 frames sampled...
      Processed 4600 clips, 36808 frames sampled...
      Processed 4700 clips, 37608 frames sampled...
      Processed 4800 clips, 38408 frames sampled...
      Processed 4900 clips, 39208 frames sampled...
      Read 40000/97768 frames (40000 sampled, 4999 clips processed)...
      Processed 5000 clips, 40008 frames sampled...
      Processed 5100 clips, 40808 frames sampled...
      Processed 5200 clips, 41608 frames sampled...
      Processed 5300 clips, 42408 frames sampled...
      Processed 5400 clips, 43208 frames sampled...
      Processed 5500 clips, 44008 frames sampled...
      Processed 5600 clips, 44808 frames sampled...
      Read 45000/97768 frames (45000 sampled, 5624 clips processed)...
      Processed 5700 clips, 45608 frames sampled...
      Processed 5800 clips, 46408 frames sampled...
      Processed 5900 clips, 47208 frames sampled...
      Processed 6000 clips, 48008 frames sampled...
      Processed 6100 clips, 48808 frames sampled...
      Processed 6200 clips, 49608 frames sampled...
      Read 50000/97768 frames (50000 sampled, 6249 clips processed)...
      Processed 6300 clips, 50408 frames sampled...
      Processed 6400 clips, 51208 frames sampled...
      Processed 6500 clips, 52008 frames sampled...
      Processed 6600 clips, 52808 frames sampled...
      Processed 6700 clips, 53608 frames sampled...
      Processed 6800 clips, 54408 frames sampled...
      Read 55000/97768 frames (55000 sampled, 6874 clips processed)...
      Processed 6900 clips, 55208 frames sampled...
      Processed 7000 clips, 56008 frames sampled...
      Processed 7100 clips, 56808 frames sampled...
      Processed 7200 clips, 57608 frames sampled...
      Processed 7300 clips, 58408 frames sampled...
      Processed 7400 clips, 59208 frames sampled...
      Read 60000/97768 frames (60000 sampled, 7499 clips processed)...
      Processed 7500 clips, 60008 frames sampled...
      Processed 7600 clips, 60808 frames sampled...
      Processed 7700 clips, 61608 frames sampled...
      Processed 7800 clips, 62408 frames sampled...
      Processed 7900 clips, 63208 frames sampled...
      Processed 8000 clips, 64008 frames sampled...
      Processed 8100 clips, 64808 frames sampled...
      Read 65000/97768 frames (65000 sampled, 8124 clips processed)...
      Processed 8200 clips, 65608 frames sampled...
      Processed 8300 clips, 66408 frames sampled...
      Processed 8400 clips, 67208 frames sampled...
      Processed 8500 clips, 68008 frames sampled...
      Processed 8600 clips, 68808 frames sampled...
      Processed 8700 clips, 69608 frames sampled...
      Read 70000/97768 frames (70000 sampled, 8749 clips processed)...
      Processed 8800 clips, 70408 frames sampled...
      Processed 8900 clips, 71208 frames sampled...
      Processed 9000 clips, 72008 frames sampled...
      Processed 9100 clips, 72808 frames sampled...
      Processed 9200 clips, 73608 frames sampled...
      Processed 9300 clips, 74408 frames sampled...
      Read 75000/97768 frames (75000 sampled, 9374 clips processed)...
      Processed 9400 clips, 75208 frames sampled...
      Processed 9500 clips, 76008 frames sampled...
      Processed 9600 clips, 76808 frames sampled...
      Processed 9700 clips, 77608 frames sampled...
      Processed 9800 clips, 78408 frames sampled...
      Processed 9900 clips, 79208 frames sampled...
      Read 80000/97768 frames (80000 sampled, 9999 clips processed)...
      Processed 10000 clips, 80008 frames sampled...
      Processed 10100 clips, 80808 frames sampled...
      Processed 10200 clips, 81608 frames sampled...
      Processed 10300 clips, 82408 frames sampled...
      Processed 10400 clips, 83208 frames sampled...
      Processed 10500 clips, 84008 frames sampled...
      Processed 10600 clips, 84808 frames sampled...
      Read 85000/97768 frames (85000 sampled, 10624 clips processed)...
      Processed 10700 clips, 85608 frames sampled...
      Processed 10800 clips, 86408 frames sampled...
      Processed 10900 clips, 87208 frames sampled...
      Processed 11000 clips, 88008 frames sampled...
      Processed 11100 clips, 88808 frames sampled...
      Processed 11200 clips, 89608 frames sampled...
      Read 90000/97768 frames (90000 sampled, 11249 clips processed)...
      Processed 11300 clips, 90408 frames sampled...
      Processed 11400 clips, 91208 frames sampled...
      Processed 11500 clips, 92008 frames sampled...
      Processed 11600 clips, 92808 frames sampled...
      Processed 11700 clips, 93608 frames sampled...
      Processed 11800 clips, 94408 frames sampled...
      Read 95000/97768 frames (95000 sampled, 11874 clips processed)...
      Processed 11900 clips, 95208 frames sampled...
      Processed 12000 clips, 96008 frames sampled...
      Processed 12100 clips, 96808 frames sampled...
      Processed 12200 clips, 97608 frames sampled...
      Total frames read: 97743
      Total frames sampled: 97743
      Total clips processed: 12216
      Feature extraction complete!
      Final features shape: (97743, 1024)
[ID17]   Features extracted: (97743, 1024)
[ID17] Step 2/4: Converting to binary labels and removing unwanted classes...
[ID17]   Video duration: 3910.72 seconds
      CSV columns: ['start_time', 'end_time', 'licking', 'shaking']
      CSV shape: (3840, 4)
      Total rows in CSV: 3840
      Rows kept after removing shaking: 3822
[ID17]   Original frames: 97743
[ID17]   After removing shaking/licking_shaking: 3822
[ID17] Step 3/4: Balancing classes...
      Before balancing:
        Background: 3150 frames
        Licking: 672 frames
        Ratio: 4.69:1
      After balancing:
        Background: 672 frames
        Licking: 672 frames
        Total: 1344 frames
        Ratio: 1:1
[ID17] Step 4/4: Saving processed data...
[ID17]   Saved features: /data-8tb/nvaci/dataset/dataset_Stanford/FACT_method/preprocessed_data_2class/features/ID17.npy
[ID17]     Shape: (1344, 1024)
[ID17]     Size: 5.25 MB
[ID17]   Final label distribution:
[ID17]     - background: 672 frames (50.0%)
[ID17]     - licking: 672 frames (50.0%)
[ID17]   Saved labels: /data-8tb/nvaci/dataset/dataset_Stanford/FACT_method/preprocessed_data_2class/groundTruth/ID17.txt
[ID17] SUCCESS - Video processed successfully

================================================================================
Processing video 18/32: ID18
================================================================================
[ID18] Found label file: 25-021_ID18.csv
[ID18] Step 1/4: Extracting features...
      Opening video file...
      Original video FPS: 25.00
      Original total frames: 97017
      Sample rate: 1 every 1 frames
      Using STREAMING mode - processing clips on-the-fly
      Clip length: 16 frames
      ✓ First clip on device: cuda:0
      Processed 100 clips, 808 frames sampled...
      Processed 200 clips, 1608 frames sampled...
      Processed 300 clips, 2408 frames sampled...
      Processed 400 clips, 3208 frames sampled...
      Processed 500 clips, 4008 frames sampled...
      Processed 600 clips, 4808 frames sampled...
      Read 5000/97017 frames (5000 sampled, 624 clips processed)...
      Processed 700 clips, 5608 frames sampled...
      Processed 800 clips, 6408 frames sampled...
      Processed 900 clips, 7208 frames sampled...
      Processed 1000 clips, 8008 frames sampled...
      Processed 1100 clips, 8808 frames sampled...
      Processed 1200 clips, 9608 frames sampled...
      Read 10000/97017 frames (10000 sampled, 1249 clips processed)...
      Processed 1300 clips, 10408 frames sampled...
      Processed 1400 clips, 11208 frames sampled...
      Processed 1500 clips, 12008 frames sampled...
      Processed 1600 clips, 12808 frames sampled...
      Processed 1700 clips, 13608 frames sampled...
      Processed 1800 clips, 14408 frames sampled...
      Read 15000/97017 frames (15000 sampled, 1874 clips processed)...
      Processed 1900 clips, 15208 frames sampled...
      Processed 2000 clips, 16008 frames sampled...
      Processed 2100 clips, 16808 frames sampled...
      Processed 2200 clips, 17608 frames sampled...
      Processed 2300 clips, 18408 frames sampled...
      Processed 2400 clips, 19208 frames sampled...
      Read 20000/97017 frames (20000 sampled, 2499 clips processed)...
      Processed 2500 clips, 20008 frames sampled...
      Processed 2600 clips, 20808 frames sampled...
      Processed 2700 clips, 21608 frames sampled...
      Processed 2800 clips, 22408 frames sampled...
      Processed 2900 clips, 23208 frames sampled...
      Processed 3000 clips, 24008 frames sampled...
      Processed 3100 clips, 24808 frames sampled...
      Read 25000/97017 frames (25000 sampled, 3124 clips processed)...
      Processed 3200 clips, 25608 frames sampled...
      Processed 3300 clips, 26408 frames sampled...
      Processed 3400 clips, 27208 frames sampled...
      Processed 3500 clips, 28008 frames sampled...
      Processed 3600 clips, 28808 frames sampled...
      Processed 3700 clips, 29608 frames sampled...
      Read 30000/97017 frames (30000 sampled, 3749 clips processed)...
      Processed 3800 clips, 30408 frames sampled...
      Processed 3900 clips, 31208 frames sampled...
      Processed 4000 clips, 32008 frames sampled...
      Processed 4100 clips, 32808 frames sampled...
      Processed 4200 clips, 33608 frames sampled...
      Processed 4300 clips, 34408 frames sampled...
      Read 35000/97017 frames (35000 sampled, 4374 clips processed)...
      Processed 4400 clips, 35208 frames sampled...
      Processed 4500 clips, 36008 frames sampled...
      Processed 4600 clips, 36808 frames sampled...
      Processed 4700 clips, 37608 frames sampled...
      Processed 4800 clips, 38408 frames sampled...
      Processed 4900 clips, 39208 frames sampled...
      Read 40000/97017 frames (40000 sampled, 4999 clips processed)...
      Processed 5000 clips, 40008 frames sampled...
      Processed 5100 clips, 40808 frames sampled...
      Processed 5200 clips, 41608 frames sampled...
      Processed 5300 clips, 42408 frames sampled...
      Processed 5400 clips, 43208 frames sampled...
      Processed 5500 clips, 44008 frames sampled...
      Processed 5600 clips, 44808 frames sampled...
      Read 45000/97017 frames (45000 sampled, 5624 clips processed)...
      Processed 5700 clips, 45608 frames sampled...
      Processed 5800 clips, 46408 frames sampled...
      Processed 5900 clips, 47208 frames sampled...
      Processed 6000 clips, 48008 frames sampled...
      Processed 6100 clips, 48808 frames sampled...
      Processed 6200 clips, 49608 frames sampled...
      Read 50000/97017 frames (50000 sampled, 6249 clips processed)...
      Processed 6300 clips, 50408 frames sampled...
      Processed 6400 clips, 51208 frames sampled...
      Processed 6500 clips, 52008 frames sampled...
      Processed 6600 clips, 52808 frames sampled...
      Processed 6700 clips, 53608 frames sampled...
      Processed 6800 clips, 54408 frames sampled...
      Read 55000/97017 frames (55000 sampled, 6874 clips processed)...
      Processed 6900 clips, 55208 frames sampled...
      Processed 7000 clips, 56008 frames sampled...
      Processed 7100 clips, 56808 frames sampled...
      Processed 7200 clips, 57608 frames sampled...
      Processed 7300 clips, 58408 frames sampled...
      Processed 7400 clips, 59208 frames sampled...
      Read 60000/97017 frames (60000 sampled, 7499 clips processed)...
      Processed 7500 clips, 60008 frames sampled...
      Processed 7600 clips, 60808 frames sampled...
      Processed 7700 clips, 61608 frames sampled...
      Processed 7800 clips, 62408 frames sampled...
      Processed 7900 clips, 63208 frames sampled...
      Processed 8000 clips, 64008 frames sampled...
      Processed 8100 clips, 64808 frames sampled...
      Read 65000/97017 frames (65000 sampled, 8124 clips processed)...
      Processed 8200 clips, 65608 frames sampled...
      Processed 8300 clips, 66408 frames sampled...
      Processed 8400 clips, 67208 frames sampled...
      Processed 8500 clips, 68008 frames sampled...
      Processed 8600 clips, 68808 frames sampled...
      Processed 8700 clips, 69608 frames sampled...
      Read 70000/97017 frames (70000 sampled, 8749 clips processed)...
      Processed 8800 clips, 70408 frames sampled...
      Processed 8900 clips, 71208 frames sampled...
      Processed 9000 clips, 72008 frames sampled...
      Processed 9100 clips, 72808 frames sampled...
      Processed 9200 clips, 73608 frames sampled...
      Processed 9300 clips, 74408 frames sampled...
      Read 75000/97017 frames (75000 sampled, 9374 clips processed)...
      Processed 9400 clips, 75208 frames sampled...
      Processed 9500 clips, 76008 frames sampled...
      Processed 9600 clips, 76808 frames sampled...
      Processed 9700 clips, 77608 frames sampled...
      Processed 9800 clips, 78408 frames sampled...
      Processed 9900 clips, 79208 frames sampled...
      Read 80000/97017 frames (80000 sampled, 9999 clips processed)...
      Processed 10000 clips, 80008 frames sampled...
      Processed 10100 clips, 80808 frames sampled...
      Processed 10200 clips, 81608 frames sampled...
      Processed 10300 clips, 82408 frames sampled...
      Processed 10400 clips, 83208 frames sampled...
      Processed 10500 clips, 84008 frames sampled...
      Processed 10600 clips, 84808 frames sampled...
      Read 85000/97017 frames (85000 sampled, 10624 clips processed)...
      Processed 10700 clips, 85608 frames sampled...
      Processed 10800 clips, 86408 frames sampled...
      Processed 10900 clips, 87208 frames sampled...
      Processed 11000 clips, 88008 frames sampled...
      Processed 11100 clips, 88808 frames sampled...
      Processed 11200 clips, 89608 frames sampled...
      Read 90000/97017 frames (90000 sampled, 11249 clips processed)...
      Processed 11300 clips, 90408 frames sampled...
      Processed 11400 clips, 91208 frames sampled...
      Processed 11500 clips, 92008 frames sampled...
      Processed 11600 clips, 92808 frames sampled...
      Processed 11700 clips, 93608 frames sampled...
      Processed 11800 clips, 94408 frames sampled...
      Read 95000/97017 frames (95000 sampled, 11874 clips processed)...
      Processed 11900 clips, 95208 frames sampled...
      Processed 12000 clips, 96008 frames sampled...
      Total frames read: 96793
      Total frames sampled: 96793
      Total clips processed: 12098
      Feature extraction complete!
      Final features shape: (96793, 1024)
[ID18]   Features extracted: (96793, 1024)
[ID18] Step 2/4: Converting to binary labels and removing unwanted classes...
[ID18]   Video duration: 3880.68 seconds
      CSV columns: ['start_time', 'end_time', 'licking', 'shaking']
      CSV shape: (3840, 4)
      Total rows in CSV: 3840
      Rows kept after removing shaking: 3826
[ID18]   Original frames: 96793
[ID18]   After removing shaking/licking_shaking: 3826
[ID18] Step 3/4: Balancing classes...
      Before balancing:
        Background: 3434 frames
        Licking: 392 frames
        Ratio: 8.76:1
      After balancing:
        Background: 392 frames
        Licking: 392 frames
        Total: 784 frames
        Ratio: 1:1
[ID18] Step 4/4: Saving processed data...
[ID18]   Saved features: /data-8tb/nvaci/dataset/dataset_Stanford/FACT_method/preprocessed_data_2class/features/ID18.npy
[ID18]     Shape: (784, 1024)
[ID18]     Size: 3.06 MB
[ID18]   Final label distribution:
[ID18]     - background: 392 frames (50.0%)
[ID18]     - licking: 392 frames (50.0%)
[ID18]   Saved labels: /data-8tb/nvaci/dataset/dataset_Stanford/FACT_method/preprocessed_data_2class/groundTruth/ID18.txt
[ID18] SUCCESS - Video processed successfully

================================================================================
Processing video 19/32: ID19
================================================================================
[ID19] Found label file: 25-021_ID19.csv
[ID19] Step 1/4: Extracting features...
      Opening video file...
      Original video FPS: 25.00
      Original total frames: 95767
      Sample rate: 1 every 1 frames
      Using STREAMING mode - processing clips on-the-fly
      Clip length: 16 frames
      ✓ First clip on device: cuda:0
      Processed 100 clips, 808 frames sampled...
      Processed 200 clips, 1608 frames sampled...
      Processed 300 clips, 2408 frames sampled...
      Processed 400 clips, 3208 frames sampled...
      Processed 500 clips, 4008 frames sampled...
      Processed 600 clips, 4808 frames sampled...
      Read 5000/95767 frames (5000 sampled, 624 clips processed)...
      Processed 700 clips, 5608 frames sampled...
      Processed 800 clips, 6408 frames sampled...
      Processed 900 clips, 7208 frames sampled...
      Processed 1000 clips, 8008 frames sampled...
      Processed 1100 clips, 8808 frames sampled...
      Processed 1200 clips, 9608 frames sampled...
      Read 10000/95767 frames (10000 sampled, 1249 clips processed)...
      Processed 1300 clips, 10408 frames sampled...
      Processed 1400 clips, 11208 frames sampled...
      Processed 1500 clips, 12008 frames sampled...
      Processed 1600 clips, 12808 frames sampled...
      Processed 1700 clips, 13608 frames sampled...
      Processed 1800 clips, 14408 frames sampled...
      Read 15000/95767 frames (15000 sampled, 1874 clips processed)...
      Processed 1900 clips, 15208 frames sampled...
      Processed 2000 clips, 16008 frames sampled...
      Processed 2100 clips, 16808 frames sampled...
      Processed 2200 clips, 17608 frames sampled...
      Processed 2300 clips, 18408 frames sampled...
      Processed 2400 clips, 19208 frames sampled...
      Read 20000/95767 frames (20000 sampled, 2499 clips processed)...
      Processed 2500 clips, 20008 frames sampled...
      Processed 2600 clips, 20808 frames sampled...
      Processed 2700 clips, 21608 frames sampled...
      Processed 2800 clips, 22408 frames sampled...
      Processed 2900 clips, 23208 frames sampled...
      Processed 3000 clips, 24008 frames sampled...
      Processed 3100 clips, 24808 frames sampled...
      Read 25000/95767 frames (25000 sampled, 3124 clips processed)...
      Processed 3200 clips, 25608 frames sampled...
      Processed 3300 clips, 26408 frames sampled...
      Processed 3400 clips, 27208 frames sampled...
      Processed 3500 clips, 28008 frames sampled...
      Processed 3600 clips, 28808 frames sampled...
      Processed 3700 clips, 29608 frames sampled...
      Read 30000/95767 frames (30000 sampled, 3749 clips processed)...
      Processed 3800 clips, 30408 frames sampled...
      Processed 3900 clips, 31208 frames sampled...
      Processed 4000 clips, 32008 frames sampled...
      Processed 4100 clips, 32808 frames sampled...
      Processed 4200 clips, 33608 frames sampled...
      Processed 4300 clips, 34408 frames sampled...
      Read 35000/95767 frames (35000 sampled, 4374 clips processed)...
      Processed 4400 clips, 35208 frames sampled...
      Processed 4500 clips, 36008 frames sampled...
      Processed 4600 clips, 36808 frames sampled...
      Processed 4700 clips, 37608 frames sampled...
      Processed 4800 clips, 38408 frames sampled...
      Processed 4900 clips, 39208 frames sampled...
      Read 40000/95767 frames (40000 sampled, 4999 clips processed)...
      Processed 5000 clips, 40008 frames sampled...
      Processed 5100 clips, 40808 frames sampled...
      Processed 5200 clips, 41608 frames sampled...
      Processed 5300 clips, 42408 frames sampled...
      Processed 5400 clips, 43208 frames sampled...
      Processed 5500 clips, 44008 frames sampled...
      Processed 5600 clips, 44808 frames sampled...
      Read 45000/95767 frames (45000 sampled, 5624 clips processed)...
      Processed 5700 clips, 45608 frames sampled...
      Processed 5800 clips, 46408 frames sampled...
      Processed 5900 clips, 47208 frames sampled...
      Processed 6000 clips, 48008 frames sampled...
      Processed 6100 clips, 48808 frames sampled...
      Processed 6200 clips, 49608 frames sampled...
      Read 50000/95767 frames (50000 sampled, 6249 clips processed)...
      Processed 6300 clips, 50408 frames sampled...
      Processed 6400 clips, 51208 frames sampled...
      Processed 6500 clips, 52008 frames sampled...
      Processed 6600 clips, 52808 frames sampled...
      Processed 6700 clips, 53608 frames sampled...
      Processed 6800 clips, 54408 frames sampled...
      Read 55000/95767 frames (55000 sampled, 6874 clips processed)...
      Processed 6900 clips, 55208 frames sampled...
      Processed 7000 clips, 56008 frames sampled...
      Processed 7100 clips, 56808 frames sampled...
      Processed 7200 clips, 57608 frames sampled...
      Processed 7300 clips, 58408 frames sampled...
      Processed 7400 clips, 59208 frames sampled...
      Read 60000/95767 frames (60000 sampled, 7499 clips processed)...
      Processed 7500 clips, 60008 frames sampled...
      Processed 7600 clips, 60808 frames sampled...
      Processed 7700 clips, 61608 frames sampled...
      Processed 7800 clips, 62408 frames sampled...
      Processed 7900 clips, 63208 frames sampled...
      Processed 8000 clips, 64008 frames sampled...
      Processed 8100 clips, 64808 frames sampled...
      Read 65000/95767 frames (65000 sampled, 8124 clips processed)...
      Processed 8200 clips, 65608 frames sampled...
      Processed 8300 clips, 66408 frames sampled...
      Processed 8400 clips, 67208 frames sampled...
      Processed 8500 clips, 68008 frames sampled...
      Processed 8600 clips, 68808 frames sampled...
      Processed 8700 clips, 69608 frames sampled...
      Read 70000/95767 frames (70000 sampled, 8749 clips processed)...
      Processed 8800 clips, 70408 frames sampled...
      Processed 8900 clips, 71208 frames sampled...
      Processed 9000 clips, 72008 frames sampled...
      Processed 9100 clips, 72808 frames sampled...
      Processed 9200 clips, 73608 frames sampled...
      Processed 9300 clips, 74408 frames sampled...
      Read 75000/95767 frames (75000 sampled, 9374 clips processed)...
      Processed 9400 clips, 75208 frames sampled...
      Processed 9500 clips, 76008 frames sampled...
      Processed 9600 clips, 76808 frames sampled...
      Processed 9700 clips, 77608 frames sampled...
      Processed 9800 clips, 78408 frames sampled...
      Processed 9900 clips, 79208 frames sampled...
      Read 80000/95767 frames (80000 sampled, 9999 clips processed)...
      Processed 10000 clips, 80008 frames sampled...
      Processed 10100 clips, 80808 frames sampled...
      Processed 10200 clips, 81608 frames sampled...
      Processed 10300 clips, 82408 frames sampled...
      Processed 10400 clips, 83208 frames sampled...
      Processed 10500 clips, 84008 frames sampled...
      Processed 10600 clips, 84808 frames sampled...
      Read 85000/95767 frames (85000 sampled, 10624 clips processed)...
      Processed 10700 clips, 85608 frames sampled...
      Processed 10800 clips, 86408 frames sampled...
      Processed 10900 clips, 87208 frames sampled...
      Processed 11000 clips, 88008 frames sampled...
      Processed 11100 clips, 88808 frames sampled...
      Processed 11200 clips, 89608 frames sampled...
      Read 90000/95767 frames (90000 sampled, 11249 clips processed)...
      Processed 11300 clips, 90408 frames sampled...
      Processed 11400 clips, 91208 frames sampled...
      Processed 11500 clips, 92008 frames sampled...
      Processed 11600 clips, 92808 frames sampled...
      Processed 11700 clips, 93608 frames sampled...
      Processed 11800 clips, 94408 frames sampled...
      Read 95000/95767 frames (95000 sampled, 11874 clips processed)...
      Processed 11900 clips, 95208 frames sampled...
      Total frames read: 95618
      Total frames sampled: 95618
      Total clips processed: 11951
      Feature extraction complete!
      Final features shape: (95618, 1024)
[ID19]   Features extracted: (95618, 1024)
[ID19] Step 2/4: Converting to binary labels and removing unwanted classes...
[ID19]   Video duration: 3830.68 seconds
      CSV columns: ['start_time', 'end_time', 'licking', 'shaking']
      CSV shape: (3840, 4)
      Total rows in CSV: 3840
      Rows kept after removing shaking: 3779
[ID19]   Original frames: 95618
[ID19]   After removing shaking/licking_shaking: 3779
[ID19] Step 3/4: Balancing classes...
      Before balancing:
        Background: 3263 frames
        Licking: 516 frames
        Ratio: 6.32:1
      After balancing:
        Background: 516 frames
        Licking: 516 frames
        Total: 1032 frames
        Ratio: 1:1
[ID19] Step 4/4: Saving processed data...
[ID19]   Saved features: /data-8tb/nvaci/dataset/dataset_Stanford/FACT_method/preprocessed_data_2class/features/ID19.npy
[ID19]     Shape: (1032, 1024)
[ID19]     Size: 4.03 MB
[ID19]   Final label distribution:
[ID19]     - background: 516 frames (50.0%)
[ID19]     - licking: 516 frames (50.0%)
[ID19]   Saved labels: /data-8tb/nvaci/dataset/dataset_Stanford/FACT_method/preprocessed_data_2class/groundTruth/ID19.txt
[ID19] SUCCESS - Video processed successfully

================================================================================
Processing video 20/32: ID20
================================================================================
[ID20] Found label file: 25-021_ID20.csv
[ID20] Step 1/4: Extracting features...
      Opening video file...
      Original video FPS: 25.00
      Original total frames: 94639
      Sample rate: 1 every 1 frames
      Using STREAMING mode - processing clips on-the-fly
      Clip length: 16 frames
      ✓ First clip on device: cuda:0
      Processed 100 clips, 808 frames sampled...
      Processed 200 clips, 1608 frames sampled...
      Processed 300 clips, 2408 frames sampled...
      Processed 400 clips, 3208 frames sampled...
      Processed 500 clips, 4008 frames sampled...
      Processed 600 clips, 4808 frames sampled...
      Read 5000/94639 frames (5000 sampled, 624 clips processed)...
      Processed 700 clips, 5608 frames sampled...
      Processed 800 clips, 6408 frames sampled...
      Processed 900 clips, 7208 frames sampled...
      Processed 1000 clips, 8008 frames sampled...
      Processed 1100 clips, 8808 frames sampled...
      Processed 1200 clips, 9608 frames sampled...
      Read 10000/94639 frames (10000 sampled, 1249 clips processed)...
      Processed 1300 clips, 10408 frames sampled...
      Processed 1400 clips, 11208 frames sampled...
      Processed 1500 clips, 12008 frames sampled...
      Processed 1600 clips, 12808 frames sampled...
      Processed 1700 clips, 13608 frames sampled...
      Processed 1800 clips, 14408 frames sampled...
      Read 15000/94639 frames (15000 sampled, 1874 clips processed)...
      Processed 1900 clips, 15208 frames sampled...
      Processed 2000 clips, 16008 frames sampled...
      Processed 2100 clips, 16808 frames sampled...
      Processed 2200 clips, 17608 frames sampled...
      Processed 2300 clips, 18408 frames sampled...
      Processed 2400 clips, 19208 frames sampled...
      Read 20000/94639 frames (20000 sampled, 2499 clips processed)...
      Processed 2500 clips, 20008 frames sampled...
      Processed 2600 clips, 20808 frames sampled...
      Processed 2700 clips, 21608 frames sampled...
      Processed 2800 clips, 22408 frames sampled...
      Processed 2900 clips, 23208 frames sampled...
      Processed 3000 clips, 24008 frames sampled...
      Processed 3100 clips, 24808 frames sampled...
      Read 25000/94639 frames (25000 sampled, 3124 clips processed)...
      Processed 3200 clips, 25608 frames sampled...
      Processed 3300 clips, 26408 frames sampled...
      Processed 3400 clips, 27208 frames sampled...
      Processed 3500 clips, 28008 frames sampled...
      Processed 3600 clips, 28808 frames sampled...
      Processed 3700 clips, 29608 frames sampled...
      Read 30000/94639 frames (30000 sampled, 3749 clips processed)...
      Processed 3800 clips, 30408 frames sampled...
      Processed 3900 clips, 31208 frames sampled...
      Processed 4000 clips, 32008 frames sampled...
      Processed 4100 clips, 32808 frames sampled...
      Processed 4200 clips, 33608 frames sampled...
      Processed 4300 clips, 34408 frames sampled...
      Read 35000/94639 frames (35000 sampled, 4374 clips processed)...
      Processed 4400 clips, 35208 frames sampled...
      Processed 4500 clips, 36008 frames sampled...
      Processed 4600 clips, 36808 frames sampled...
      Processed 4700 clips, 37608 frames sampled...
      Processed 4800 clips, 38408 frames sampled...
      Processed 4900 clips, 39208 frames sampled...
      Read 40000/94639 frames (40000 sampled, 4999 clips processed)...
      Processed 5000 clips, 40008 frames sampled...
      Processed 5100 clips, 40808 frames sampled...
      Processed 5200 clips, 41608 frames sampled...
      Processed 5300 clips, 42408 frames sampled...
      Processed 5400 clips, 43208 frames sampled...
      Processed 5500 clips, 44008 frames sampled...
      Processed 5600 clips, 44808 frames sampled...
      Read 45000/94639 frames (45000 sampled, 5624 clips processed)...
      Processed 5700 clips, 45608 frames sampled...
      Processed 5800 clips, 46408 frames sampled...
      Processed 5900 clips, 47208 frames sampled...
      Processed 6000 clips, 48008 frames sampled...
      Processed 6100 clips, 48808 frames sampled...
      Processed 6200 clips, 49608 frames sampled...
      Read 50000/94639 frames (50000 sampled, 6249 clips processed)...
      Processed 6300 clips, 50408 frames sampled...
      Processed 6400 clips, 51208 frames sampled...
      Processed 6500 clips, 52008 frames sampled...
      Processed 6600 clips, 52808 frames sampled...
      Processed 6700 clips, 53608 frames sampled...
      Processed 6800 clips, 54408 frames sampled...
      Read 55000/94639 frames (55000 sampled, 6874 clips processed)...
      Processed 6900 clips, 55208 frames sampled...
      Processed 7000 clips, 56008 frames sampled...
      Processed 7100 clips, 56808 frames sampled...
      Processed 7200 clips, 57608 frames sampled...
      Processed 7300 clips, 58408 frames sampled...
      Processed 7400 clips, 59208 frames sampled...
      Read 60000/94639 frames (60000 sampled, 7499 clips processed)...
      Processed 7500 clips, 60008 frames sampled...
      Processed 7600 clips, 60808 frames sampled...
      Processed 7700 clips, 61608 frames sampled...
      Processed 7800 clips, 62408 frames sampled...
      Processed 7900 clips, 63208 frames sampled...
      Processed 8000 clips, 64008 frames sampled...
      Processed 8100 clips, 64808 frames sampled...
      Read 65000/94639 frames (65000 sampled, 8124 clips processed)...
      Processed 8200 clips, 65608 frames sampled...
      Processed 8300 clips, 66408 frames sampled...
      Processed 8400 clips, 67208 frames sampled...
      Processed 8500 clips, 68008 frames sampled...
      Processed 8600 clips, 68808 frames sampled...
      Processed 8700 clips, 69608 frames sampled...
      Read 70000/94639 frames (70000 sampled, 8749 clips processed)...
      Processed 8800 clips, 70408 frames sampled...
      Processed 8900 clips, 71208 frames sampled...
      Processed 9000 clips, 72008 frames sampled...
      Processed 9100 clips, 72808 frames sampled...
      Processed 9200 clips, 73608 frames sampled...
      Processed 9300 clips, 74408 frames sampled...
      Read 75000/94639 frames (75000 sampled, 9374 clips processed)...
      Processed 9400 clips, 75208 frames sampled...
      Processed 9500 clips, 76008 frames sampled...
      Processed 9600 clips, 76808 frames sampled...
      Processed 9700 clips, 77608 frames sampled...
      Processed 9800 clips, 78408 frames sampled...
      Processed 9900 clips, 79208 frames sampled...
      Read 80000/94639 frames (80000 sampled, 9999 clips processed)...
      Processed 10000 clips, 80008 frames sampled...
      Processed 10100 clips, 80808 frames sampled...
      Processed 10200 clips, 81608 frames sampled...
      Processed 10300 clips, 82408 frames sampled...
      Processed 10400 clips, 83208 frames sampled...
      Processed 10500 clips, 84008 frames sampled...
      Processed 10600 clips, 84808 frames sampled...
      Read 85000/94639 frames (85000 sampled, 10624 clips processed)...
      Processed 10700 clips, 85608 frames sampled...
      Processed 10800 clips, 86408 frames sampled...
      Processed 10900 clips, 87208 frames sampled...
      Processed 11000 clips, 88008 frames sampled...
      Processed 11100 clips, 88808 frames sampled...
      Processed 11200 clips, 89608 frames sampled...
      Read 90000/94639 frames (90000 sampled, 11249 clips processed)...
      Processed 11300 clips, 90408 frames sampled...
      Processed 11400 clips, 91208 frames sampled...
      Processed 11500 clips, 92008 frames sampled...
      Processed 11600 clips, 92808 frames sampled...
      Processed 11700 clips, 93608 frames sampled...
      Processed 11800 clips, 94408 frames sampled...
      Total frames read: 94543
      Total frames sampled: 94543
      Total clips processed: 11816
      Feature extraction complete!
      Final features shape: (94543, 1024)
[ID20]   Features extracted: (94543, 1024)
[ID20] Step 2/4: Converting to binary labels and removing unwanted classes...
[ID20]   Video duration: 3785.56 seconds
      CSV columns: ['start_time', 'end_time', 'licking', 'shaking']
      CSV shape: (3840, 4)
      Total rows in CSV: 3840
      Rows kept after removing shaking: 3840
[ID20]   Original frames: 94543
[ID20]   After removing shaking/licking_shaking: 3840
[ID20] Step 3/4: Balancing classes...
      Before balancing:
        Background: 3781 frames
        Licking: 59 frames
        Ratio: 64.08:1
      After balancing:
        Background: 59 frames
        Licking: 59 frames
        Total: 118 frames
        Ratio: 1:1
[ID20] Step 4/4: Saving processed data...
[ID20]   Saved features: /data-8tb/nvaci/dataset/dataset_Stanford/FACT_method/preprocessed_data_2class/features/ID20.npy
[ID20]     Shape: (118, 1024)
[ID20]     Size: 0.46 MB
[ID20]   Final label distribution:
[ID20]     - background: 59 frames (50.0%)
[ID20]     - licking: 59 frames (50.0%)
[ID20]   Saved labels: /data-8tb/nvaci/dataset/dataset_Stanford/FACT_method/preprocessed_data_2class/groundTruth/ID20.txt
[ID20] SUCCESS - Video processed successfully

================================================================================
Processing video 21/32: ID21
================================================================================
[ID21] Found label file: 25-021_ID21.csv
[ID21] Step 1/4: Extracting features...
      Opening video file...
      Original video FPS: 25.00
      Original total frames: 99464
      Sample rate: 1 every 1 frames
      Using STREAMING mode - processing clips on-the-fly
      Clip length: 16 frames
      ✓ First clip on device: cuda:0
      Processed 100 clips, 808 frames sampled...
      Processed 200 clips, 1608 frames sampled...
      Processed 300 clips, 2408 frames sampled...
      Processed 400 clips, 3208 frames sampled...
      Processed 500 clips, 4008 frames sampled...
      Processed 600 clips, 4808 frames sampled...
      Read 5000/99464 frames (5000 sampled, 624 clips processed)...
      Processed 700 clips, 5608 frames sampled...
      Processed 800 clips, 6408 frames sampled...
      Processed 900 clips, 7208 frames sampled...
      Processed 1000 clips, 8008 frames sampled...
      Processed 1100 clips, 8808 frames sampled...
      Processed 1200 clips, 9608 frames sampled...
      Read 10000/99464 frames (10000 sampled, 1249 clips processed)...
      Processed 1300 clips, 10408 frames sampled...
      Processed 1400 clips, 11208 frames sampled...
      Processed 1500 clips, 12008 frames sampled...
      Processed 1600 clips, 12808 frames sampled...
      Processed 1700 clips, 13608 frames sampled...
      Processed 1800 clips, 14408 frames sampled...
      Read 15000/99464 frames (15000 sampled, 1874 clips processed)...
      Processed 1900 clips, 15208 frames sampled...
      Processed 2000 clips, 16008 frames sampled...
      Processed 2100 clips, 16808 frames sampled...
      Processed 2200 clips, 17608 frames sampled...
      Processed 2300 clips, 18408 frames sampled...
      Processed 2400 clips, 19208 frames sampled...
      Read 20000/99464 frames (20000 sampled, 2499 clips processed)...
      Processed 2500 clips, 20008 frames sampled...
      Processed 2600 clips, 20808 frames sampled...
      Processed 2700 clips, 21608 frames sampled...
      Processed 2800 clips, 22408 frames sampled...
      Processed 2900 clips, 23208 frames sampled...
      Processed 3000 clips, 24008 frames sampled...
      Processed 3100 clips, 24808 frames sampled...
      Read 25000/99464 frames (25000 sampled, 3124 clips processed)...
      Processed 3200 clips, 25608 frames sampled...
      Processed 3300 clips, 26408 frames sampled...
      Processed 3400 clips, 27208 frames sampled...
      Processed 3500 clips, 28008 frames sampled...
      Processed 3600 clips, 28808 frames sampled...
      Processed 3700 clips, 29608 frames sampled...
      Read 30000/99464 frames (30000 sampled, 3749 clips processed)...
      Processed 3800 clips, 30408 frames sampled...
      Processed 3900 clips, 31208 frames sampled...
      Processed 4000 clips, 32008 frames sampled...
      Processed 4100 clips, 32808 frames sampled...
      Processed 4200 clips, 33608 frames sampled...
      Processed 4300 clips, 34408 frames sampled...
      Read 35000/99464 frames (35000 sampled, 4374 clips processed)...
      Processed 4400 clips, 35208 frames sampled...
      Processed 4500 clips, 36008 frames sampled...
      Processed 4600 clips, 36808 frames sampled...
      Processed 4700 clips, 37608 frames sampled...
      Processed 4800 clips, 38408 frames sampled...
      Processed 4900 clips, 39208 frames sampled...
      Read 40000/99464 frames (40000 sampled, 4999 clips processed)...
      Processed 5000 clips, 40008 frames sampled...
      Processed 5100 clips, 40808 frames sampled...
      Processed 5200 clips, 41608 frames sampled...
      Processed 5300 clips, 42408 frames sampled...
      Processed 5400 clips, 43208 frames sampled...
      Processed 5500 clips, 44008 frames sampled...
      Processed 5600 clips, 44808 frames sampled...
      Read 45000/99464 frames (45000 sampled, 5624 clips processed)...
      Processed 5700 clips, 45608 frames sampled...
      Processed 5800 clips, 46408 frames sampled...
      Processed 5900 clips, 47208 frames sampled...
      Processed 6000 clips, 48008 frames sampled...
      Processed 6100 clips, 48808 frames sampled...
      Processed 6200 clips, 49608 frames sampled...
      Read 50000/99464 frames (50000 sampled, 6249 clips processed)...
      Processed 6300 clips, 50408 frames sampled...
      Processed 6400 clips, 51208 frames sampled...
      Processed 6500 clips, 52008 frames sampled...
      Processed 6600 clips, 52808 frames sampled...
      Processed 6700 clips, 53608 frames sampled...
      Processed 6800 clips, 54408 frames sampled...
      Read 55000/99464 frames (55000 sampled, 6874 clips processed)...
      Processed 6900 clips, 55208 frames sampled...
      Processed 7000 clips, 56008 frames sampled...
      Processed 7100 clips, 56808 frames sampled...
      Processed 7200 clips, 57608 frames sampled...
      Processed 7300 clips, 58408 frames sampled...
      Processed 7400 clips, 59208 frames sampled...
      Read 60000/99464 frames (60000 sampled, 7499 clips processed)...
      Processed 7500 clips, 60008 frames sampled...
      Processed 7600 clips, 60808 frames sampled...
      Processed 7700 clips, 61608 frames sampled...
      Processed 7800 clips, 62408 frames sampled...
      Processed 7900 clips, 63208 frames sampled...
      Processed 8000 clips, 64008 frames sampled...
      Processed 8100 clips, 64808 frames sampled...
      Read 65000/99464 frames (65000 sampled, 8124 clips processed)...
      Processed 8200 clips, 65608 frames sampled...
      Processed 8300 clips, 66408 frames sampled...
      Processed 8400 clips, 67208 frames sampled...
      Processed 8500 clips, 68008 frames sampled...
      Processed 8600 clips, 68808 frames sampled...
      Processed 8700 clips, 69608 frames sampled...
      Read 70000/99464 frames (70000 sampled, 8749 clips processed)...
      Processed 8800 clips, 70408 frames sampled...
      Processed 8900 clips, 71208 frames sampled...
      Processed 9000 clips, 72008 frames sampled...
      Processed 9100 clips, 72808 frames sampled...
      Processed 9200 clips, 73608 frames sampled...
      Processed 9300 clips, 74408 frames sampled...
      Read 75000/99464 frames (75000 sampled, 9374 clips processed)...
      Processed 9400 clips, 75208 frames sampled...
      Processed 9500 clips, 76008 frames sampled...
      Processed 9600 clips, 76808 frames sampled...
      Processed 9700 clips, 77608 frames sampled...
      Processed 9800 clips, 78408 frames sampled...
      Processed 9900 clips, 79208 frames sampled...
      Read 80000/99464 frames (80000 sampled, 9999 clips processed)...
      Processed 10000 clips, 80008 frames sampled...
      Processed 10100 clips, 80808 frames sampled...
      Processed 10200 clips, 81608 frames sampled...
      Processed 10300 clips, 82408 frames sampled...
      Processed 10400 clips, 83208 frames sampled...
      Processed 10500 clips, 84008 frames sampled...
      Processed 10600 clips, 84808 frames sampled...
      Read 85000/99464 frames (85000 sampled, 10624 clips processed)...
      Processed 10700 clips, 85608 frames sampled...
      Processed 10800 clips, 86408 frames sampled...
      Processed 10900 clips, 87208 frames sampled...
      Processed 11000 clips, 88008 frames sampled...
      Processed 11100 clips, 88808 frames sampled...
      Processed 11200 clips, 89608 frames sampled...
      Read 90000/99464 frames (90000 sampled, 11249 clips processed)...
      Processed 11300 clips, 90408 frames sampled...
      Processed 11400 clips, 91208 frames sampled...
      Processed 11500 clips, 92008 frames sampled...
      Processed 11600 clips, 92808 frames sampled...
      Processed 11700 clips, 93608 frames sampled...
      Processed 11800 clips, 94408 frames sampled...
      Read 95000/99464 frames (95000 sampled, 11874 clips processed)...
      Processed 11900 clips, 95208 frames sampled...
      Processed 12000 clips, 96008 frames sampled...
      Processed 12100 clips, 96808 frames sampled...
      Processed 12200 clips, 97608 frames sampled...
      Processed 12300 clips, 98408 frames sampled...
      Processed 12400 clips, 99208 frames sampled...
      Total frames read: 99364
      Total frames sampled: 99364
      Total clips processed: 12419
      Feature extraction complete!
      Final features shape: (99364, 1024)
[ID21]   Features extracted: (99364, 1024)
[ID21] Step 2/4: Converting to binary labels and removing unwanted classes...
[ID21]   Video duration: 3978.56 seconds
      CSV columns: ['start_time', 'end_time', 'licking', 'shaking']
      CSV shape: (3840, 4)
      Total rows in CSV: 3840
      Rows kept after removing shaking: 3811
[ID21]   Original frames: 99364
[ID21]   After removing shaking/licking_shaking: 3811
[ID21] Step 3/4: Balancing classes...
      Before balancing:
        Background: 3375 frames
        Licking: 436 frames
        Ratio: 7.74:1
      After balancing:
        Background: 436 frames
        Licking: 436 frames
        Total: 872 frames
        Ratio: 1:1
[ID21] Step 4/4: Saving processed data...
[ID21]   Saved features: /data-8tb/nvaci/dataset/dataset_Stanford/FACT_method/preprocessed_data_2class/features/ID21.npy
[ID21]     Shape: (872, 1024)
[ID21]     Size: 3.41 MB
[ID21]   Final label distribution:
[ID21]     - background: 436 frames (50.0%)
[ID21]     - licking: 436 frames (50.0%)
[ID21]   Saved labels: /data-8tb/nvaci/dataset/dataset_Stanford/FACT_method/preprocessed_data_2class/groundTruth/ID21.txt
[ID21] SUCCESS - Video processed successfully

================================================================================
Processing video 22/32: ID22
================================================================================
[ID22] Found label file: 25-021_ID22.csv
[ID22] Step 1/4: Extracting features...
      Opening video file...
      Original video FPS: 25.00
      Original total frames: 98464
      Sample rate: 1 every 1 frames
      Using STREAMING mode - processing clips on-the-fly
      Clip length: 16 frames
      ✓ First clip on device: cuda:0
      Processed 100 clips, 808 frames sampled...
      Processed 200 clips, 1608 frames sampled...
      Processed 300 clips, 2408 frames sampled...
      Processed 400 clips, 3208 frames sampled...
      Processed 500 clips, 4008 frames sampled...
      Processed 600 clips, 4808 frames sampled...
      Read 5000/98464 frames (5000 sampled, 624 clips processed)...
      Processed 700 clips, 5608 frames sampled...
      Processed 800 clips, 6408 frames sampled...
      Processed 900 clips, 7208 frames sampled...
      Processed 1000 clips, 8008 frames sampled...
      Processed 1100 clips, 8808 frames sampled...
      Processed 1200 clips, 9608 frames sampled...
      Read 10000/98464 frames (10000 sampled, 1249 clips processed)...
      Processed 1300 clips, 10408 frames sampled...
      Processed 1400 clips, 11208 frames sampled...
      Processed 1500 clips, 12008 frames sampled...
      Processed 1600 clips, 12808 frames sampled...
      Processed 1700 clips, 13608 frames sampled...
      Processed 1800 clips, 14408 frames sampled...
      Read 15000/98464 frames (15000 sampled, 1874 clips processed)...
      Processed 1900 clips, 15208 frames sampled...
      Processed 2000 clips, 16008 frames sampled...
      Processed 2100 clips, 16808 frames sampled...
      Processed 2200 clips, 17608 frames sampled...
      Processed 2300 clips, 18408 frames sampled...
      Processed 2400 clips, 19208 frames sampled...
      Read 20000/98464 frames (20000 sampled, 2499 clips processed)...
      Processed 2500 clips, 20008 frames sampled...
      Processed 2600 clips, 20808 frames sampled...
      Processed 2700 clips, 21608 frames sampled...
      Processed 2800 clips, 22408 frames sampled...
      Processed 2900 clips, 23208 frames sampled...
      Processed 3000 clips, 24008 frames sampled...
      Processed 3100 clips, 24808 frames sampled...
      Read 25000/98464 frames (25000 sampled, 3124 clips processed)...
      Processed 3200 clips, 25608 frames sampled...
      Processed 3300 clips, 26408 frames sampled...
      Processed 3400 clips, 27208 frames sampled...
      Processed 3500 clips, 28008 frames sampled...
      Processed 3600 clips, 28808 frames sampled...
      Processed 3700 clips, 29608 frames sampled...
      Read 30000/98464 frames (30000 sampled, 3749 clips processed)...
      Processed 3800 clips, 30408 frames sampled...
      Processed 3900 clips, 31208 frames sampled...
      Processed 4000 clips, 32008 frames sampled...
      Processed 4100 clips, 32808 frames sampled...
      Processed 4200 clips, 33608 frames sampled...
      Processed 4300 clips, 34408 frames sampled...
      Read 35000/98464 frames (35000 sampled, 4374 clips processed)...
      Processed 4400 clips, 35208 frames sampled...
      Processed 4500 clips, 36008 frames sampled...
      Processed 4600 clips, 36808 frames sampled...
      Processed 4700 clips, 37608 frames sampled...
      Processed 4800 clips, 38408 frames sampled...
      Processed 4900 clips, 39208 frames sampled...
      Read 40000/98464 frames (40000 sampled, 4999 clips processed)...
      Processed 5000 clips, 40008 frames sampled...
      Processed 5100 clips, 40808 frames sampled...
      Processed 5200 clips, 41608 frames sampled...
      Processed 5300 clips, 42408 frames sampled...
      Processed 5400 clips, 43208 frames sampled...
      Processed 5500 clips, 44008 frames sampled...
      Processed 5600 clips, 44808 frames sampled...
      Read 45000/98464 frames (45000 sampled, 5624 clips processed)...
      Processed 5700 clips, 45608 frames sampled...
      Processed 5800 clips, 46408 frames sampled...
      Processed 5900 clips, 47208 frames sampled...
      Processed 6000 clips, 48008 frames sampled...
      Processed 6100 clips, 48808 frames sampled...
      Processed 6200 clips, 49608 frames sampled...
      Read 50000/98464 frames (50000 sampled, 6249 clips processed)...
      Processed 6300 clips, 50408 frames sampled...
      Processed 6400 clips, 51208 frames sampled...
      Processed 6500 clips, 52008 frames sampled...
      Processed 6600 clips, 52808 frames sampled...
      Processed 6700 clips, 53608 frames sampled...
      Processed 6800 clips, 54408 frames sampled...
      Read 55000/98464 frames (55000 sampled, 6874 clips processed)...
      Processed 6900 clips, 55208 frames sampled...
      Processed 7000 clips, 56008 frames sampled...
      Processed 7100 clips, 56808 frames sampled...
      Processed 7200 clips, 57608 frames sampled...
      Processed 7300 clips, 58408 frames sampled...
      Processed 7400 clips, 59208 frames sampled...
      Read 60000/98464 frames (60000 sampled, 7499 clips processed)...
      Processed 7500 clips, 60008 frames sampled...
      Processed 7600 clips, 60808 frames sampled...
      Processed 7700 clips, 61608 frames sampled...
      Processed 7800 clips, 62408 frames sampled...
      Processed 7900 clips, 63208 frames sampled...
      Processed 8000 clips, 64008 frames sampled...
      Processed 8100 clips, 64808 frames sampled...
      Read 65000/98464 frames (65000 sampled, 8124 clips processed)...
      Processed 8200 clips, 65608 frames sampled...
      Processed 8300 clips, 66408 frames sampled...
      Processed 8400 clips, 67208 frames sampled...
      Processed 8500 clips, 68008 frames sampled...
      Processed 8600 clips, 68808 frames sampled...
      Processed 8700 clips, 69608 frames sampled...
      Read 70000/98464 frames (70000 sampled, 8749 clips processed)...
      Processed 8800 clips, 70408 frames sampled...
      Processed 8900 clips, 71208 frames sampled...
      Processed 9000 clips, 72008 frames sampled...
      Processed 9100 clips, 72808 frames sampled...
      Processed 9200 clips, 73608 frames sampled...
      Processed 9300 clips, 74408 frames sampled...
      Read 75000/98464 frames (75000 sampled, 9374 clips processed)...
      Processed 9400 clips, 75208 frames sampled...
      Processed 9500 clips, 76008 frames sampled...
      Processed 9600 clips, 76808 frames sampled...
      Processed 9700 clips, 77608 frames sampled...
      Processed 9800 clips, 78408 frames sampled...
      Processed 9900 clips, 79208 frames sampled...
      Read 80000/98464 frames (80000 sampled, 9999 clips processed)...
      Processed 10000 clips, 80008 frames sampled...
      Processed 10100 clips, 80808 frames sampled...
      Processed 10200 clips, 81608 frames sampled...
      Processed 10300 clips, 82408 frames sampled...
      Processed 10400 clips, 83208 frames sampled...
      Processed 10500 clips, 84008 frames sampled...
      Processed 10600 clips, 84808 frames sampled...
      Read 85000/98464 frames (85000 sampled, 10624 clips processed)...
      Processed 10700 clips, 85608 frames sampled...
      Processed 10800 clips, 86408 frames sampled...
      Processed 10900 clips, 87208 frames sampled...
      Processed 11000 clips, 88008 frames sampled...
      Processed 11100 clips, 88808 frames sampled...
      Processed 11200 clips, 89608 frames sampled...
      Read 90000/98464 frames (90000 sampled, 11249 clips processed)...
      Processed 11300 clips, 90408 frames sampled...
      Processed 11400 clips, 91208 frames sampled...
      Processed 11500 clips, 92008 frames sampled...
      Processed 11600 clips, 92808 frames sampled...
      Processed 11700 clips, 93608 frames sampled...
      Processed 11800 clips, 94408 frames sampled...
      Read 95000/98464 frames (95000 sampled, 11874 clips processed)...
      Processed 11900 clips, 95208 frames sampled...
      Processed 12000 clips, 96008 frames sampled...
      Processed 12100 clips, 96808 frames sampled...
      Processed 12200 clips, 97608 frames sampled...
      Total frames read: 98389
      Total frames sampled: 98389
      Total clips processed: 12297
      Feature extraction complete!
      Final features shape: (98389, 1024)
[ID22]   Features extracted: (98389, 1024)
[ID22] Step 2/4: Converting to binary labels and removing unwanted classes...
[ID22]   Video duration: 3938.56 seconds
      CSV columns: ['start_time', 'end_time', 'licking', 'shaking']
      CSV shape: (3840, 4)
      Total rows in CSV: 3840
      Rows kept after removing shaking: 3827
[ID22]   Original frames: 98389
[ID22]   After removing shaking/licking_shaking: 3827
[ID22] Step 3/4: Balancing classes...
      Before balancing:
        Background: 2932 frames
        Licking: 895 frames
        Ratio: 3.28:1
      After balancing:
        Background: 895 frames
        Licking: 895 frames
        Total: 1790 frames
        Ratio: 1:1
[ID22] Step 4/4: Saving processed data...
[ID22]   Saved features: /data-8tb/nvaci/dataset/dataset_Stanford/FACT_method/preprocessed_data_2class/features/ID22.npy
[ID22]     Shape: (1790, 1024)
[ID22]     Size: 6.99 MB
[ID22]   Final label distribution:
[ID22]     - background: 895 frames (50.0%)
[ID22]     - licking: 895 frames (50.0%)
[ID22]   Saved labels: /data-8tb/nvaci/dataset/dataset_Stanford/FACT_method/preprocessed_data_2class/groundTruth/ID22.txt
[ID22] SUCCESS - Video processed successfully

================================================================================
Processing video 23/32: ID23
================================================================================
[ID23] Found label file: 25-021_ID23.csv
[ID23] Step 1/4: Extracting features...
      Opening video file...
      Original video FPS: 25.00
      Original total frames: 97464
      Sample rate: 1 every 1 frames
      Using STREAMING mode - processing clips on-the-fly
      Clip length: 16 frames
      ✓ First clip on device: cuda:0
      Processed 100 clips, 808 frames sampled...
      Processed 200 clips, 1608 frames sampled...
      Processed 300 clips, 2408 frames sampled...
      Processed 400 clips, 3208 frames sampled...
      Processed 500 clips, 4008 frames sampled...
      Processed 600 clips, 4808 frames sampled...
      Read 5000/97464 frames (5000 sampled, 624 clips processed)...
      Processed 700 clips, 5608 frames sampled...
      Processed 800 clips, 6408 frames sampled...
      Processed 900 clips, 7208 frames sampled...
      Processed 1000 clips, 8008 frames sampled...
      Processed 1100 clips, 8808 frames sampled...
      Processed 1200 clips, 9608 frames sampled...
      Read 10000/97464 frames (10000 sampled, 1249 clips processed)...
      Processed 1300 clips, 10408 frames sampled...
      Processed 1400 clips, 11208 frames sampled...
      Processed 1500 clips, 12008 frames sampled...
      Processed 1600 clips, 12808 frames sampled...
      Processed 1700 clips, 13608 frames sampled...
      Processed 1800 clips, 14408 frames sampled...
      Read 15000/97464 frames (15000 sampled, 1874 clips processed)...
      Processed 1900 clips, 15208 frames sampled...
      Processed 2000 clips, 16008 frames sampled...
      Processed 2100 clips, 16808 frames sampled...
      Processed 2200 clips, 17608 frames sampled...
      Processed 2300 clips, 18408 frames sampled...
      Processed 2400 clips, 19208 frames sampled...
      Read 20000/97464 frames (20000 sampled, 2499 clips processed)...
      Processed 2500 clips, 20008 frames sampled...
      Processed 2600 clips, 20808 frames sampled...
      Processed 2700 clips, 21608 frames sampled...
      Processed 2800 clips, 22408 frames sampled...
      Processed 2900 clips, 23208 frames sampled...
      Processed 3000 clips, 24008 frames sampled...
      Processed 3100 clips, 24808 frames sampled...
      Read 25000/97464 frames (25000 sampled, 3124 clips processed)...
      Processed 3200 clips, 25608 frames sampled...
      Processed 3300 clips, 26408 frames sampled...
      Processed 3400 clips, 27208 frames sampled...
      Processed 3500 clips, 28008 frames sampled...
      Processed 3600 clips, 28808 frames sampled...
      Processed 3700 clips, 29608 frames sampled...
      Read 30000/97464 frames (30000 sampled, 3749 clips processed)...
      Processed 3800 clips, 30408 frames sampled...
      Processed 3900 clips, 31208 frames sampled...
      Processed 4000 clips, 32008 frames sampled...
      Processed 4100 clips, 32808 frames sampled...
      Processed 4200 clips, 33608 frames sampled...
      Processed 4300 clips, 34408 frames sampled...
      Read 35000/97464 frames (35000 sampled, 4374 clips processed)...
      Processed 4400 clips, 35208 frames sampled...
      Processed 4500 clips, 36008 frames sampled...
      Processed 4600 clips, 36808 frames sampled...
      Processed 4700 clips, 37608 frames sampled...
      Processed 4800 clips, 38408 frames sampled...
      Processed 4900 clips, 39208 frames sampled...
      Read 40000/97464 frames (40000 sampled, 4999 clips processed)...
      Processed 5000 clips, 40008 frames sampled...
      Processed 5100 clips, 40808 frames sampled...
      Processed 5200 clips, 41608 frames sampled...
      Processed 5300 clips, 42408 frames sampled...
      Processed 5400 clips, 43208 frames sampled...
      Processed 5500 clips, 44008 frames sampled...
      Processed 5600 clips, 44808 frames sampled...
      Read 45000/97464 frames (45000 sampled, 5624 clips processed)...
      Processed 5700 clips, 45608 frames sampled...
      Processed 5800 clips, 46408 frames sampled...
      Processed 5900 clips, 47208 frames sampled...
      Processed 6000 clips, 48008 frames sampled...
      Processed 6100 clips, 48808 frames sampled...
      Processed 6200 clips, 49608 frames sampled...
      Read 50000/97464 frames (50000 sampled, 6249 clips processed)...
      Processed 6300 clips, 50408 frames sampled...
      Processed 6400 clips, 51208 frames sampled...
      Processed 6500 clips, 52008 frames sampled...
      Processed 6600 clips, 52808 frames sampled...
      Processed 6700 clips, 53608 frames sampled...
      Processed 6800 clips, 54408 frames sampled...
      Read 55000/97464 frames (55000 sampled, 6874 clips processed)...
      Processed 6900 clips, 55208 frames sampled...
      Processed 7000 clips, 56008 frames sampled...
      Processed 7100 clips, 56808 frames sampled...
      Processed 7200 clips, 57608 frames sampled...
      Processed 7300 clips, 58408 frames sampled...
      Processed 7400 clips, 59208 frames sampled...
      Read 60000/97464 frames (60000 sampled, 7499 clips processed)...
      Processed 7500 clips, 60008 frames sampled...
      Processed 7600 clips, 60808 frames sampled...
      Processed 7700 clips, 61608 frames sampled...
      Processed 7800 clips, 62408 frames sampled...
      Processed 7900 clips, 63208 frames sampled...
      Processed 8000 clips, 64008 frames sampled...
      Processed 8100 clips, 64808 frames sampled...
      Read 65000/97464 frames (65000 sampled, 8124 clips processed)...
      Processed 8200 clips, 65608 frames sampled...
      Processed 8300 clips, 66408 frames sampled...
      Processed 8400 clips, 67208 frames sampled...
      Processed 8500 clips, 68008 frames sampled...
      Processed 8600 clips, 68808 frames sampled...
      Processed 8700 clips, 69608 frames sampled...
      Read 70000/97464 frames (70000 sampled, 8749 clips processed)...
      Processed 8800 clips, 70408 frames sampled...
      Processed 8900 clips, 71208 frames sampled...
      Processed 9000 clips, 72008 frames sampled...
      Processed 9100 clips, 72808 frames sampled...
      Processed 9200 clips, 73608 frames sampled...
      Processed 9300 clips, 74408 frames sampled...
      Read 75000/97464 frames (75000 sampled, 9374 clips processed)...
      Processed 9400 clips, 75208 frames sampled...
      Processed 9500 clips, 76008 frames sampled...
      Processed 9600 clips, 76808 frames sampled...
      Processed 9700 clips, 77608 frames sampled...
      Processed 9800 clips, 78408 frames sampled...
      Processed 9900 clips, 79208 frames sampled...
      Read 80000/97464 frames (80000 sampled, 9999 clips processed)...
      Processed 10000 clips, 80008 frames sampled...
      Processed 10100 clips, 80808 frames sampled...
      Processed 10200 clips, 81608 frames sampled...
      Processed 10300 clips, 82408 frames sampled...
      Processed 10400 clips, 83208 frames sampled...
      Processed 10500 clips, 84008 frames sampled...
      Processed 10600 clips, 84808 frames sampled...
      Read 85000/97464 frames (85000 sampled, 10624 clips processed)...
      Processed 10700 clips, 85608 frames sampled...
      Processed 10800 clips, 86408 frames sampled...
      Processed 10900 clips, 87208 frames sampled...
      Processed 11000 clips, 88008 frames sampled...
      Processed 11100 clips, 88808 frames sampled...
      Processed 11200 clips, 89608 frames sampled...
      Read 90000/97464 frames (90000 sampled, 11249 clips processed)...
      Processed 11300 clips, 90408 frames sampled...
      Processed 11400 clips, 91208 frames sampled...
      Processed 11500 clips, 92008 frames sampled...
      Processed 11600 clips, 92808 frames sampled...
      Processed 11700 clips, 93608 frames sampled...
      Processed 11800 clips, 94408 frames sampled...
      Read 95000/97464 frames (95000 sampled, 11874 clips processed)...
      Processed 11900 clips, 95208 frames sampled...
      Processed 12000 clips, 96008 frames sampled...
      Processed 12100 clips, 96808 frames sampled...
      Total frames read: 97314
      Total frames sampled: 97314
      Total clips processed: 12163
      Feature extraction complete!
      Final features shape: (97314, 1024)
[ID23]   Features extracted: (97314, 1024)
[ID23] Step 2/4: Converting to binary labels and removing unwanted classes...
[ID23]   Video duration: 3898.56 seconds
      CSV columns: ['start_time', 'end_time', 'licking', 'shaking']
      CSV shape: (3840, 4)
      Total rows in CSV: 3840
      Rows kept after removing shaking: 3789
[ID23]   Original frames: 97314
[ID23]   After removing shaking/licking_shaking: 3789
[ID23] Step 3/4: Balancing classes...
      Before balancing:
        Background: 2710 frames
        Licking: 1079 frames
        Ratio: 2.51:1
      After balancing:
        Background: 1079 frames
        Licking: 1079 frames
        Total: 2158 frames
        Ratio: 1:1
[ID23] Step 4/4: Saving processed data...
[ID23]   Saved features: /data-8tb/nvaci/dataset/dataset_Stanford/FACT_method/preprocessed_data_2class/features/ID23.npy
[ID23]     Shape: (2158, 1024)
[ID23]     Size: 8.43 MB
[ID23]   Final label distribution:
[ID23]     - background: 1079 frames (50.0%)
[ID23]     - licking: 1079 frames (50.0%)
[ID23]   Saved labels: /data-8tb/nvaci/dataset/dataset_Stanford/FACT_method/preprocessed_data_2class/groundTruth/ID23.txt
[ID23] SUCCESS - Video processed successfully

================================================================================
Processing video 24/32: ID24
================================================================================
[ID24] Found label file: 25-021_ID24.csv
[ID24] Step 1/4: Extracting features...
      Opening video file...
      Original video FPS: 25.00
      Original total frames: 96228
      Sample rate: 1 every 1 frames
      Using STREAMING mode - processing clips on-the-fly
      Clip length: 16 frames
      ✓ First clip on device: cuda:0
      Processed 100 clips, 808 frames sampled...
      Processed 200 clips, 1608 frames sampled...
      Processed 300 clips, 2408 frames sampled...
      Processed 400 clips, 3208 frames sampled...
      Processed 500 clips, 4008 frames sampled...
      Processed 600 clips, 4808 frames sampled...
      Read 5000/96228 frames (5000 sampled, 624 clips processed)...
      Processed 700 clips, 5608 frames sampled...
      Processed 800 clips, 6408 frames sampled...
      Processed 900 clips, 7208 frames sampled...
      Processed 1000 clips, 8008 frames sampled...
      Processed 1100 clips, 8808 frames sampled...
      Processed 1200 clips, 9608 frames sampled...
      Read 10000/96228 frames (10000 sampled, 1249 clips processed)...
      Processed 1300 clips, 10408 frames sampled...
      Processed 1400 clips, 11208 frames sampled...
      Processed 1500 clips, 12008 frames sampled...
      Processed 1600 clips, 12808 frames sampled...
      Processed 1700 clips, 13608 frames sampled...
      Processed 1800 clips, 14408 frames sampled...
      Read 15000/96228 frames (15000 sampled, 1874 clips processed)...
      Processed 1900 clips, 15208 frames sampled...
      Processed 2000 clips, 16008 frames sampled...
      Processed 2100 clips, 16808 frames sampled...
      Processed 2200 clips, 17608 frames sampled...
      Processed 2300 clips, 18408 frames sampled...
      Processed 2400 clips, 19208 frames sampled...
      Read 20000/96228 frames (20000 sampled, 2499 clips processed)...
      Processed 2500 clips, 20008 frames sampled...
      Processed 2600 clips, 20808 frames sampled...
      Processed 2700 clips, 21608 frames sampled...
      Processed 2800 clips, 22408 frames sampled...
      Processed 2900 clips, 23208 frames sampled...
      Processed 3000 clips, 24008 frames sampled...
      Processed 3100 clips, 24808 frames sampled...
      Read 25000/96228 frames (25000 sampled, 3124 clips processed)...
      Processed 3200 clips, 25608 frames sampled...
      Processed 3300 clips, 26408 frames sampled...
      Processed 3400 clips, 27208 frames sampled...
      Processed 3500 clips, 28008 frames sampled...
      Processed 3600 clips, 28808 frames sampled...
      Processed 3700 clips, 29608 frames sampled...
      Read 30000/96228 frames (30000 sampled, 3749 clips processed)...
      Processed 3800 clips, 30408 frames sampled...
      Processed 3900 clips, 31208 frames sampled...
      Processed 4000 clips, 32008 frames sampled...
      Processed 4100 clips, 32808 frames sampled...
      Processed 4200 clips, 33608 frames sampled...
      Processed 4300 clips, 34408 frames sampled...
      Read 35000/96228 frames (35000 sampled, 4374 clips processed)...
      Processed 4400 clips, 35208 frames sampled...
      Processed 4500 clips, 36008 frames sampled...
      Processed 4600 clips, 36808 frames sampled...
      Processed 4700 clips, 37608 frames sampled...
      Processed 4800 clips, 38408 frames sampled...
      Processed 4900 clips, 39208 frames sampled...
      Read 40000/96228 frames (40000 sampled, 4999 clips processed)...
      Processed 5000 clips, 40008 frames sampled...
      Processed 5100 clips, 40808 frames sampled...
      Processed 5200 clips, 41608 frames sampled...
      Processed 5300 clips, 42408 frames sampled...
      Processed 5400 clips, 43208 frames sampled...
      Processed 5500 clips, 44008 frames sampled...
      Processed 5600 clips, 44808 frames sampled...
      Read 45000/96228 frames (45000 sampled, 5624 clips processed)...
      Processed 5700 clips, 45608 frames sampled...
      Processed 5800 clips, 46408 frames sampled...
      Processed 5900 clips, 47208 frames sampled...
      Processed 6000 clips, 48008 frames sampled...
      Processed 6100 clips, 48808 frames sampled...
      Processed 6200 clips, 49608 frames sampled...
      Read 50000/96228 frames (50000 sampled, 6249 clips processed)...
      Processed 6300 clips, 50408 frames sampled...
      Processed 6400 clips, 51208 frames sampled...
      Processed 6500 clips, 52008 frames sampled...
      Processed 6600 clips, 52808 frames sampled...
      Processed 6700 clips, 53608 frames sampled...
      Processed 6800 clips, 54408 frames sampled...
      Read 55000/96228 frames (55000 sampled, 6874 clips processed)...
      Processed 6900 clips, 55208 frames sampled...
      Processed 7000 clips, 56008 frames sampled...
      Processed 7100 clips, 56808 frames sampled...
      Processed 7200 clips, 57608 frames sampled...
      Processed 7300 clips, 58408 frames sampled...
      Processed 7400 clips, 59208 frames sampled...
      Read 60000/96228 frames (60000 sampled, 7499 clips processed)...
      Processed 7500 clips, 60008 frames sampled...
      Processed 7600 clips, 60808 frames sampled...
      Processed 7700 clips, 61608 frames sampled...
      Processed 7800 clips, 62408 frames sampled...
      Processed 7900 clips, 63208 frames sampled...
      Processed 8000 clips, 64008 frames sampled...
      Processed 8100 clips, 64808 frames sampled...
      Read 65000/96228 frames (65000 sampled, 8124 clips processed)...
      Processed 8200 clips, 65608 frames sampled...
      Processed 8300 clips, 66408 frames sampled...
      Processed 8400 clips, 67208 frames sampled...
      Processed 8500 clips, 68008 frames sampled...
      Processed 8600 clips, 68808 frames sampled...
      Processed 8700 clips, 69608 frames sampled...
      Read 70000/96228 frames (70000 sampled, 8749 clips processed)...
      Processed 8800 clips, 70408 frames sampled...
      Processed 8900 clips, 71208 frames sampled...
      Processed 9000 clips, 72008 frames sampled...
      Processed 9100 clips, 72808 frames sampled...
      Processed 9200 clips, 73608 frames sampled...
      Processed 9300 clips, 74408 frames sampled...
      Read 75000/96228 frames (75000 sampled, 9374 clips processed)...
      Processed 9400 clips, 75208 frames sampled...
      Processed 9500 clips, 76008 frames sampled...
      Processed 9600 clips, 76808 frames sampled...
      Processed 9700 clips, 77608 frames sampled...
      Processed 9800 clips, 78408 frames sampled...
      Processed 9900 clips, 79208 frames sampled...
      Read 80000/96228 frames (80000 sampled, 9999 clips processed)...
      Processed 10000 clips, 80008 frames sampled...
      Processed 10100 clips, 80808 frames sampled...
      Processed 10200 clips, 81608 frames sampled...
      Processed 10300 clips, 82408 frames sampled...
      Processed 10400 clips, 83208 frames sampled...
      Processed 10500 clips, 84008 frames sampled...
      Processed 10600 clips, 84808 frames sampled...
      Read 85000/96228 frames (85000 sampled, 10624 clips processed)...
      Processed 10700 clips, 85608 frames sampled...
      Processed 10800 clips, 86408 frames sampled...
      Processed 10900 clips, 87208 frames sampled...
      Processed 11000 clips, 88008 frames sampled...
      Processed 11100 clips, 88808 frames sampled...
      Processed 11200 clips, 89608 frames sampled...
      Read 90000/96228 frames (90000 sampled, 11249 clips processed)...
      Processed 11300 clips, 90408 frames sampled...
      Processed 11400 clips, 91208 frames sampled...
      Processed 11500 clips, 92008 frames sampled...
      Processed 11600 clips, 92808 frames sampled...
      Processed 11700 clips, 93608 frames sampled...
      Processed 11800 clips, 94408 frames sampled...
      Read 95000/96228 frames (95000 sampled, 11874 clips processed)...
      Processed 11900 clips, 95208 frames sampled...
      Processed 12000 clips, 96008 frames sampled...
      Total frames read: 96139
      Total frames sampled: 96139
      Total clips processed: 12016
      Feature extraction complete!
      Final features shape: (96139, 1024)
[ID24]   Features extracted: (96139, 1024)
[ID24] Step 2/4: Converting to binary labels and removing unwanted classes...
[ID24]   Video duration: 3849.12 seconds
      CSV columns: ['start_time', 'end_time', 'licking', 'shaking']
      CSV shape: (3840, 4)
      Total rows in CSV: 3840
      Rows kept after removing shaking: 3808
[ID24]   Original frames: 96139
[ID24]   After removing shaking/licking_shaking: 3808
[ID24] Step 3/4: Balancing classes...
      Before balancing:
        Background: 2969 frames
        Licking: 839 frames
        Ratio: 3.54:1
      After balancing:
        Background: 839 frames
        Licking: 839 frames
        Total: 1678 frames
        Ratio: 1:1
[ID24] Step 4/4: Saving processed data...
[ID24]   Saved features: /data-8tb/nvaci/dataset/dataset_Stanford/FACT_method/preprocessed_data_2class/features/ID24.npy
[ID24]     Shape: (1678, 1024)
[ID24]     Size: 6.55 MB
[ID24]   Final label distribution:
[ID24]     - background: 839 frames (50.0%)
[ID24]     - licking: 839 frames (50.0%)
[ID24]   Saved labels: /data-8tb/nvaci/dataset/dataset_Stanford/FACT_method/preprocessed_data_2class/groundTruth/ID24.txt
[ID24] SUCCESS - Video processed successfully

================================================================================
Processing video 25/32: ID25
================================================================================
[ID25] Found label file: 25-021_ID25.csv
[ID25] Step 1/4: Extracting features...
      Opening video file...
      Original video FPS: 25.00
      Original total frames: 100409
      Sample rate: 1 every 1 frames
      Using STREAMING mode - processing clips on-the-fly
      Clip length: 16 frames
      ✓ First clip on device: cuda:0
      Processed 100 clips, 808 frames sampled...
      Processed 200 clips, 1608 frames sampled...
      Processed 300 clips, 2408 frames sampled...
      Processed 400 clips, 3208 frames sampled...
      Processed 500 clips, 4008 frames sampled...
      Processed 600 clips, 4808 frames sampled...
      Read 5000/100409 frames (5000 sampled, 624 clips processed)...
      Processed 700 clips, 5608 frames sampled...
      Processed 800 clips, 6408 frames sampled...
      Processed 900 clips, 7208 frames sampled...
      Processed 1000 clips, 8008 frames sampled...
      Processed 1100 clips, 8808 frames sampled...
      Processed 1200 clips, 9608 frames sampled...
      Read 10000/100409 frames (10000 sampled, 1249 clips processed)...
      Processed 1300 clips, 10408 frames sampled...
      Processed 1400 clips, 11208 frames sampled...
      Processed 1500 clips, 12008 frames sampled...
      Processed 1600 clips, 12808 frames sampled...
      Processed 1700 clips, 13608 frames sampled...
      Processed 1800 clips, 14408 frames sampled...
      Read 15000/100409 frames (15000 sampled, 1874 clips processed)...
      Processed 1900 clips, 15208 frames sampled...
      Processed 2000 clips, 16008 frames sampled...
      Processed 2100 clips, 16808 frames sampled...
      Processed 2200 clips, 17608 frames sampled...
      Processed 2300 clips, 18408 frames sampled...
      Processed 2400 clips, 19208 frames sampled...
      Read 20000/100409 frames (20000 sampled, 2499 clips processed)...
      Processed 2500 clips, 20008 frames sampled...
      Processed 2600 clips, 20808 frames sampled...
      Processed 2700 clips, 21608 frames sampled...
      Processed 2800 clips, 22408 frames sampled...
      Processed 2900 clips, 23208 frames sampled...
      Processed 3000 clips, 24008 frames sampled...
      Processed 3100 clips, 24808 frames sampled...
      Read 25000/100409 frames (25000 sampled, 3124 clips processed)...
      Processed 3200 clips, 25608 frames sampled...
      Processed 3300 clips, 26408 frames sampled...
      Processed 3400 clips, 27208 frames sampled...
      Processed 3500 clips, 28008 frames sampled...
      Processed 3600 clips, 28808 frames sampled...
      Processed 3700 clips, 29608 frames sampled...
      Read 30000/100409 frames (30000 sampled, 3749 clips processed)...
      Processed 3800 clips, 30408 frames sampled...
      Processed 3900 clips, 31208 frames sampled...
      Processed 4000 clips, 32008 frames sampled...
      Processed 4100 clips, 32808 frames sampled...
      Processed 4200 clips, 33608 frames sampled...
      Processed 4300 clips, 34408 frames sampled...
      Read 35000/100409 frames (35000 sampled, 4374 clips processed)...
      Processed 4400 clips, 35208 frames sampled...
      Processed 4500 clips, 36008 frames sampled...
      Processed 4600 clips, 36808 frames sampled...
      Processed 4700 clips, 37608 frames sampled...
      Processed 4800 clips, 38408 frames sampled...
      Processed 4900 clips, 39208 frames sampled...
      Read 40000/100409 frames (40000 sampled, 4999 clips processed)...
      Processed 5000 clips, 40008 frames sampled...
      Processed 5100 clips, 40808 frames sampled...
      Processed 5200 clips, 41608 frames sampled...
      Processed 5300 clips, 42408 frames sampled...
      Processed 5400 clips, 43208 frames sampled...
      Processed 5500 clips, 44008 frames sampled...
      Processed 5600 clips, 44808 frames sampled...
      Read 45000/100409 frames (45000 sampled, 5624 clips processed)...
      Processed 5700 clips, 45608 frames sampled...
      Processed 5800 clips, 46408 frames sampled...
      Processed 5900 clips, 47208 frames sampled...
      Processed 6000 clips, 48008 frames sampled...
      Processed 6100 clips, 48808 frames sampled...
      Processed 6200 clips, 49608 frames sampled...
      Read 50000/100409 frames (50000 sampled, 6249 clips processed)...
      Processed 6300 clips, 50408 frames sampled...
      Processed 6400 clips, 51208 frames sampled...
      Processed 6500 clips, 52008 frames sampled...
      Processed 6600 clips, 52808 frames sampled...
      Processed 6700 clips, 53608 frames sampled...
      Processed 6800 clips, 54408 frames sampled...
      Read 55000/100409 frames (55000 sampled, 6874 clips processed)...
      Processed 6900 clips, 55208 frames sampled...
      Processed 7000 clips, 56008 frames sampled...
      Processed 7100 clips, 56808 frames sampled...
      Processed 7200 clips, 57608 frames sampled...
      Processed 7300 clips, 58408 frames sampled...
      Processed 7400 clips, 59208 frames sampled...
      Read 60000/100409 frames (60000 sampled, 7499 clips processed)...
      Processed 7500 clips, 60008 frames sampled...
      Processed 7600 clips, 60808 frames sampled...
      Processed 7700 clips, 61608 frames sampled...
      Processed 7800 clips, 62408 frames sampled...
      Processed 7900 clips, 63208 frames sampled...
      Processed 8000 clips, 64008 frames sampled...
      Processed 8100 clips, 64808 frames sampled...
      Read 65000/100409 frames (65000 sampled, 8124 clips processed)...
      Processed 8200 clips, 65608 frames sampled...
      Processed 8300 clips, 66408 frames sampled...
      Processed 8400 clips, 67208 frames sampled...
      Processed 8500 clips, 68008 frames sampled...
      Processed 8600 clips, 68808 frames sampled...
      Processed 8700 clips, 69608 frames sampled...
      Read 70000/100409 frames (70000 sampled, 8749 clips processed)...
      Processed 8800 clips, 70408 frames sampled...
      Processed 8900 clips, 71208 frames sampled...
      Processed 9000 clips, 72008 frames sampled...
      Processed 9100 clips, 72808 frames sampled...
      Processed 9200 clips, 73608 frames sampled...
      Processed 9300 clips, 74408 frames sampled...
      Read 75000/100409 frames (75000 sampled, 9374 clips processed)...
      Processed 9400 clips, 75208 frames sampled...
      Processed 9500 clips, 76008 frames sampled...
      Processed 9600 clips, 76808 frames sampled...
      Processed 9700 clips, 77608 frames sampled...
      Processed 9800 clips, 78408 frames sampled...
      Processed 9900 clips, 79208 frames sampled...
      Read 80000/100409 frames (80000 sampled, 9999 clips processed)...
      Processed 10000 clips, 80008 frames sampled...
      Processed 10100 clips, 80808 frames sampled...
      Processed 10200 clips, 81608 frames sampled...
      Processed 10300 clips, 82408 frames sampled...
      Processed 10400 clips, 83208 frames sampled...
      Processed 10500 clips, 84008 frames sampled...
      Processed 10600 clips, 84808 frames sampled...
      Read 85000/100409 frames (85000 sampled, 10624 clips processed)...
      Processed 10700 clips, 85608 frames sampled...
      Processed 10800 clips, 86408 frames sampled...
      Processed 10900 clips, 87208 frames sampled...
      Processed 11000 clips, 88008 frames sampled...
      Processed 11100 clips, 88808 frames sampled...
      Processed 11200 clips, 89608 frames sampled...
      Read 90000/100409 frames (90000 sampled, 11249 clips processed)...
      Processed 11300 clips, 90408 frames sampled...
      Processed 11400 clips, 91208 frames sampled...
      Processed 11500 clips, 92008 frames sampled...
      Processed 11600 clips, 92808 frames sampled...
      Processed 11700 clips, 93608 frames sampled...
      Processed 11800 clips, 94408 frames sampled...
      Read 95000/100409 frames (95000 sampled, 11874 clips processed)...
      Processed 11900 clips, 95208 frames sampled...
      Processed 12000 clips, 96008 frames sampled...
      Processed 12100 clips, 96808 frames sampled...
      Processed 12200 clips, 97608 frames sampled...
      Processed 12300 clips, 98408 frames sampled...
      Processed 12400 clips, 99208 frames sampled...
      Read 100000/100409 frames (100000 sampled, 12499 clips processed)...
      Processed 12500 clips, 100008 frames sampled...
      Total frames read: 100284
      Total frames sampled: 100284
      Total clips processed: 12534
      Feature extraction complete!
      Final features shape: (100284, 1024)
[ID25]   Features extracted: (100284, 1024)
[ID25] Step 2/4: Converting to binary labels and removing unwanted classes...
[ID25]   Video duration: 4016.36 seconds
      CSV columns: ['start_time', 'end_time', 'licking', 'shaking']
      CSV shape: (3840, 4)
      Total rows in CSV: 3840
      Rows kept after removing shaking: 3815
[ID25]   Original frames: 100284
[ID25]   After removing shaking/licking_shaking: 3815
[ID25] Step 3/4: Balancing classes...
      Before balancing:
        Background: 3383 frames
        Licking: 432 frames
        Ratio: 7.83:1
      After balancing:
        Background: 432 frames
        Licking: 432 frames
        Total: 864 frames
        Ratio: 1:1
[ID25] Step 4/4: Saving processed data...
[ID25]   Saved features: /data-8tb/nvaci/dataset/dataset_Stanford/FACT_method/preprocessed_data_2class/features/ID25.npy
[ID25]     Shape: (864, 1024)
[ID25]     Size: 3.38 MB
[ID25]   Final label distribution:
[ID25]     - background: 432 frames (50.0%)
[ID25]     - licking: 432 frames (50.0%)
[ID25]   Saved labels: /data-8tb/nvaci/dataset/dataset_Stanford/FACT_method/preprocessed_data_2class/groundTruth/ID25.txt
[ID25] SUCCESS - Video processed successfully

================================================================================
Processing video 26/32: ID26
================================================================================
[ID26] Found label file: 25-021_ID26.csv
[ID26] Step 1/4: Extracting features...
      Opening video file...
      Original video FPS: 25.00
      Original total frames: 99659
      Sample rate: 1 every 1 frames
      Using STREAMING mode - processing clips on-the-fly
      Clip length: 16 frames
      ✓ First clip on device: cuda:0
      Processed 100 clips, 808 frames sampled...
      Processed 200 clips, 1608 frames sampled...
      Processed 300 clips, 2408 frames sampled...
      Processed 400 clips, 3208 frames sampled...
      Processed 500 clips, 4008 frames sampled...
      Processed 600 clips, 4808 frames sampled...
      Read 5000/99659 frames (5000 sampled, 624 clips processed)...
      Processed 700 clips, 5608 frames sampled...
      Processed 800 clips, 6408 frames sampled...
      Processed 900 clips, 7208 frames sampled...
      Processed 1000 clips, 8008 frames sampled...
      Processed 1100 clips, 8808 frames sampled...
      Processed 1200 clips, 9608 frames sampled...
      Read 10000/99659 frames (10000 sampled, 1249 clips processed)...
      Processed 1300 clips, 10408 frames sampled...
      Processed 1400 clips, 11208 frames sampled...
      Processed 1500 clips, 12008 frames sampled...
      Processed 1600 clips, 12808 frames sampled...
      Processed 1700 clips, 13608 frames sampled...
      Processed 1800 clips, 14408 frames sampled...
      Read 15000/99659 frames (15000 sampled, 1874 clips processed)...
      Processed 1900 clips, 15208 frames sampled...
      Processed 2000 clips, 16008 frames sampled...
      Processed 2100 clips, 16808 frames sampled...
      Processed 2200 clips, 17608 frames sampled...
      Processed 2300 clips, 18408 frames sampled...
      Processed 2400 clips, 19208 frames sampled...
      Read 20000/99659 frames (20000 sampled, 2499 clips processed)...
      Processed 2500 clips, 20008 frames sampled...
      Processed 2600 clips, 20808 frames sampled...
      Processed 2700 clips, 21608 frames sampled...
      Processed 2800 clips, 22408 frames sampled...
      Processed 2900 clips, 23208 frames sampled...
      Processed 3000 clips, 24008 frames sampled...
      Processed 3100 clips, 24808 frames sampled...
      Read 25000/99659 frames (25000 sampled, 3124 clips processed)...
      Processed 3200 clips, 25608 frames sampled...
      Processed 3300 clips, 26408 frames sampled...
      Processed 3400 clips, 27208 frames sampled...
      Processed 3500 clips, 28008 frames sampled...
      Processed 3600 clips, 28808 frames sampled...
      Processed 3700 clips, 29608 frames sampled...
      Read 30000/99659 frames (30000 sampled, 3749 clips processed)...
      Processed 3800 clips, 30408 frames sampled...
      Processed 3900 clips, 31208 frames sampled...
      Processed 4000 clips, 32008 frames sampled...
      Processed 4100 clips, 32808 frames sampled...
      Processed 4200 clips, 33608 frames sampled...
      Processed 4300 clips, 34408 frames sampled...
      Read 35000/99659 frames (35000 sampled, 4374 clips processed)...
      Processed 4400 clips, 35208 frames sampled...
      Processed 4500 clips, 36008 frames sampled...
      Processed 4600 clips, 36808 frames sampled...
      Processed 4700 clips, 37608 frames sampled...
      Processed 4800 clips, 38408 frames sampled...
      Processed 4900 clips, 39208 frames sampled...
      Read 40000/99659 frames (40000 sampled, 4999 clips processed)...
      Processed 5000 clips, 40008 frames sampled...
      Processed 5100 clips, 40808 frames sampled...
      Processed 5200 clips, 41608 frames sampled...
      Processed 5300 clips, 42408 frames sampled...
      Processed 5400 clips, 43208 frames sampled...
      Processed 5500 clips, 44008 frames sampled...
      Processed 5600 clips, 44808 frames sampled...
      Read 45000/99659 frames (45000 sampled, 5624 clips processed)...
      Processed 5700 clips, 45608 frames sampled...
      Processed 5800 clips, 46408 frames sampled...
      Processed 5900 clips, 47208 frames sampled...
      Processed 6000 clips, 48008 frames sampled...
      Processed 6100 clips, 48808 frames sampled...
      Processed 6200 clips, 49608 frames sampled...
      Read 50000/99659 frames (50000 sampled, 6249 clips processed)...
      Processed 6300 clips, 50408 frames sampled...
      Processed 6400 clips, 51208 frames sampled...
      Processed 6500 clips, 52008 frames sampled...
      Processed 6600 clips, 52808 frames sampled...
      Processed 6700 clips, 53608 frames sampled...
      Processed 6800 clips, 54408 frames sampled...
      Read 55000/99659 frames (55000 sampled, 6874 clips processed)...
      Processed 6900 clips, 55208 frames sampled...
      Processed 7000 clips, 56008 frames sampled...
      Processed 7100 clips, 56808 frames sampled...
      Processed 7200 clips, 57608 frames sampled...
      Processed 7300 clips, 58408 frames sampled...
      Processed 7400 clips, 59208 frames sampled...
      Read 60000/99659 frames (60000 sampled, 7499 clips processed)...
      Processed 7500 clips, 60008 frames sampled...
      Processed 7600 clips, 60808 frames sampled...
      Processed 7700 clips, 61608 frames sampled...
      Processed 7800 clips, 62408 frames sampled...
      Processed 7900 clips, 63208 frames sampled...
      Processed 8000 clips, 64008 frames sampled...
      Processed 8100 clips, 64808 frames sampled...
      Read 65000/99659 frames (65000 sampled, 8124 clips processed)...
      Processed 8200 clips, 65608 frames sampled...
      Processed 8300 clips, 66408 frames sampled...
      Processed 8400 clips, 67208 frames sampled...
      Processed 8500 clips, 68008 frames sampled...
      Processed 8600 clips, 68808 frames sampled...
      Processed 8700 clips, 69608 frames sampled...
      Read 70000/99659 frames (70000 sampled, 8749 clips processed)...
      Processed 8800 clips, 70408 frames sampled...
      Processed 8900 clips, 71208 frames sampled...
      Processed 9000 clips, 72008 frames sampled...
      Processed 9100 clips, 72808 frames sampled...
      Processed 9200 clips, 73608 frames sampled...
      Processed 9300 clips, 74408 frames sampled...
      Read 75000/99659 frames (75000 sampled, 9374 clips processed)...
      Processed 9400 clips, 75208 frames sampled...
      Processed 9500 clips, 76008 frames sampled...
      Processed 9600 clips, 76808 frames sampled...
      Processed 9700 clips, 77608 frames sampled...
      Processed 9800 clips, 78408 frames sampled...
      Processed 9900 clips, 79208 frames sampled...
      Read 80000/99659 frames (80000 sampled, 9999 clips processed)...
      Processed 10000 clips, 80008 frames sampled...
      Processed 10100 clips, 80808 frames sampled...
      Processed 10200 clips, 81608 frames sampled...
      Processed 10300 clips, 82408 frames sampled...
      Processed 10400 clips, 83208 frames sampled...
      Processed 10500 clips, 84008 frames sampled...
      Processed 10600 clips, 84808 frames sampled...
      Read 85000/99659 frames (85000 sampled, 10624 clips processed)...
      Processed 10700 clips, 85608 frames sampled...
      Processed 10800 clips, 86408 frames sampled...
      Processed 10900 clips, 87208 frames sampled...
      Processed 11000 clips, 88008 frames sampled...
      Processed 11100 clips, 88808 frames sampled...
      Processed 11200 clips, 89608 frames sampled...
      Read 90000/99659 frames (90000 sampled, 11249 clips processed)...
      Processed 11300 clips, 90408 frames sampled...
      Processed 11400 clips, 91208 frames sampled...
      Processed 11500 clips, 92008 frames sampled...
      Processed 11600 clips, 92808 frames sampled...
      Processed 11700 clips, 93608 frames sampled...
      Processed 11800 clips, 94408 frames sampled...
      Read 95000/99659 frames (95000 sampled, 11874 clips processed)...
      Processed 11900 clips, 95208 frames sampled...
      Processed 12000 clips, 96008 frames sampled...
      Processed 12100 clips, 96808 frames sampled...
      Processed 12200 clips, 97608 frames sampled...
      Processed 12300 clips, 98408 frames sampled...
      Processed 12400 clips, 99208 frames sampled...
      Total frames read: 99484
      Total frames sampled: 99484
      Total clips processed: 12434
      Feature extraction complete!
      Final features shape: (99484, 1024)
[ID26]   Features extracted: (99484, 1024)
[ID26] Step 2/4: Converting to binary labels and removing unwanted classes...
[ID26]   Video duration: 3986.36 seconds
      CSV columns: ['start_time', 'end_time', 'licking', 'shaking']
      CSV shape: (3840, 4)
      Total rows in CSV: 3840
      Rows kept after removing shaking: 3829
[ID26]   Original frames: 99484
[ID26]   After removing shaking/licking_shaking: 3829
[ID26] Step 3/4: Balancing classes...
      Before balancing:
        Background: 3321 frames
        Licking: 508 frames
        Ratio: 6.54:1
      After balancing:
        Background: 508 frames
        Licking: 508 frames
        Total: 1016 frames
        Ratio: 1:1
[ID26] Step 4/4: Saving processed data...
[ID26]   Saved features: /data-8tb/nvaci/dataset/dataset_Stanford/FACT_method/preprocessed_data_2class/features/ID26.npy
[ID26]     Shape: (1016, 1024)
[ID26]     Size: 3.97 MB
[ID26]   Final label distribution:
[ID26]     - background: 508 frames (50.0%)
[ID26]     - licking: 508 frames (50.0%)
[ID26]   Saved labels: /data-8tb/nvaci/dataset/dataset_Stanford/FACT_method/preprocessed_data_2class/groundTruth/ID26.txt
[ID26] SUCCESS - Video processed successfully

================================================================================
Processing video 27/32: ID27
================================================================================
[ID27] Found label file: 25-021_ID27.csv
[ID27] Step 1/4: Extracting features...
      Opening video file...
      Original video FPS: 25.00
      Original total frames: 97975
      Sample rate: 1 every 1 frames
      Using STREAMING mode - processing clips on-the-fly
      Clip length: 16 frames
      ✓ First clip on device: cuda:0
      Processed 100 clips, 808 frames sampled...
      Processed 200 clips, 1608 frames sampled...
      Processed 300 clips, 2408 frames sampled...
      Processed 400 clips, 3208 frames sampled...
      Processed 500 clips, 4008 frames sampled...
      Processed 600 clips, 4808 frames sampled...
      Read 5000/97975 frames (5000 sampled, 624 clips processed)...
      Processed 700 clips, 5608 frames sampled...
      Processed 800 clips, 6408 frames sampled...
      Processed 900 clips, 7208 frames sampled...
      Processed 1000 clips, 8008 frames sampled...
      Processed 1100 clips, 8808 frames sampled...
      Processed 1200 clips, 9608 frames sampled...
      Read 10000/97975 frames (10000 sampled, 1249 clips processed)...
      Processed 1300 clips, 10408 frames sampled...
      Processed 1400 clips, 11208 frames sampled...
      Processed 1500 clips, 12008 frames sampled...
      Processed 1600 clips, 12808 frames sampled...
      Processed 1700 clips, 13608 frames sampled...
      Processed 1800 clips, 14408 frames sampled...
      Read 15000/97975 frames (15000 sampled, 1874 clips processed)...
      Processed 1900 clips, 15208 frames sampled...
      Processed 2000 clips, 16008 frames sampled...
      Processed 2100 clips, 16808 frames sampled...
      Processed 2200 clips, 17608 frames sampled...
      Processed 2300 clips, 18408 frames sampled...
      Processed 2400 clips, 19208 frames sampled...
      Read 20000/97975 frames (20000 sampled, 2499 clips processed)...
      Processed 2500 clips, 20008 frames sampled...
      Processed 2600 clips, 20808 frames sampled...
      Processed 2700 clips, 21608 frames sampled...
      Processed 2800 clips, 22408 frames sampled...
      Processed 2900 clips, 23208 frames sampled...
      Processed 3000 clips, 24008 frames sampled...
      Processed 3100 clips, 24808 frames sampled...
      Read 25000/97975 frames (25000 sampled, 3124 clips processed)...
      Processed 3200 clips, 25608 frames sampled...
      Processed 3300 clips, 26408 frames sampled...
      Processed 3400 clips, 27208 frames sampled...
      Processed 3500 clips, 28008 frames sampled...
      Processed 3600 clips, 28808 frames sampled...
      Processed 3700 clips, 29608 frames sampled...
      Read 30000/97975 frames (30000 sampled, 3749 clips processed)...
      Processed 3800 clips, 30408 frames sampled...
      Processed 3900 clips, 31208 frames sampled...
      Processed 4000 clips, 32008 frames sampled...
      Processed 4100 clips, 32808 frames sampled...
      Processed 4200 clips, 33608 frames sampled...
      Processed 4300 clips, 34408 frames sampled...
      Read 35000/97975 frames (35000 sampled, 4374 clips processed)...
      Processed 4400 clips, 35208 frames sampled...
      Processed 4500 clips, 36008 frames sampled...
      Processed 4600 clips, 36808 frames sampled...
      Processed 4700 clips, 37608 frames sampled...
      Processed 4800 clips, 38408 frames sampled...
      Processed 4900 clips, 39208 frames sampled...
      Read 40000/97975 frames (40000 sampled, 4999 clips processed)...
      Processed 5000 clips, 40008 frames sampled...
      Processed 5100 clips, 40808 frames sampled...
      Processed 5200 clips, 41608 frames sampled...
      Processed 5300 clips, 42408 frames sampled...
      Processed 5400 clips, 43208 frames sampled...
      Processed 5500 clips, 44008 frames sampled...
      Processed 5600 clips, 44808 frames sampled...
      Read 45000/97975 frames (45000 sampled, 5624 clips processed)...
      Processed 5700 clips, 45608 frames sampled...
      Processed 5800 clips, 46408 frames sampled...
      Processed 5900 clips, 47208 frames sampled...
      Processed 6000 clips, 48008 frames sampled...
      Processed 6100 clips, 48808 frames sampled...
      Processed 6200 clips, 49608 frames sampled...
      Read 50000/97975 frames (50000 sampled, 6249 clips processed)...
      Processed 6300 clips, 50408 frames sampled...
      Processed 6400 clips, 51208 frames sampled...
      Processed 6500 clips, 52008 frames sampled...
      Processed 6600 clips, 52808 frames sampled...
      Processed 6700 clips, 53608 frames sampled...
      Processed 6800 clips, 54408 frames sampled...
      Read 55000/97975 frames (55000 sampled, 6874 clips processed)...
      Processed 6900 clips, 55208 frames sampled...
      Processed 7000 clips, 56008 frames sampled...
      Processed 7100 clips, 56808 frames sampled...
      Processed 7200 clips, 57608 frames sampled...
      Processed 7300 clips, 58408 frames sampled...
      Processed 7400 clips, 59208 frames sampled...
      Read 60000/97975 frames (60000 sampled, 7499 clips processed)...
      Processed 7500 clips, 60008 frames sampled...
      Processed 7600 clips, 60808 frames sampled...
      Processed 7700 clips, 61608 frames sampled...
      Processed 7800 clips, 62408 frames sampled...
      Processed 7900 clips, 63208 frames sampled...
      Processed 8000 clips, 64008 frames sampled...
      Processed 8100 clips, 64808 frames sampled...
      Read 65000/97975 frames (65000 sampled, 8124 clips processed)...
      Processed 8200 clips, 65608 frames sampled...
      Processed 8300 clips, 66408 frames sampled...
      Processed 8400 clips, 67208 frames sampled...
      Processed 8500 clips, 68008 frames sampled...
      Processed 8600 clips, 68808 frames sampled...
      Processed 8700 clips, 69608 frames sampled...
      Read 70000/97975 frames (70000 sampled, 8749 clips processed)...
      Processed 8800 clips, 70408 frames sampled...
      Processed 8900 clips, 71208 frames sampled...
      Processed 9000 clips, 72008 frames sampled...
      Processed 9100 clips, 72808 frames sampled...
      Processed 9200 clips, 73608 frames sampled...
      Processed 9300 clips, 74408 frames sampled...
      Read 75000/97975 frames (75000 sampled, 9374 clips processed)...
      Processed 9400 clips, 75208 frames sampled...
      Processed 9500 clips, 76008 frames sampled...
      Processed 9600 clips, 76808 frames sampled...
      Processed 9700 clips, 77608 frames sampled...
      Processed 9800 clips, 78408 frames sampled...
      Processed 9900 clips, 79208 frames sampled...
      Read 80000/97975 frames (80000 sampled, 9999 clips processed)...
      Processed 10000 clips, 80008 frames sampled...
      Processed 10100 clips, 80808 frames sampled...
      Processed 10200 clips, 81608 frames sampled...
      Processed 10300 clips, 82408 frames sampled...
      Processed 10400 clips, 83208 frames sampled...
      Processed 10500 clips, 84008 frames sampled...
      Processed 10600 clips, 84808 frames sampled...
      Read 85000/97975 frames (85000 sampled, 10624 clips processed)...
      Processed 10700 clips, 85608 frames sampled...
      Processed 10800 clips, 86408 frames sampled...
      Processed 10900 clips, 87208 frames sampled...
      Processed 11000 clips, 88008 frames sampled...
      Processed 11100 clips, 88808 frames sampled...
      Processed 11200 clips, 89608 frames sampled...
      Read 90000/97975 frames (90000 sampled, 11249 clips processed)...
      Processed 11300 clips, 90408 frames sampled...
      Processed 11400 clips, 91208 frames sampled...
      Processed 11500 clips, 92008 frames sampled...
      Processed 11600 clips, 92808 frames sampled...
      Processed 11700 clips, 93608 frames sampled...
      Processed 11800 clips, 94408 frames sampled...
      Read 95000/97975 frames (95000 sampled, 11874 clips processed)...
      Processed 11900 clips, 95208 frames sampled...
      Processed 12000 clips, 96008 frames sampled...
      Processed 12100 clips, 96808 frames sampled...
      Processed 12200 clips, 97608 frames sampled...
      Total frames read: 97884
      Total frames sampled: 97884
      Total clips processed: 12234
      Feature extraction complete!
      Final features shape: (97884, 1024)
[ID27]   Features extracted: (97884, 1024)
[ID27] Step 2/4: Converting to binary labels and removing unwanted classes...
[ID27]   Video duration: 3919.00 seconds
      CSV columns: ['start_time', 'end_time', 'licking', 'shaking']
      CSV shape: (3840, 4)
      Total rows in CSV: 3840
      Rows kept after removing shaking: 3840
[ID27]   Original frames: 97884
[ID27]   After removing shaking/licking_shaking: 3840
[ID27] Step 3/4: Balancing classes...
      Before balancing:
        Background: 3788 frames
        Licking: 52 frames
        Ratio: 72.85:1
      After balancing:
        Background: 52 frames
        Licking: 52 frames
        Total: 104 frames
        Ratio: 1:1
[ID27] Step 4/4: Saving processed data...
[ID27]   Saved features: /data-8tb/nvaci/dataset/dataset_Stanford/FACT_method/preprocessed_data_2class/features/ID27.npy
[ID27]     Shape: (104, 1024)
[ID27]     Size: 0.41 MB
[ID27]   Final label distribution:
[ID27]     - background: 52 frames (50.0%)
[ID27]     - licking: 52 frames (50.0%)
[ID27]   Saved labels: /data-8tb/nvaci/dataset/dataset_Stanford/FACT_method/preprocessed_data_2class/groundTruth/ID27.txt
[ID27] SUCCESS - Video processed successfully

================================================================================
Processing video 28/32: ID28
================================================================================
[ID28] Found label file: 25-021_ID28.csv
[ID28] Step 1/4: Extracting features...
      Opening video file...
      Original video FPS: 25.00
      Original total frames: 96960
      Sample rate: 1 every 1 frames
      Using STREAMING mode - processing clips on-the-fly
      Clip length: 16 frames
      ✓ First clip on device: cuda:0
      Processed 100 clips, 808 frames sampled...
      Processed 200 clips, 1608 frames sampled...
      Processed 300 clips, 2408 frames sampled...
      Processed 400 clips, 3208 frames sampled...
      Processed 500 clips, 4008 frames sampled...
      Processed 600 clips, 4808 frames sampled...
      Read 5000/96960 frames (5000 sampled, 624 clips processed)...
      Processed 700 clips, 5608 frames sampled...
      Processed 800 clips, 6408 frames sampled...
      Processed 900 clips, 7208 frames sampled...
      Processed 1000 clips, 8008 frames sampled...
      Processed 1100 clips, 8808 frames sampled...
      Processed 1200 clips, 9608 frames sampled...
      Read 10000/96960 frames (10000 sampled, 1249 clips processed)...
      Processed 1300 clips, 10408 frames sampled...
      Processed 1400 clips, 11208 frames sampled...
      Processed 1500 clips, 12008 frames sampled...
      Processed 1600 clips, 12808 frames sampled...
      Processed 1700 clips, 13608 frames sampled...
      Processed 1800 clips, 14408 frames sampled...
      Read 15000/96960 frames (15000 sampled, 1874 clips processed)...
      Processed 1900 clips, 15208 frames sampled...
      Processed 2000 clips, 16008 frames sampled...
      Processed 2100 clips, 16808 frames sampled...
      Processed 2200 clips, 17608 frames sampled...
      Processed 2300 clips, 18408 frames sampled...
      Processed 2400 clips, 19208 frames sampled...
      Read 20000/96960 frames (20000 sampled, 2499 clips processed)...
      Processed 2500 clips, 20008 frames sampled...
      Processed 2600 clips, 20808 frames sampled...
      Processed 2700 clips, 21608 frames sampled...
      Processed 2800 clips, 22408 frames sampled...
      Processed 2900 clips, 23208 frames sampled...
      Processed 3000 clips, 24008 frames sampled...
      Processed 3100 clips, 24808 frames sampled...
      Read 25000/96960 frames (25000 sampled, 3124 clips processed)...
      Processed 3200 clips, 25608 frames sampled...
      Processed 3300 clips, 26408 frames sampled...
      Processed 3400 clips, 27208 frames sampled...
      Processed 3500 clips, 28008 frames sampled...
      Processed 3600 clips, 28808 frames sampled...
      Processed 3700 clips, 29608 frames sampled...
      Read 30000/96960 frames (30000 sampled, 3749 clips processed)...
      Processed 3800 clips, 30408 frames sampled...
      Processed 3900 clips, 31208 frames sampled...
      Processed 4000 clips, 32008 frames sampled...
      Processed 4100 clips, 32808 frames sampled...
      Processed 4200 clips, 33608 frames sampled...
      Processed 4300 clips, 34408 frames sampled...
      Read 35000/96960 frames (35000 sampled, 4374 clips processed)...
      Processed 4400 clips, 35208 frames sampled...
      Processed 4500 clips, 36008 frames sampled...
      Processed 4600 clips, 36808 frames sampled...
      Processed 4700 clips, 37608 frames sampled...
      Processed 4800 clips, 38408 frames sampled...
      Processed 4900 clips, 39208 frames sampled...
      Read 40000/96960 frames (40000 sampled, 4999 clips processed)...
      Processed 5000 clips, 40008 frames sampled...
      Processed 5100 clips, 40808 frames sampled...
      Processed 5200 clips, 41608 frames sampled...
      Processed 5300 clips, 42408 frames sampled...
      Processed 5400 clips, 43208 frames sampled...
      Processed 5500 clips, 44008 frames sampled...
      Processed 5600 clips, 44808 frames sampled...
      Read 45000/96960 frames (45000 sampled, 5624 clips processed)...
      Processed 5700 clips, 45608 frames sampled...
      Processed 5800 clips, 46408 frames sampled...
      Processed 5900 clips, 47208 frames sampled...
      Processed 6000 clips, 48008 frames sampled...
      Processed 6100 clips, 48808 frames sampled...
      Processed 6200 clips, 49608 frames sampled...
      Read 50000/96960 frames (50000 sampled, 6249 clips processed)...
      Processed 6300 clips, 50408 frames sampled...
      Processed 6400 clips, 51208 frames sampled...
      Processed 6500 clips, 52008 frames sampled...
      Processed 6600 clips, 52808 frames sampled...
      Processed 6700 clips, 53608 frames sampled...
      Processed 6800 clips, 54408 frames sampled...
      Read 55000/96960 frames (55000 sampled, 6874 clips processed)...
      Processed 6900 clips, 55208 frames sampled...
      Processed 7000 clips, 56008 frames sampled...
      Processed 7100 clips, 56808 frames sampled...
      Processed 7200 clips, 57608 frames sampled...
      Processed 7300 clips, 58408 frames sampled...
      Processed 7400 clips, 59208 frames sampled...
      Read 60000/96960 frames (60000 sampled, 7499 clips processed)...
      Processed 7500 clips, 60008 frames sampled...
      Processed 7600 clips, 60808 frames sampled...
      Processed 7700 clips, 61608 frames sampled...
      Processed 7800 clips, 62408 frames sampled...
      Processed 7900 clips, 63208 frames sampled...
      Processed 8000 clips, 64008 frames sampled...
      Processed 8100 clips, 64808 frames sampled...
      Read 65000/96960 frames (65000 sampled, 8124 clips processed)...
      Processed 8200 clips, 65608 frames sampled...
      Processed 8300 clips, 66408 frames sampled...
      Processed 8400 clips, 67208 frames sampled...
      Processed 8500 clips, 68008 frames sampled...
      Processed 8600 clips, 68808 frames sampled...
      Processed 8700 clips, 69608 frames sampled...
      Read 70000/96960 frames (70000 sampled, 8749 clips processed)...
      Processed 8800 clips, 70408 frames sampled...
      Processed 8900 clips, 71208 frames sampled...
      Processed 9000 clips, 72008 frames sampled...
      Processed 9100 clips, 72808 frames sampled...
      Processed 9200 clips, 73608 frames sampled...
      Processed 9300 clips, 74408 frames sampled...
      Read 75000/96960 frames (75000 sampled, 9374 clips processed)...
      Processed 9400 clips, 75208 frames sampled...
      Processed 9500 clips, 76008 frames sampled...
      Processed 9600 clips, 76808 frames sampled...
      Processed 9700 clips, 77608 frames sampled...
      Processed 9800 clips, 78408 frames sampled...
      Processed 9900 clips, 79208 frames sampled...
      Read 80000/96960 frames (80000 sampled, 9999 clips processed)...
      Processed 10000 clips, 80008 frames sampled...
      Processed 10100 clips, 80808 frames sampled...
      Processed 10200 clips, 81608 frames sampled...
      Processed 10300 clips, 82408 frames sampled...
      Processed 10400 clips, 83208 frames sampled...
      Processed 10500 clips, 84008 frames sampled...
      Processed 10600 clips, 84808 frames sampled...
      Read 85000/96960 frames (85000 sampled, 10624 clips processed)...
      Processed 10700 clips, 85608 frames sampled...
      Processed 10800 clips, 86408 frames sampled...
      Processed 10900 clips, 87208 frames sampled...
      Processed 11000 clips, 88008 frames sampled...
      Processed 11100 clips, 88808 frames sampled...
      Processed 11200 clips, 89608 frames sampled...
      Read 90000/96960 frames (90000 sampled, 11249 clips processed)...
      Processed 11300 clips, 90408 frames sampled...
      Processed 11400 clips, 91208 frames sampled...
      Processed 11500 clips, 92008 frames sampled...
      Processed 11600 clips, 92808 frames sampled...
      Processed 11700 clips, 93608 frames sampled...
      Processed 11800 clips, 94408 frames sampled...
      Read 95000/96960 frames (95000 sampled, 11874 clips processed)...
      Processed 11900 clips, 95208 frames sampled...
      Processed 12000 clips, 96008 frames sampled...
      Processed 12100 clips, 96808 frames sampled...
      Total frames read: 96859
      Total frames sampled: 96859
      Total clips processed: 12106
      Feature extraction complete!
      Final features shape: (96859, 1024)
[ID28]   Features extracted: (96859, 1024)
[ID28] Step 2/4: Converting to binary labels and removing unwanted classes...
[ID28]   Video duration: 3878.40 seconds
      CSV columns: ['start_time', 'end_time', 'licking', 'shaking']
      CSV shape: (3840, 4)
      Total rows in CSV: 3840
      Rows kept after removing shaking: 3822
[ID28]   Original frames: 96859
[ID28]   After removing shaking/licking_shaking: 3822
[ID28] Step 3/4: Balancing classes...
      Before balancing:
        Background: 3114 frames
        Licking: 708 frames
        Ratio: 4.40:1
      After balancing:
        Background: 708 frames
        Licking: 708 frames
        Total: 1416 frames
        Ratio: 1:1
[ID28] Step 4/4: Saving processed data...
[ID28]   Saved features: /data-8tb/nvaci/dataset/dataset_Stanford/FACT_method/preprocessed_data_2class/features/ID28.npy
[ID28]     Shape: (1416, 1024)
[ID28]     Size: 5.53 MB
[ID28]   Final label distribution:
[ID28]     - background: 708 frames (50.0%)
[ID28]     - licking: 708 frames (50.0%)
[ID28]   Saved labels: /data-8tb/nvaci/dataset/dataset_Stanford/FACT_method/preprocessed_data_2class/groundTruth/ID28.txt
[ID28] SUCCESS - Video processed successfully

================================================================================
Processing video 29/32: ID29
================================================================================
[ID29] Found label file: 25-021_ID29.csv
[ID29] Step 1/4: Extracting features...
      Opening video file...
      Original video FPS: 25.00
      Original total frames: 95496
      Sample rate: 1 every 1 frames
      Using STREAMING mode - processing clips on-the-fly
      Clip length: 16 frames
      ✓ First clip on device: cuda:0
      Processed 100 clips, 808 frames sampled...
      Processed 200 clips, 1608 frames sampled...
      Processed 300 clips, 2408 frames sampled...
      Processed 400 clips, 3208 frames sampled...
      Processed 500 clips, 4008 frames sampled...
      Processed 600 clips, 4808 frames sampled...
      Read 5000/95496 frames (5000 sampled, 624 clips processed)...
      Processed 700 clips, 5608 frames sampled...
      Processed 800 clips, 6408 frames sampled...
      Processed 900 clips, 7208 frames sampled...
      Processed 1000 clips, 8008 frames sampled...
      Processed 1100 clips, 8808 frames sampled...
      Processed 1200 clips, 9608 frames sampled...
      Read 10000/95496 frames (10000 sampled, 1249 clips processed)...
      Processed 1300 clips, 10408 frames sampled...
      Processed 1400 clips, 11208 frames sampled...
      Processed 1500 clips, 12008 frames sampled...
      Processed 1600 clips, 12808 frames sampled...
      Processed 1700 clips, 13608 frames sampled...
      Processed 1800 clips, 14408 frames sampled...
      Read 15000/95496 frames (15000 sampled, 1874 clips processed)...
      Processed 1900 clips, 15208 frames sampled...
      Processed 2000 clips, 16008 frames sampled...
      Processed 2100 clips, 16808 frames sampled...
      Processed 2200 clips, 17608 frames sampled...
      Processed 2300 clips, 18408 frames sampled...
      Processed 2400 clips, 19208 frames sampled...
      Read 20000/95496 frames (20000 sampled, 2499 clips processed)...
      Processed 2500 clips, 20008 frames sampled...
      Processed 2600 clips, 20808 frames sampled...
      Processed 2700 clips, 21608 frames sampled...
      Processed 2800 clips, 22408 frames sampled...
      Processed 2900 clips, 23208 frames sampled...
      Processed 3000 clips, 24008 frames sampled...
      Processed 3100 clips, 24808 frames sampled...
      Read 25000/95496 frames (25000 sampled, 3124 clips processed)...
      Processed 3200 clips, 25608 frames sampled...
      Processed 3300 clips, 26408 frames sampled...
      Processed 3400 clips, 27208 frames sampled...
      Processed 3500 clips, 28008 frames sampled...
      Processed 3600 clips, 28808 frames sampled...
      Processed 3700 clips, 29608 frames sampled...
      Read 30000/95496 frames (30000 sampled, 3749 clips processed)...
      Processed 3800 clips, 30408 frames sampled...
      Processed 3900 clips, 31208 frames sampled...
      Processed 4000 clips, 32008 frames sampled...
      Processed 4100 clips, 32808 frames sampled...
      Processed 4200 clips, 33608 frames sampled...
      Processed 4300 clips, 34408 frames sampled...
      Read 35000/95496 frames (35000 sampled, 4374 clips processed)...
      Processed 4400 clips, 35208 frames sampled...
      Processed 4500 clips, 36008 frames sampled...
      Processed 4600 clips, 36808 frames sampled...
      Processed 4700 clips, 37608 frames sampled...
      Processed 4800 clips, 38408 frames sampled...
      Processed 4900 clips, 39208 frames sampled...
      Read 40000/95496 frames (40000 sampled, 4999 clips processed)...
      Processed 5000 clips, 40008 frames sampled...
      Processed 5100 clips, 40808 frames sampled...
      Processed 5200 clips, 41608 frames sampled...
      Processed 5300 clips, 42408 frames sampled...
      Processed 5400 clips, 43208 frames sampled...
      Processed 5500 clips, 44008 frames sampled...
      Processed 5600 clips, 44808 frames sampled...
      Read 45000/95496 frames (45000 sampled, 5624 clips processed)...
      Processed 5700 clips, 45608 frames sampled...
      Processed 5800 clips, 46408 frames sampled...
      Processed 5900 clips, 47208 frames sampled...
      Processed 6000 clips, 48008 frames sampled...
      Processed 6100 clips, 48808 frames sampled...
      Processed 6200 clips, 49608 frames sampled...
      Read 50000/95496 frames (50000 sampled, 6249 clips processed)...
      Processed 6300 clips, 50408 frames sampled...
      Processed 6400 clips, 51208 frames sampled...
      Processed 6500 clips, 52008 frames sampled...
      Processed 6600 clips, 52808 frames sampled...
      Processed 6700 clips, 53608 frames sampled...
      Processed 6800 clips, 54408 frames sampled...
      Read 55000/95496 frames (55000 sampled, 6874 clips processed)...
      Processed 6900 clips, 55208 frames sampled...
      Processed 7000 clips, 56008 frames sampled...
      Processed 7100 clips, 56808 frames sampled...
      Processed 7200 clips, 57608 frames sampled...
      Processed 7300 clips, 58408 frames sampled...
      Processed 7400 clips, 59208 frames sampled...
      Read 60000/95496 frames (60000 sampled, 7499 clips processed)...
      Processed 7500 clips, 60008 frames sampled...
      Processed 7600 clips, 60808 frames sampled...
      Processed 7700 clips, 61608 frames sampled...
      Processed 7800 clips, 62408 frames sampled...
      Processed 7900 clips, 63208 frames sampled...
      Processed 8000 clips, 64008 frames sampled...
      Processed 8100 clips, 64808 frames sampled...
      Read 65000/95496 frames (65000 sampled, 8124 clips processed)...
      Processed 8200 clips, 65608 frames sampled...
      Processed 8300 clips, 66408 frames sampled...
      Processed 8400 clips, 67208 frames sampled...
      Processed 8500 clips, 68008 frames sampled...
      Processed 8600 clips, 68808 frames sampled...
      Processed 8700 clips, 69608 frames sampled...
      Read 70000/95496 frames (70000 sampled, 8749 clips processed)...
      Processed 8800 clips, 70408 frames sampled...
      Processed 8900 clips, 71208 frames sampled...
      Processed 9000 clips, 72008 frames sampled...
      Processed 9100 clips, 72808 frames sampled...
      Processed 9200 clips, 73608 frames sampled...
      Processed 9300 clips, 74408 frames sampled...
      Read 75000/95496 frames (75000 sampled, 9374 clips processed)...
      Processed 9400 clips, 75208 frames sampled...
      Processed 9500 clips, 76008 frames sampled...
      Processed 9600 clips, 76808 frames sampled...
      Processed 9700 clips, 77608 frames sampled...
      Processed 9800 clips, 78408 frames sampled...
      Processed 9900 clips, 79208 frames sampled...
      Read 80000/95496 frames (80000 sampled, 9999 clips processed)...
      Processed 10000 clips, 80008 frames sampled...
      Processed 10100 clips, 80808 frames sampled...
      Processed 10200 clips, 81608 frames sampled...
      Processed 10300 clips, 82408 frames sampled...
      Processed 10400 clips, 83208 frames sampled...
      Processed 10500 clips, 84008 frames sampled...
      Processed 10600 clips, 84808 frames sampled...
      Read 85000/95496 frames (85000 sampled, 10624 clips processed)...
      Processed 10700 clips, 85608 frames sampled...
      Processed 10800 clips, 86408 frames sampled...
      Processed 10900 clips, 87208 frames sampled...
      Processed 11000 clips, 88008 frames sampled...
      Processed 11100 clips, 88808 frames sampled...
      Processed 11200 clips, 89608 frames sampled...
      Read 90000/95496 frames (90000 sampled, 11249 clips processed)...
      Processed 11300 clips, 90408 frames sampled...
      Processed 11400 clips, 91208 frames sampled...
      Processed 11500 clips, 92008 frames sampled...
      Processed 11600 clips, 92808 frames sampled...
      Processed 11700 clips, 93608 frames sampled...
      Processed 11800 clips, 94408 frames sampled...
      Read 95000/95496 frames (95000 sampled, 11874 clips processed)...
      Processed 11900 clips, 95208 frames sampled...
      Total frames read: 95484
      Total frames sampled: 95484
      Total clips processed: 11934
      Feature extraction complete!
      Final features shape: (95484, 1024)
[ID29]   Features extracted: (95484, 1024)
[ID29] Step 2/4: Converting to binary labels and removing unwanted classes...
[ID29]   Video duration: 3819.84 seconds
      CSV columns: ['start_time', 'end_time', 'licking', 'shaking']
      CSV shape: (3840, 4)
      Total rows in CSV: 3840
      Rows kept after removing shaking: 3827
[ID29]   Original frames: 95484
[ID29]   After removing shaking/licking_shaking: 3827
[ID29] Step 3/4: Balancing classes...
      Before balancing:
        Background: 2947 frames
        Licking: 880 frames
        Ratio: 3.35:1
      After balancing:
        Background: 880 frames
        Licking: 880 frames
        Total: 1760 frames
        Ratio: 1:1
[ID29] Step 4/4: Saving processed data...
[ID29]   Saved features: /data-8tb/nvaci/dataset/dataset_Stanford/FACT_method/preprocessed_data_2class/features/ID29.npy
[ID29]     Shape: (1760, 1024)
[ID29]     Size: 6.88 MB
[ID29]   Final label distribution:
[ID29]     - background: 880 frames (50.0%)
[ID29]     - licking: 880 frames (50.0%)
[ID29]   Saved labels: /data-8tb/nvaci/dataset/dataset_Stanford/FACT_method/preprocessed_data_2class/groundTruth/ID29.txt
[ID29] SUCCESS - Video processed successfully

================================================================================
Processing video 30/32: ID30
================================================================================
[ID30] Found label file: 25-021_ID30.csv
[ID30] Step 1/4: Extracting features...
      Opening video file...
      Original video FPS: 25.00
      Original total frames: 94672
      Sample rate: 1 every 1 frames
      Using STREAMING mode - processing clips on-the-fly
      Clip length: 16 frames
      ✓ First clip on device: cuda:0
      Processed 100 clips, 808 frames sampled...
      Processed 200 clips, 1608 frames sampled...
      Processed 300 clips, 2408 frames sampled...
      Processed 400 clips, 3208 frames sampled...
      Processed 500 clips, 4008 frames sampled...
      Processed 600 clips, 4808 frames sampled...
      Read 5000/94672 frames (5000 sampled, 624 clips processed)...
      Processed 700 clips, 5608 frames sampled...
      Processed 800 clips, 6408 frames sampled...
      Processed 900 clips, 7208 frames sampled...
      Processed 1000 clips, 8008 frames sampled...
      Processed 1100 clips, 8808 frames sampled...
      Processed 1200 clips, 9608 frames sampled...
      Read 10000/94672 frames (10000 sampled, 1249 clips processed)...
      Processed 1300 clips, 10408 frames sampled...
      Processed 1400 clips, 11208 frames sampled...
      Processed 1500 clips, 12008 frames sampled...
      Processed 1600 clips, 12808 frames sampled...
      Processed 1700 clips, 13608 frames sampled...
      Processed 1800 clips, 14408 frames sampled...
      Read 15000/94672 frames (15000 sampled, 1874 clips processed)...
      Processed 1900 clips, 15208 frames sampled...
      Processed 2000 clips, 16008 frames sampled...
      Processed 2100 clips, 16808 frames sampled...
      Processed 2200 clips, 17608 frames sampled...
      Processed 2300 clips, 18408 frames sampled...
      Processed 2400 clips, 19208 frames sampled...
      Read 20000/94672 frames (20000 sampled, 2499 clips processed)...
      Processed 2500 clips, 20008 frames sampled...
      Processed 2600 clips, 20808 frames sampled...
      Processed 2700 clips, 21608 frames sampled...
      Processed 2800 clips, 22408 frames sampled...
      Processed 2900 clips, 23208 frames sampled...
      Processed 3000 clips, 24008 frames sampled...
      Processed 3100 clips, 24808 frames sampled...
      Read 25000/94672 frames (25000 sampled, 3124 clips processed)...
      Processed 3200 clips, 25608 frames sampled...
      Processed 3300 clips, 26408 frames sampled...
      Processed 3400 clips, 27208 frames sampled...
      Processed 3500 clips, 28008 frames sampled...
      Processed 3600 clips, 28808 frames sampled...
      Processed 3700 clips, 29608 frames sampled...
      Read 30000/94672 frames (30000 sampled, 3749 clips processed)...
      Processed 3800 clips, 30408 frames sampled...
      Processed 3900 clips, 31208 frames sampled...
      Processed 4000 clips, 32008 frames sampled...
      Processed 4100 clips, 32808 frames sampled...
      Processed 4200 clips, 33608 frames sampled...
      Processed 4300 clips, 34408 frames sampled...
      Read 35000/94672 frames (35000 sampled, 4374 clips processed)...
      Processed 4400 clips, 35208 frames sampled...
      Processed 4500 clips, 36008 frames sampled...
      Processed 4600 clips, 36808 frames sampled...
      Processed 4700 clips, 37608 frames sampled...
      Processed 4800 clips, 38408 frames sampled...
      Processed 4900 clips, 39208 frames sampled...
      Read 40000/94672 frames (40000 sampled, 4999 clips processed)...
      Processed 5000 clips, 40008 frames sampled...
      Processed 5100 clips, 40808 frames sampled...
      Processed 5200 clips, 41608 frames sampled...
      Processed 5300 clips, 42408 frames sampled...
      Processed 5400 clips, 43208 frames sampled...
      Processed 5500 clips, 44008 frames sampled...
      Processed 5600 clips, 44808 frames sampled...
      Read 45000/94672 frames (45000 sampled, 5624 clips processed)...
      Processed 5700 clips, 45608 frames sampled...
      Processed 5800 clips, 46408 frames sampled...
      Processed 5900 clips, 47208 frames sampled...
      Processed 6000 clips, 48008 frames sampled...
      Processed 6100 clips, 48808 frames sampled...
      Processed 6200 clips, 49608 frames sampled...
      Read 50000/94672 frames (50000 sampled, 6249 clips processed)...
      Processed 6300 clips, 50408 frames sampled...
      Processed 6400 clips, 51208 frames sampled...
      Processed 6500 clips, 52008 frames sampled...
      Processed 6600 clips, 52808 frames sampled...
      Processed 6700 clips, 53608 frames sampled...
      Processed 6800 clips, 54408 frames sampled...
      Read 55000/94672 frames (55000 sampled, 6874 clips processed)...
      Processed 6900 clips, 55208 frames sampled...
      Processed 7000 clips, 56008 frames sampled...
      Processed 7100 clips, 56808 frames sampled...
      Processed 7200 clips, 57608 frames sampled...
      Processed 7300 clips, 58408 frames sampled...
      Processed 7400 clips, 59208 frames sampled...
      Read 60000/94672 frames (60000 sampled, 7499 clips processed)...
      Processed 7500 clips, 60008 frames sampled...
      Processed 7600 clips, 60808 frames sampled...
      Processed 7700 clips, 61608 frames sampled...
      Processed 7800 clips, 62408 frames sampled...
      Processed 7900 clips, 63208 frames sampled...
      Processed 8000 clips, 64008 frames sampled...
      Processed 8100 clips, 64808 frames sampled...
      Read 65000/94672 frames (65000 sampled, 8124 clips processed)...
      Processed 8200 clips, 65608 frames sampled...
      Processed 8300 clips, 66408 frames sampled...
      Processed 8400 clips, 67208 frames sampled...
      Processed 8500 clips, 68008 frames sampled...
      Processed 8600 clips, 68808 frames sampled...
      Processed 8700 clips, 69608 frames sampled...
      Read 70000/94672 frames (70000 sampled, 8749 clips processed)...
      Processed 8800 clips, 70408 frames sampled...
      Processed 8900 clips, 71208 frames sampled...
      Processed 9000 clips, 72008 frames sampled...
      Processed 9100 clips, 72808 frames sampled...
      Processed 9200 clips, 73608 frames sampled...
      Processed 9300 clips, 74408 frames sampled...
      Read 75000/94672 frames (75000 sampled, 9374 clips processed)...
      Processed 9400 clips, 75208 frames sampled...
      Processed 9500 clips, 76008 frames sampled...
      Processed 9600 clips, 76808 frames sampled...
      Processed 9700 clips, 77608 frames sampled...
      Processed 9800 clips, 78408 frames sampled...
      Processed 9900 clips, 79208 frames sampled...
      Read 80000/94672 frames (80000 sampled, 9999 clips processed)...
      Processed 10000 clips, 80008 frames sampled...
      Processed 10100 clips, 80808 frames sampled...
      Processed 10200 clips, 81608 frames sampled...
      Processed 10300 clips, 82408 frames sampled...
      Processed 10400 clips, 83208 frames sampled...
      Processed 10500 clips, 84008 frames sampled...
      Processed 10600 clips, 84808 frames sampled...
      Read 85000/94672 frames (85000 sampled, 10624 clips processed)...
      Processed 10700 clips, 85608 frames sampled...
      Processed 10800 clips, 86408 frames sampled...
      Processed 10900 clips, 87208 frames sampled...
      Processed 11000 clips, 88008 frames sampled...
      Processed 11100 clips, 88808 frames sampled...
      Processed 11200 clips, 89608 frames sampled...
      Read 90000/94672 frames (90000 sampled, 11249 clips processed)...
      Processed 11300 clips, 90408 frames sampled...
      Processed 11400 clips, 91208 frames sampled...
      Processed 11500 clips, 92008 frames sampled...
      Processed 11600 clips, 92808 frames sampled...
      Processed 11700 clips, 93608 frames sampled...
      Processed 11800 clips, 94408 frames sampled...
      Total frames read: 94534
      Total frames sampled: 94534
      Total clips processed: 11815
      Feature extraction complete!
      Final features shape: (94534, 1024)
[ID30]   Features extracted: (94534, 1024)
[ID30] Step 2/4: Converting to binary labels and removing unwanted classes...
[ID30]   Video duration: 3786.88 seconds
      CSV columns: ['start_time', 'end_time', 'licking', 'shaking']
      CSV shape: (3840, 4)
      Total rows in CSV: 3840
      Rows kept after removing shaking: 3822
[ID30]   Original frames: 94534
[ID30]   After removing shaking/licking_shaking: 3822
[ID30] Step 3/4: Balancing classes...
      Before balancing:
        Background: 3364 frames
        Licking: 458 frames
        Ratio: 7.34:1
      After balancing:
        Background: 458 frames
        Licking: 458 frames
        Total: 916 frames
        Ratio: 1:1
[ID30] Step 4/4: Saving processed data...
[ID30]   Saved features: /data-8tb/nvaci/dataset/dataset_Stanford/FACT_method/preprocessed_data_2class/features/ID30.npy
[ID30]     Shape: (916, 1024)
[ID30]     Size: 3.58 MB
[ID30]   Final label distribution:
[ID30]     - background: 458 frames (50.0%)
[ID30]     - licking: 458 frames (50.0%)
[ID30]   Saved labels: /data-8tb/nvaci/dataset/dataset_Stanford/FACT_method/preprocessed_data_2class/groundTruth/ID30.txt
[ID30] SUCCESS - Video processed successfully

================================================================================
Processing video 31/32: ID31
================================================================================
[ID31] Found label file: 25-021_ID31.csv
[ID31] Step 1/4: Extracting features...
      Opening video file...
      Original video FPS: 25.00
      Original total frames: 97520
      Sample rate: 1 every 1 frames
      Using STREAMING mode - processing clips on-the-fly
      Clip length: 16 frames
      ✓ First clip on device: cuda:0
      Processed 100 clips, 808 frames sampled...
      Processed 200 clips, 1608 frames sampled...
      Processed 300 clips, 2408 frames sampled...
      Processed 400 clips, 3208 frames sampled...
      Processed 500 clips, 4008 frames sampled...
      Processed 600 clips, 4808 frames sampled...
      Read 5000/97520 frames (5000 sampled, 624 clips processed)...
      Processed 700 clips, 5608 frames sampled...
      Processed 800 clips, 6408 frames sampled...
      Processed 900 clips, 7208 frames sampled...
      Processed 1000 clips, 8008 frames sampled...
      Processed 1100 clips, 8808 frames sampled...
      Processed 1200 clips, 9608 frames sampled...
      Read 10000/97520 frames (10000 sampled, 1249 clips processed)...
      Processed 1300 clips, 10408 frames sampled...
      Processed 1400 clips, 11208 frames sampled...
      Processed 1500 clips, 12008 frames sampled...
      Processed 1600 clips, 12808 frames sampled...
      Processed 1700 clips, 13608 frames sampled...
      Processed 1800 clips, 14408 frames sampled...
      Read 15000/97520 frames (15000 sampled, 1874 clips processed)...
      Processed 1900 clips, 15208 frames sampled...
      Processed 2000 clips, 16008 frames sampled...
      Processed 2100 clips, 16808 frames sampled...
      Processed 2200 clips, 17608 frames sampled...
      Processed 2300 clips, 18408 frames sampled...
      Processed 2400 clips, 19208 frames sampled...
      Read 20000/97520 frames (20000 sampled, 2499 clips processed)...
      Processed 2500 clips, 20008 frames sampled...
      Processed 2600 clips, 20808 frames sampled...
      Processed 2700 clips, 21608 frames sampled...
      Processed 2800 clips, 22408 frames sampled...
      Processed 2900 clips, 23208 frames sampled...
      Processed 3000 clips, 24008 frames sampled...
      Processed 3100 clips, 24808 frames sampled...
      Read 25000/97520 frames (25000 sampled, 3124 clips processed)...
      Processed 3200 clips, 25608 frames sampled...
      Processed 3300 clips, 26408 frames sampled...
      Processed 3400 clips, 27208 frames sampled...
      Processed 3500 clips, 28008 frames sampled...
      Processed 3600 clips, 28808 frames sampled...
      Processed 3700 clips, 29608 frames sampled...
      Read 30000/97520 frames (30000 sampled, 3749 clips processed)...
      Processed 3800 clips, 30408 frames sampled...
      Processed 3900 clips, 31208 frames sampled...
      Processed 4000 clips, 32008 frames sampled...
      Processed 4100 clips, 32808 frames sampled...
      Processed 4200 clips, 33608 frames sampled...
      Processed 4300 clips, 34408 frames sampled...
      Read 35000/97520 frames (35000 sampled, 4374 clips processed)...
      Processed 4400 clips, 35208 frames sampled...
      Processed 4500 clips, 36008 frames sampled...
      Processed 4600 clips, 36808 frames sampled...
      Processed 4700 clips, 37608 frames sampled...
      Processed 4800 clips, 38408 frames sampled...
      Processed 4900 clips, 39208 frames sampled...
      Read 40000/97520 frames (40000 sampled, 4999 clips processed)...
      Processed 5000 clips, 40008 frames sampled...
      Processed 5100 clips, 40808 frames sampled...
      Processed 5200 clips, 41608 frames sampled...
      Processed 5300 clips, 42408 frames sampled...
      Processed 5400 clips, 43208 frames sampled...
      Processed 5500 clips, 44008 frames sampled...
      Processed 5600 clips, 44808 frames sampled...
      Read 45000/97520 frames (45000 sampled, 5624 clips processed)...
      Processed 5700 clips, 45608 frames sampled...
      Processed 5800 clips, 46408 frames sampled...
      Processed 5900 clips, 47208 frames sampled...
      Processed 6000 clips, 48008 frames sampled...
      Processed 6100 clips, 48808 frames sampled...
      Processed 6200 clips, 49608 frames sampled...
      Read 50000/97520 frames (50000 sampled, 6249 clips processed)...
      Processed 6300 clips, 50408 frames sampled...
      Processed 6400 clips, 51208 frames sampled...
      Processed 6500 clips, 52008 frames sampled...
      Processed 6600 clips, 52808 frames sampled...
      Processed 6700 clips, 53608 frames sampled...
      Processed 6800 clips, 54408 frames sampled...
      Read 55000/97520 frames (55000 sampled, 6874 clips processed)...
      Processed 6900 clips, 55208 frames sampled...
      Processed 7000 clips, 56008 frames sampled...
      Processed 7100 clips, 56808 frames sampled...
      Processed 7200 clips, 57608 frames sampled...
      Processed 7300 clips, 58408 frames sampled...
      Processed 7400 clips, 59208 frames sampled...
      Read 60000/97520 frames (60000 sampled, 7499 clips processed)...
      Processed 7500 clips, 60008 frames sampled...
      Processed 7600 clips, 60808 frames sampled...
      Processed 7700 clips, 61608 frames sampled...
      Processed 7800 clips, 62408 frames sampled...
      Processed 7900 clips, 63208 frames sampled...
      Processed 8000 clips, 64008 frames sampled...
      Processed 8100 clips, 64808 frames sampled...
      Read 65000/97520 frames (65000 sampled, 8124 clips processed)...
      Processed 8200 clips, 65608 frames sampled...
      Processed 8300 clips, 66408 frames sampled...
      Processed 8400 clips, 67208 frames sampled...
      Processed 8500 clips, 68008 frames sampled...
      Processed 8600 clips, 68808 frames sampled...
      Processed 8700 clips, 69608 frames sampled...
      Read 70000/97520 frames (70000 sampled, 8749 clips processed)...
      Processed 8800 clips, 70408 frames sampled...
      Processed 8900 clips, 71208 frames sampled...
      Processed 9000 clips, 72008 frames sampled...
      Processed 9100 clips, 72808 frames sampled...
      Processed 9200 clips, 73608 frames sampled...
      Processed 9300 clips, 74408 frames sampled...
      Read 75000/97520 frames (75000 sampled, 9374 clips processed)...
      Processed 9400 clips, 75208 frames sampled...
      Processed 9500 clips, 76008 frames sampled...
      Processed 9600 clips, 76808 frames sampled...
      Processed 9700 clips, 77608 frames sampled...
      Processed 9800 clips, 78408 frames sampled...
      Processed 9900 clips, 79208 frames sampled...
      Read 80000/97520 frames (80000 sampled, 9999 clips processed)...
      Processed 10000 clips, 80008 frames sampled...
      Processed 10100 clips, 80808 frames sampled...
      Processed 10200 clips, 81608 frames sampled...
      Processed 10300 clips, 82408 frames sampled...
      Processed 10400 clips, 83208 frames sampled...
      Processed 10500 clips, 84008 frames sampled...
      Processed 10600 clips, 84808 frames sampled...
      Read 85000/97520 frames (85000 sampled, 10624 clips processed)...
      Processed 10700 clips, 85608 frames sampled...
      Processed 10800 clips, 86408 frames sampled...
      Processed 10900 clips, 87208 frames sampled...
      Processed 11000 clips, 88008 frames sampled...
      Processed 11100 clips, 88808 frames sampled...
      Processed 11200 clips, 89608 frames sampled...
      Read 90000/97520 frames (90000 sampled, 11249 clips processed)...
      Processed 11300 clips, 90408 frames sampled...
      Processed 11400 clips, 91208 frames sampled...
      Processed 11500 clips, 92008 frames sampled...
      Processed 11600 clips, 92808 frames sampled...
      Processed 11700 clips, 93608 frames sampled...
      Processed 11800 clips, 94408 frames sampled...
      Read 95000/97520 frames (95000 sampled, 11874 clips processed)...
      Processed 11900 clips, 95208 frames sampled...
      Processed 12000 clips, 96008 frames sampled...
      Processed 12100 clips, 96808 frames sampled...
      Total frames read: 97370
      Total frames sampled: 97370
      Total clips processed: 12170
      Feature extraction complete!
      Final features shape: (97370, 1024)
[ID31]   Features extracted: (97370, 1024)
[ID31] Step 2/4: Converting to binary labels and removing unwanted classes...
[ID31]   Video duration: 3900.80 seconds
      CSV columns: ['start_time', 'end_time', 'licking', 'shaking']
      CSV shape: (3840, 4)
      Total rows in CSV: 3840
      Rows kept after removing shaking: 3818
[ID31]   Original frames: 97370
[ID31]   After removing shaking/licking_shaking: 3818
[ID31] Step 3/4: Balancing classes...
      Before balancing:
        Background: 3394 frames
        Licking: 424 frames
        Ratio: 8.00:1
      After balancing:
        Background: 424 frames
        Licking: 424 frames
        Total: 848 frames
        Ratio: 1:1
[ID31] Step 4/4: Saving processed data...
[ID31]   Saved features: /data-8tb/nvaci/dataset/dataset_Stanford/FACT_method/preprocessed_data_2class/features/ID31.npy
[ID31]     Shape: (848, 1024)
[ID31]     Size: 3.31 MB
[ID31]   Final label distribution:
[ID31]     - background: 424 frames (50.0%)
[ID31]     - licking: 424 frames (50.0%)
[ID31]   Saved labels: /data-8tb/nvaci/dataset/dataset_Stanford/FACT_method/preprocessed_data_2class/groundTruth/ID31.txt
[ID31] SUCCESS - Video processed successfully

================================================================================
Processing video 32/32: ID32
================================================================================
[ID32] Found label file: 25-021_ID32.csv
[ID32] Step 1/4: Extracting features...
      Opening video file...
      Original video FPS: 25.00
      Original total frames: 96073
      Sample rate: 1 every 1 frames
      Using STREAMING mode - processing clips on-the-fly
      Clip length: 16 frames
      ✓ First clip on device: cuda:0
      Processed 100 clips, 808 frames sampled...
      Processed 200 clips, 1608 frames sampled...
      Processed 300 clips, 2408 frames sampled...
      Processed 400 clips, 3208 frames sampled...
      Processed 500 clips, 4008 frames sampled...
      Processed 600 clips, 4808 frames sampled...
      Read 5000/96073 frames (5000 sampled, 624 clips processed)...
      Processed 700 clips, 5608 frames sampled...
      Processed 800 clips, 6408 frames sampled...
      Processed 900 clips, 7208 frames sampled...
      Processed 1000 clips, 8008 frames sampled...
      Processed 1100 clips, 8808 frames sampled...
      Processed 1200 clips, 9608 frames sampled...
      Read 10000/96073 frames (10000 sampled, 1249 clips processed)...
      Processed 1300 clips, 10408 frames sampled...
      Processed 1400 clips, 11208 frames sampled...
      Processed 1500 clips, 12008 frames sampled...
      Processed 1600 clips, 12808 frames sampled...
      Processed 1700 clips, 13608 frames sampled...
      Processed 1800 clips, 14408 frames sampled...
      Read 15000/96073 frames (15000 sampled, 1874 clips processed)...
      Processed 1900 clips, 15208 frames sampled...
      Processed 2000 clips, 16008 frames sampled...
      Processed 2100 clips, 16808 frames sampled...
      Processed 2200 clips, 17608 frames sampled...
      Processed 2300 clips, 18408 frames sampled...
      Processed 2400 clips, 19208 frames sampled...
      Read 20000/96073 frames (20000 sampled, 2499 clips processed)...
      Processed 2500 clips, 20008 frames sampled...
      Processed 2600 clips, 20808 frames sampled...
      Processed 2700 clips, 21608 frames sampled...
      Processed 2800 clips, 22408 frames sampled...
      Processed 2900 clips, 23208 frames sampled...
      Processed 3000 clips, 24008 frames sampled...
      Processed 3100 clips, 24808 frames sampled...
      Read 25000/96073 frames (25000 sampled, 3124 clips processed)...
      Processed 3200 clips, 25608 frames sampled...
      Processed 3300 clips, 26408 frames sampled...
      Processed 3400 clips, 27208 frames sampled...
      Processed 3500 clips, 28008 frames sampled...
      Processed 3600 clips, 28808 frames sampled...
      Processed 3700 clips, 29608 frames sampled...
      Read 30000/96073 frames (30000 sampled, 3749 clips processed)...
      Processed 3800 clips, 30408 frames sampled...
      Processed 3900 clips, 31208 frames sampled...
      Processed 4000 clips, 32008 frames sampled...
      Processed 4100 clips, 32808 frames sampled...
      Processed 4200 clips, 33608 frames sampled...
      Processed 4300 clips, 34408 frames sampled...
      Read 35000/96073 frames (35000 sampled, 4374 clips processed)...
      Processed 4400 clips, 35208 frames sampled...
      Processed 4500 clips, 36008 frames sampled...
      Processed 4600 clips, 36808 frames sampled...
      Processed 4700 clips, 37608 frames sampled...
      Processed 4800 clips, 38408 frames sampled...
      Processed 4900 clips, 39208 frames sampled...
      Read 40000/96073 frames (40000 sampled, 4999 clips processed)...
      Processed 5000 clips, 40008 frames sampled...
      Processed 5100 clips, 40808 frames sampled...
      Processed 5200 clips, 41608 frames sampled...
      Processed 5300 clips, 42408 frames sampled...
      Processed 5400 clips, 43208 frames sampled...
      Processed 5500 clips, 44008 frames sampled...
      Processed 5600 clips, 44808 frames sampled...
      Read 45000/96073 frames (45000 sampled, 5624 clips processed)...
      Processed 5700 clips, 45608 frames sampled...
      Processed 5800 clips, 46408 frames sampled...
      Processed 5900 clips, 47208 frames sampled...
      Processed 6000 clips, 48008 frames sampled...
      Processed 6100 clips, 48808 frames sampled...
      Processed 6200 clips, 49608 frames sampled...
      Read 50000/96073 frames (50000 sampled, 6249 clips processed)...
      Processed 6300 clips, 50408 frames sampled...
      Processed 6400 clips, 51208 frames sampled...
      Processed 6500 clips, 52008 frames sampled...
      Processed 6600 clips, 52808 frames sampled...
      Processed 6700 clips, 53608 frames sampled...
      Processed 6800 clips, 54408 frames sampled...
      Read 55000/96073 frames (55000 sampled, 6874 clips processed)...
      Processed 6900 clips, 55208 frames sampled...
      Processed 7000 clips, 56008 frames sampled...
      Processed 7100 clips, 56808 frames sampled...
      Processed 7200 clips, 57608 frames sampled...
      Processed 7300 clips, 58408 frames sampled...
      Processed 7400 clips, 59208 frames sampled...
      Read 60000/96073 frames (60000 sampled, 7499 clips processed)...
      Processed 7500 clips, 60008 frames sampled...
      Processed 7600 clips, 60808 frames sampled...
      Processed 7700 clips, 61608 frames sampled...
      Processed 7800 clips, 62408 frames sampled...
      Processed 7900 clips, 63208 frames sampled...
      Processed 8000 clips, 64008 frames sampled...
      Processed 8100 clips, 64808 frames sampled...
      Read 65000/96073 frames (65000 sampled, 8124 clips processed)...
      Processed 8200 clips, 65608 frames sampled...
      Processed 8300 clips, 66408 frames sampled...
      Processed 8400 clips, 67208 frames sampled...
      Processed 8500 clips, 68008 frames sampled...
      Processed 8600 clips, 68808 frames sampled...
      Processed 8700 clips, 69608 frames sampled...
      Read 70000/96073 frames (70000 sampled, 8749 clips processed)...
      Processed 8800 clips, 70408 frames sampled...
      Processed 8900 clips, 71208 frames sampled...
      Processed 9000 clips, 72008 frames sampled...
      Processed 9100 clips, 72808 frames sampled...
      Processed 9200 clips, 73608 frames sampled...
      Processed 9300 clips, 74408 frames sampled...
      Read 75000/96073 frames (75000 sampled, 9374 clips processed)...
      Processed 9400 clips, 75208 frames sampled...
      Processed 9500 clips, 76008 frames sampled...
      Processed 9600 clips, 76808 frames sampled...
      Processed 9700 clips, 77608 frames sampled...
      Processed 9800 clips, 78408 frames sampled...
      Processed 9900 clips, 79208 frames sampled...
      Read 80000/96073 frames (80000 sampled, 9999 clips processed)...
      Processed 10000 clips, 80008 frames sampled...
      Processed 10100 clips, 80808 frames sampled...
      Processed 10200 clips, 81608 frames sampled...
      Processed 10300 clips, 82408 frames sampled...
      Processed 10400 clips, 83208 frames sampled...
      Processed 10500 clips, 84008 frames sampled...
      Processed 10600 clips, 84808 frames sampled...
      Read 85000/96073 frames (85000 sampled, 10624 clips processed)...
      Processed 10700 clips, 85608 frames sampled...
      Processed 10800 clips, 86408 frames sampled...
      Processed 10900 clips, 87208 frames sampled...
      Processed 11000 clips, 88008 frames sampled...
      Processed 11100 clips, 88808 frames sampled...
      Processed 11200 clips, 89608 frames sampled...
      Read 90000/96073 frames (90000 sampled, 11249 clips processed)...
      Processed 11300 clips, 90408 frames sampled...
      Processed 11400 clips, 91208 frames sampled...
      Processed 11500 clips, 92008 frames sampled...
      Processed 11600 clips, 92808 frames sampled...
      Processed 11700 clips, 93608 frames sampled...
      Processed 11800 clips, 94408 frames sampled...
      Read 95000/96073 frames (95000 sampled, 11874 clips processed)...
      Processed 11900 clips, 95208 frames sampled...
      Processed 12000 clips, 96008 frames sampled...
      Total frames read: 96070
      Total frames sampled: 96070
      Total clips processed: 12007
      Feature extraction complete!
      Final features shape: (96070, 1024)
[ID32]   Features extracted: (96070, 1024)
[ID32] Step 2/4: Converting to binary labels and removing unwanted classes...
[ID32]   Video duration: 3842.92 seconds
      CSV columns: ['start_time', 'end_time', 'licking', 'shaking']
      CSV shape: (3840, 4)
      Total rows in CSV: 3840
      Rows kept after removing shaking: 3840
[ID32]   Original frames: 96070
[ID32]   After removing shaking/licking_shaking: 3840
[ID32] Step 3/4: Balancing classes...
      Before balancing:
        Background: 3738 frames
        Licking: 102 frames
        Ratio: 36.65:1
      After balancing:
        Background: 102 frames
        Licking: 102 frames
        Total: 204 frames
        Ratio: 1:1
[ID32] Step 4/4: Saving processed data...
[ID32]   Saved features: /data-8tb/nvaci/dataset/dataset_Stanford/FACT_method/preprocessed_data_2class/features/ID32.npy
[ID32]     Shape: (204, 1024)
[ID32]     Size: 0.80 MB
[ID32]   Final label distribution:
[ID32]     - background: 102 frames (50.0%)
[ID32]     - licking: 102 frames (50.0%)
[ID32]   Saved labels: /data-8tb/nvaci/dataset/dataset_Stanford/FACT_method/preprocessed_data_2class/groundTruth/ID32.txt
[ID32] SUCCESS - Video processed successfully

================================================================================
Processing Summary
================================================================================
Total videos: 32
Successfully processed: 32
Failed: 0
Success rate: 100.0%

Dataset Statistics:
  Total original frames: 3094223
  After removing shaking/licking_shaking: 122195
  After balancing: 38208
  Reduction ratio: 1.23%

================================================================================
Creating dataset metadata files...
================================================================================
Created mapping file: /data-8tb/nvaci/dataset/dataset_Stanford/FACT_method/preprocessed_data_2class/mapping.txt
Created split 1:
  Train: 25 videos -> /data-8tb/nvaci/dataset/dataset_Stanford/FACT_method/preprocessed_data_2class/splits/train.split1.bundle
  Test: 7 videos -> /data-8tb/nvaci/dataset/dataset_Stanford/FACT_method/preprocessed_data_2class/splits/test.split1.bundle

================================================================================
Preprocessing complete!
================================================================================

Output structure:
  /data-8tb/nvaci/dataset/dataset_Stanford/FACT_method/preprocessed_data_2class/
  ├── features/        (32 .npy files)
  ├── groundTruth/     (32 .txt files)
  ├── mapping.txt      (binary: background, licking)
  └── splits/          (1 train/test splits)

Next steps:
  1. Verify the output in: /data-8tb/nvaci/dataset/dataset_Stanford/FACT_method/preprocessed_data_2class
  2. Generate FACT config file
  3. Train the model
======================================================================

[0;32m[INFO][0m Preprocessing completed successfully!

[0;32m[INFO][0m Dataset details:
  - Binary classification: background vs licking
  - Balanced: 1:1 ratio
  - Removed: shaking and licking_shaking classes

[0;32m[INFO][0m Next steps:
  1. Verify the output in: /data-8tb/nvaci/dataset/dataset_Stanford/FACT_method/preprocessed_data_2class

  2. Generate FACT config file:
     cd /path/to/FACT
     python utils/gen_config.py \
         --dataset_path /data-8tb/nvaci/dataset/dataset_Stanford/FACT_method/preprocessed_data_2class \
         --dataset_name stanford_binary \
         --output_config configs/stanford_binary.yaml \
         --base_config configs/breakfast.yaml

  3. Update the config to have num_classes: 2

  4. Train the model:
     python train.py --config configs/stanford_binary.yaml
00 clips, 23208 frames sampled...
      Processed 3000 clips, 24008 frames sampled...
      Processed 3100 clips, 24808 frames sampled...
      Read 25000/96073 frames (25000 sampled, 3124 clips processed)...
      Processed 3200 clips, 25608 frames sampled...
      Processed 3300 clips, 26408 frames sampled...
      Processed 3400 clips, 27208 frames sampled...
      Processed 3500 clips, 28008 frames sampled...
      Processed 3600 clips, 28808 frames sampled...
      Processed 3700 clips, 29608 frames sampled...
      Read 30000/96073 frames (30000 sampled, 3749 clips processed)...
      Processed 3800 clips, 30408 frames sampled...
      Processed 3900 clips, 31208 frames sampled...
      Processed 4000 clips, 32008 frames sampled...
      Processed 4100 clips, 32808 frames sampled...
      Processed 4200 clips, 33608 frames sampled...
      Processed 4300 clips, 34408 frames sampled...
      Read 35000/96073 frames (35000 sampled, 4374 clips processed)...
      Processed 4400 clips, 35208 frames sampled...
      Processed 4500 clips, 36008 frames sampled...
      Processed 4600 clips, 36808 frames sampled...
      Processed 4700 clips, 37608 frames sampled...
      Processed 4800 clips, 38408 frames sampled...
      Processed 4900 clips, 39208 frames sampled...
      Read 40000/96073 frames (40000 sampled, 4999 clips processed)...
      Processed 5000 clips, 40008 frames sampled...
      Processed 5100 clips, 40808 frames sampled...
      Processed 5200 clips, 41608 frames sampled...
      Processed 5300 clips, 42408 frames sampled...
      Processed 5400 clips, 43208 frames sampled...
      Processed 5500 clips, 44008 frames sampled...
      Processed 5600 clips, 44808 frames sampled...
      Read 45000/96073 frames (45000 sampled, 5624 clips processed)...
      Processed 5700 clips, 45608 frames sampled...
      Processed 5800 clips, 46408 frames sampled...
      Processed 5900 clips, 47208 frames sampled...
      Processed 6000 clips, 48008 frames sampled...
      Processed 6100 clips, 48808 frames sampled...
      Processed 6200 clips, 49608 frames sampled...
      Read 50000/96073 frames (50000 sampled, 6249 clips processed)...
      Processed 6300 clips, 50408 frames sampled...
      Processed 6400 clips, 51208 frames sampled...
      Processed 6500 clips, 52008 frames sampled...
      Processed 6600 clips, 52808 frames sampled...
      Processed 6700 clips, 53608 frames sampled...
      Processed 6800 clips, 54408 frames sampled...
      Read 55000/96073 frames (55000 sampled, 6874 clips processed)...
      Processed 6900 clips, 55208 frames sampled...
      Processed 7000 clips, 56008 frames sampled...
      Processed 7100 clips, 56808 frames sampled...
      Processed 7200 clips, 57608 frames sampled...
      Processed 7300 clips, 58408 frames sampled...
      Processed 7400 clips, 59208 frames sampled...
      Read 60000/96073 frames (60000 sampled, 7499 clips processed)...
      Processed 7500 clips, 60008 frames sampled...
      Processed 7600 clips, 60808 frames sampled...
      Processed 7700 clips, 61608 frames sampled...
      Processed 7800 clips, 62408 frames sampled...
      Processed 7900 clips, 63208 frames sampled...
      Processed 8000 clips, 64008 frames sampled...
      Processed 8100 clips, 64808 frames sampled...
      Read 65000/96073 frames (65000 sampled, 8124 clips processed)...
      Processed 8200 clips, 65608 frames sampled...
      Processed 8300 clips, 66408 frames sampled...
      Processed 8400 clips, 67208 frames sampled...
      Processed 8500 clips, 68008 frames sampled...
      Processed 8600 clips, 68808 frames sampled...
      Processed 8700 clips, 69608 frames sampled...
      Read 70000/96073 frames (70000 sampled, 8749 clips processed)...
      Processed 8800 clips, 70408 frames sampled...
      Processed 8900 clips, 71208 frames sampled...
      Processed 9000 clips, 72008 frames sampled...
      Processed 9100 clips, 72808 frames sampled...
      Processed 9200 clips, 73608 frames sampled...
      Processed 9300 clips, 74408 frames sampled...
      Read 75000/96073 frames (75000 sampled, 9374 clips processed)...
      Processed 9400 clips, 75208 frames sampled...
      Processed 9500 clips, 76008 frames sampled...
      Processed 9600 clips, 76808 frames sampled...
      Processed 9700 clips, 77608 frames sampled...
      Processed 9800 clips, 78408 frames sampled...
      Processed 9900 clips, 79208 frames sampled...
      Read 80000/96073 frames (80000 sampled, 9999 clips processed)...
      Processed 10000 clips, 80008 frames sampled...
      Processed 10100 clips, 80808 frames sampled...
      Processed 10200 clips, 81608 frames sampled...
      Processed 10300 clips, 82408 frames sampled...
      Processed 10400 clips, 83208 frames sampled...
      Processed 10500 clips, 84008 frames sampled...
      Processed 10600 clips, 84808 frames sampled...
      Read 85000/96073 frames (85000 sampled, 10624 clips processed)...
      Processed 10700 clips, 85608 frames sampled...
      Processed 10800 clips, 86408 frames sampled...
      Processed 10900 clips, 87208 frames sampled...
      Processed 11000 clips, 88008 frames sampled...
      Processed 11100 clips, 88808 frames sampled...
      Processed 11200 clips, 89608 frames sampled...
      Read 90000/96073 frames (90000 sampled, 11249 clips processed)...
      Processed 11300 clips, 90408 frames sampled...
      Processed 11400 clips, 91208 frames sampled...
      Processed 11500 clips, 92008 frames sampled...
      Processed 11600 clips, 92808 frames sampled...
      Processed 11700 clips, 93608 frames sampled...
      Processed 11800 clips, 94408 frames sampled...
      Read 95000/96073 frames (95000 sampled, 11874 clips processed)...
      Processed 11900 clips, 95208 frames sampled...
      Processed 12000 clips, 96008 frames sampled...
      Total frames read: 96070
      Total frames sampled: 96070
      Total clips processed: 12007
      Feature extraction complete!
      Final features shape: (96070, 1024)
[ID32]   Features extracted: (96070, 1024)
[ID32] Step 2/4: Converting to binary labels and removing unwanted classes...
[ID32]   Video duration: 3842.92 seconds
      CSV columns: ['start_time', 'end_time', 'licking', 'shaking']
      CSV shape: (3840, 4)
      Total rows in CSV: 3840
      Rows kept after removing shaking: 3840
[ID32]   Original frames: 96070
[ID32]   After removing shaking/licking_shaking: 3840
[ID32] Step 3/4: Balancing classes...
      Before balancing:
        Background: 3738 frames
        Licking: 102 frames
        Ratio: 36.65:1
      After balancing:
        Background: 102 frames
        Licking: 102 frames
        Total: 204 frames
        Ratio: 1:1
[ID32] Step 4/4: Saving processed data...
[ID32]   Saved features: /data-8tb/nvaci/dataset/dataset_Stanford/FACT_method/preprocessed_data_2class/features/ID32.npy
[ID32]     Shape: (204, 1024)
[ID32]     Size: 0.80 MB
[ID32]   Final label distribution:
[ID32]     - background: 102 frames (50.0%)
[ID32]     - licking: 102 frames (50.0%)
[ID32]   Saved labels: /data-8tb/nvaci/dataset/dataset_Stanford/FACT_method/preprocessed_data_2class/groundTruth/ID32.txt
[ID32] SUCCESS - Video processed successfully

================================================================================
Processing Summary
================================================================================
Total videos: 32
Successfully processed: 32
Failed: 0
Success rate: 100.0%

Dataset Statistics:
  Total original frames: 3094223
  After removing shaking/licking_shaking: 122195
  After balancing: 38208
  Reduction ratio: 1.23%

================================================================================
Creating dataset metadata files...
================================================================================
Created mapping file: /data-8tb/nvaci/dataset/dataset_Stanford/FACT_method/preprocessed_data_2class/mapping.txt
Created split 1:
  Train: 25 videos -> /data-8tb/nvaci/dataset/dataset_Stanford/FACT_method/preprocessed_data_2class/splits/train.split1.bundle
  Test: 7 videos -> /data-8tb/nvaci/dataset/dataset_Stanford/FACT_method/preprocessed_data_2class/splits/test.split1.bundle

================================================================================
Preprocessing complete!
================================================================================

Output structure:
  /data-8tb/nvaci/dataset/dataset_Stanford/FACT_method/preprocessed_data_2class/
  ├── features/        (32 .npy files)
  ├── groundTruth/     (32 .txt files)
  ├── mapping.txt      (binary: background, licking)
  └── splits/          (1 train/test splits)

Next steps:
  1. Verify the output in: /data-8tb/nvaci/dataset/dataset_Stanford/FACT_method/preprocessed_data_2class
  2. Generate FACT config file
  3. Train the model
======================================================================

[0;32m[INFO][0m Preprocessing completed successfully!

[0;32m[INFO][0m Dataset details:
  - Binary classification: background vs licking
  - Balanced: 1:1 ratio
  - Removed: shaking and licking_shaking classes

[0;32m[INFO][0m Next steps:
  1. Verify the output in: /data-8tb/nvaci/dataset/dataset_Stanford/FACT_method/preprocessed_data_2class

  2. Generate FACT config file:
     cd /path/to/FACT
     python utils/gen_config.py \
         --dataset_path /data-8tb/nvaci/dataset/dataset_Stanford/FACT_method/preprocessed_data_2class \
         --dataset_name stanford_binary \
         --output_config configs/stanford_binary.yaml \
         --base_config configs/breakfast.yaml

  3. Update the config to have num_classes: 2

  4. Train the model:
     python train.py --config configs/stanford_binary.yaml
