nohup: ignoring input
/home/nvaci/FACT/preprocessing_dataset_Stanford/i3d_model.py:341: FutureWarning: You are using `torch.load` with `weights_only=False` (the current default value), which uses the default pickle module implicitly. It is possible to construct malicious pickle data which will execute arbitrary code during unpickling (See https://github.com/pytorch/pytorch/blob/main/SECURITY.md#untrusted-models for more details). In a future release, the default value for `weights_only` will be flipped to `True`. This limits the functions that could be executed during unpickling. Arbitrary objects will no longer be allowed to be loaded via this mode unless they are explicitly allowlisted by the user via `torch.serialization.add_safe_globals`. We recommend you start setting `weights_only=True` for any use case where you don't have full control of the loaded file. Please open an issue on GitHub for any issues related to this experimental feature.
  state_dict = torch.load(weights_path, map_location='cpu')
Set CPU thread limits to 4 threads
OpenCV threads set to 4
================================================================================
Stanford Dataset to FACT Format Preprocessing
================================================================================
Videos directory: /data-8tb/nvaci/dataset_Stanford/raw/videos_cut
Labels directory: /data-8tb/nvaci/dataset_Stanford/raw/labels
Output directory: /data-8tb/nvaci/dataset_Stanford/FACT_method/preprocessed_data
Target FPS: 1
Clip length: 16
I3D weights: /data-8tb/nvaci/dataset_Stanford/FACT_method/pretrained_models/i3d_rgb_kinetics.pt
================================================================================
Using GPU: NVIDIA RTX 6000 Ada Generation
Loading pretrained I3D model...
Loading I3D model from weights: /data-8tb/nvaci/dataset_Stanford/FACT_method/pretrained_models/i3d_rgb_kinetics.pt
Loading pretrained weights from: /data-8tb/nvaci/dataset_Stanford/FACT_method/pretrained_models/i3d_rgb_kinetics.pt
I3D model loaded successfully on cuda
Model type: i3d

Found 32 videos to process
Processing videos:   0%|          | 0/32 [00:00<?, ?it/s]
================================================================================
Processing video 1/32: ID01
================================================================================
[ID01] Found label file: 25-021_ID01.csv
[ID01] Step 1/3: Reading video file...
[ID01]   Video path: /data-8tb/nvaci/dataset_Stanford/raw/videos_cut/ID01.mp4
[ID01]   Video FPS: 25.00
[ID01]   Total frames: 97552
[ID01]   Duration: 3902.08 seconds
[ID01]   Target FPS: 1
[ID01]   Expected output frames: 3902
[ID01] Step 2/3: Extracting I3D features...
[ID01]   Using model: I3D
[ID01]   Clip length: 16 frames
      Opening video file...
      Original video FPS: 25.00
      Original total frames: 97552
      Sample rate: 1 every 25 frames
      Reading and sampling frames...
        Processed 500/97552 frames (20 sampled)...
        Processed 1000/97552 frames (40 sampled)...
        Processed 1500/97552 frames (60 sampled)...
        Processed 2000/97552 frames (80 sampled)...
        Processed 2500/97552 frames (100 sampled)...
        Processed 3000/97552 frames (120 sampled)...
        Processed 3500/97552 frames (140 sampled)...
        Processed 4000/97552 frames (160 sampled)...
        Processed 4500/97552 frames (180 sampled)...
        Processed 5000/97552 frames (200 sampled)...
        Processed 5500/97552 frames (220 sampled)...
        Processed 6000/97552 frames (240 sampled)...
        Processed 6500/97552 frames (260 sampled)...
        Processed 7000/97552 frames (280 sampled)...
        Processed 7500/97552 frames (300 sampled)...
        Processed 8000/97552 frames (320 sampled)...
        Processed 8500/97552 frames (340 sampled)...
        Processed 9000/97552 frames (360 sampled)...
        Processed 9500/97552 frames (380 sampled)...
        Processed 10000/97552 frames (400 sampled)...
        Processed 10500/97552 frames (420 sampled)...
        Processed 11000/97552 frames (440 sampled)...
        Processed 11500/97552 frames (460 sampled)...
        Processed 12000/97552 frames (480 sampled)...
        Processed 12500/97552 frames (500 sampled)...
        Processed 13000/97552 frames (520 sampled)...
        Processed 13500/97552 frames (540 sampled)...
        Processed 14000/97552 frames (560 sampled)...
        Processed 14500/97552 frames (580 sampled)...
        Processed 15000/97552 frames (600 sampled)...
        Processed 15500/97552 frames (620 sampled)...
        Processed 16000/97552 frames (640 sampled)...
        Processed 16500/97552 frames (660 sampled)...
        Processed 17000/97552 frames (680 sampled)...
        Processed 17500/97552 frames (700 sampled)...
        Processed 18000/97552 frames (720 sampled)...
        Processed 18500/97552 frames (740 sampled)...
        Processed 19000/97552 frames (760 sampled)...
        Processed 19500/97552 frames (780 sampled)...
        Processed 20000/97552 frames (800 sampled)...
        Processed 20500/97552 frames (820 sampled)...
        Processed 21000/97552 frames (840 sampled)...
        Processed 21500/97552 frames (860 sampled)...
        Processed 22000/97552 frames (880 sampled)...
        Processed 22500/97552 frames (900 sampled)...
        Processed 23000/97552 frames (920 sampled)...
        Processed 23500/97552 frames (940 sampled)...
        Processed 24000/97552 frames (960 sampled)...
        Processed 24500/97552 frames (980 sampled)...
        Processed 25000/97552 frames (1000 sampled)...
        Processed 25500/97552 frames (1020 sampled)...
        Processed 26000/97552 frames (1040 sampled)...
        Processed 26500/97552 frames (1060 sampled)...
        Processed 27000/97552 frames (1080 sampled)...
        Processed 27500/97552 frames (1100 sampled)...
        Processed 28000/97552 frames (1120 sampled)...
        Processed 28500/97552 frames (1140 sampled)...
        Processed 29000/97552 frames (1160 sampled)...
        Processed 29500/97552 frames (1180 sampled)...
        Processed 30000/97552 frames (1200 sampled)...
        Processed 30500/97552 frames (1220 sampled)...
        Processed 31000/97552 frames (1240 sampled)...
        Processed 31500/97552 frames (1260 sampled)...
        Processed 32000/97552 frames (1280 sampled)...
        Processed 32500/97552 frames (1300 sampled)...
        Processed 33000/97552 frames (1320 sampled)...
        Processed 33500/97552 frames (1340 sampled)...
        Processed 34000/97552 frames (1360 sampled)...
        Processed 34500/97552 frames (1380 sampled)...
        Processed 35000/97552 frames (1400 sampled)...
        Processed 35500/97552 frames (1420 sampled)...
        Processed 36000/97552 frames (1440 sampled)...
        Processed 36500/97552 frames (1460 sampled)...
        Processed 37000/97552 frames (1480 sampled)...
        Processed 37500/97552 frames (1500 sampled)...
        Processed 38000/97552 frames (1520 sampled)...
        Processed 38500/97552 frames (1540 sampled)...
        Processed 39000/97552 frames (1560 sampled)...
        Processed 39500/97552 frames (1580 sampled)...
        Processed 40000/97552 frames (1600 sampled)...
        Processed 40500/97552 frames (1620 sampled)...
        Processed 41000/97552 frames (1640 sampled)...
        Processed 41500/97552 frames (1660 sampled)...
        Processed 42000/97552 frames (1680 sampled)...
        Processed 42500/97552 frames (1700 sampled)...
        Processed 43000/97552 frames (1720 sampled)...
        Processed 43500/97552 frames (1740 sampled)...
        Processed 44000/97552 frames (1760 sampled)...
        Processed 44500/97552 frames (1780 sampled)...
        Processed 45000/97552 frames (1800 sampled)...
        Processed 45500/97552 frames (1820 sampled)...
        Processed 46000/97552 frames (1840 sampled)...
        Processed 46500/97552 frames (1860 sampled)...
        Processed 47000/97552 frames (1880 sampled)...
        Processed 47500/97552 frames (1900 sampled)...
        Processed 48000/97552 frames (1920 sampled)...
        Processed 48500/97552 frames (1940 sampled)...
        Processed 49000/97552 frames (1960 sampled)...
        Processed 49500/97552 frames (1980 sampled)...
        Processed 50000/97552 frames (2000 sampled)...
        Processed 50500/97552 frames (2020 sampled)...
        Processed 51000/97552 frames (2040 sampled)...
        Processed 51500/97552 frames (2060 sampled)...
        Processed 52000/97552 frames (2080 sampled)...
        Processed 52500/97552 frames (2100 sampled)...
        Processed 53000/97552 frames (2120 sampled)...
        Processed 53500/97552 frames (2140 sampled)...
        Processed 54000/97552 frames (2160 sampled)...
        Processed 54500/97552 frames (2180 sampled)...
        Processed 55000/97552 frames (2200 sampled)...
        Processed 55500/97552 frames (2220 sampled)...
        Processed 56000/97552 frames (2240 sampled)...
        Processed 56500/97552 frames (2260 sampled)...
        Processed 57000/97552 frames (2280 sampled)...
        Processed 57500/97552 frames (2300 sampled)...
        Processed 58000/97552 frames (2320 sampled)...
        Processed 58500/97552 frames (2340 sampled)...
        Processed 59000/97552 frames (2360 sampled)...
        Processed 59500/97552 frames (2380 sampled)...
        Processed 60000/97552 frames (2400 sampled)...
        Processed 60500/97552 frames (2420 sampled)...
        Processed 61000/97552 frames (2440 sampled)...
        Processed 61500/97552 frames (2460 sampled)...
        Processed 62000/97552 frames (2480 sampled)...
        Processed 62500/97552 frames (2500 sampled)...
        Processed 63000/97552 frames (2520 sampled)...
        Processed 63500/97552 frames (2540 sampled)...
        Processed 64000/97552 frames (2560 sampled)...
        Processed 64500/97552 frames (2580 sampled)...
        Processed 65000/97552 frames (2600 sampled)...
        Processed 65500/97552 frames (2620 sampled)...
        Processed 66000/97552 frames (2640 sampled)...
        Processed 66500/97552 frames (2660 sampled)...
        Processed 67000/97552 frames (2680 sampled)...
        Processed 67500/97552 frames (2700 sampled)...
        Processed 68000/97552 frames (2720 sampled)...
Processing videos:   3%|▎         | 1/32 [00:28<14:58, 28.98s/it]        Processed 68500/97552 frames (2740 sampled)...
        Processed 69000/97552 frames (2760 sampled)...
        Processed 69500/97552 frames (2780 sampled)...
        Processed 70000/97552 frames (2800 sampled)...
        Processed 70500/97552 frames (2820 sampled)...
        Processed 71000/97552 frames (2840 sampled)...
        Processed 71500/97552 frames (2860 sampled)...
        Processed 72000/97552 frames (2880 sampled)...
        Processed 72500/97552 frames (2900 sampled)...
        Processed 73000/97552 frames (2920 sampled)...
        Processed 73500/97552 frames (2940 sampled)...
        Processed 74000/97552 frames (2960 sampled)...
        Processed 74500/97552 frames (2980 sampled)...
        Processed 75000/97552 frames (3000 sampled)...
        Processed 75500/97552 frames (3020 sampled)...
        Processed 76000/97552 frames (3040 sampled)...
        Processed 76500/97552 frames (3060 sampled)...
        Processed 77000/97552 frames (3080 sampled)...
        Processed 77500/97552 frames (3100 sampled)...
        Processed 78000/97552 frames (3120 sampled)...
        Processed 78500/97552 frames (3140 sampled)...
        Processed 79000/97552 frames (3160 sampled)...
        Processed 79500/97552 frames (3180 sampled)...
        Processed 80000/97552 frames (3200 sampled)...
        Processed 80500/97552 frames (3220 sampled)...
        Processed 81000/97552 frames (3240 sampled)...
        Processed 81500/97552 frames (3260 sampled)...
        Processed 82000/97552 frames (3280 sampled)...
        Processed 82500/97552 frames (3300 sampled)...
        Processed 83000/97552 frames (3320 sampled)...
        Processed 83500/97552 frames (3340 sampled)...
        Processed 84000/97552 frames (3360 sampled)...
        Processed 84500/97552 frames (3380 sampled)...
        Processed 85000/97552 frames (3400 sampled)...
        Processed 85500/97552 frames (3420 sampled)...
        Processed 86000/97552 frames (3440 sampled)...
        Processed 86500/97552 frames (3460 sampled)...
        Processed 87000/97552 frames (3480 sampled)...
        Processed 87500/97552 frames (3500 sampled)...
        Processed 88000/97552 frames (3520 sampled)...
        Processed 88500/97552 frames (3540 sampled)...
        Processed 89000/97552 frames (3560 sampled)...
        Processed 89500/97552 frames (3580 sampled)...
        Processed 90000/97552 frames (3600 sampled)...
        Processed 90500/97552 frames (3620 sampled)...
        Processed 91000/97552 frames (3640 sampled)...
        Processed 91500/97552 frames (3660 sampled)...
        Processed 92000/97552 frames (3680 sampled)...
        Processed 92500/97552 frames (3700 sampled)...
        Processed 93000/97552 frames (3720 sampled)...
        Processed 93500/97552 frames (3740 sampled)...
        Processed 94000/97552 frames (3760 sampled)...
        Processed 94500/97552 frames (3780 sampled)...
        Processed 95000/97552 frames (3800 sampled)...
        Processed 95500/97552 frames (3820 sampled)...
        Processed 96000/97552 frames (3840 sampled)...
        Processed 96500/97552 frames (3860 sampled)...
        Processed 97000/97552 frames (3880 sampled)...
      Total frames read: 97427
      Total frames sampled: 3898
      Converting frames to tensor and normalizing...
      Frames array shape: (3898, 224, 224, 3)
      Frames dtype: float32
      Extracting features using I3D model...
      Clip length: 16 frames
      Stride: 8 frames (50% overlap)
      Expected number of clips: 488
        Processed 10/488 clips...
        Processed 20/488 clips...
        Processed 30/488 clips...
        Processed 40/488 clips...
        Processed 50/488 clips...
        Processed 60/488 clips...
        Processed 70/488 clips...
        Processed 80/488 clips...
        Processed 90/488 clips...
        Processed 100/488 clips...
        Processed 110/488 clips...
        Processed 120/488 clips...
        Processed 130/488 clips...
        Processed 140/488 clips...
        Processed 150/488 clips...
        Processed 160/488 clips...
        Processed 170/488 clips...
        Processed 180/488 clips...
        Processed 190/488 clips...
        Processed 200/488 clips...
        Processed 210/488 clips...
        Processed 220/488 clips...
        Processed 230/488 clips...
        Processed 240/488 clips...
        Processed 250/488 clips...
        Processed 260/488 clips...
        Processed 270/488 clips...
        Processed 280/488 clips...
        Processed 290/488 clips...
        Processed 300/488 clips...
        Processed 310/488 clips...
        Processed 320/488 clips...
        Processed 330/488 clips...
        Processed 340/488 clips...
        Processed 350/488 clips...
        Processed 360/488 clips...
        Processed 370/488 clips...
        Processed 380/488 clips...
        Processed 390/488 clips...
        Processed 400/488 clips...
        Processed 410/488 clips...
        Processed 420/488 clips...
        Processed 430/488 clips...
        Processed 440/488 clips...
        Processed 450/488 clips...
        Processed 460/488 clips...
        Processed 470/488 clips...
        Processed 480/488 clips...
      Feature extraction complete!
      Final feature shape: (3896, 1024)
      Feature dtype: float32
[ID01]   Features extracted: (3896, 1024)
[ID01]   Feature dimension: 1024
[ID01]   Feature size: 15.22 MB
[ID01]   Saved to: /data-8tb/nvaci/dataset_Stanford/FACT_method/preprocessed_data/features/ID01.npy
[ID01] Step 3/3: Converting labels to frame-level...
[ID01]   Reading CSV: 25-021_ID01.csv
[ID01]   Video duration: 3902.08 seconds
      Reading CSV file: /data-8tb/nvaci/dataset_Stanford/raw/labels/25-021_ID01.csv
      CSV rows: 3840
      CSV columns: ['start_time', 'end_time', 'licking', 'shaking']
      Video duration: 3902.08s
      Target FPS: 1
      Total frames to generate: 3902
      Processing CSV rows...
        Row 9: 0:00:09-0:00:10 -> licking_shaking
        Row 10: 0:00:10-0:00:11 -> licking_shaking
        Row 22: 0:00:22-0:00:23 -> licking_shaking
      CSV processing complete:
        Segments with licking only: 944
        Segments with shaking only: 8
        Segments with licking_shaking: 4
        Segments with background: 2884
[ID01]   Labels created: 3902 frames
[ID01]   Label distribution:
[ID01]     - background: 3305 frames (84.7%)
[ID01]     - licking: 585 frames (15.0%)
[ID01]     - licking_shaking: 4 frames (0.1%)
[ID01]     - shaking: 8 frames (0.2%)
[ID01]   WARNING: Length mismatch!
[ID01]     Features: 3896 frames
[ID01]     Labels: 3902 frames
[ID01]     Trimming both to: 3896 frames
[ID01]     Updated feature file
[ID01]   Saved labels to: /data-8tb/nvaci/dataset_Stanford/FACT_method/preprocessed_data/groundTruth/ID01.txt
[ID01] ✓ SUCCESS - Video processed successfully

================================================================================
Processing video 2/32: ID02
================================================================================
[ID02] Found label file: 25-021_ID02.csv
[ID02] Step 1/3: Reading video file...
[ID02]   Video path: /data-8tb/nvaci/dataset_Stanford/raw/videos_cut/ID02.mp4
[ID02]   Video FPS: 25.00
[ID02]   Total frames: 96302
[ID02]   Duration: 3852.08 seconds
[ID02]   Target FPS: 1
[ID02]   Expected output frames: 3852
[ID02] Step 2/3: Extracting I3D features...
[ID02]   Using model: I3D
[ID02]   Clip length: 16 frames
      Opening video file...
      Original video FPS: 25.00
      Original total frames: 96302
      Sample rate: 1 every 25 frames
      Reading and sampling frames...
        Processed 500/96302 frames (20 sampled)...
        Processed 1000/96302 frames (40 sampled)...
        Processed 1500/96302 frames (60 sampled)...
        Processed 2000/96302 frames (80 sampled)...
        Processed 2500/96302 frames (100 sampled)...
        Processed 3000/96302 frames (120 sampled)...
        Processed 3500/96302 frames (140 sampled)...
        Processed 4000/96302 frames (160 sampled)...
        Processed 4500/96302 frames (180 sampled)...
        Processed 5000/96302 frames (200 sampled)...
        Processed 5500/96302 frames (220 sampled)...
        Processed 6000/96302 frames (240 sampled)...
        Processed 6500/96302 frames (260 sampled)...
        Processed 7000/96302 frames (280 sampled)...
        Processed 7500/96302 frames (300 sampled)...
        Processed 8000/96302 frames (320 sampled)...
        Processed 8500/96302 frames (340 sampled)...
        Processed 9000/96302 frames (360 sampled)...
        Processed 9500/96302 frames (380 sampled)...
        Processed 10000/96302 frames (400 sampled)...
        Processed 10500/96302 frames (420 sampled)...
        Processed 11000/96302 frames (440 sampled)...
        Processed 11500/96302 frames (460 sampled)...
        Processed 12000/96302 frames (480 sampled)...
        Processed 12500/96302 frames (500 sampled)...
        Processed 13000/96302 frames (520 sampled)...
        Processed 13500/96302 frames (540 sampled)...
        Processed 14000/96302 frames (560 sampled)...
        Processed 14500/96302 frames (580 sampled)...
        Processed 15000/96302 frames (600 sampled)...
        Processed 15500/96302 frames (620 sampled)...
        Processed 16000/96302 frames (640 sampled)...
        Processed 16500/96302 frames (660 sampled)...
        Processed 17000/96302 frames (680 sampled)...
        Processed 17500/96302 frames (700 sampled)...
        Processed 18000/96302 frames (720 sampled)...
        Processed 18500/96302 frames (740 sampled)...
        Processed 19000/96302 frames (760 sampled)...
        Processed 19500/96302 frames (780 sampled)...
        Processed 20000/96302 frames (800 sampled)...
        Processed 20500/96302 frames (820 sampled)...
        Processed 21000/96302 frames (840 sampled)...
        Processed 21500/96302 frames (860 sampled)...
        Processed 22000/96302 frames (880 sampled)...
        Processed 22500/96302 frames (900 sampled)...
        Processed 23000/96302 frames (920 sampled)...
        Processed 23500/96302 frames (940 sampled)...
        Processed 24000/96302 frames (960 sampled)...
        Processed 24500/96302 frames (980 sampled)...
        Processed 25000/96302 frames (1000 sampled)...
        Processed 25500/96302 frames (1020 sampled)...
        Processed 26000/96302 frames (1040 sampled)...
        Processed 26500/96302 frames (1060 sampled)...
        Processed 27000/96302 frames (1080 sampled)...
        Processed 27500/96302 frames (1100 sampled)...
        Processed 28000/96302 frames (1120 sampled)...
        Processed 28500/96302 frames (1140 sampled)...
        Processed 29000/96302 frames (1160 sampled)...
        Processed 29500/96302 frames (1180 sampled)...
        Processed 30000/96302 frames (1200 sampled)...
        Processed 30500/96302 frames (1220 sampled)...
        Processed 31000/96302 frames (1240 sampled)...
        Processed 31500/96302 frames (1260 sampled)...
        Processed 32000/96302 frames (1280 sampled)...
        Processed 32500/96302 frames (1300 sampled)...
        Processed 33000/96302 frames (1320 sampled)...
        Processed 33500/96302 frames (1340 sampled)...
        Processed 34000/96302 frames (1360 sampled)...
        Processed 34500/96302 frames (1380 sampled)...
        Processed 35000/96302 frames (1400 sampled)...
        Processed 35500/96302 frames (1420 sampled)...
        Processed 36000/96302 frames (1440 sampled)...
        Processed 36500/96302 frames (1460 sampled)...
        Processed 37000/96302 frames (1480 sampled)...
        Processed 37500/96302 frames (1500 sampled)...
        Processed 38000/96302 frames (1520 sampled)...
        Processed 38500/96302 frames (1540 sampled)...
        Processed 39000/96302 frames (1560 sampled)...
        Processed 39500/96302 frames (1580 sampled)...
        Processed 40000/96302 frames (1600 sampled)...
        Processed 40500/96302 frames (1620 sampled)...
        Processed 41000/96302 frames (1640 sampled)...
        Processed 41500/96302 frames (1660 sampled)...
        Processed 42000/96302 frames (1680 sampled)...
        Processed 42500/96302 frames (1700 sampled)...
        Processed 43000/96302 frames (1720 sampled)...
        Processed 43500/96302 frames (1740 sampled)...
        Processed 44000/96302 frames (1760 sampled)...
        Processed 44500/96302 frames (1780 sampled)...
        Processed 45000/96302 frames (1800 sampled)...
        Processed 45500/96302 frames (1820 sampled)...
        Processed 46000/96302 frames (1840 sampled)...
        Processed 46500/96302 frames (1860 sampled)...
        Processed 47000/96302 frames (1880 sampled)...
        Processed 47500/96302 frames (1900 sampled)...
        Processed 48000/96302 frames (1920 sampled)...
        Processed 48500/96302 frames (1940 sampled)...
        Processed 49000/96302 frames (1960 sampled)...
        Processed 49500/96302 frames (1980 sampled)...
        Processed 50000/96302 frames (2000 sampled)...
        Processed 50500/96302 frames (2020 sampled)...
        Processed 51000/96302 frames (2040 sampled)...
        Processed 51500/96302 frames (2060 sampled)...
        Processed 52000/96302 frames (2080 sampled)...
        Processed 52500/96302 frames (2100 sampled)...
        Processed 53000/96302 frames (2120 sampled)...
        Processed 53500/96302 frames (2140 sampled)...
        Processed 54000/96302 frames (2160 sampled)...
        Processed 54500/96302 frames (2180 sampled)...
        Processed 55000/96302 frames (2200 sampled)...
        Processed 55500/96302 frames (2220 sampled)...
        Processed 56000/96302 frames (2240 sampled)...
        Processed 56500/96302 frames (2260 sampled)...
        Processed 57000/96302 frames (2280 sampled)...
        Processed 57500/96302 frames (2300 sampled)...
        Processed 58000/96302 frames (2320 sampled)...
        Processed 58500/96302 frames (2340 sampled)...
        Processed 59000/96302 frames (2360 sampled)...
        Processed 59500/96302 frames (2380 sampled)...
        Processed 60000/96302 frames (2400 sampled)...
        Processed 60500/96302 frames (2420 sampled)...
        Processed 61000/96302 frames (2440 sampled)...
        Processed 61500/96302 frames (2460 sampled)...
        Processed 62000/96302 frames (2480 sampled)...
        Processed 62500/96302 frames (2500 sampled)...
        Processed 63000/96302 frames (2520 sampled)...
        Processed 63500/96302 frames (2540 sampled)...
        Processed 64000/96302 frames (2560 sampled)...
        Processed 64500/96302 frames (2580 sampled)...
        Processed 65000/96302 frames (2600 sampled)...
        Processed 65500/96302 frames (2620 sampled)...
        Processed 66000/96302 frames (2640 sampled)...
        Processed 66500/96302 frames (2660 sampled)...
        Processed 67000/96302 frames (2680 sampled)...
        Processed 67500/96302 frames (2700 sampled)...
        Processed 68000/96302 frames (2720 sampled)...
        Processed 68500/96302 frames (2740 sampled)...
        Processed 69000/96302 frames (2760 sampled)...
        Processed 69500/96302 frames (2780 sampled)...
        Processed 70000/96302 frames (2800 sampled)...
        Processed 70500/96302 frames (2820 sampled)...
        Processed 71000/96302 frames (2840 sampled)...
        Processed 71500/96302 frames (2860 sampled)...
        Processed 72000/96302 frames (2880 sampled)...
        Processed 72500/96302 frames (2900 sampled)...
        Processed 73000/96302 frames (2920 sampled)...
        Processed 73500/96302 frames (2940 sampled)...
        Processed 74000/96302 frames (2960 sampled)...
        Processed 74500/96302 frames (2980 sampled)...
        Processed 75000/96302 frames (3000 sampled)...
        Processed 75500/96302 frames (3020 sampled)...
        Processed 76000/96302 frames (3040 sampled)...
        Processed 76500/96302 frames (3060 sampled)...
        Processed 77000/96302 frames (3080 sampled)...
        Processed 77500/96302 frames (3100 sampled)...
        Processed 78000/96302 frames (3120 sampled)...
        Processed 78500/96302 frames (3140 sampled)...
        Processed 79000/96302 frames (3160 sampled)...
        Processed 79500/96302 frames (3180 sampled)...
        Processed 80000/96302 frames (3200 sampled)...
Processing videos:   6%|▋         | 2/32 [00:54<13:34, 27.14s/it]        Processed 80500/96302 frames (3220 sampled)...
        Processed 81000/96302 frames (3240 sampled)...
        Processed 81500/96302 frames (3260 sampled)...
        Processed 82000/96302 frames (3280 sampled)...
        Processed 82500/96302 frames (3300 sampled)...
        Processed 83000/96302 frames (3320 sampled)...
        Processed 83500/96302 frames (3340 sampled)...
        Processed 84000/96302 frames (3360 sampled)...
        Processed 84500/96302 frames (3380 sampled)...
        Processed 85000/96302 frames (3400 sampled)...
        Processed 85500/96302 frames (3420 sampled)...
        Processed 86000/96302 frames (3440 sampled)...
        Processed 86500/96302 frames (3460 sampled)...
        Processed 87000/96302 frames (3480 sampled)...
        Processed 87500/96302 frames (3500 sampled)...
        Processed 88000/96302 frames (3520 sampled)...
        Processed 88500/96302 frames (3540 sampled)...
        Processed 89000/96302 frames (3560 sampled)...
        Processed 89500/96302 frames (3580 sampled)...
        Processed 90000/96302 frames (3600 sampled)...
        Processed 90500/96302 frames (3620 sampled)...
        Processed 91000/96302 frames (3640 sampled)...
        Processed 91500/96302 frames (3660 sampled)...
        Processed 92000/96302 frames (3680 sampled)...
        Processed 92500/96302 frames (3700 sampled)...
        Processed 93000/96302 frames (3720 sampled)...
        Processed 93500/96302 frames (3740 sampled)...
        Processed 94000/96302 frames (3760 sampled)...
        Processed 94500/96302 frames (3780 sampled)...
        Processed 95000/96302 frames (3800 sampled)...
        Processed 95500/96302 frames (3820 sampled)...
        Processed 96000/96302 frames (3840 sampled)...
      Total frames read: 96202
      Total frames sampled: 3849
      Converting frames to tensor and normalizing...
      Frames array shape: (3849, 224, 224, 3)
      Frames dtype: float32
      Extracting features using I3D model...
      Clip length: 16 frames
      Stride: 8 frames (50% overlap)
      Expected number of clips: 482
        Processed 10/482 clips...
        Processed 20/482 clips...
        Processed 30/482 clips...
        Processed 40/482 clips...
        Processed 50/482 clips...
        Processed 60/482 clips...
        Processed 70/482 clips...
        Processed 80/482 clips...
        Processed 90/482 clips...
        Processed 100/482 clips...
        Processed 110/482 clips...
        Processed 120/482 clips...
        Processed 130/482 clips...
        Processed 140/482 clips...
        Processed 150/482 clips...
        Processed 160/482 clips...
        Processed 170/482 clips...
        Processed 180/482 clips...
        Processed 190/482 clips...
        Processed 200/482 clips...
        Processed 210/482 clips...
        Processed 220/482 clips...
        Processed 230/482 clips...
        Processed 240/482 clips...
        Processed 250/482 clips...
        Processed 260/482 clips...
        Processed 270/482 clips...
        Processed 280/482 clips...
        Processed 290/482 clips...
        Processed 300/482 clips...
        Processed 310/482 clips...
        Processed 320/482 clips...
        Processed 330/482 clips...
        Processed 340/482 clips...
        Processed 350/482 clips...
        Processed 360/482 clips...
        Processed 370/482 clips...
        Processed 380/482 clips...
        Processed 390/482 clips...
        Processed 400/482 clips...
        Processed 410/482 clips...
        Processed 420/482 clips...
        Processed 430/482 clips...
        Processed 440/482 clips...
        Processed 450/482 clips...
        Processed 460/482 clips...
        Processed 470/482 clips...
        Processed 480/482 clips...
      Feature extraction complete!
      Final feature shape: (3848, 1024)
      Feature dtype: float32
[ID02]   Features extracted: (3848, 1024)
[ID02]   Feature dimension: 1024
[ID02]   Feature size: 15.03 MB
[ID02]   Saved to: /data-8tb/nvaci/dataset_Stanford/FACT_method/preprocessed_data/features/ID02.npy
[ID02] Step 3/3: Converting labels to frame-level...
[ID02]   Reading CSV: 25-021_ID02.csv
[ID02]   Video duration: 3852.08 seconds
      Reading CSV file: /data-8tb/nvaci/dataset_Stanford/raw/labels/25-021_ID02.csv
      CSV rows: 3840
      CSV columns: ['start_time', 'end_time', 'licking', 'shaking']
      Video duration: 3852.08s
      Target FPS: 1
      Total frames to generate: 3852
      Processing CSV rows...
        Row 44: 0:00:44-0:00:45 -> licking_shaking
        Row 48: 0:00:48-0:00:49 -> licking_shaking
        Row 49: 0:00:49-0:00:50 -> licking_shaking
      CSV processing complete:
        Segments with licking only: 438
        Segments with shaking only: 18
        Segments with licking_shaking: 5
        Segments with background: 3379
[ID02]   Labels created: 3852 frames
[ID02]   Label distribution:
[ID02]     - background: 3663 frames (95.1%)
[ID02]     - licking: 166 frames (4.3%)
[ID02]     - licking_shaking: 5 frames (0.1%)
[ID02]     - shaking: 18 frames (0.5%)
[ID02]   WARNING: Length mismatch!
[ID02]     Features: 3848 frames
[ID02]     Labels: 3852 frames
[ID02]     Trimming both to: 3848 frames
[ID02]     Updated feature file
[ID02]   Saved labels to: /data-8tb/nvaci/dataset_Stanford/FACT_method/preprocessed_data/groundTruth/ID02.txt
[ID02] ✓ SUCCESS - Video processed successfully

================================================================================
Processing video 3/32: ID03
================================================================================
[ID03] Found label file: 25-021_ID03.csv
[ID03] Step 1/3: Reading video file...
[ID03]   Video path: /data-8tb/nvaci/dataset_Stanford/raw/videos_cut/ID03.mp4
[ID03]   Video FPS: 25.00
[ID03]   Total frames: 95552
[ID03]   Duration: 3822.08 seconds
[ID03]   Target FPS: 1
[ID03]   Expected output frames: 3822
[ID03] Step 2/3: Extracting I3D features...
[ID03]   Using model: I3D
[ID03]   Clip length: 16 frames
      Opening video file...
      Original video FPS: 25.00
      Original total frames: 95552
      Sample rate: 1 every 25 frames
      Reading and sampling frames...
        Processed 500/95552 frames (20 sampled)...
        Processed 1000/95552 frames (40 sampled)...
        Processed 1500/95552 frames (60 sampled)...
        Processed 2000/95552 frames (80 sampled)...
        Processed 2500/95552 frames (100 sampled)...
        Processed 3000/95552 frames (120 sampled)...
        Processed 3500/95552 frames (140 sampled)...
        Processed 4000/95552 frames (160 sampled)...
        Processed 4500/95552 frames (180 sampled)...
        Processed 5000/95552 frames (200 sampled)...
        Processed 5500/95552 frames (220 sampled)...
        Processed 6000/95552 frames (240 sampled)...
        Processed 6500/95552 frames (260 sampled)...
        Processed 7000/95552 frames (280 sampled)...
        Processed 7500/95552 frames (300 sampled)...
        Processed 8000/95552 frames (320 sampled)...
        Processed 8500/95552 frames (340 sampled)...
        Processed 9000/95552 frames (360 sampled)...
        Processed 9500/95552 frames (380 sampled)...
        Processed 10000/95552 frames (400 sampled)...
        Processed 10500/95552 frames (420 sampled)...
        Processed 11000/95552 frames (440 sampled)...
        Processed 11500/95552 frames (460 sampled)...
        Processed 12000/95552 frames (480 sampled)...
        Processed 12500/95552 frames (500 sampled)...
        Processed 13000/95552 frames (520 sampled)...
        Processed 13500/95552 frames (540 sampled)...
        Processed 14000/95552 frames (560 sampled)...
        Processed 14500/95552 frames (580 sampled)...
        Processed 15000/95552 frames (600 sampled)...
        Processed 15500/95552 frames (620 sampled)...
        Processed 16000/95552 frames (640 sampled)...
        Processed 16500/95552 frames (660 sampled)...
        Processed 17000/95552 frames (680 sampled)...
        Processed 17500/95552 frames (700 sampled)...
        Processed 18000/95552 frames (720 sampled)...
        Processed 18500/95552 frames (740 sampled)...
        Processed 19000/95552 frames (760 sampled)...
        Processed 19500/95552 frames (780 sampled)...
        Processed 20000/95552 frames (800 sampled)...
        Processed 20500/95552 frames (820 sampled)...
        Processed 21000/95552 frames (840 sampled)...
        Processed 21500/95552 frames (860 sampled)...
        Processed 22000/95552 frames (880 sampled)...
        Processed 22500/95552 frames (900 sampled)...
        Processed 23000/95552 frames (920 sampled)...
        Processed 23500/95552 frames (940 sampled)...
        Processed 24000/95552 frames (960 sampled)...
        Processed 24500/95552 frames (980 sampled)...
        Processed 25000/95552 frames (1000 sampled)...
        Processed 25500/95552 frames (1020 sampled)...
        Processed 26000/95552 frames (1040 sampled)...
        Processed 26500/95552 frames (1060 sampled)...
        Processed 27000/95552 frames (1080 sampled)...
        Processed 27500/95552 frames (1100 sampled)...
        Processed 28000/95552 frames (1120 sampled)...
        Processed 28500/95552 frames (1140 sampled)...
        Processed 29000/95552 frames (1160 sampled)...
        Processed 29500/95552 frames (1180 sampled)...
        Processed 30000/95552 frames (1200 sampled)...
        Processed 30500/95552 frames (1220 sampled)...
        Processed 31000/95552 frames (1240 sampled)...
        Processed 31500/95552 frames (1260 sampled)...
        Processed 32000/95552 frames (1280 sampled)...
        Processed 32500/95552 frames (1300 sampled)...
        Processed 33000/95552 frames (1320 sampled)...
        Processed 33500/95552 frames (1340 sampled)...
        Processed 34000/95552 frames (1360 sampled)...
        Processed 34500/95552 frames (1380 sampled)...
        Processed 35000/95552 frames (1400 sampled)...
        Processed 35500/95552 frames (1420 sampled)...
        Processed 36000/95552 frames (1440 sampled)...
        Processed 36500/95552 frames (1460 sampled)...
        Processed 37000/95552 frames (1480 sampled)...
        Processed 37500/95552 frames (1500 sampled)...
        Processed 38000/95552 frames (1520 sampled)...
        Processed 38500/95552 frames (1540 sampled)...
        Processed 39000/95552 frames (1560 sampled)...
        Processed 39500/95552 frames (1580 sampled)...
        Processed 40000/95552 frames (1600 sampled)...
        Processed 40500/95552 frames (1620 sampled)...
        Processed 41000/95552 frames (1640 sampled)...
        Processed 41500/95552 frames (1660 sampled)...
        Processed 42000/95552 frames (1680 sampled)...
        Processed 42500/95552 frames (1700 sampled)...
        Processed 43000/95552 frames (1720 sampled)...
        Processed 43500/95552 frames (1740 sampled)...
        Processed 44000/95552 frames (1760 sampled)...
        Processed 44500/95552 frames (1780 sampled)...
        Processed 45000/95552 frames (1800 sampled)...
        Processed 45500/95552 frames (1820 sampled)...
        Processed 46000/95552 frames (1840 sampled)...
        Processed 46500/95552 frames (1860 sampled)...
        Processed 47000/95552 frames (1880 sampled)...
        Processed 47500/95552 frames (1900 sampled)...
        Processed 48000/95552 frames (1920 sampled)...
        Processed 48500/95552 frames (1940 sampled)...
        Processed 49000/95552 frames (1960 sampled)...
        Processed 49500/95552 frames (1980 sampled)...
        Processed 50000/95552 frames (2000 sampled)...
        Processed 50500/95552 frames (2020 sampled)...
        Processed 51000/95552 frames (2040 sampled)...
        Processed 51500/95552 frames (2060 sampled)...
        Processed 52000/95552 frames (2080 sampled)...
        Processed 52500/95552 frames (2100 sampled)...
        Processed 53000/95552 frames (2120 sampled)...
        Processed 53500/95552 frames (2140 sampled)...
        Processed 54000/95552 frames (2160 sampled)...
        Processed 54500/95552 frames (2180 sampled)...
        Processed 55000/95552 frames (2200 sampled)...
        Processed 55500/95552 frames (2220 sampled)...
        Processed 56000/95552 frames (2240 sampled)...
        Processed 56500/95552 frames (2260 sampled)...
        Processed 57000/95552 frames (2280 sampled)...
        Processed 57500/95552 frames (2300 sampled)...
        Processed 58000/95552 frames (2320 sampled)...
        Processed 58500/95552 frames (2340 sampled)...
        Processed 59000/95552 frames (2360 sampled)...
        Processed 59500/95552 frames (2380 sampled)...
        Processed 60000/95552 frames (2400 sampled)...
        Processed 60500/95552 frames (2420 sampled)...
        Processed 61000/95552 frames (2440 sampled)...
        Processed 61500/95552 frames (2460 sampled)...
        Processed 62000/95552 frames (2480 sampled)...
        Processed 62500/95552 frames (2500 sampled)...
        Processed 63000/95552 frames (2520 sampled)...
        Processed 63500/95552 frames (2540 sampled)...
        Processed 64000/95552 frames (2560 sampled)...
        Processed 64500/95552 frames (2580 sampled)...
        Processed 65000/95552 frames (2600 sampled)...
        Processed 65500/95552 frames (2620 sampled)...
        Processed 66000/95552 frames (2640 sampled)...
        Processed 66500/95552 frames (2660 sampled)...
        Processed 67000/95552 frames (2680 sampled)...
        Processed 67500/95552 frames (2700 sampled)...
        Processed 68000/95552 frames (2720 sampled)...
        Processed 68500/95552 frames (2740 sampled)...
        Processed 69000/95552 frames (2760 sampled)...
        Processed 69500/95552 frames (2780 sampled)...
        Processed 70000/95552 frames (2800 sampled)...
        Processed 70500/95552 frames (2820 sampled)...
        Processed 71000/95552 frames (2840 sampled)...
        Processed 71500/95552 frames (2860 sampled)...
        Processed 72000/95552 frames (2880 sampled)...
        Processed 72500/95552 frames (2900 sampled)...
        Processed 73000/95552 frames (2920 sampled)...
        Processed 73500/95552 frames (2940 sampled)...
        Processed 74000/95552 frames (2960 sampled)...
        Processed 74500/95552 frames (2980 sampled)...
        Processed 75000/95552 frames (3000 sampled)...
        Processed 75500/95552 frames (3020 sampled)...
        Processed 76000/95552 frames (3040 sampled)...
        Processed 76500/95552 frames (3060 sampled)...
        Processed 77000/95552 frames (3080 sampled)...
        Processed 77500/95552 frames (3100 sampled)...
        Processed 78000/95552 frames (3120 sampled)...
        Processed 78500/95552 frames (3140 sampled)...
        Processed 79000/95552 frames (3160 sampled)...
        Processed 79500/95552 frames (3180 sampled)...
        Processed 80000/95552 frames (3200 sampled)...
        Processed 80500/95552 frames (3220 sampled)...
        Processed 81000/95552 frames (3240 sampled)...
        Processed 81500/95552 frames (3260 sampled)...
        Processed 82000/95552 frames (3280 sampled)...
        Processed 82500/95552 frames (3300 sampled)...
        Processed 83000/95552 frames (3320 sampled)...
        Processed 83500/95552 frames (3340 sampled)...
        Processed 84000/95552 frames (3360 sampled)...
        Processed 84500/95552 frames (3380 sampled)...
        Processed 85000/95552 frames (3400 sampled)...
        Processed 85500/95552 frames (3420 sampled)...
        Processed 86000/95552 frames (3440 sampled)...
        Processed 86500/95552 frames (3460 sampled)...
        Processed 87000/95552 frames (3480 sampled)...
        Processed 87500/95552 frames (3500 sampled)...
        Processed 88000/95552 frames (3520 sampled)...
        Processed 88500/95552 frames (3540 sampled)...
        Processed 89000/95552 frames (3560 sampled)...
        Processed 89500/95552 frames (3580 sampled)...
        Processed 90000/95552 frames (3600 sampled)...
        Processed 90500/95552 frames (3620 sampled)...
        Processed 91000/95552 frames (3640 sampled)...
        Processed 91500/95552 frames (3660 sampled)...
        Processed 92000/95552 frames (3680 sampled)...
        Processed 92500/95552 frames (3700 sampled)...
        Processed 93000/95552 frames (3720 sampled)...
Processing videos:   9%|▉         | 3/32 [01:18<12:20, 25.52s/it]        Processed 93500/95552 frames (3740 sampled)...
        Processed 94000/95552 frames (3760 sampled)...
        Processed 94500/95552 frames (3780 sampled)...
        Processed 95000/95552 frames (3800 sampled)...
      Total frames read: 95402
      Total frames sampled: 3817
      Converting frames to tensor and normalizing...
      Frames array shape: (3817, 224, 224, 3)
      Frames dtype: float32
      Extracting features using I3D model...
      Clip length: 16 frames
      Stride: 8 frames (50% overlap)
      Expected number of clips: 478
        Processed 10/478 clips...
        Processed 20/478 clips...
        Processed 30/478 clips...
        Processed 40/478 clips...
        Processed 50/478 clips...
        Processed 60/478 clips...
        Processed 70/478 clips...
        Processed 80/478 clips...
        Processed 90/478 clips...
        Processed 100/478 clips...
        Processed 110/478 clips...
        Processed 120/478 clips...
        Processed 130/478 clips...
        Processed 140/478 clips...
        Processed 150/478 clips...
        Processed 160/478 clips...
        Processed 170/478 clips...
        Processed 180/478 clips...
        Processed 190/478 clips...
        Processed 200/478 clips...
        Processed 210/478 clips...
        Processed 220/478 clips...
        Processed 230/478 clips...
        Processed 240/478 clips...
        Processed 250/478 clips...
        Processed 260/478 clips...
        Processed 270/478 clips...
        Processed 280/478 clips...
        Processed 290/478 clips...
        Processed 300/478 clips...
        Processed 310/478 clips...
        Processed 320/478 clips...
        Processed 330/478 clips...
        Processed 340/478 clips...
        Processed 350/478 clips...
        Processed 360/478 clips...
        Processed 370/478 clips...
        Processed 380/478 clips...
        Processed 390/478 clips...
        Processed 400/478 clips...
        Processed 410/478 clips...
        Processed 420/478 clips...
        Processed 430/478 clips...
        Processed 440/478 clips...
        Processed 450/478 clips...
        Processed 460/478 clips...
        Processed 470/478 clips...
      Feature extraction complete!
      Final feature shape: (3816, 1024)
      Feature dtype: float32
[ID03]   Features extracted: (3816, 1024)
[ID03]   Feature dimension: 1024
[ID03]   Feature size: 14.91 MB
[ID03]   Saved to: /data-8tb/nvaci/dataset_Stanford/FACT_method/preprocessed_data/features/ID03.npy
[ID03] Step 3/3: Converting labels to frame-level...
[ID03]   Reading CSV: 25-021_ID03.csv
[ID03]   Video duration: 3822.08 seconds
      Reading CSV file: /data-8tb/nvaci/dataset_Stanford/raw/labels/25-021_ID03.csv
      CSV rows: 3840
      CSV columns: ['start_time', 'end_time', 'licking', 'shaking']
      Video duration: 3822.08s
      Target FPS: 1
      Total frames to generate: 3822
      Processing CSV rows...
        Row 98: 0:01:98-0:01:99 -> licking_shaking
        Row 105: 0:01:105-0:01:106 -> licking_shaking
      CSV processing complete:
        Segments with licking only: 1329
        Segments with shaking only: 17
        Segments with licking_shaking: 2
        Segments with background: 2492
[ID03]   Labels created: 3822 frames
[ID03]   Label distribution:
[ID03]     - background: 2499 frames (65.4%)
[ID03]     - licking: 1304 frames (34.1%)
[ID03]     - licking_shaking: 2 frames (0.1%)
[ID03]     - shaking: 17 frames (0.4%)
[ID03]   WARNING: Length mismatch!
[ID03]     Features: 3816 frames
[ID03]     Labels: 3822 frames
[ID03]     Trimming both to: 3816 frames
[ID03]     Updated feature file
[ID03]   Saved labels to: /data-8tb/nvaci/dataset_Stanford/FACT_method/preprocessed_data/groundTruth/ID03.txt
[ID03] ✓ SUCCESS - Video processed successfully

================================================================================
Processing video 4/32: ID04
================================================================================
[ID04] Found label file: 25-021_ID04.csv
[ID04] Step 1/3: Reading video file...
[ID04]   Video path: /data-8tb/nvaci/dataset_Stanford/raw/videos_cut/ID04.mp4
[ID04]   Video FPS: 25.00
[ID04]   Total frames: 94361
[ID04]   Duration: 3774.44 seconds
[ID04]   Target FPS: 1
[ID04]   Expected output frames: 3774
[ID04] Step 2/3: Extracting I3D features...
[ID04]   Using model: I3D
[ID04]   Clip length: 16 frames
      Opening video file...
      Original video FPS: 25.00
      Original total frames: 94361
      Sample rate: 1 every 25 frames
      Reading and sampling frames...
        Processed 500/94361 frames (20 sampled)...
        Processed 1000/94361 frames (40 sampled)...
        Processed 1500/94361 frames (60 sampled)...
        Processed 2000/94361 frames (80 sampled)...
        Processed 2500/94361 frames (100 sampled)...
        Processed 3000/94361 frames (120 sampled)...
        Processed 3500/94361 frames (140 sampled)...
        Processed 4000/94361 frames (160 sampled)...
        Processed 4500/94361 frames (180 sampled)...
        Processed 5000/94361 frames (200 sampled)...
        Processed 5500/94361 frames (220 sampled)...
        Processed 6000/94361 frames (240 sampled)...
        Processed 6500/94361 frames (260 sampled)...
        Processed 7000/94361 frames (280 sampled)...
        Processed 7500/94361 frames (300 sampled)...
        Processed 8000/94361 frames (320 sampled)...
        Processed 8500/94361 frames (340 sampled)...
        Processed 9000/94361 frames (360 sampled)...
        Processed 9500/94361 frames (380 sampled)...
        Processed 10000/94361 frames (400 sampled)...
        Processed 10500/94361 frames (420 sampled)...
        Processed 11000/94361 frames (440 sampled)...
        Processed 11500/94361 frames (460 sampled)...
        Processed 12000/94361 frames (480 sampled)...
        Processed 12500/94361 frames (500 sampled)...
        Processed 13000/94361 frames (520 sampled)...
        Processed 13500/94361 frames (540 sampled)...
        Processed 14000/94361 frames (560 sampled)...
        Processed 14500/94361 frames (580 sampled)...
        Processed 15000/94361 frames (600 sampled)...
        Processed 15500/94361 frames (620 sampled)...
        Processed 16000/94361 frames (640 sampled)...
        Processed 16500/94361 frames (660 sampled)...
        Processed 17000/94361 frames (680 sampled)...
        Processed 17500/94361 frames (700 sampled)...
        Processed 18000/94361 frames (720 sampled)...
        Processed 18500/94361 frames (740 sampled)...
        Processed 19000/94361 frames (760 sampled)...
        Processed 19500/94361 frames (780 sampled)...
        Processed 20000/94361 frames (800 sampled)...
        Processed 20500/94361 frames (820 sampled)...
        Processed 21000/94361 frames (840 sampled)...
        Processed 21500/94361 frames (860 sampled)...
        Processed 22000/94361 frames (880 sampled)...
        Processed 22500/94361 frames (900 sampled)...
        Processed 23000/94361 frames (920 sampled)...
        Processed 23500/94361 frames (940 sampled)...
        Processed 24000/94361 frames (960 sampled)...
        Processed 24500/94361 frames (980 sampled)...
        Processed 25000/94361 frames (1000 sampled)...
        Processed 25500/94361 frames (1020 sampled)...
        Processed 26000/94361 frames (1040 sampled)...
        Processed 26500/94361 frames (1060 sampled)...
        Processed 27000/94361 frames (1080 sampled)...
        Processed 27500/94361 frames (1100 sampled)...
        Processed 28000/94361 frames (1120 sampled)...
        Processed 28500/94361 frames (1140 sampled)...
        Processed 29000/94361 frames (1160 sampled)...
        Processed 29500/94361 frames (1180 sampled)...
        Processed 30000/94361 frames (1200 sampled)...
        Processed 30500/94361 frames (1220 sampled)...
        Processed 31000/94361 frames (1240 sampled)...
        Processed 31500/94361 frames (1260 sampled)...
        Processed 32000/94361 frames (1280 sampled)...
        Processed 32500/94361 frames (1300 sampled)...
        Processed 33000/94361 frames (1320 sampled)...
        Processed 33500/94361 frames (1340 sampled)...
        Processed 34000/94361 frames (1360 sampled)...
        Processed 34500/94361 frames (1380 sampled)...
        Processed 35000/94361 frames (1400 sampled)...
        Processed 35500/94361 frames (1420 sampled)...
        Processed 36000/94361 frames (1440 sampled)...
        Processed 36500/94361 frames (1460 sampled)...
        Processed 37000/94361 frames (1480 sampled)...
        Processed 37500/94361 frames (1500 sampled)...
        Processed 38000/94361 frames (1520 sampled)...
        Processed 38500/94361 frames (1540 sampled)...
        Processed 39000/94361 frames (1560 sampled)...
        Processed 39500/94361 frames (1580 sampled)...
        Processed 40000/94361 frames (1600 sampled)...
        Processed 40500/94361 frames (1620 sampled)...
        Processed 41000/94361 frames (1640 sampled)...
        Processed 41500/94361 frames (1660 sampled)...
        Processed 42000/94361 frames (1680 sampled)...
        Processed 42500/94361 frames (1700 sampled)...
        Processed 43000/94361 frames (1720 sampled)...
        Processed 43500/94361 frames (1740 sampled)...
        Processed 44000/94361 frames (1760 sampled)...
        Processed 44500/94361 frames (1780 sampled)...
        Processed 45000/94361 frames (1800 sampled)...
        Processed 45500/94361 frames (1820 sampled)...
        Processed 46000/94361 frames (1840 sampled)...
        Processed 46500/94361 frames (1860 sampled)...
        Processed 47000/94361 frames (1880 sampled)...
        Processed 47500/94361 frames (1900 sampled)...
        Processed 48000/94361 frames (1920 sampled)...
        Processed 48500/94361 frames (1940 sampled)...
        Processed 49000/94361 frames (1960 sampled)...
        Processed 49500/94361 frames (1980 sampled)...
        Processed 50000/94361 frames (2000 sampled)...
        Processed 50500/94361 frames (2020 sampled)...
        Processed 51000/94361 frames (2040 sampled)...
        Processed 51500/94361 frames (2060 sampled)...
        Processed 52000/94361 frames (2080 sampled)...
        Processed 52500/94361 frames (2100 sampled)...
        Processed 53000/94361 frames (2120 sampled)...
        Processed 53500/94361 frames (2140 sampled)...
        Processed 54000/94361 frames (2160 sampled)...
        Processed 54500/94361 frames (2180 sampled)...
        Processed 55000/94361 frames (2200 sampled)...
        Processed 55500/94361 frames (2220 sampled)...
        Processed 56000/94361 frames (2240 sampled)...
        Processed 56500/94361 frames (2260 sampled)...
        Processed 57000/94361 frames (2280 sampled)...
        Processed 57500/94361 frames (2300 sampled)...
        Processed 58000/94361 frames (2320 sampled)...
        Processed 58500/94361 frames (2340 sampled)...
        Processed 59000/94361 frames (2360 sampled)...
        Processed 59500/94361 frames (2380 sampled)...
        Processed 60000/94361 frames (2400 sampled)...
        Processed 60500/94361 frames (2420 sampled)...
        Processed 61000/94361 frames (2440 sampled)...
        Processed 61500/94361 frames (2460 sampled)...
        Processed 62000/94361 frames (2480 sampled)...
        Processed 62500/94361 frames (2500 sampled)...
        Processed 63000/94361 frames (2520 sampled)...
        Processed 63500/94361 frames (2540 sampled)...
        Processed 64000/94361 frames (2560 sampled)...
        Processed 64500/94361 frames (2580 sampled)...
        Processed 65000/94361 frames (2600 sampled)...
        Processed 65500/94361 frames (2620 sampled)...
        Processed 66000/94361 frames (2640 sampled)...
        Processed 66500/94361 frames (2660 sampled)...
        Processed 67000/94361 frames (2680 sampled)...
        Processed 67500/94361 frames (2700 sampled)...
        Processed 68000/94361 frames (2720 sampled)...
        Processed 68500/94361 frames (2740 sampled)...
        Processed 69000/94361 frames (2760 sampled)...
        Processed 69500/94361 frames (2780 sampled)...
        Processed 70000/94361 frames (2800 sampled)...
        Processed 70500/94361 frames (2820 sampled)...
        Processed 71000/94361 frames (2840 sampled)...
        Processed 71500/94361 frames (2860 sampled)...
        Processed 72000/94361 frames (2880 sampled)...
        Processed 72500/94361 frames (2900 sampled)...
        Processed 73000/94361 frames (2920 sampled)...
        Processed 73500/94361 frames (2940 sampled)...
        Processed 74000/94361 frames (2960 sampled)...
        Processed 74500/94361 frames (2980 sampled)...
        Processed 75000/94361 frames (3000 sampled)...
        Processed 75500/94361 frames (3020 sampled)...
        Processed 76000/94361 frames (3040 sampled)...
        Processed 76500/94361 frames (3060 sampled)...
        Processed 77000/94361 frames (3080 sampled)...
        Processed 77500/94361 frames (3100 sampled)...
        Processed 78000/94361 frames (3120 sampled)...
        Processed 78500/94361 frames (3140 sampled)...
        Processed 79000/94361 frames (3160 sampled)...
        Processed 79500/94361 frames (3180 sampled)...
        Processed 80000/94361 frames (3200 sampled)...
        Processed 80500/94361 frames (3220 sampled)...
        Processed 81000/94361 frames (3240 sampled)...
        Processed 81500/94361 frames (3260 sampled)...
        Processed 82000/94361 frames (3280 sampled)...
        Processed 82500/94361 frames (3300 sampled)...
        Processed 83000/94361 frames (3320 sampled)...
        Processed 83500/94361 frames (3340 sampled)...
        Processed 84000/94361 frames (3360 sampled)...
        Processed 84500/94361 frames (3380 sampled)...
        Processed 85000/94361 frames (3400 sampled)...
        Processed 85500/94361 frames (3420 sampled)...
        Processed 86000/94361 frames (3440 sampled)...
        Processed 86500/94361 frames (3460 sampled)...
        Processed 87000/94361 frames (3480 sampled)...
        Processed 87500/94361 frames (3500 sampled)...
        Processed 88000/94361 frames (3520 sampled)...
        Processed 88500/94361 frames (3540 sampled)...
        Processed 89000/94361 frames (3560 sampled)...
        Processed 89500/94361 frames (3580 sampled)...
        Processed 90000/94361 frames (3600 sampled)...
        Processed 90500/94361 frames (3620 sampled)...
        Processed 91000/94361 frames (3640 sampled)...
        Processed 91500/94361 frames (3660 sampled)...
        Processed 92000/94361 frames (3680 sampled)...
        Processed 92500/94361 frames (3700 sampled)...
        Processed 93000/94361 frames (3720 sampled)...
        Processed 93500/94361 frames (3740 sampled)...
        Processed 94000/94361 frames (3760 sampled)...
      Total frames read: 94327
      Total frames sampled: 3774
      Converting frames to tensor and normalizing...
      Frames array shape: (3774, 224, 224, 3)
      Frames dtype: float32
      Extracting features using I3D model...
      Clip length: 16 frames
      Stride: 8 frames (50% overlap)
      Expected number of clips: 472
        Processed 10/472 clips...
        Processed 20/472 clips...
        Processed 30/472 clips...
        Processed 40/472 clips...
        Processed 50/472 clips...
        Processed 60/472 clips...
        Processed 70/472 clips...
        Processed 80/472 clips...
        Processed 90/472 clips...
        Processed 100/472 clips...
        Processed 110/472 clips...
        Processed 120/472 clips...
        Processed 130/472 clips...
        Processed 140/472 clips...
        Processed 150/472 clips...
        Processed 160/472 clips...
        Processed 170/472 clips...
        Processed 180/472 clips...
        Processed 190/472 clips...
        Processed 200/472 clips...
        Processed 210/472 clips...
        Processed 220/472 clips...
        Processed 230/472 clips...
        Processed 240/472 clips...
        Processed 250/472 clips...
        Processed 260/472 clips...
        Processed 270/472 clips...
        Processed 280/472 clips...
        Processed 290/472 clips...
        Processed 300/472 clips...
        Processed 310/472 clips...
        Processed 320/472 clips...
        Processed 330/472 clips...
        Processed 340/472 clips...
Processing videos:  12%|█▎        | 4/32 [01:40<11:13, 24.06s/it]        Processed 350/472 clips...
        Processed 360/472 clips...
        Processed 370/472 clips...
        Processed 380/472 clips...
        Processed 390/472 clips...
        Processed 400/472 clips...
        Processed 410/472 clips...
        Processed 420/472 clips...
        Processed 430/472 clips...
        Processed 440/472 clips...
        Processed 450/472 clips...
        Processed 460/472 clips...
        Processed 470/472 clips...
      Feature extraction complete!
      Final feature shape: (3768, 1024)
      Feature dtype: float32
[ID04]   Features extracted: (3768, 1024)
[ID04]   Feature dimension: 1024
[ID04]   Feature size: 14.72 MB
[ID04]   Saved to: /data-8tb/nvaci/dataset_Stanford/FACT_method/preprocessed_data/features/ID04.npy
[ID04] Step 3/3: Converting labels to frame-level...
[ID04]   Reading CSV: 25-021_ID04.csv
[ID04]   Video duration: 3774.44 seconds
      Reading CSV file: /data-8tb/nvaci/dataset_Stanford/raw/labels/25-021_ID04.csv
      CSV rows: 3840
      CSV columns: ['start_time', 'end_time', 'licking', 'shaking']
      Video duration: 3774.44s
      Target FPS: 1
      Total frames to generate: 3774
      Processing CSV rows...
        Row 132: 0:02:132-0:02:133 -> licking_shaking
        Row 133: 0:02:133-0:02:134 -> licking_shaking
        Row 142: 0:02:142-0:02:143 -> licking_shaking
      CSV processing complete:
        Segments with licking only: 496
        Segments with shaking only: 5
        Segments with licking_shaking: 6
        Segments with background: 3333
[ID04]   Labels created: 3774 frames
[ID04]   Label distribution:
[ID04]     - background: 3546 frames (94.0%)
[ID04]     - licking: 217 frames (5.7%)
[ID04]     - licking_shaking: 6 frames (0.2%)
[ID04]     - shaking: 5 frames (0.1%)
[ID04]   WARNING: Length mismatch!
[ID04]     Features: 3768 frames
[ID04]     Labels: 3774 frames
[ID04]     Trimming both to: 3768 frames
[ID04]     Updated feature file
[ID04]   Saved labels to: /data-8tb/nvaci/dataset_Stanford/FACT_method/preprocessed_data/groundTruth/ID04.txt
[ID04] ✓ SUCCESS - Video processed successfully

================================================================================
Processing video 5/32: ID05
================================================================================
[ID05] Found label file: 25-021_ID05.csv
[ID05] Step 1/3: Reading video file...
[ID05]   Video path: /data-8tb/nvaci/dataset_Stanford/raw/videos_cut/ID05.mp4
[ID05]   Video FPS: 25.00
[ID05]   Total frames: 97938
[ID05]   Duration: 3917.52 seconds
[ID05]   Target FPS: 1
[ID05]   Expected output frames: 3917
[ID05] Step 2/3: Extracting I3D features...
[ID05]   Using model: I3D
[ID05]   Clip length: 16 frames
      Opening video file...
      Original video FPS: 25.00
      Original total frames: 97938
      Sample rate: 1 every 25 frames
      Reading and sampling frames...
        Processed 500/97938 frames (20 sampled)...
        Processed 1000/97938 frames (40 sampled)...
        Processed 1500/97938 frames (60 sampled)...
        Processed 2000/97938 frames (80 sampled)...
        Processed 2500/97938 frames (100 sampled)...
        Processed 3000/97938 frames (120 sampled)...
        Processed 3500/97938 frames (140 sampled)...
        Processed 4000/97938 frames (160 sampled)...
        Processed 4500/97938 frames (180 sampled)...
        Processed 5000/97938 frames (200 sampled)...
        Processed 5500/97938 frames (220 sampled)...
        Processed 6000/97938 frames (240 sampled)...
        Processed 6500/97938 frames (260 sampled)...
        Processed 7000/97938 frames (280 sampled)...
        Processed 7500/97938 frames (300 sampled)...
        Processed 8000/97938 frames (320 sampled)...
        Processed 8500/97938 frames (340 sampled)...
        Processed 9000/97938 frames (360 sampled)...
        Processed 9500/97938 frames (380 sampled)...
        Processed 10000/97938 frames (400 sampled)...
        Processed 10500/97938 frames (420 sampled)...
        Processed 11000/97938 frames (440 sampled)...
        Processed 11500/97938 frames (460 sampled)...
        Processed 12000/97938 frames (480 sampled)...
        Processed 12500/97938 frames (500 sampled)...
        Processed 13000/97938 frames (520 sampled)...
        Processed 13500/97938 frames (540 sampled)...
        Processed 14000/97938 frames (560 sampled)...
        Processed 14500/97938 frames (580 sampled)...
        Processed 15000/97938 frames (600 sampled)...
        Processed 15500/97938 frames (620 sampled)...
        Processed 16000/97938 frames (640 sampled)...
        Processed 16500/97938 frames (660 sampled)...
        Processed 17000/97938 frames (680 sampled)...
        Processed 17500/97938 frames (700 sampled)...
        Processed 18000/97938 frames (720 sampled)...
        Processed 18500/97938 frames (740 sampled)...
        Processed 19000/97938 frames (760 sampled)...
        Processed 19500/97938 frames (780 sampled)...
        Processed 20000/97938 frames (800 sampled)...
        Processed 20500/97938 frames (820 sampled)...
        Processed 21000/97938 frames (840 sampled)...
        Processed 21500/97938 frames (860 sampled)...
        Processed 22000/97938 frames (880 sampled)...
        Processed 22500/97938 frames (900 sampled)...
        Processed 23000/97938 frames (920 sampled)...
        Processed 23500/97938 frames (940 sampled)...
        Processed 24000/97938 frames (960 sampled)...
        Processed 24500/97938 frames (980 sampled)...
        Processed 25000/97938 frames (1000 sampled)...
        Processed 25500/97938 frames (1020 sampled)...
        Processed 26000/97938 frames (1040 sampled)...
        Processed 26500/97938 frames (1060 sampled)...
        Processed 27000/97938 frames (1080 sampled)...
        Processed 27500/97938 frames (1100 sampled)...
        Processed 28000/97938 frames (1120 sampled)...
        Processed 28500/97938 frames (1140 sampled)...
        Processed 29000/97938 frames (1160 sampled)...
        Processed 29500/97938 frames (1180 sampled)...
        Processed 30000/97938 frames (1200 sampled)...
        Processed 30500/97938 frames (1220 sampled)...
        Processed 31000/97938 frames (1240 sampled)...
        Processed 31500/97938 frames (1260 sampled)...
        Processed 32000/97938 frames (1280 sampled)...
        Processed 32500/97938 frames (1300 sampled)...
        Processed 33000/97938 frames (1320 sampled)...
        Processed 33500/97938 frames (1340 sampled)...
        Processed 34000/97938 frames (1360 sampled)...
        Processed 34500/97938 frames (1380 sampled)...
        Processed 35000/97938 frames (1400 sampled)...
        Processed 35500/97938 frames (1420 sampled)...
        Processed 36000/97938 frames (1440 sampled)...
        Processed 36500/97938 frames (1460 sampled)...
        Processed 37000/97938 frames (1480 sampled)...
        Processed 37500/97938 frames (1500 sampled)...
        Processed 38000/97938 frames (1520 sampled)...
        Processed 38500/97938 frames (1540 sampled)...
        Processed 39000/97938 frames (1560 sampled)...
        Processed 39500/97938 frames (1580 sampled)...
        Processed 40000/97938 frames (1600 sampled)...
        Processed 40500/97938 frames (1620 sampled)...
        Processed 41000/97938 frames (1640 sampled)...
        Processed 41500/97938 frames (1660 sampled)...
        Processed 42000/97938 frames (1680 sampled)...
        Processed 42500/97938 frames (1700 sampled)...
        Processed 43000/97938 frames (1720 sampled)...
        Processed 43500/97938 frames (1740 sampled)...
        Processed 44000/97938 frames (1760 sampled)...
        Processed 44500/97938 frames (1780 sampled)...
        Processed 45000/97938 frames (1800 sampled)...
        Processed 45500/97938 frames (1820 sampled)...
        Processed 46000/97938 frames (1840 sampled)...
        Processed 46500/97938 frames (1860 sampled)...
        Processed 47000/97938 frames (1880 sampled)...
        Processed 47500/97938 frames (1900 sampled)...
        Processed 48000/97938 frames (1920 sampled)...
        Processed 48500/97938 frames (1940 sampled)...
        Processed 49000/97938 frames (1960 sampled)...
        Processed 49500/97938 frames (1980 sampled)...
        Processed 50000/97938 frames (2000 sampled)...
        Processed 50500/97938 frames (2020 sampled)...
        Processed 51000/97938 frames (2040 sampled)...
        Processed 51500/97938 frames (2060 sampled)...
        Processed 52000/97938 frames (2080 sampled)...
        Processed 52500/97938 frames (2100 sampled)...
        Processed 53000/97938 frames (2120 sampled)...
        Processed 53500/97938 frames (2140 sampled)...
        Processed 54000/97938 frames (2160 sampled)...
        Processed 54500/97938 frames (2180 sampled)...
        Processed 55000/97938 frames (2200 sampled)...
        Processed 55500/97938 frames (2220 sampled)...
        Processed 56000/97938 frames (2240 sampled)...
        Processed 56500/97938 frames (2260 sampled)...
        Processed 57000/97938 frames (2280 sampled)...
        Processed 57500/97938 frames (2300 sampled)...
        Processed 58000/97938 frames (2320 sampled)...
        Processed 58500/97938 frames (2340 sampled)...
        Processed 59000/97938 frames (2360 sampled)...
        Processed 59500/97938 frames (2380 sampled)...
        Processed 60000/97938 frames (2400 sampled)...
        Processed 60500/97938 frames (2420 sampled)...
        Processed 61000/97938 frames (2440 sampled)...
        Processed 61500/97938 frames (2460 sampled)...
        Processed 62000/97938 frames (2480 sampled)...
        Processed 62500/97938 frames (2500 sampled)...
        Processed 63000/97938 frames (2520 sampled)...
        Processed 63500/97938 frames (2540 sampled)...
        Processed 64000/97938 frames (2560 sampled)...
        Processed 64500/97938 frames (2580 sampled)...
        Processed 65000/97938 frames (2600 sampled)...
        Processed 65500/97938 frames (2620 sampled)...
        Processed 66000/97938 frames (2640 sampled)...
        Processed 66500/97938 frames (2660 sampled)...
        Processed 67000/97938 frames (2680 sampled)...
        Processed 67500/97938 frames (2700 sampled)...
        Processed 68000/97938 frames (2720 sampled)...
        Processed 68500/97938 frames (2740 sampled)...
        Processed 69000/97938 frames (2760 sampled)...
        Processed 69500/97938 frames (2780 sampled)...
        Processed 70000/97938 frames (2800 sampled)...
        Processed 70500/97938 frames (2820 sampled)...
        Processed 71000/97938 frames (2840 sampled)...
        Processed 71500/97938 frames (2860 sampled)...
        Processed 72000/97938 frames (2880 sampled)...
        Processed 72500/97938 frames (2900 sampled)...
        Processed 73000/97938 frames (2920 sampled)...
        Processed 73500/97938 frames (2940 sampled)...
        Processed 74000/97938 frames (2960 sampled)...
        Processed 74500/97938 frames (2980 sampled)...
        Processed 75000/97938 frames (3000 sampled)...
        Processed 75500/97938 frames (3020 sampled)...
        Processed 76000/97938 frames (3040 sampled)...
        Processed 76500/97938 frames (3060 sampled)...
        Processed 77000/97938 frames (3080 sampled)...
        Processed 77500/97938 frames (3100 sampled)...
        Processed 78000/97938 frames (3120 sampled)...
        Processed 78500/97938 frames (3140 sampled)...
        Processed 79000/97938 frames (3160 sampled)...
        Processed 79500/97938 frames (3180 sampled)...
        Processed 80000/97938 frames (3200 sampled)...
        Processed 80500/97938 frames (3220 sampled)...
        Processed 81000/97938 frames (3240 sampled)...
        Processed 81500/97938 frames (3260 sampled)...
        Processed 82000/97938 frames (3280 sampled)...
        Processed 82500/97938 frames (3300 sampled)...
        Processed 83000/97938 frames (3320 sampled)...
        Processed 83500/97938 frames (3340 sampled)...
        Processed 84000/97938 frames (3360 sampled)...
        Processed 84500/97938 frames (3380 sampled)...
        Processed 85000/97938 frames (3400 sampled)...
        Processed 85500/97938 frames (3420 sampled)...
        Processed 86000/97938 frames (3440 sampled)...
        Processed 86500/97938 frames (3460 sampled)...
        Processed 87000/97938 frames (3480 sampled)...
        Processed 87500/97938 frames (3500 sampled)...
        Processed 88000/97938 frames (3520 sampled)...
        Processed 88500/97938 frames (3540 sampled)...
        Processed 89000/97938 frames (3560 sampled)...
        Processed 89500/97938 frames (3580 sampled)...
        Processed 90000/97938 frames (3600 sampled)...
        Processed 90500/97938 frames (3620 sampled)...
        Processed 91000/97938 frames (3640 sampled)...
        Processed 91500/97938 frames (3660 sampled)...
        Processed 92000/97938 frames (3680 sampled)...
        Processed 92500/97938 frames (3700 sampled)...
        Processed 93000/97938 frames (3720 sampled)...
        Processed 93500/97938 frames (3740 sampled)...
        Processed 94000/97938 frames (3760 sampled)...
        Processed 94500/97938 frames (3780 sampled)...
        Processed 95000/97938 frames (3800 sampled)...
        Processed 95500/97938 frames (3820 sampled)...
        Processed 96000/97938 frames (3840 sampled)...
        Processed 96500/97938 frames (3860 sampled)...
        Processed 97000/97938 frames (3880 sampled)...
        Processed 97500/97938 frames (3900 sampled)...
      Total frames read: 97813
      Total frames sampled: 3913
      Converting frames to tensor and normalizing...
      Frames array shape: (3913, 224, 224, 3)
      Frames dtype: float32
      Extracting features using I3D model...
      Clip length: 16 frames
      Stride: 8 frames (50% overlap)
      Expected number of clips: 490
        Processed 10/490 clips...
        Processed 20/490 clips...
        Processed 30/490 clips...
        Processed 40/490 clips...
        Processed 50/490 clips...
        Processed 60/490 clips...
        Processed 70/490 clips...
        Processed 80/490 clips...
        Processed 90/490 clips...
        Processed 100/490 clips...
        Processed 110/490 clips...
        Processed 120/490 clips...
        Processed 130/490 clips...
        Processed 140/490 clips...
        Processed 150/490 clips...
        Processed 160/490 clips...
        Processed 170/490 clips...
        Processed 180/490 clips...
        Processed 190/490 clips...
        Processed 200/490 clips...
        Processed 210/490 clips...
        Processed 220/490 clips...
        Processed 230/490 clips...
        Processed 240/490 clips...
        Processed 250/490 clips...
        Processed 260/490 clips...
        Processed 270/490 clips...
        Processed 280/490 clips...
        Processed 290/490 clips...
        Processed 300/490 clips...
        Processed 310/490 clips...
        Processed 320/490 clips...
        Processed 330/490 clips...
        Processed 340/490 clips...
        Processed 350/490 clips...
        Processed 360/490 clips...
        Processed 370/490 clips...
        Processed 380/490 clips...
        Processed 390/490 clips...
        Processed 400/490 clips...
        Processed 410/490 clips...
        Processed 420/490 clips...
        Processed 430/490 clips...
        Processed 440/490 clips...
        Processed 450/490 clips...
        Processed 460/490 clips...
        Processed 470/490 clips...
        Processed 480/490 clips...
      Feature extraction complete!
      Final feature shape: (3912, 1024)
      Feature dtype: float32
[ID05]   Features extracted: (3912, 1024)
[ID05]   Feature dimension: 1024
[ID05]   Feature size: 15.28 MB
[ID05]   Saved to: /data-8tb/nvaci/dataset_Stanford/FACT_method/preprocessed_data/features/ID05.npy
[ID05] Step 3/3: Converting labels to frame-level...
[ID05]   Reading CSV: 25-021_ID05.csv
[ID05]   Video duration: 3917.52 seconds
      Reading CSV file: /data-8tb/nvaci/dataset_Stanford/raw/labels/25-021_ID05.csv
      CSV rows: 3840
      CSV columns: ['start_time', 'end_time', 'licking', 'shaking']
      Video duration: 3917.52s
      Target FPS: 1
      Total frames to generate: 3917
      Processing CSV rows...
        Row 8: 0:00:08-0:00:09 -> licking_shaking
Processing videos:  16%|█▌        | 5/32 [02:10<11:54, 26.47s/it]        Row 9: 0:00:09-0:00:10 -> licking_shaking
        Row 15: 0:00:15-0:00:16 -> licking_shaking
      CSV processing complete:
        Segments with licking only: 335
        Segments with shaking only: 14
        Segments with licking_shaking: 9
        Segments with background: 3482
[ID05]   Labels created: 3917 frames
[ID05]   Label distribution:
[ID05]     - background: 3636 frames (92.8%)
[ID05]     - licking: 201 frames (5.1%)
[ID05]     - licking_shaking: 9 frames (0.2%)
[ID05]     - shaking: 71 frames (1.8%)
[ID05]   WARNING: Length mismatch!
[ID05]     Features: 3912 frames
[ID05]     Labels: 3917 frames
[ID05]     Trimming both to: 3912 frames
[ID05]     Updated feature file
[ID05]   Saved labels to: /data-8tb/nvaci/dataset_Stanford/FACT_method/preprocessed_data/groundTruth/ID05.txt
[ID05] ✓ SUCCESS - Video processed successfully

================================================================================
Processing video 6/32: ID06
================================================================================
[ID06] Found label file: 25-021_ID06.csv
[ID06] Step 1/3: Reading video file...
[ID06]   Video path: /data-8tb/nvaci/dataset_Stanford/raw/videos_cut/ID06.mp4
[ID06]   Video FPS: 25.00
[ID06]   Total frames: 96688
[ID06]   Duration: 3867.52 seconds
[ID06]   Target FPS: 1
[ID06]   Expected output frames: 3867
[ID06] Step 2/3: Extracting I3D features...
[ID06]   Using model: I3D
[ID06]   Clip length: 16 frames
      Opening video file...
      Original video FPS: 25.00
      Original total frames: 96688
      Sample rate: 1 every 25 frames
      Reading and sampling frames...
        Processed 500/96688 frames (20 sampled)...
        Processed 1000/96688 frames (40 sampled)...
        Processed 1500/96688 frames (60 sampled)...
        Processed 2000/96688 frames (80 sampled)...
        Processed 2500/96688 frames (100 sampled)...
        Processed 3000/96688 frames (120 sampled)...
        Processed 3500/96688 frames (140 sampled)...
        Processed 4000/96688 frames (160 sampled)...
        Processed 4500/96688 frames (180 sampled)...
        Processed 5000/96688 frames (200 sampled)...
        Processed 5500/96688 frames (220 sampled)...
        Processed 6000/96688 frames (240 sampled)...
        Processed 6500/96688 frames (260 sampled)...
        Processed 7000/96688 frames (280 sampled)...
        Processed 7500/96688 frames (300 sampled)...
        Processed 8000/96688 frames (320 sampled)...
        Processed 8500/96688 frames (340 sampled)...
        Processed 9000/96688 frames (360 sampled)...
        Processed 9500/96688 frames (380 sampled)...
        Processed 10000/96688 frames (400 sampled)...
        Processed 10500/96688 frames (420 sampled)...
        Processed 11000/96688 frames (440 sampled)...
        Processed 11500/96688 frames (460 sampled)...
        Processed 12000/96688 frames (480 sampled)...
        Processed 12500/96688 frames (500 sampled)...
        Processed 13000/96688 frames (520 sampled)...
        Processed 13500/96688 frames (540 sampled)...
        Processed 14000/96688 frames (560 sampled)...
        Processed 14500/96688 frames (580 sampled)...
        Processed 15000/96688 frames (600 sampled)...
        Processed 15500/96688 frames (620 sampled)...
        Processed 16000/96688 frames (640 sampled)...
        Processed 16500/96688 frames (660 sampled)...
        Processed 17000/96688 frames (680 sampled)...
        Processed 17500/96688 frames (700 sampled)...
        Processed 18000/96688 frames (720 sampled)...
        Processed 18500/96688 frames (740 sampled)...
        Processed 19000/96688 frames (760 sampled)...
        Processed 19500/96688 frames (780 sampled)...
        Processed 20000/96688 frames (800 sampled)...
        Processed 20500/96688 frames (820 sampled)...
        Processed 21000/96688 frames (840 sampled)...
        Processed 21500/96688 frames (860 sampled)...
        Processed 22000/96688 frames (880 sampled)...
        Processed 22500/96688 frames (900 sampled)...
        Processed 23000/96688 frames (920 sampled)...
        Processed 23500/96688 frames (940 sampled)...
        Processed 24000/96688 frames (960 sampled)...
        Processed 24500/96688 frames (980 sampled)...
        Processed 25000/96688 frames (1000 sampled)...
        Processed 25500/96688 frames (1020 sampled)...
        Processed 26000/96688 frames (1040 sampled)...
        Processed 26500/96688 frames (1060 sampled)...
        Processed 27000/96688 frames (1080 sampled)...
        Processed 27500/96688 frames (1100 sampled)...
        Processed 28000/96688 frames (1120 sampled)...
        Processed 28500/96688 frames (1140 sampled)...
        Processed 29000/96688 frames (1160 sampled)...
        Processed 29500/96688 frames (1180 sampled)...
        Processed 30000/96688 frames (1200 sampled)...
        Processed 30500/96688 frames (1220 sampled)...
        Processed 31000/96688 frames (1240 sampled)...
        Processed 31500/96688 frames (1260 sampled)...
        Processed 32000/96688 frames (1280 sampled)...
        Processed 32500/96688 frames (1300 sampled)...
        Processed 33000/96688 frames (1320 sampled)...
        Processed 33500/96688 frames (1340 sampled)...
        Processed 34000/96688 frames (1360 sampled)...
        Processed 34500/96688 frames (1380 sampled)...
        Processed 35000/96688 frames (1400 sampled)...
        Processed 35500/96688 frames (1420 sampled)...
        Processed 36000/96688 frames (1440 sampled)...
        Processed 36500/96688 frames (1460 sampled)...
        Processed 37000/96688 frames (1480 sampled)...
        Processed 37500/96688 frames (1500 sampled)...
        Processed 38000/96688 frames (1520 sampled)...
        Processed 38500/96688 frames (1540 sampled)...
        Processed 39000/96688 frames (1560 sampled)...
        Processed 39500/96688 frames (1580 sampled)...
        Processed 40000/96688 frames (1600 sampled)...
        Processed 40500/96688 frames (1620 sampled)...
        Processed 41000/96688 frames (1640 sampled)...
        Processed 41500/96688 frames (1660 sampled)...
        Processed 42000/96688 frames (1680 sampled)...
        Processed 42500/96688 frames (1700 sampled)...
        Processed 43000/96688 frames (1720 sampled)...
        Processed 43500/96688 frames (1740 sampled)...
        Processed 44000/96688 frames (1760 sampled)...
        Processed 44500/96688 frames (1780 sampled)...
        Processed 45000/96688 frames (1800 sampled)...
        Processed 45500/96688 frames (1820 sampled)...
        Processed 46000/96688 frames (1840 sampled)...
        Processed 46500/96688 frames (1860 sampled)...
        Processed 47000/96688 frames (1880 sampled)...
        Processed 47500/96688 frames (1900 sampled)...
        Processed 48000/96688 frames (1920 sampled)...
        Processed 48500/96688 frames (1940 sampled)...
        Processed 49000/96688 frames (1960 sampled)...
        Processed 49500/96688 frames (1980 sampled)...
        Processed 50000/96688 frames (2000 sampled)...
        Processed 50500/96688 frames (2020 sampled)...
        Processed 51000/96688 frames (2040 sampled)...
        Processed 51500/96688 frames (2060 sampled)...
        Processed 52000/96688 frames (2080 sampled)...
        Processed 52500/96688 frames (2100 sampled)...
        Processed 53000/96688 frames (2120 sampled)...
        Processed 53500/96688 frames (2140 sampled)...
        Processed 54000/96688 frames (2160 sampled)...
        Processed 54500/96688 frames (2180 sampled)...
        Processed 55000/96688 frames (2200 sampled)...
        Processed 55500/96688 frames (2220 sampled)...
        Processed 56000/96688 frames (2240 sampled)...
        Processed 56500/96688 frames (2260 sampled)...
        Processed 57000/96688 frames (2280 sampled)...
        Processed 57500/96688 frames (2300 sampled)...
        Processed 58000/96688 frames (2320 sampled)...
        Processed 58500/96688 frames (2340 sampled)...
        Processed 59000/96688 frames (2360 sampled)...
        Processed 59500/96688 frames (2380 sampled)...
        Processed 60000/96688 frames (2400 sampled)...
Processing videos:  19%|█▉        | 6/32 [02:34<10:59, 25.36s/it]        Processed 60500/96688 frames (2420 sampled)...
        Processed 61000/96688 frames (2440 sampled)...
        Processed 61500/96688 frames (2460 sampled)...
        Processed 62000/96688 frames (2480 sampled)...
        Processed 62500/96688 frames (2500 sampled)...
        Processed 63000/96688 frames (2520 sampled)...
        Processed 63500/96688 frames (2540 sampled)...
        Processed 64000/96688 frames (2560 sampled)...
        Processed 64500/96688 frames (2580 sampled)...
        Processed 65000/96688 frames (2600 sampled)...
        Processed 65500/96688 frames (2620 sampled)...
        Processed 66000/96688 frames (2640 sampled)...
        Processed 66500/96688 frames (2660 sampled)...
        Processed 67000/96688 frames (2680 sampled)...
        Processed 67500/96688 frames (2700 sampled)...
        Processed 68000/96688 frames (2720 sampled)...
        Processed 68500/96688 frames (2740 sampled)...
        Processed 69000/96688 frames (2760 sampled)...
        Processed 69500/96688 frames (2780 sampled)...
        Processed 70000/96688 frames (2800 sampled)...
        Processed 70500/96688 frames (2820 sampled)...
        Processed 71000/96688 frames (2840 sampled)...
        Processed 71500/96688 frames (2860 sampled)...
        Processed 72000/96688 frames (2880 sampled)...
        Processed 72500/96688 frames (2900 sampled)...
        Processed 73000/96688 frames (2920 sampled)...
        Processed 73500/96688 frames (2940 sampled)...
        Processed 74000/96688 frames (2960 sampled)...
        Processed 74500/96688 frames (2980 sampled)...
        Processed 75000/96688 frames (3000 sampled)...
        Processed 75500/96688 frames (3020 sampled)...
        Processed 76000/96688 frames (3040 sampled)...
        Processed 76500/96688 frames (3060 sampled)...
        Processed 77000/96688 frames (3080 sampled)...
        Processed 77500/96688 frames (3100 sampled)...
        Processed 78000/96688 frames (3120 sampled)...
        Processed 78500/96688 frames (3140 sampled)...
        Processed 79000/96688 frames (3160 sampled)...
        Processed 79500/96688 frames (3180 sampled)...
        Processed 80000/96688 frames (3200 sampled)...
        Processed 80500/96688 frames (3220 sampled)...
        Processed 81000/96688 frames (3240 sampled)...
        Processed 81500/96688 frames (3260 sampled)...
        Processed 82000/96688 frames (3280 sampled)...
        Processed 82500/96688 frames (3300 sampled)...
        Processed 83000/96688 frames (3320 sampled)...
        Processed 83500/96688 frames (3340 sampled)...
        Processed 84000/96688 frames (3360 sampled)...
        Processed 84500/96688 frames (3380 sampled)...
        Processed 85000/96688 frames (3400 sampled)...
        Processed 85500/96688 frames (3420 sampled)...
        Processed 86000/96688 frames (3440 sampled)...
        Processed 86500/96688 frames (3460 sampled)...
        Processed 87000/96688 frames (3480 sampled)...
        Processed 87500/96688 frames (3500 sampled)...
        Processed 88000/96688 frames (3520 sampled)...
        Processed 88500/96688 frames (3540 sampled)...
        Processed 89000/96688 frames (3560 sampled)...
        Processed 89500/96688 frames (3580 sampled)...
        Processed 90000/96688 frames (3600 sampled)...
        Processed 90500/96688 frames (3620 sampled)...
        Processed 91000/96688 frames (3640 sampled)...
        Processed 91500/96688 frames (3660 sampled)...
        Processed 92000/96688 frames (3680 sampled)...
        Processed 92500/96688 frames (3700 sampled)...
        Processed 93000/96688 frames (3720 sampled)...
        Processed 93500/96688 frames (3740 sampled)...
        Processed 94000/96688 frames (3760 sampled)...
        Processed 94500/96688 frames (3780 sampled)...
        Processed 95000/96688 frames (3800 sampled)...
        Processed 95500/96688 frames (3820 sampled)...
        Processed 96000/96688 frames (3840 sampled)...
        Processed 96500/96688 frames (3860 sampled)...
      Total frames read: 96688
      Total frames sampled: 3868
      Converting frames to tensor and normalizing...
      Frames array shape: (3868, 224, 224, 3)
      Frames dtype: float32
      Extracting features using I3D model...
      Clip length: 16 frames
      Stride: 8 frames (50% overlap)
      Expected number of clips: 484
        Processed 10/484 clips...
        Processed 20/484 clips...
        Processed 30/484 clips...
        Processed 40/484 clips...
        Processed 50/484 clips...
        Processed 60/484 clips...
        Processed 70/484 clips...
        Processed 80/484 clips...
        Processed 90/484 clips...
        Processed 100/484 clips...
        Processed 110/484 clips...
        Processed 120/484 clips...
        Processed 130/484 clips...
        Processed 140/484 clips...
        Processed 150/484 clips...
        Processed 160/484 clips...
        Processed 170/484 clips...
        Processed 180/484 clips...
        Processed 190/484 clips...
        Processed 200/484 clips...
        Processed 210/484 clips...
        Processed 220/484 clips...
        Processed 230/484 clips...
        Processed 240/484 clips...
        Processed 250/484 clips...
        Processed 260/484 clips...
        Processed 270/484 clips...
        Processed 280/484 clips...
        Processed 290/484 clips...
        Processed 300/484 clips...
        Processed 310/484 clips...
        Processed 320/484 clips...
        Processed 330/484 clips...
        Processed 340/484 clips...
        Processed 350/484 clips...
        Processed 360/484 clips...
        Processed 370/484 clips...
        Processed 380/484 clips...
        Processed 390/484 clips...
        Processed 400/484 clips...
        Processed 410/484 clips...
        Processed 420/484 clips...
        Processed 430/484 clips...
        Processed 440/484 clips...
        Processed 450/484 clips...
        Processed 460/484 clips...
        Processed 470/484 clips...
        Processed 480/484 clips...
      Feature extraction complete!
      Final feature shape: (3864, 1024)
      Feature dtype: float32
[ID06]   Features extracted: (3864, 1024)
[ID06]   Feature dimension: 1024
[ID06]   Feature size: 15.09 MB
[ID06]   Saved to: /data-8tb/nvaci/dataset_Stanford/FACT_method/preprocessed_data/features/ID06.npy
[ID06] Step 3/3: Converting labels to frame-level...
[ID06]   Reading CSV: 25-021_ID06.csv
[ID06]   Video duration: 3867.52 seconds
      Reading CSV file: /data-8tb/nvaci/dataset_Stanford/raw/labels/25-021_ID06.csv
      CSV rows: 3840
      CSV columns: ['start_time', 'end_time', 'licking', 'shaking']
      Video duration: 3867.52s
      Target FPS: 1
      Total frames to generate: 3867
      Processing CSV rows...
        Row 59: 0:00:59-0:01:60 -> licking_shaking
        Row 60: 0:01:60-0:01:61 -> licking_shaking
        Row 72: 0:01:72-0:01:73 -> licking_shaking
      CSV processing complete:
        Segments with licking only: 1050
        Segments with shaking only: 9
        Segments with licking_shaking: 9
        Segments with background: 2772
[ID06]   Labels created: 3867 frames
[ID06]   Label distribution:
[ID06]     - background: 3272 frames (84.6%)
[ID06]     - licking: 517 frames (13.4%)
[ID06]     - licking_shaking: 69 frames (1.8%)
[ID06]     - shaking: 9 frames (0.2%)
[ID06]   WARNING: Length mismatch!
[ID06]     Features: 3864 frames
[ID06]     Labels: 3867 frames
[ID06]     Trimming both to: 3864 frames
[ID06]     Updated feature file
[ID06]   Saved labels to: /data-8tb/nvaci/dataset_Stanford/FACT_method/preprocessed_data/groundTruth/ID06.txt
[ID06] ✓ SUCCESS - Video processed successfully

================================================================================
Processing video 7/32: ID07
================================================================================
[ID07] Found label file: 25-021_ID07.csv
[ID07] Step 1/3: Reading video file...
[ID07]   Video path: /data-8tb/nvaci/dataset_Stanford/raw/videos_cut/ID07.mp4
[ID07]   Video FPS: 25.00
[ID07]   Total frames: 95555
[ID07]   Duration: 3822.20 seconds
[ID07]   Target FPS: 1
[ID07]   Expected output frames: 3822
[ID07] Step 2/3: Extracting I3D features...
[ID07]   Using model: I3D
[ID07]   Clip length: 16 frames
      Opening video file...
      Original video FPS: 25.00
      Original total frames: 95555
      Sample rate: 1 every 25 frames
      Reading and sampling frames...
        Processed 500/95555 frames (20 sampled)...
        Processed 1000/95555 frames (40 sampled)...
        Processed 1500/95555 frames (60 sampled)...
        Processed 2000/95555 frames (80 sampled)...
        Processed 2500/95555 frames (100 sampled)...
        Processed 3000/95555 frames (120 sampled)...
        Processed 3500/95555 frames (140 sampled)...
        Processed 4000/95555 frames (160 sampled)...
        Processed 4500/95555 frames (180 sampled)...
        Processed 5000/95555 frames (200 sampled)...
        Processed 5500/95555 frames (220 sampled)...
        Processed 6000/95555 frames (240 sampled)...
        Processed 6500/95555 frames (260 sampled)...
        Processed 7000/95555 frames (280 sampled)...
        Processed 7500/95555 frames (300 sampled)...
        Processed 8000/95555 frames (320 sampled)...
        Processed 8500/95555 frames (340 sampled)...
        Processed 9000/95555 frames (360 sampled)...
        Processed 9500/95555 frames (380 sampled)...
        Processed 10000/95555 frames (400 sampled)...
        Processed 10500/95555 frames (420 sampled)...
        Processed 11000/95555 frames (440 sampled)...
        Processed 11500/95555 frames (460 sampled)...
        Processed 12000/95555 frames (480 sampled)...
        Processed 12500/95555 frames (500 sampled)...
        Processed 13000/95555 frames (520 sampled)...
        Processed 13500/95555 frames (540 sampled)...
        Processed 14000/95555 frames (560 sampled)...
        Processed 14500/95555 frames (580 sampled)...
        Processed 15000/95555 frames (600 sampled)...
        Processed 15500/95555 frames (620 sampled)...
        Processed 16000/95555 frames (640 sampled)...
        Processed 16500/95555 frames (660 sampled)...
        Processed 17000/95555 frames (680 sampled)...
        Processed 17500/95555 frames (700 sampled)...
        Processed 18000/95555 frames (720 sampled)...
        Processed 18500/95555 frames (740 sampled)...
        Processed 19000/95555 frames (760 sampled)...
        Processed 19500/95555 frames (780 sampled)...
        Processed 20000/95555 frames (800 sampled)...
        Processed 20500/95555 frames (820 sampled)...
        Processed 21000/95555 frames (840 sampled)...
        Processed 21500/95555 frames (860 sampled)...
        Processed 22000/95555 frames (880 sampled)...
        Processed 22500/95555 frames (900 sampled)...
        Processed 23000/95555 frames (920 sampled)...
        Processed 23500/95555 frames (940 sampled)...
        Processed 24000/95555 frames (960 sampled)...
        Processed 24500/95555 frames (980 sampled)...
        Processed 25000/95555 frames (1000 sampled)...
        Processed 25500/95555 frames (1020 sampled)...
        Processed 26000/95555 frames (1040 sampled)...
        Processed 26500/95555 frames (1060 sampled)...
        Processed 27000/95555 frames (1080 sampled)...
        Processed 27500/95555 frames (1100 sampled)...
        Processed 28000/95555 frames (1120 sampled)...
        Processed 28500/95555 frames (1140 sampled)...
        Processed 29000/95555 frames (1160 sampled)...
        Processed 29500/95555 frames (1180 sampled)...
        Processed 30000/95555 frames (1200 sampled)...
        Processed 30500/95555 frames (1220 sampled)...
        Processed 31000/95555 frames (1240 sampled)...
        Processed 31500/95555 frames (1260 sampled)...
        Processed 32000/95555 frames (1280 sampled)...
        Processed 32500/95555 frames (1300 sampled)...
        Processed 33000/95555 frames (1320 sampled)...
        Processed 33500/95555 frames (1340 sampled)...
        Processed 34000/95555 frames (1360 sampled)...
        Processed 34500/95555 frames (1380 sampled)...
        Processed 35000/95555 frames (1400 sampled)...
        Processed 35500/95555 frames (1420 sampled)...
        Processed 36000/95555 frames (1440 sampled)...
        Processed 36500/95555 frames (1460 sampled)...
        Processed 37000/95555 frames (1480 sampled)...
        Processed 37500/95555 frames (1500 sampled)...
        Processed 38000/95555 frames (1520 sampled)...
        Processed 38500/95555 frames (1540 sampled)...
        Processed 39000/95555 frames (1560 sampled)...
        Processed 39500/95555 frames (1580 sampled)...
        Processed 40000/95555 frames (1600 sampled)...
        Processed 40500/95555 frames (1620 sampled)...
        Processed 41000/95555 frames (1640 sampled)...
        Processed 41500/95555 frames (1660 sampled)...
        Processed 42000/95555 frames (1680 sampled)...
        Processed 42500/95555 frames (1700 sampled)...
        Processed 43000/95555 frames (1720 sampled)...
        Processed 43500/95555 frames (1740 sampled)...
        Processed 44000/95555 frames (1760 sampled)...
        Processed 44500/95555 frames (1780 sampled)...
        Processed 45000/95555 frames (1800 sampled)...
        Processed 45500/95555 frames (1820 sampled)...
        Processed 46000/95555 frames (1840 sampled)...
        Processed 46500/95555 frames (1860 sampled)...
        Processed 47000/95555 frames (1880 sampled)...
        Processed 47500/95555 frames (1900 sampled)...
        Processed 48000/95555 frames (1920 sampled)...
        Processed 48500/95555 frames (1940 sampled)...
        Processed 49000/95555 frames (1960 sampled)...
        Processed 49500/95555 frames (1980 sampled)...
        Processed 50000/95555 frames (2000 sampled)...
        Processed 50500/95555 frames (2020 sampled)...
        Processed 51000/95555 frames (2040 sampled)...
        Processed 51500/95555 frames (2060 sampled)...
        Processed 52000/95555 frames (2080 sampled)...
        Processed 52500/95555 frames (2100 sampled)...
        Processed 53000/95555 frames (2120 sampled)...
        Processed 53500/95555 frames (2140 sampled)...
        Processed 54000/95555 frames (2160 sampled)...
        Processed 54500/95555 frames (2180 sampled)...
        Processed 55000/95555 frames (2200 sampled)...
        Processed 55500/95555 frames (2220 sampled)...
        Processed 56000/95555 frames (2240 sampled)...
        Processed 56500/95555 frames (2260 sampled)...
        Processed 57000/95555 frames (2280 sampled)...
        Processed 57500/95555 frames (2300 sampled)...
        Processed 58000/95555 frames (2320 sampled)...
        Processed 58500/95555 frames (2340 sampled)...
        Processed 59000/95555 frames (2360 sampled)...
        Processed 59500/95555 frames (2380 sampled)...
        Processed 60000/95555 frames (2400 sampled)...
        Processed 60500/95555 frames (2420 sampled)...
        Processed 61000/95555 frames (2440 sampled)...
        Processed 61500/95555 frames (2460 sampled)...
        Processed 62000/95555 frames (2480 sampled)...
        Processed 62500/95555 frames (2500 sampled)...
        Processed 63000/95555 frames (2520 sampled)...
        Processed 63500/95555 frames (2540 sampled)...
        Processed 64000/95555 frames (2560 sampled)...
        Processed 64500/95555 frames (2580 sampled)...
        Processed 65000/95555 frames (2600 sampled)...
        Processed 65500/95555 frames (2620 sampled)...
        Processed 66000/95555 frames (2640 sampled)...
        Processed 66500/95555 frames (2660 sampled)...
        Processed 67000/95555 frames (2680 sampled)...
        Processed 67500/95555 frames (2700 sampled)...
        Processed 68000/95555 frames (2720 sampled)...
        Processed 68500/95555 frames (2740 sampled)...
        Processed 69000/95555 frames (2760 sampled)...
        Processed 69500/95555 frames (2780 sampled)...
        Processed 70000/95555 frames (2800 sampled)...
        Processed 70500/95555 frames (2820 sampled)...
        Processed 71000/95555 frames (2840 sampled)...
        Processed 71500/95555 frames (2860 sampled)...
        Processed 72000/95555 frames (2880 sampled)...
        Processed 72500/95555 frames (2900 sampled)...
Processing videos:  22%|██▏       | 7/32 [02:58<10:22, 24.89s/it]        Processed 73000/95555 frames (2920 sampled)...
        Processed 73500/95555 frames (2940 sampled)...
        Processed 74000/95555 frames (2960 sampled)...
        Processed 74500/95555 frames (2980 sampled)...
        Processed 75000/95555 frames (3000 sampled)...
        Processed 75500/95555 frames (3020 sampled)...
        Processed 76000/95555 frames (3040 sampled)...
        Processed 76500/95555 frames (3060 sampled)...
        Processed 77000/95555 frames (3080 sampled)...
        Processed 77500/95555 frames (3100 sampled)...
        Processed 78000/95555 frames (3120 sampled)...
        Processed 78500/95555 frames (3140 sampled)...
        Processed 79000/95555 frames (3160 sampled)...
        Processed 79500/95555 frames (3180 sampled)...
        Processed 80000/95555 frames (3200 sampled)...
        Processed 80500/95555 frames (3220 sampled)...
        Processed 81000/95555 frames (3240 sampled)...
        Processed 81500/95555 frames (3260 sampled)...
        Processed 82000/95555 frames (3280 sampled)...
        Processed 82500/95555 frames (3300 sampled)...
        Processed 83000/95555 frames (3320 sampled)...
        Processed 83500/95555 frames (3340 sampled)...
        Processed 84000/95555 frames (3360 sampled)...
        Processed 84500/95555 frames (3380 sampled)...
        Processed 85000/95555 frames (3400 sampled)...
        Processed 85500/95555 frames (3420 sampled)...
        Processed 86000/95555 frames (3440 sampled)...
        Processed 86500/95555 frames (3460 sampled)...
        Processed 87000/95555 frames (3480 sampled)...
        Processed 87500/95555 frames (3500 sampled)...
        Processed 88000/95555 frames (3520 sampled)...
        Processed 88500/95555 frames (3540 sampled)...
        Processed 89000/95555 frames (3560 sampled)...
        Processed 89500/95555 frames (3580 sampled)...
        Processed 90000/95555 frames (3600 sampled)...
        Processed 90500/95555 frames (3620 sampled)...
        Processed 91000/95555 frames (3640 sampled)...
        Processed 91500/95555 frames (3660 sampled)...
        Processed 92000/95555 frames (3680 sampled)...
        Processed 92500/95555 frames (3700 sampled)...
        Processed 93000/95555 frames (3720 sampled)...
        Processed 93500/95555 frames (3740 sampled)...
        Processed 94000/95555 frames (3760 sampled)...
        Processed 94500/95555 frames (3780 sampled)...
        Processed 95000/95555 frames (3800 sampled)...
        Processed 95500/95555 frames (3820 sampled)...
      Total frames read: 95538
      Total frames sampled: 3822
      Converting frames to tensor and normalizing...
      Frames array shape: (3822, 224, 224, 3)
      Frames dtype: float32
      Extracting features using I3D model...
      Clip length: 16 frames
      Stride: 8 frames (50% overlap)
      Expected number of clips: 478
        Processed 10/478 clips...
        Processed 20/478 clips...
        Processed 30/478 clips...
        Processed 40/478 clips...
        Processed 50/478 clips...
        Processed 60/478 clips...
        Processed 70/478 clips...
        Processed 80/478 clips...
        Processed 90/478 clips...
        Processed 100/478 clips...
        Processed 110/478 clips...
        Processed 120/478 clips...
        Processed 130/478 clips...
        Processed 140/478 clips...
        Processed 150/478 clips...
        Processed 160/478 clips...
        Processed 170/478 clips...
        Processed 180/478 clips...
        Processed 190/478 clips...
        Processed 200/478 clips...
        Processed 210/478 clips...
        Processed 220/478 clips...
        Processed 230/478 clips...
        Processed 240/478 clips...
        Processed 250/478 clips...
        Processed 260/478 clips...
        Processed 270/478 clips...
        Processed 280/478 clips...
        Processed 290/478 clips...
        Processed 300/478 clips...
        Processed 310/478 clips...
        Processed 320/478 clips...
        Processed 330/478 clips...
        Processed 340/478 clips...
        Processed 350/478 clips...
        Processed 360/478 clips...
        Processed 370/478 clips...
        Processed 380/478 clips...
        Processed 390/478 clips...
        Processed 400/478 clips...
        Processed 410/478 clips...
        Processed 420/478 clips...
        Processed 430/478 clips...
        Processed 440/478 clips...
        Processed 450/478 clips...
        Processed 460/478 clips...
        Processed 470/478 clips...
      Feature extraction complete!
      Final feature shape: (3816, 1024)
      Feature dtype: float32
[ID07]   Features extracted: (3816, 1024)
[ID07]   Feature dimension: 1024
[ID07]   Feature size: 14.91 MB
[ID07]   Saved to: /data-8tb/nvaci/dataset_Stanford/FACT_method/preprocessed_data/features/ID07.npy
[ID07] Step 3/3: Converting labels to frame-level...
[ID07]   Reading CSV: 25-021_ID07.csv
[ID07]   Video duration: 3822.20 seconds
      Reading CSV file: /data-8tb/nvaci/dataset_Stanford/raw/labels/25-021_ID07.csv
      CSV rows: 3840
      CSV columns: ['start_time', 'end_time', 'licking', 'shaking']
      Video duration: 3822.20s
      Target FPS: 1
      Total frames to generate: 3822
      Processing CSV rows...
        Row 117: 0:01:117-0:01:118 -> licking_shaking
        Row 118: 0:01:118-0:01:119 -> licking_shaking
        Row 124: 0:02:124-0:02:125 -> licking_shaking
      CSV processing complete:
        Segments with licking only: 1036
        Segments with shaking only: 19
        Segments with licking_shaking: 10
        Segments with background: 2775
[ID07]   Labels created: 3822 frames
[ID07]   Label distribution:
[ID07]     - background: 2806 frames (73.4%)
[ID07]     - licking: 987 frames (25.8%)
[ID07]     - licking_shaking: 10 frames (0.3%)
[ID07]     - shaking: 19 frames (0.5%)
[ID07]   WARNING: Length mismatch!
[ID07]     Features: 3816 frames
[ID07]     Labels: 3822 frames
[ID07]     Trimming both to: 3816 frames
[ID07]     Updated feature file
[ID07]   Saved labels to: /data-8tb/nvaci/dataset_Stanford/FACT_method/preprocessed_data/groundTruth/ID07.txt
[ID07] ✓ SUCCESS - Video processed successfully

================================================================================
Processing video 8/32: ID08
================================================================================
[ID08] Found label file: 25-021_ID08.csv
[ID08] Step 1/3: Reading video file...
[ID08]   Video path: /data-8tb/nvaci/dataset_Stanford/raw/videos_cut/ID08.mp4
[ID08]   Video FPS: 25.00
[ID08]   Total frames: 94691
[ID08]   Duration: 3787.64 seconds
[ID08]   Target FPS: 1
[ID08]   Expected output frames: 3787
[ID08] Step 2/3: Extracting I3D features...
[ID08]   Using model: I3D
[ID08]   Clip length: 16 frames
      Opening video file...
      Original video FPS: 25.00
      Original total frames: 94691
      Sample rate: 1 every 25 frames
      Reading and sampling frames...
        Processed 500/94691 frames (20 sampled)...
        Processed 1000/94691 frames (40 sampled)...
        Processed 1500/94691 frames (60 sampled)...
        Processed 2000/94691 frames (80 sampled)...
        Processed 2500/94691 frames (100 sampled)...
        Processed 3000/94691 frames (120 sampled)...
        Processed 3500/94691 frames (140 sampled)...
        Processed 4000/94691 frames (160 sampled)...
        Processed 4500/94691 frames (180 sampled)...
        Processed 5000/94691 frames (200 sampled)...
        Processed 5500/94691 frames (220 sampled)...
        Processed 6000/94691 frames (240 sampled)...
        Processed 6500/94691 frames (260 sampled)...
        Processed 7000/94691 frames (280 sampled)...
        Processed 7500/94691 frames (300 sampled)...
        Processed 8000/94691 frames (320 sampled)...
        Processed 8500/94691 frames (340 sampled)...
        Processed 9000/94691 frames (360 sampled)...
        Processed 9500/94691 frames (380 sampled)...
        Processed 10000/94691 frames (400 sampled)...
        Processed 10500/94691 frames (420 sampled)...
        Processed 11000/94691 frames (440 sampled)...
        Processed 11500/94691 frames (460 sampled)...
        Processed 12000/94691 frames (480 sampled)...
        Processed 12500/94691 frames (500 sampled)...
        Processed 13000/94691 frames (520 sampled)...
        Processed 13500/94691 frames (540 sampled)...
        Processed 14000/94691 frames (560 sampled)...
        Processed 14500/94691 frames (580 sampled)...
        Processed 15000/94691 frames (600 sampled)...
        Processed 15500/94691 frames (620 sampled)...
        Processed 16000/94691 frames (640 sampled)...
        Processed 16500/94691 frames (660 sampled)...
        Processed 17000/94691 frames (680 sampled)...
        Processed 17500/94691 frames (700 sampled)...
        Processed 18000/94691 frames (720 sampled)...
        Processed 18500/94691 frames (740 sampled)...
        Processed 19000/94691 frames (760 sampled)...
        Processed 19500/94691 frames (780 sampled)...
        Processed 20000/94691 frames (800 sampled)...
        Processed 20500/94691 frames (820 sampled)...
        Processed 21000/94691 frames (840 sampled)...
        Processed 21500/94691 frames (860 sampled)...
        Processed 22000/94691 frames (880 sampled)...
        Processed 22500/94691 frames (900 sampled)...
        Processed 23000/94691 frames (920 sampled)...
        Processed 23500/94691 frames (940 sampled)...
        Processed 24000/94691 frames (960 sampled)...
        Processed 24500/94691 frames (980 sampled)...
        Processed 25000/94691 frames (1000 sampled)...
        Processed 25500/94691 frames (1020 sampled)...
        Processed 26000/94691 frames (1040 sampled)...
        Processed 26500/94691 frames (1060 sampled)...
        Processed 27000/94691 frames (1080 sampled)...
        Processed 27500/94691 frames (1100 sampled)...
        Processed 28000/94691 frames (1120 sampled)...
        Processed 28500/94691 frames (1140 sampled)...
        Processed 29000/94691 frames (1160 sampled)...
        Processed 29500/94691 frames (1180 sampled)...
        Processed 30000/94691 frames (1200 sampled)...
        Processed 30500/94691 frames (1220 sampled)...
        Processed 31000/94691 frames (1240 sampled)...
        Processed 31500/94691 frames (1260 sampled)...
        Processed 32000/94691 frames (1280 sampled)...
        Processed 32500/94691 frames (1300 sampled)...
        Processed 33000/94691 frames (1320 sampled)...
        Processed 33500/94691 frames (1340 sampled)...
        Processed 34000/94691 frames (1360 sampled)...
        Processed 34500/94691 frames (1380 sampled)...
        Processed 35000/94691 frames (1400 sampled)...
        Processed 35500/94691 frames (1420 sampled)...
        Processed 36000/94691 frames (1440 sampled)...
        Processed 36500/94691 frames (1460 sampled)...
        Processed 37000/94691 frames (1480 sampled)...
        Processed 37500/94691 frames (1500 sampled)...
        Processed 38000/94691 frames (1520 sampled)...
        Processed 38500/94691 frames (1540 sampled)...
        Processed 39000/94691 frames (1560 sampled)...
        Processed 39500/94691 frames (1580 sampled)...
        Processed 40000/94691 frames (1600 sampled)...
        Processed 40500/94691 frames (1620 sampled)...
        Processed 41000/94691 frames (1640 sampled)...
        Processed 41500/94691 frames (1660 sampled)...
        Processed 42000/94691 frames (1680 sampled)...
        Processed 42500/94691 frames (1700 sampled)...
        Processed 43000/94691 frames (1720 sampled)...
        Processed 43500/94691 frames (1740 sampled)...
        Processed 44000/94691 frames (1760 sampled)...
        Processed 44500/94691 frames (1780 sampled)...
        Processed 45000/94691 frames (1800 sampled)...
        Processed 45500/94691 frames (1820 sampled)...
        Processed 46000/94691 frames (1840 sampled)...
        Processed 46500/94691 frames (1860 sampled)...
        Processed 47000/94691 frames (1880 sampled)...
        Processed 47500/94691 frames (1900 sampled)...
        Processed 48000/94691 frames (1920 sampled)...
        Processed 48500/94691 frames (1940 sampled)...
        Processed 49000/94691 frames (1960 sampled)...
        Processed 49500/94691 frames (1980 sampled)...
        Processed 50000/94691 frames (2000 sampled)...
        Processed 50500/94691 frames (2020 sampled)...
        Processed 51000/94691 frames (2040 sampled)...
        Processed 51500/94691 frames (2060 sampled)...
        Processed 52000/94691 frames (2080 sampled)...
        Processed 52500/94691 frames (2100 sampled)...
        Processed 53000/94691 frames (2120 sampled)...
        Processed 53500/94691 frames (2140 sampled)...
        Processed 54000/94691 frames (2160 sampled)...
        Processed 54500/94691 frames (2180 sampled)...
        Processed 55000/94691 frames (2200 sampled)...
        Processed 55500/94691 frames (2220 sampled)...
        Processed 56000/94691 frames (2240 sampled)...
        Processed 56500/94691 frames (2260 sampled)...
        Processed 57000/94691 frames (2280 sampled)...
        Processed 57500/94691 frames (2300 sampled)...
        Processed 58000/94691 frames (2320 sampled)...
        Processed 58500/94691 frames (2340 sampled)...
        Processed 59000/94691 frames (2360 sampled)...
        Processed 59500/94691 frames (2380 sampled)...
        Processed 60000/94691 frames (2400 sampled)...
        Processed 60500/94691 frames (2420 sampled)...
        Processed 61000/94691 frames (2440 sampled)...
        Processed 61500/94691 frames (2460 sampled)...
        Processed 62000/94691 frames (2480 sampled)...
        Processed 62500/94691 frames (2500 sampled)...
        Processed 63000/94691 frames (2520 sampled)...
        Processed 63500/94691 frames (2540 sampled)...
        Processed 64000/94691 frames (2560 sampled)...
        Processed 64500/94691 frames (2580 sampled)...
        Processed 65000/94691 frames (2600 sampled)...
        Processed 65500/94691 frames (2620 sampled)...
        Processed 66000/94691 frames (2640 sampled)...
        Processed 66500/94691 frames (2660 sampled)...
        Processed 67000/94691 frames (2680 sampled)...
        Processed 67500/94691 frames (2700 sampled)...
        Processed 68000/94691 frames (2720 sampled)...
        Processed 68500/94691 frames (2740 sampled)...
        Processed 69000/94691 frames (2760 sampled)...
        Processed 69500/94691 frames (2780 sampled)...
        Processed 70000/94691 frames (2800 sampled)...
        Processed 70500/94691 frames (2820 sampled)...
        Processed 71000/94691 frames (2840 sampled)...
        Processed 71500/94691 frames (2860 sampled)...
        Processed 72000/94691 frames (2880 sampled)...
        Processed 72500/94691 frames (2900 sampled)...
        Processed 73000/94691 frames (2920 sampled)...
        Processed 73500/94691 frames (2940 sampled)...
        Processed 74000/94691 frames (2960 sampled)...
        Processed 74500/94691 frames (2980 sampled)...
        Processed 75000/94691 frames (3000 sampled)...
        Processed 75500/94691 frames (3020 sampled)...
        Processed 76000/94691 frames (3040 sampled)...
        Processed 76500/94691 frames (3060 sampled)...
        Processed 77000/94691 frames (3080 sampled)...
        Processed 77500/94691 frames (3100 sampled)...
        Processed 78000/94691 frames (3120 sampled)...
        Processed 78500/94691 frames (3140 sampled)...
        Processed 79000/94691 frames (3160 sampled)...
        Processed 79500/94691 frames (3180 sampled)...
        Processed 80000/94691 frames (3200 sampled)...
        Processed 80500/94691 frames (3220 sampled)...
        Processed 81000/94691 frames (3240 sampled)...
        Processed 81500/94691 frames (3260 sampled)...
        Processed 82000/94691 frames (3280 sampled)...
        Processed 82500/94691 frames (3300 sampled)...
        Processed 83000/94691 frames (3320 sampled)...
        Processed 83500/94691 frames (3340 sampled)...
        Processed 84000/94691 frames (3360 sampled)...
        Processed 84500/94691 frames (3380 sampled)...
        Processed 85000/94691 frames (3400 sampled)...
        Processed 85500/94691 frames (3420 sampled)...
        Processed 86000/94691 frames (3440 sampled)...
Processing videos:  25%|██▌       | 8/32 [03:22<09:49, 24.58s/it]        Processed 86500/94691 frames (3460 sampled)...
        Processed 87000/94691 frames (3480 sampled)...
        Processed 87500/94691 frames (3500 sampled)...
        Processed 88000/94691 frames (3520 sampled)...
        Processed 88500/94691 frames (3540 sampled)...
        Processed 89000/94691 frames (3560 sampled)...
        Processed 89500/94691 frames (3580 sampled)...
        Processed 90000/94691 frames (3600 sampled)...
        Processed 90500/94691 frames (3620 sampled)...
        Processed 91000/94691 frames (3640 sampled)...
        Processed 91500/94691 frames (3660 sampled)...
        Processed 92000/94691 frames (3680 sampled)...
        Processed 92500/94691 frames (3700 sampled)...
        Processed 93000/94691 frames (3720 sampled)...
        Processed 93500/94691 frames (3740 sampled)...
        Processed 94000/94691 frames (3760 sampled)...
        Processed 94500/94691 frames (3780 sampled)...
      Total frames read: 94688
      Total frames sampled: 3788
      Converting frames to tensor and normalizing...
      Frames array shape: (3788, 224, 224, 3)
      Frames dtype: float32
      Extracting features using I3D model...
      Clip length: 16 frames
      Stride: 8 frames (50% overlap)
      Expected number of clips: 474
        Processed 10/474 clips...
        Processed 20/474 clips...
        Processed 30/474 clips...
        Processed 40/474 clips...
        Processed 50/474 clips...
        Processed 60/474 clips...
        Processed 70/474 clips...
        Processed 80/474 clips...
        Processed 90/474 clips...
        Processed 100/474 clips...
        Processed 110/474 clips...
        Processed 120/474 clips...
        Processed 130/474 clips...
        Processed 140/474 clips...
        Processed 150/474 clips...
        Processed 160/474 clips...
        Processed 170/474 clips...
        Processed 180/474 clips...
        Processed 190/474 clips...
        Processed 200/474 clips...
        Processed 210/474 clips...
        Processed 220/474 clips...
        Processed 230/474 clips...
        Processed 240/474 clips...
        Processed 250/474 clips...
        Processed 260/474 clips...
        Processed 270/474 clips...
        Processed 280/474 clips...
        Processed 290/474 clips...
        Processed 300/474 clips...
        Processed 310/474 clips...
        Processed 320/474 clips...
        Processed 330/474 clips...
        Processed 340/474 clips...
        Processed 350/474 clips...
        Processed 360/474 clips...
        Processed 370/474 clips...
        Processed 380/474 clips...
        Processed 390/474 clips...
        Processed 400/474 clips...
        Processed 410/474 clips...
        Processed 420/474 clips...
        Processed 430/474 clips...
        Processed 440/474 clips...
        Processed 450/474 clips...
        Processed 460/474 clips...
        Processed 470/474 clips...
      Feature extraction complete!
      Final feature shape: (3784, 1024)
      Feature dtype: float32
[ID08]   Features extracted: (3784, 1024)
[ID08]   Feature dimension: 1024
[ID08]   Feature size: 14.78 MB
[ID08]   Saved to: /data-8tb/nvaci/dataset_Stanford/FACT_method/preprocessed_data/features/ID08.npy
[ID08] Step 3/3: Converting labels to frame-level...
[ID08]   Reading CSV: 25-021_ID08.csv
[ID08]   Video duration: 3787.64 seconds
      Reading CSV file: /data-8tb/nvaci/dataset_Stanford/raw/labels/25-021_ID08.csv
      CSV rows: 3840
      CSV columns: ['start_time', 'end_time', 'licking', 'shaking']
      Video duration: 3787.64s
      Target FPS: 1
      Total frames to generate: 3787
      Processing CSV rows...
      CSV processing complete:
        Segments with licking only: 81
        Segments with shaking only: 0
        Segments with licking_shaking: 0
        Segments with background: 3759
[ID08]   Labels created: 3787 frames
[ID08]   Label distribution:
[ID08]     - background: 3775 frames (99.7%)
[ID08]     - licking: 12 frames (0.3%)
[ID08]   WARNING: Length mismatch!
[ID08]     Features: 3784 frames
[ID08]     Labels: 3787 frames
[ID08]     Trimming both to: 3784 frames
[ID08]     Updated feature file
[ID08]   Saved labels to: /data-8tb/nvaci/dataset_Stanford/FACT_method/preprocessed_data/groundTruth/ID08.txt
[ID08] ✓ SUCCESS - Video processed successfully

================================================================================
Processing video 9/32: ID09
================================================================================
[ID09] Found label file: 25-021_ID09.csv
[ID09] Step 1/3: Reading video file...
[ID09]   Video path: /data-8tb/nvaci/dataset_Stanford/raw/videos_cut/ID09.mp4
[ID09]   Video FPS: 25.00
[ID09]   Total frames: 93688
[ID09]   Duration: 3747.52 seconds
[ID09]   Target FPS: 1
[ID09]   Expected output frames: 3747
[ID09] Step 2/3: Extracting I3D features...
[ID09]   Using model: I3D
[ID09]   Clip length: 16 frames
      Opening video file...
      Original video FPS: 25.00
      Original total frames: 93688
      Sample rate: 1 every 25 frames
      Reading and sampling frames...
        Processed 500/93688 frames (20 sampled)...
        Processed 1000/93688 frames (40 sampled)...
        Processed 1500/93688 frames (60 sampled)...
        Processed 2000/93688 frames (80 sampled)...
        Processed 2500/93688 frames (100 sampled)...
        Processed 3000/93688 frames (120 sampled)...
        Processed 3500/93688 frames (140 sampled)...
        Processed 4000/93688 frames (160 sampled)...
        Processed 4500/93688 frames (180 sampled)...
        Processed 5000/93688 frames (200 sampled)...
        Processed 5500/93688 frames (220 sampled)...
        Processed 6000/93688 frames (240 sampled)...
        Processed 6500/93688 frames (260 sampled)...
        Processed 7000/93688 frames (280 sampled)...
        Processed 7500/93688 frames (300 sampled)...
        Processed 8000/93688 frames (320 sampled)...
        Processed 8500/93688 frames (340 sampled)...
        Processed 9000/93688 frames (360 sampled)...
        Processed 9500/93688 frames (380 sampled)...
        Processed 10000/93688 frames (400 sampled)...
        Processed 10500/93688 frames (420 sampled)...
        Processed 11000/93688 frames (440 sampled)...
        Processed 11500/93688 frames (460 sampled)...
        Processed 12000/93688 frames (480 sampled)...
        Processed 12500/93688 frames (500 sampled)...
        Processed 13000/93688 frames (520 sampled)...
        Processed 13500/93688 frames (540 sampled)...
        Processed 14000/93688 frames (560 sampled)...
        Processed 14500/93688 frames (580 sampled)...
        Processed 15000/93688 frames (600 sampled)...
        Processed 15500/93688 frames (620 sampled)...
        Processed 16000/93688 frames (640 sampled)...
        Processed 16500/93688 frames (660 sampled)...
        Processed 17000/93688 frames (680 sampled)...
        Processed 17500/93688 frames (700 sampled)...
        Processed 18000/93688 frames (720 sampled)...
        Processed 18500/93688 frames (740 sampled)...
        Processed 19000/93688 frames (760 sampled)...
        Processed 19500/93688 frames (780 sampled)...
        Processed 20000/93688 frames (800 sampled)...
        Processed 20500/93688 frames (820 sampled)...
        Processed 21000/93688 frames (840 sampled)...
        Processed 21500/93688 frames (860 sampled)...
        Processed 22000/93688 frames (880 sampled)...
        Processed 22500/93688 frames (900 sampled)...
        Processed 23000/93688 frames (920 sampled)...
        Processed 23500/93688 frames (940 sampled)...
        Processed 24000/93688 frames (960 sampled)...
        Processed 24500/93688 frames (980 sampled)...
        Processed 25000/93688 frames (1000 sampled)...
        Processed 25500/93688 frames (1020 sampled)...
        Processed 26000/93688 frames (1040 sampled)...
        Processed 26500/93688 frames (1060 sampled)...
        Processed 27000/93688 frames (1080 sampled)...
        Processed 27500/93688 frames (1100 sampled)...
        Processed 28000/93688 frames (1120 sampled)...
        Processed 28500/93688 frames (1140 sampled)...
        Processed 29000/93688 frames (1160 sampled)...
        Processed 29500/93688 frames (1180 sampled)...
        Processed 30000/93688 frames (1200 sampled)...
        Processed 30500/93688 frames (1220 sampled)...
        Processed 31000/93688 frames (1240 sampled)...
        Processed 31500/93688 frames (1260 sampled)...
        Processed 32000/93688 frames (1280 sampled)...
        Processed 32500/93688 frames (1300 sampled)...
        Processed 33000/93688 frames (1320 sampled)...
        Processed 33500/93688 frames (1340 sampled)...
        Processed 34000/93688 frames (1360 sampled)...
        Processed 34500/93688 frames (1380 sampled)...
        Processed 35000/93688 frames (1400 sampled)...
        Processed 35500/93688 frames (1420 sampled)...
        Processed 36000/93688 frames (1440 sampled)...
        Processed 36500/93688 frames (1460 sampled)...
        Processed 37000/93688 frames (1480 sampled)...
        Processed 37500/93688 frames (1500 sampled)...
        Processed 38000/93688 frames (1520 sampled)...
        Processed 38500/93688 frames (1540 sampled)...
        Processed 39000/93688 frames (1560 sampled)...
        Processed 39500/93688 frames (1580 sampled)...
        Processed 40000/93688 frames (1600 sampled)...
        Processed 40500/93688 frames (1620 sampled)...
        Processed 41000/93688 frames (1640 sampled)...
        Processed 41500/93688 frames (1660 sampled)...
        Processed 42000/93688 frames (1680 sampled)...
        Processed 42500/93688 frames (1700 sampled)...
        Processed 43000/93688 frames (1720 sampled)...
        Processed 43500/93688 frames (1740 sampled)...
        Processed 44000/93688 frames (1760 sampled)...
        Processed 44500/93688 frames (1780 sampled)...
        Processed 45000/93688 frames (1800 sampled)...
        Processed 45500/93688 frames (1820 sampled)...
        Processed 46000/93688 frames (1840 sampled)...
        Processed 46500/93688 frames (1860 sampled)...
        Processed 47000/93688 frames (1880 sampled)...
        Processed 47500/93688 frames (1900 sampled)...
        Processed 48000/93688 frames (1920 sampled)...
        Processed 48500/93688 frames (1940 sampled)...
        Processed 49000/93688 frames (1960 sampled)...
        Processed 49500/93688 frames (1980 sampled)...
        Processed 50000/93688 frames (2000 sampled)...
        Processed 50500/93688 frames (2020 sampled)...
        Processed 51000/93688 frames (2040 sampled)...
        Processed 51500/93688 frames (2060 sampled)...
        Processed 52000/93688 frames (2080 sampled)...
        Processed 52500/93688 frames (2100 sampled)...
        Processed 53000/93688 frames (2120 sampled)...
        Processed 53500/93688 frames (2140 sampled)...
        Processed 54000/93688 frames (2160 sampled)...
        Processed 54500/93688 frames (2180 sampled)...
        Processed 55000/93688 frames (2200 sampled)...
        Processed 55500/93688 frames (2220 sampled)...
        Processed 56000/93688 frames (2240 sampled)...
        Processed 56500/93688 frames (2260 sampled)...
        Processed 57000/93688 frames (2280 sampled)...
        Processed 57500/93688 frames (2300 sampled)...
        Processed 58000/93688 frames (2320 sampled)...
        Processed 58500/93688 frames (2340 sampled)...
        Processed 59000/93688 frames (2360 sampled)...
        Processed 59500/93688 frames (2380 sampled)...
        Processed 60000/93688 frames (2400 sampled)...
        Processed 60500/93688 frames (2420 sampled)...
        Processed 61000/93688 frames (2440 sampled)...
        Processed 61500/93688 frames (2460 sampled)...
        Processed 62000/93688 frames (2480 sampled)...
        Processed 62500/93688 frames (2500 sampled)...
        Processed 63000/93688 frames (2520 sampled)...
        Processed 63500/93688 frames (2540 sampled)...
        Processed 64000/93688 frames (2560 sampled)...
        Processed 64500/93688 frames (2580 sampled)...
        Processed 65000/93688 frames (2600 sampled)...
        Processed 65500/93688 frames (2620 sampled)...
        Processed 66000/93688 frames (2640 sampled)...
        Processed 66500/93688 frames (2660 sampled)...
        Processed 67000/93688 frames (2680 sampled)...
        Processed 67500/93688 frames (2700 sampled)...
        Processed 68000/93688 frames (2720 sampled)...
        Processed 68500/93688 frames (2740 sampled)...
        Processed 69000/93688 frames (2760 sampled)...
        Processed 69500/93688 frames (2780 sampled)...
        Processed 70000/93688 frames (2800 sampled)...
        Processed 70500/93688 frames (2820 sampled)...
        Processed 71000/93688 frames (2840 sampled)...
        Processed 71500/93688 frames (2860 sampled)...
        Processed 72000/93688 frames (2880 sampled)...
        Processed 72500/93688 frames (2900 sampled)...
        Processed 73000/93688 frames (2920 sampled)...
        Processed 73500/93688 frames (2940 sampled)...
        Processed 74000/93688 frames (2960 sampled)...
        Processed 74500/93688 frames (2980 sampled)...
        Processed 75000/93688 frames (3000 sampled)...
        Processed 75500/93688 frames (3020 sampled)...
        Processed 76000/93688 frames (3040 sampled)...
        Processed 76500/93688 frames (3060 sampled)...
        Processed 77000/93688 frames (3080 sampled)...
        Processed 77500/93688 frames (3100 sampled)...
        Processed 78000/93688 frames (3120 sampled)...
        Processed 78500/93688 frames (3140 sampled)...
        Processed 79000/93688 frames (3160 sampled)...
        Processed 79500/93688 frames (3180 sampled)...
        Processed 80000/93688 frames (3200 sampled)...
        Processed 80500/93688 frames (3220 sampled)...
        Processed 81000/93688 frames (3240 sampled)...
        Processed 81500/93688 frames (3260 sampled)...
        Processed 82000/93688 frames (3280 sampled)...
        Processed 82500/93688 frames (3300 sampled)...
        Processed 83000/93688 frames (3320 sampled)...
        Processed 83500/93688 frames (3340 sampled)...
        Processed 84000/93688 frames (3360 sampled)...
        Processed 84500/93688 frames (3380 sampled)...
        Processed 85000/93688 frames (3400 sampled)...
        Processed 85500/93688 frames (3420 sampled)...
        Processed 86000/93688 frames (3440 sampled)...
        Processed 86500/93688 frames (3460 sampled)...
        Processed 87000/93688 frames (3480 sampled)...
        Processed 87500/93688 frames (3500 sampled)...
        Processed 88000/93688 frames (3520 sampled)...
        Processed 88500/93688 frames (3540 sampled)...
        Processed 89000/93688 frames (3560 sampled)...
        Processed 89500/93688 frames (3580 sampled)...
        Processed 90000/93688 frames (3600 sampled)...
        Processed 90500/93688 frames (3620 sampled)...
        Processed 91000/93688 frames (3640 sampled)...
        Processed 91500/93688 frames (3660 sampled)...
        Processed 92000/93688 frames (3680 sampled)...
        Processed 92500/93688 frames (3700 sampled)...
        Processed 93000/93688 frames (3720 sampled)...
        Processed 93500/93688 frames (3740 sampled)...
      Total frames read: 93538
      Total frames sampled: 3742
      Converting frames to tensor and normalizing...
      Frames array shape: (3742, 224, 224, 3)
      Frames dtype: float32
      Extracting features using I3D model...
      Clip length: 16 frames
      Stride: 8 frames (50% overlap)
      Expected number of clips: 468
        Processed 10/468 clips...
        Processed 20/468 clips...
        Processed 30/468 clips...
        Processed 40/468 clips...
        Processed 50/468 clips...
        Processed 60/468 clips...
        Processed 70/468 clips...
        Processed 80/468 clips...
        Processed 90/468 clips...
        Processed 100/468 clips...
        Processed 110/468 clips...
        Processed 120/468 clips...
        Processed 130/468 clips...
        Processed 140/468 clips...
        Processed 150/468 clips...
        Processed 160/468 clips...
        Processed 170/468 clips...
        Processed 180/468 clips...
        Processed 190/468 clips...
        Processed 200/468 clips...
Processing videos:  28%|██▊       | 9/32 [03:44<09:07, 23.79s/it]        Processed 210/468 clips...
        Processed 220/468 clips...
        Processed 230/468 clips...
        Processed 240/468 clips...
        Processed 250/468 clips...
        Processed 260/468 clips...
        Processed 270/468 clips...
        Processed 280/468 clips...
        Processed 290/468 clips...
        Processed 300/468 clips...
        Processed 310/468 clips...
        Processed 320/468 clips...
        Processed 330/468 clips...
        Processed 340/468 clips...
        Processed 350/468 clips...
        Processed 360/468 clips...
        Processed 370/468 clips...
        Processed 380/468 clips...
        Processed 390/468 clips...
        Processed 400/468 clips...
        Processed 410/468 clips...
        Processed 420/468 clips...
        Processed 430/468 clips...
        Processed 440/468 clips...
        Processed 450/468 clips...
        Processed 460/468 clips...
      Feature extraction complete!
      Final feature shape: (3736, 1024)
      Feature dtype: float32
[ID09]   Features extracted: (3736, 1024)
[ID09]   Feature dimension: 1024
[ID09]   Feature size: 14.59 MB
[ID09]   Saved to: /data-8tb/nvaci/dataset_Stanford/FACT_method/preprocessed_data/features/ID09.npy
[ID09] Step 3/3: Converting labels to frame-level...
[ID09]   Reading CSV: 25-021_ID09.csv
[ID09]   Video duration: 3747.52 seconds
      Reading CSV file: /data-8tb/nvaci/dataset_Stanford/raw/labels/25-021_ID09.csv
      CSV rows: 3840
      CSV columns: ['start_time', 'end_time', 'licking', 'shaking']
      Video duration: 3747.52s
      Target FPS: 1
      Total frames to generate: 3747
      Processing CSV rows...
        Row 183: 0:03:183-0:03:184 -> licking_shaking
        Row 184: 0:03:184-0:03:185 -> licking_shaking
        Row 209: 0:03:209-0:03:210 -> licking_shaking
      CSV processing complete:
        Segments with licking only: 756
        Segments with shaking only: 16
        Segments with licking_shaking: 6
        Segments with background: 3062
[ID09]   Labels created: 3747 frames
[ID09]   Label distribution:
[ID09]     - background: 3459 frames (92.3%)
[ID09]     - licking: 206 frames (5.5%)
[ID09]     - licking_shaking: 66 frames (1.8%)
[ID09]     - shaking: 16 frames (0.4%)
[ID09]   WARNING: Length mismatch!
[ID09]     Features: 3736 frames
[ID09]     Labels: 3747 frames
[ID09]     Trimming both to: 3736 frames
[ID09]     Updated feature file
[ID09]   Saved labels to: /data-8tb/nvaci/dataset_Stanford/FACT_method/preprocessed_data/groundTruth/ID09.txt
[ID09] ✓ SUCCESS - Video processed successfully

================================================================================
Processing video 10/32: ID10
================================================================================
[ID10] Found label file: 25-021_ID10.csv
[ID10] Step 1/3: Reading video file...
[ID10]   Video path: /data-8tb/nvaci/dataset_Stanford/raw/videos_cut/ID10.mp4
[ID10]   Video FPS: 25.00
[ID10]   Total frames: 92431
[ID10]   Duration: 3697.24 seconds
[ID10]   Target FPS: 1
[ID10]   Expected output frames: 3697
[ID10] Step 2/3: Extracting I3D features...
[ID10]   Using model: I3D
[ID10]   Clip length: 16 frames
      Opening video file...
      Original video FPS: 25.00
      Original total frames: 92431
      Sample rate: 1 every 25 frames
      Reading and sampling frames...
        Processed 500/92431 frames (20 sampled)...
        Processed 1000/92431 frames (40 sampled)...
        Processed 1500/92431 frames (60 sampled)...
        Processed 2000/92431 frames (80 sampled)...
        Processed 2500/92431 frames (100 sampled)...
        Processed 3000/92431 frames (120 sampled)...
        Processed 3500/92431 frames (140 sampled)...
        Processed 4000/92431 frames (160 sampled)...
        Processed 4500/92431 frames (180 sampled)...
        Processed 5000/92431 frames (200 sampled)...
        Processed 5500/92431 frames (220 sampled)...
        Processed 6000/92431 frames (240 sampled)...
        Processed 6500/92431 frames (260 sampled)...
        Processed 7000/92431 frames (280 sampled)...
        Processed 7500/92431 frames (300 sampled)...
        Processed 8000/92431 frames (320 sampled)...
        Processed 8500/92431 frames (340 sampled)...
        Processed 9000/92431 frames (360 sampled)...
        Processed 9500/92431 frames (380 sampled)...
        Processed 10000/92431 frames (400 sampled)...
        Processed 10500/92431 frames (420 sampled)...
        Processed 11000/92431 frames (440 sampled)...
        Processed 11500/92431 frames (460 sampled)...
        Processed 12000/92431 frames (480 sampled)...
        Processed 12500/92431 frames (500 sampled)...
        Processed 13000/92431 frames (520 sampled)...
        Processed 13500/92431 frames (540 sampled)...
        Processed 14000/92431 frames (560 sampled)...
        Processed 14500/92431 frames (580 sampled)...
        Processed 15000/92431 frames (600 sampled)...
        Processed 15500/92431 frames (620 sampled)...
        Processed 16000/92431 frames (640 sampled)...
        Processed 16500/92431 frames (660 sampled)...
        Processed 17000/92431 frames (680 sampled)...
        Processed 17500/92431 frames (700 sampled)...
        Processed 18000/92431 frames (720 sampled)...
        Processed 18500/92431 frames (740 sampled)...
        Processed 19000/92431 frames (760 sampled)...
        Processed 19500/92431 frames (780 sampled)...
        Processed 20000/92431 frames (800 sampled)...
        Processed 20500/92431 frames (820 sampled)...
        Processed 21000/92431 frames (840 sampled)...
        Processed 21500/92431 frames (860 sampled)...
        Processed 22000/92431 frames (880 sampled)...
        Processed 22500/92431 frames (900 sampled)...
        Processed 23000/92431 frames (920 sampled)...
        Processed 23500/92431 frames (940 sampled)...
        Processed 24000/92431 frames (960 sampled)...
        Processed 24500/92431 frames (980 sampled)...
        Processed 25000/92431 frames (1000 sampled)...
        Processed 25500/92431 frames (1020 sampled)...
        Processed 26000/92431 frames (1040 sampled)...
        Processed 26500/92431 frames (1060 sampled)...
        Processed 27000/92431 frames (1080 sampled)...
        Processed 27500/92431 frames (1100 sampled)...
        Processed 28000/92431 frames (1120 sampled)...
        Processed 28500/92431 frames (1140 sampled)...
        Processed 29000/92431 frames (1160 sampled)...
        Processed 29500/92431 frames (1180 sampled)...
        Processed 30000/92431 frames (1200 sampled)...
        Processed 30500/92431 frames (1220 sampled)...
        Processed 31000/92431 frames (1240 sampled)...
        Processed 31500/92431 frames (1260 sampled)...
        Processed 32000/92431 frames (1280 sampled)...
        Processed 32500/92431 frames (1300 sampled)...
        Processed 33000/92431 frames (1320 sampled)...
        Processed 33500/92431 frames (1340 sampled)...
        Processed 34000/92431 frames (1360 sampled)...
        Processed 34500/92431 frames (1380 sampled)...
        Processed 35000/92431 frames (1400 sampled)...
        Processed 35500/92431 frames (1420 sampled)...
        Processed 36000/92431 frames (1440 sampled)...
        Processed 36500/92431 frames (1460 sampled)...
        Processed 37000/92431 frames (1480 sampled)...
        Processed 37500/92431 frames (1500 sampled)...
        Processed 38000/92431 frames (1520 sampled)...
        Processed 38500/92431 frames (1540 sampled)...
        Processed 39000/92431 frames (1560 sampled)...
        Processed 39500/92431 frames (1580 sampled)...
        Processed 40000/92431 frames (1600 sampled)...
        Processed 40500/92431 frames (1620 sampled)...
        Processed 41000/92431 frames (1640 sampled)...
        Processed 41500/92431 frames (1660 sampled)...
        Processed 42000/92431 frames (1680 sampled)...
        Processed 42500/92431 frames (1700 sampled)...
        Processed 43000/92431 frames (1720 sampled)...
        Processed 43500/92431 frames (1740 sampled)...
        Processed 44000/92431 frames (1760 sampled)...
        Processed 44500/92431 frames (1780 sampled)...
        Processed 45000/92431 frames (1800 sampled)...
        Processed 45500/92431 frames (1820 sampled)...
        Processed 46000/92431 frames (1840 sampled)...
        Processed 46500/92431 frames (1860 sampled)...
        Processed 47000/92431 frames (1880 sampled)...
        Processed 47500/92431 frames (1900 sampled)...
        Processed 48000/92431 frames (1920 sampled)...
        Processed 48500/92431 frames (1940 sampled)...
        Processed 49000/92431 frames (1960 sampled)...
        Processed 49500/92431 frames (1980 sampled)...
        Processed 50000/92431 frames (2000 sampled)...
        Processed 50500/92431 frames (2020 sampled)...
        Processed 51000/92431 frames (2040 sampled)...
        Processed 51500/92431 frames (2060 sampled)...
        Processed 52000/92431 frames (2080 sampled)...
        Processed 52500/92431 frames (2100 sampled)...
        Processed 53000/92431 frames (2120 sampled)...
        Processed 53500/92431 frames (2140 sampled)...
        Processed 54000/92431 frames (2160 sampled)...
        Processed 54500/92431 frames (2180 sampled)...
        Processed 55000/92431 frames (2200 sampled)...
        Processed 55500/92431 frames (2220 sampled)...
        Processed 56000/92431 frames (2240 sampled)...
        Processed 56500/92431 frames (2260 sampled)...
        Processed 57000/92431 frames (2280 sampled)...
        Processed 57500/92431 frames (2300 sampled)...
        Processed 58000/92431 frames (2320 sampled)...
        Processed 58500/92431 frames (2340 sampled)...
        Processed 59000/92431 frames (2360 sampled)...
        Processed 59500/92431 frames (2380 sampled)...
        Processed 60000/92431 frames (2400 sampled)...
        Processed 60500/92431 frames (2420 sampled)...
        Processed 61000/92431 frames (2440 sampled)...
        Processed 61500/92431 frames (2460 sampled)...
        Processed 62000/92431 frames (2480 sampled)...
        Processed 62500/92431 frames (2500 sampled)...
        Processed 63000/92431 frames (2520 sampled)...
        Processed 63500/92431 frames (2540 sampled)...
        Processed 64000/92431 frames (2560 sampled)...
        Processed 64500/92431 frames (2580 sampled)...
        Processed 65000/92431 frames (2600 sampled)...
        Processed 65500/92431 frames (2620 sampled)...
        Processed 66000/92431 frames (2640 sampled)...
        Processed 66500/92431 frames (2660 sampled)...
        Processed 67000/92431 frames (2680 sampled)...
        Processed 67500/92431 frames (2700 sampled)...
        Processed 68000/92431 frames (2720 sampled)...
        Processed 68500/92431 frames (2740 sampled)...
        Processed 69000/92431 frames (2760 sampled)...
        Processed 69500/92431 frames (2780 sampled)...
        Processed 70000/92431 frames (2800 sampled)...
        Processed 70500/92431 frames (2820 sampled)...
        Processed 71000/92431 frames (2840 sampled)...
        Processed 71500/92431 frames (2860 sampled)...
        Processed 72000/92431 frames (2880 sampled)...
        Processed 72500/92431 frames (2900 sampled)...
        Processed 73000/92431 frames (2920 sampled)...
        Processed 73500/92431 frames (2940 sampled)...
        Processed 74000/92431 frames (2960 sampled)...
        Processed 74500/92431 frames (2980 sampled)...
        Processed 75000/92431 frames (3000 sampled)...
        Processed 75500/92431 frames (3020 sampled)...
        Processed 76000/92431 frames (3040 sampled)...
        Processed 76500/92431 frames (3060 sampled)...
        Processed 77000/92431 frames (3080 sampled)...
        Processed 77500/92431 frames (3100 sampled)...
        Processed 78000/92431 frames (3120 sampled)...
        Processed 78500/92431 frames (3140 sampled)...
        Processed 79000/92431 frames (3160 sampled)...
        Processed 79500/92431 frames (3180 sampled)...
        Processed 80000/92431 frames (3200 sampled)...
        Processed 80500/92431 frames (3220 sampled)...
        Processed 81000/92431 frames (3240 sampled)...
        Processed 81500/92431 frames (3260 sampled)...
        Processed 82000/92431 frames (3280 sampled)...
        Processed 82500/92431 frames (3300 sampled)...
        Processed 83000/92431 frames (3320 sampled)...
        Processed 83500/92431 frames (3340 sampled)...
        Processed 84000/92431 frames (3360 sampled)...
        Processed 84500/92431 frames (3380 sampled)...
        Processed 85000/92431 frames (3400 sampled)...
        Processed 85500/92431 frames (3420 sampled)...
        Processed 86000/92431 frames (3440 sampled)...
        Processed 86500/92431 frames (3460 sampled)...
        Processed 87000/92431 frames (3480 sampled)...
        Processed 87500/92431 frames (3500 sampled)...
        Processed 88000/92431 frames (3520 sampled)...
        Processed 88500/92431 frames (3540 sampled)...
        Processed 89000/92431 frames (3560 sampled)...
        Processed 89500/92431 frames (3580 sampled)...
        Processed 90000/92431 frames (3600 sampled)...
        Processed 90500/92431 frames (3620 sampled)...
        Processed 91000/92431 frames (3640 sampled)...
        Processed 91500/92431 frames (3660 sampled)...
        Processed 92000/92431 frames (3680 sampled)...
      Total frames read: 92413
      Total frames sampled: 3697
      Converting frames to tensor and normalizing...
      Frames array shape: (3697, 224, 224, 3)
      Frames dtype: float32
      Extracting features using I3D model...
      Clip length: 16 frames
      Stride: 8 frames (50% overlap)
      Expected number of clips: 463
        Processed 10/463 clips...
        Processed 20/463 clips...
        Processed 30/463 clips...
        Processed 40/463 clips...
        Processed 50/463 clips...
        Processed 60/463 clips...
        Processed 70/463 clips...
        Processed 80/463 clips...
        Processed 90/463 clips...
        Processed 100/463 clips...
        Processed 110/463 clips...
        Processed 120/463 clips...
        Processed 130/463 clips...
        Processed 140/463 clips...
        Processed 150/463 clips...
        Processed 160/463 clips...
        Processed 170/463 clips...
        Processed 180/463 clips...
        Processed 190/463 clips...
        Processed 200/463 clips...
        Processed 210/463 clips...
        Processed 220/463 clips...
        Processed 230/463 clips...
        Processed 240/463 clips...
        Processed 250/463 clips...
        Processed 260/463 clips...
        Processed 270/463 clips...
        Processed 280/463 clips...
        Processed 290/463 clips...
        Processed 300/463 clips...
        Processed 310/463 clips...
        Processed 320/463 clips...
        Processed 330/463 clips...
        Processed 340/463 clips...
        Processed 350/463 clips...
        Processed 360/463 clips...
        Processed 370/463 clips...
        Processed 380/463 clips...
        Processed 390/463 clips...
        Processed 400/463 clips...
        Processed 410/463 clips...
        Processed 420/463 clips...
        Processed 430/463 clips...
        Processed 440/463 clips...
        Processed 450/463 clips...
        Processed 460/463 clips...
      Feature extraction complete!
      Final feature shape: (3696, 1024)
      Feature dtype: float32
[ID10]   Features extracted: (3696, 1024)
[ID10]   Feature dimension: 1024
[ID10]   Feature size: 14.44 MB
[ID10]   Saved to: /data-8tb/nvaci/dataset_Stanford/FACT_method/preprocessed_data/features/ID10.npy
[ID10] Step 3/3: Converting labels to frame-level...
[ID10]   Reading CSV: 25-021_ID10.csv
[ID10]   Video duration: 3697.24 seconds
      Reading CSV file: /data-8tb/nvaci/dataset_Stanford/raw/labels/25-021_ID10.csv
      CSV rows: 3840
      CSV columns: ['start_time', 'end_time', 'licking', 'shaking']
      Video duration: 3697.24s
      Target FPS: 1
      Total frames to generate: 3697
      Processing CSV rows...
        Row 227: 0:03:227-0:03:228 -> licking_shaking
        Row 228: 0:03:228-0:03:229 -> licking_shaking
        Row 231: 0:03:231-0:03:232 -> licking_shaking
      CSV processing complete:
        Segments with licking only: 633
        Segments with shaking only: 7
Processing videos:  31%|███▏      | 10/32 [04:12<09:17, 25.36s/it]        Segments with licking_shaking: 14
        Segments with background: 3186
[ID10]   Labels created: 3697 frames
[ID10]   Label distribution:
[ID10]     - background: 3352 frames (90.7%)
[ID10]     - licking: 264 frames (7.1%)
[ID10]     - licking_shaking: 14 frames (0.4%)
[ID10]     - shaking: 67 frames (1.8%)
[ID10]   WARNING: Length mismatch!
[ID10]     Features: 3696 frames
[ID10]     Labels: 3697 frames
[ID10]     Trimming both to: 3696 frames
[ID10]     Updated feature file
[ID10]   Saved labels to: /data-8tb/nvaci/dataset_Stanford/FACT_method/preprocessed_data/groundTruth/ID10.txt
[ID10] ✓ SUCCESS - Video processed successfully

================================================================================
Processing video 11/32: ID11
================================================================================
[ID11] Found label file: 25-021_ID11.csv
[ID11] Step 1/3: Reading video file...
[ID11]   Video path: /data-8tb/nvaci/dataset_Stanford/raw/videos_cut/ID11.mp4
[ID11]   Video FPS: 25.00
[ID11]   Total frames: 98201
[ID11]   Duration: 3928.04 seconds
[ID11]   Target FPS: 1
[ID11]   Expected output frames: 3928
[ID11] Step 2/3: Extracting I3D features...
[ID11]   Using model: I3D
[ID11]   Clip length: 16 frames
      Opening video file...
      Original video FPS: 25.00
      Original total frames: 98201
      Sample rate: 1 every 25 frames
      Reading and sampling frames...
        Processed 500/98201 frames (20 sampled)...
        Processed 1000/98201 frames (40 sampled)...
        Processed 1500/98201 frames (60 sampled)...
        Processed 2000/98201 frames (80 sampled)...
        Processed 2500/98201 frames (100 sampled)...
        Processed 3000/98201 frames (120 sampled)...
        Processed 3500/98201 frames (140 sampled)...
        Processed 4000/98201 frames (160 sampled)...
        Processed 4500/98201 frames (180 sampled)...
        Processed 5000/98201 frames (200 sampled)...
        Processed 5500/98201 frames (220 sampled)...
        Processed 6000/98201 frames (240 sampled)...
        Processed 6500/98201 frames (260 sampled)...
        Processed 7000/98201 frames (280 sampled)...
        Processed 7500/98201 frames (300 sampled)...
        Processed 8000/98201 frames (320 sampled)...
        Processed 8500/98201 frames (340 sampled)...
        Processed 9000/98201 frames (360 sampled)...
        Processed 9500/98201 frames (380 sampled)...
        Processed 10000/98201 frames (400 sampled)...
        Processed 10500/98201 frames (420 sampled)...
        Processed 11000/98201 frames (440 sampled)...
        Processed 11500/98201 frames (460 sampled)...
        Processed 12000/98201 frames (480 sampled)...
        Processed 12500/98201 frames (500 sampled)...
        Processed 13000/98201 frames (520 sampled)...
        Processed 13500/98201 frames (540 sampled)...
        Processed 14000/98201 frames (560 sampled)...
        Processed 14500/98201 frames (580 sampled)...
        Processed 15000/98201 frames (600 sampled)...
        Processed 15500/98201 frames (620 sampled)...
        Processed 16000/98201 frames (640 sampled)...
        Processed 16500/98201 frames (660 sampled)...
        Processed 17000/98201 frames (680 sampled)...
        Processed 17500/98201 frames (700 sampled)...
        Processed 18000/98201 frames (720 sampled)...
        Processed 18500/98201 frames (740 sampled)...
        Processed 19000/98201 frames (760 sampled)...
        Processed 19500/98201 frames (780 sampled)...
        Processed 20000/98201 frames (800 sampled)...
        Processed 20500/98201 frames (820 sampled)...
        Processed 21000/98201 frames (840 sampled)...
        Processed 21500/98201 frames (860 sampled)...
        Processed 22000/98201 frames (880 sampled)...
        Processed 22500/98201 frames (900 sampled)...
        Processed 23000/98201 frames (920 sampled)...
        Processed 23500/98201 frames (940 sampled)...
        Processed 24000/98201 frames (960 sampled)...
        Processed 24500/98201 frames (980 sampled)...
        Processed 25000/98201 frames (1000 sampled)...
        Processed 25500/98201 frames (1020 sampled)...
        Processed 26000/98201 frames (1040 sampled)...
        Processed 26500/98201 frames (1060 sampled)...
        Processed 27000/98201 frames (1080 sampled)...
        Processed 27500/98201 frames (1100 sampled)...
        Processed 28000/98201 frames (1120 sampled)...
        Processed 28500/98201 frames (1140 sampled)...
        Processed 29000/98201 frames (1160 sampled)...
        Processed 29500/98201 frames (1180 sampled)...
        Processed 30000/98201 frames (1200 sampled)...
        Processed 30500/98201 frames (1220 sampled)...
        Processed 31000/98201 frames (1240 sampled)...
        Processed 31500/98201 frames (1260 sampled)...
        Processed 32000/98201 frames (1280 sampled)...
        Processed 32500/98201 frames (1300 sampled)...
        Processed 33000/98201 frames (1320 sampled)...
        Processed 33500/98201 frames (1340 sampled)...
        Processed 34000/98201 frames (1360 sampled)...
        Processed 34500/98201 frames (1380 sampled)...
        Processed 35000/98201 frames (1400 sampled)...
        Processed 35500/98201 frames (1420 sampled)...
        Processed 36000/98201 frames (1440 sampled)...
        Processed 36500/98201 frames (1460 sampled)...
        Processed 37000/98201 frames (1480 sampled)...
        Processed 37500/98201 frames (1500 sampled)...
        Processed 38000/98201 frames (1520 sampled)...
        Processed 38500/98201 frames (1540 sampled)...
        Processed 39000/98201 frames (1560 sampled)...
        Processed 39500/98201 frames (1580 sampled)...
        Processed 40000/98201 frames (1600 sampled)...
        Processed 40500/98201 frames (1620 sampled)...
        Processed 41000/98201 frames (1640 sampled)...
        Processed 41500/98201 frames (1660 sampled)...
        Processed 42000/98201 frames (1680 sampled)...
        Processed 42500/98201 frames (1700 sampled)...
        Processed 43000/98201 frames (1720 sampled)...
        Processed 43500/98201 frames (1740 sampled)...
        Processed 44000/98201 frames (1760 sampled)...
        Processed 44500/98201 frames (1780 sampled)...
        Processed 45000/98201 frames (1800 sampled)...
        Processed 45500/98201 frames (1820 sampled)...
        Processed 46000/98201 frames (1840 sampled)...
        Processed 46500/98201 frames (1860 sampled)...
        Processed 47000/98201 frames (1880 sampled)...
        Processed 47500/98201 frames (1900 sampled)...
        Processed 48000/98201 frames (1920 sampled)...
        Processed 48500/98201 frames (1940 sampled)...
        Processed 49000/98201 frames (1960 sampled)...
        Processed 49500/98201 frames (1980 sampled)...
        Processed 50000/98201 frames (2000 sampled)...
        Processed 50500/98201 frames (2020 sampled)...
        Processed 51000/98201 frames (2040 sampled)...
        Processed 51500/98201 frames (2060 sampled)...
        Processed 52000/98201 frames (2080 sampled)...
        Processed 52500/98201 frames (2100 sampled)...
        Processed 53000/98201 frames (2120 sampled)...
        Processed 53500/98201 frames (2140 sampled)...
        Processed 54000/98201 frames (2160 sampled)...
        Processed 54500/98201 frames (2180 sampled)...
        Processed 55000/98201 frames (2200 sampled)...
        Processed 55500/98201 frames (2220 sampled)...
        Processed 56000/98201 frames (2240 sampled)...
        Processed 56500/98201 frames (2260 sampled)...
        Processed 57000/98201 frames (2280 sampled)...
        Processed 57500/98201 frames (2300 sampled)...
        Processed 58000/98201 frames (2320 sampled)...
        Processed 58500/98201 frames (2340 sampled)...
        Processed 59000/98201 frames (2360 sampled)...
        Processed 59500/98201 frames (2380 sampled)...
        Processed 60000/98201 frames (2400 sampled)...
        Processed 60500/98201 frames (2420 sampled)...
        Processed 61000/98201 frames (2440 sampled)...
        Processed 61500/98201 frames (2460 sampled)...
        Processed 62000/98201 frames (2480 sampled)...
Processing videos:  34%|███▍      | 11/32 [04:36<08:42, 24.89s/it]        Processed 62500/98201 frames (2500 sampled)...
        Processed 63000/98201 frames (2520 sampled)...
        Processed 63500/98201 frames (2540 sampled)...
        Processed 64000/98201 frames (2560 sampled)...
        Processed 64500/98201 frames (2580 sampled)...
        Processed 65000/98201 frames (2600 sampled)...
        Processed 65500/98201 frames (2620 sampled)...
        Processed 66000/98201 frames (2640 sampled)...
        Processed 66500/98201 frames (2660 sampled)...
        Processed 67000/98201 frames (2680 sampled)...
        Processed 67500/98201 frames (2700 sampled)...
        Processed 68000/98201 frames (2720 sampled)...
        Processed 68500/98201 frames (2740 sampled)...
        Processed 69000/98201 frames (2760 sampled)...
        Processed 69500/98201 frames (2780 sampled)...
        Processed 70000/98201 frames (2800 sampled)...
        Processed 70500/98201 frames (2820 sampled)...
        Processed 71000/98201 frames (2840 sampled)...
        Processed 71500/98201 frames (2860 sampled)...
        Processed 72000/98201 frames (2880 sampled)...
        Processed 72500/98201 frames (2900 sampled)...
        Processed 73000/98201 frames (2920 sampled)...
        Processed 73500/98201 frames (2940 sampled)...
        Processed 74000/98201 frames (2960 sampled)...
        Processed 74500/98201 frames (2980 sampled)...
        Processed 75000/98201 frames (3000 sampled)...
        Processed 75500/98201 frames (3020 sampled)...
        Processed 76000/98201 frames (3040 sampled)...
        Processed 76500/98201 frames (3060 sampled)...
        Processed 77000/98201 frames (3080 sampled)...
        Processed 77500/98201 frames (3100 sampled)...
        Processed 78000/98201 frames (3120 sampled)...
        Processed 78500/98201 frames (3140 sampled)...
        Processed 79000/98201 frames (3160 sampled)...
        Processed 79500/98201 frames (3180 sampled)...
        Processed 80000/98201 frames (3200 sampled)...
        Processed 80500/98201 frames (3220 sampled)...
        Processed 81000/98201 frames (3240 sampled)...
        Processed 81500/98201 frames (3260 sampled)...
        Processed 82000/98201 frames (3280 sampled)...
        Processed 82500/98201 frames (3300 sampled)...
        Processed 83000/98201 frames (3320 sampled)...
        Processed 83500/98201 frames (3340 sampled)...
        Processed 84000/98201 frames (3360 sampled)...
        Processed 84500/98201 frames (3380 sampled)...
        Processed 85000/98201 frames (3400 sampled)...
        Processed 85500/98201 frames (3420 sampled)...
        Processed 86000/98201 frames (3440 sampled)...
        Processed 86500/98201 frames (3460 sampled)...
        Processed 87000/98201 frames (3480 sampled)...
        Processed 87500/98201 frames (3500 sampled)...
        Processed 88000/98201 frames (3520 sampled)...
        Processed 88500/98201 frames (3540 sampled)...
        Processed 89000/98201 frames (3560 sampled)...
        Processed 89500/98201 frames (3580 sampled)...
        Processed 90000/98201 frames (3600 sampled)...
        Processed 90500/98201 frames (3620 sampled)...
        Processed 91000/98201 frames (3640 sampled)...
        Processed 91500/98201 frames (3660 sampled)...
        Processed 92000/98201 frames (3680 sampled)...
        Processed 92500/98201 frames (3700 sampled)...
        Processed 93000/98201 frames (3720 sampled)...
        Processed 93500/98201 frames (3740 sampled)...
        Processed 94000/98201 frames (3760 sampled)...
        Processed 94500/98201 frames (3780 sampled)...
        Processed 95000/98201 frames (3800 sampled)...
        Processed 95500/98201 frames (3820 sampled)...
        Processed 96000/98201 frames (3840 sampled)...
        Processed 96500/98201 frames (3860 sampled)...
        Processed 97000/98201 frames (3880 sampled)...
        Processed 97500/98201 frames (3900 sampled)...
        Processed 98000/98201 frames (3920 sampled)...
      Total frames read: 98026
      Total frames sampled: 3922
      Converting frames to tensor and normalizing...
      Frames array shape: (3922, 224, 224, 3)
      Frames dtype: float32
      Extracting features using I3D model...
      Clip length: 16 frames
      Stride: 8 frames (50% overlap)
      Expected number of clips: 491
        Processed 10/491 clips...
        Processed 20/491 clips...
        Processed 30/491 clips...
        Processed 40/491 clips...
        Processed 50/491 clips...
        Processed 60/491 clips...
        Processed 70/491 clips...
        Processed 80/491 clips...
        Processed 90/491 clips...
        Processed 100/491 clips...
        Processed 110/491 clips...
        Processed 120/491 clips...
        Processed 130/491 clips...
        Processed 140/491 clips...
        Processed 150/491 clips...
        Processed 160/491 clips...
        Processed 170/491 clips...
        Processed 180/491 clips...
        Processed 190/491 clips...
        Processed 200/491 clips...
        Processed 210/491 clips...
        Processed 220/491 clips...
        Processed 230/491 clips...
        Processed 240/491 clips...
        Processed 250/491 clips...
        Processed 260/491 clips...
        Processed 270/491 clips...
        Processed 280/491 clips...
        Processed 290/491 clips...
        Processed 300/491 clips...
        Processed 310/491 clips...
        Processed 320/491 clips...
        Processed 330/491 clips...
        Processed 340/491 clips...
        Processed 350/491 clips...
        Processed 360/491 clips...
        Processed 370/491 clips...
        Processed 380/491 clips...
        Processed 390/491 clips...
        Processed 400/491 clips...
        Processed 410/491 clips...
        Processed 420/491 clips...
        Processed 430/491 clips...
        Processed 440/491 clips...
        Processed 450/491 clips...
        Processed 460/491 clips...
        Processed 470/491 clips...
        Processed 480/491 clips...
        Processed 490/491 clips...
      Feature extraction complete!
      Final feature shape: (3920, 1024)
      Feature dtype: float32
[ID11]   Features extracted: (3920, 1024)
[ID11]   Feature dimension: 1024
[ID11]   Feature size: 15.31 MB
[ID11]   Saved to: /data-8tb/nvaci/dataset_Stanford/FACT_method/preprocessed_data/features/ID11.npy
[ID11] Step 3/3: Converting labels to frame-level...
[ID11]   Reading CSV: 25-021_ID11.csv
[ID11]   Video duration: 3928.04 seconds
      Reading CSV file: /data-8tb/nvaci/dataset_Stanford/raw/labels/25-021_ID11.csv
      CSV rows: 3840
      CSV columns: ['start_time', 'end_time', 'licking', 'shaking']
      Video duration: 3928.04s
      Target FPS: 1
      Total frames to generate: 3928
      Processing CSV rows...
        Row 18: 0:00:18-0:00:19 -> licking_shaking
        Row 19: 0:00:19-0:00:20 -> licking_shaking
        Row 23: 0:00:23-0:00:24 -> licking_shaking
      CSV processing complete:
        Segments with licking only: 348
        Segments with shaking only: 9
        Segments with licking_shaking: 3
        Segments with background: 3480
[ID11]   Labels created: 3928 frames
[ID11]   Label distribution:
[ID11]     - background: 3604 frames (91.8%)
[ID11]     - licking: 312 frames (7.9%)
[ID11]     - licking_shaking: 3 frames (0.1%)
[ID11]     - shaking: 9 frames (0.2%)
[ID11]   WARNING: Length mismatch!
[ID11]     Features: 3920 frames
[ID11]     Labels: 3928 frames
[ID11]     Trimming both to: 3920 frames
[ID11]     Updated feature file
[ID11]   Saved labels to: /data-8tb/nvaci/dataset_Stanford/FACT_method/preprocessed_data/groundTruth/ID11.txt
[ID11] ✓ SUCCESS - Video processed successfully

================================================================================
Processing video 12/32: ID12
================================================================================
[ID12] Found label file: 25-021_ID12.csv
[ID12] Step 1/3: Reading video file...
[ID12]   Video path: /data-8tb/nvaci/dataset_Stanford/raw/videos_cut/ID12.mp4
[ID12]   Video FPS: 25.00
[ID12]   Total frames: 97201
[ID12]   Duration: 3888.04 seconds
[ID12]   Target FPS: 1
[ID12]   Expected output frames: 3888
[ID12] Step 2/3: Extracting I3D features...
[ID12]   Using model: I3D
[ID12]   Clip length: 16 frames
      Opening video file...
      Original video FPS: 25.00
      Original total frames: 97201
      Sample rate: 1 every 25 frames
      Reading and sampling frames...
        Processed 500/97201 frames (20 sampled)...
        Processed 1000/97201 frames (40 sampled)...
        Processed 1500/97201 frames (60 sampled)...
        Processed 2000/97201 frames (80 sampled)...
        Processed 2500/97201 frames (100 sampled)...
        Processed 3000/97201 frames (120 sampled)...
        Processed 3500/97201 frames (140 sampled)...
        Processed 4000/97201 frames (160 sampled)...
        Processed 4500/97201 frames (180 sampled)...
        Processed 5000/97201 frames (200 sampled)...
        Processed 5500/97201 frames (220 sampled)...
        Processed 6000/97201 frames (240 sampled)...
        Processed 6500/97201 frames (260 sampled)...
        Processed 7000/97201 frames (280 sampled)...
        Processed 7500/97201 frames (300 sampled)...
        Processed 8000/97201 frames (320 sampled)...
        Processed 8500/97201 frames (340 sampled)...
        Processed 9000/97201 frames (360 sampled)...
        Processed 9500/97201 frames (380 sampled)...
        Processed 10000/97201 frames (400 sampled)...
        Processed 10500/97201 frames (420 sampled)...
        Processed 11000/97201 frames (440 sampled)...
        Processed 11500/97201 frames (460 sampled)...
        Processed 12000/97201 frames (480 sampled)...
        Processed 12500/97201 frames (500 sampled)...
        Processed 13000/97201 frames (520 sampled)...
        Processed 13500/97201 frames (540 sampled)...
        Processed 14000/97201 frames (560 sampled)...
        Processed 14500/97201 frames (580 sampled)...
        Processed 15000/97201 frames (600 sampled)...
        Processed 15500/97201 frames (620 sampled)...
        Processed 16000/97201 frames (640 sampled)...
        Processed 16500/97201 frames (660 sampled)...
        Processed 17000/97201 frames (680 sampled)...
        Processed 17500/97201 frames (700 sampled)...
        Processed 18000/97201 frames (720 sampled)...
        Processed 18500/97201 frames (740 sampled)...
        Processed 19000/97201 frames (760 sampled)...
        Processed 19500/97201 frames (780 sampled)...
        Processed 20000/97201 frames (800 sampled)...
        Processed 20500/97201 frames (820 sampled)...
        Processed 21000/97201 frames (840 sampled)...
        Processed 21500/97201 frames (860 sampled)...
        Processed 22000/97201 frames (880 sampled)...
        Processed 22500/97201 frames (900 sampled)...
        Processed 23000/97201 frames (920 sampled)...
        Processed 23500/97201 frames (940 sampled)...
        Processed 24000/97201 frames (960 sampled)...
        Processed 24500/97201 frames (980 sampled)...
        Processed 25000/97201 frames (1000 sampled)...
        Processed 25500/97201 frames (1020 sampled)...
        Processed 26000/97201 frames (1040 sampled)...
        Processed 26500/97201 frames (1060 sampled)...
        Processed 27000/97201 frames (1080 sampled)...
        Processed 27500/97201 frames (1100 sampled)...
        Processed 28000/97201 frames (1120 sampled)...
        Processed 28500/97201 frames (1140 sampled)...
        Processed 29000/97201 frames (1160 sampled)...
        Processed 29500/97201 frames (1180 sampled)...
        Processed 30000/97201 frames (1200 sampled)...
        Processed 30500/97201 frames (1220 sampled)...
        Processed 31000/97201 frames (1240 sampled)...
        Processed 31500/97201 frames (1260 sampled)...
        Processed 32000/97201 frames (1280 sampled)...
        Processed 32500/97201 frames (1300 sampled)...
        Processed 33000/97201 frames (1320 sampled)...
        Processed 33500/97201 frames (1340 sampled)...
        Processed 34000/97201 frames (1360 sampled)...
        Processed 34500/97201 frames (1380 sampled)...
        Processed 35000/97201 frames (1400 sampled)...
        Processed 35500/97201 frames (1420 sampled)...
        Processed 36000/97201 frames (1440 sampled)...
        Processed 36500/97201 frames (1460 sampled)...
        Processed 37000/97201 frames (1480 sampled)...
        Processed 37500/97201 frames (1500 sampled)...
        Processed 38000/97201 frames (1520 sampled)...
        Processed 38500/97201 frames (1540 sampled)...
        Processed 39000/97201 frames (1560 sampled)...
        Processed 39500/97201 frames (1580 sampled)...
        Processed 40000/97201 frames (1600 sampled)...
        Processed 40500/97201 frames (1620 sampled)...
        Processed 41000/97201 frames (1640 sampled)...
        Processed 41500/97201 frames (1660 sampled)...
        Processed 42000/97201 frames (1680 sampled)...
        Processed 42500/97201 frames (1700 sampled)...
        Processed 43000/97201 frames (1720 sampled)...
        Processed 43500/97201 frames (1740 sampled)...
        Processed 44000/97201 frames (1760 sampled)...
        Processed 44500/97201 frames (1780 sampled)...
        Processed 45000/97201 frames (1800 sampled)...
        Processed 45500/97201 frames (1820 sampled)...
        Processed 46000/97201 frames (1840 sampled)...
        Processed 46500/97201 frames (1860 sampled)...
        Processed 47000/97201 frames (1880 sampled)...
        Processed 47500/97201 frames (1900 sampled)...
        Processed 48000/97201 frames (1920 sampled)...
        Processed 48500/97201 frames (1940 sampled)...
        Processed 49000/97201 frames (1960 sampled)...
        Processed 49500/97201 frames (1980 sampled)...
        Processed 50000/97201 frames (2000 sampled)...
        Processed 50500/97201 frames (2020 sampled)...
        Processed 51000/97201 frames (2040 sampled)...
        Processed 51500/97201 frames (2060 sampled)...
        Processed 52000/97201 frames (2080 sampled)...
        Processed 52500/97201 frames (2100 sampled)...
        Processed 53000/97201 frames (2120 sampled)...
        Processed 53500/97201 frames (2140 sampled)...
        Processed 54000/97201 frames (2160 sampled)...
        Processed 54500/97201 frames (2180 sampled)...
        Processed 55000/97201 frames (2200 sampled)...
        Processed 55500/97201 frames (2220 sampled)...
        Processed 56000/97201 frames (2240 sampled)...
        Processed 56500/97201 frames (2260 sampled)...
        Processed 57000/97201 frames (2280 sampled)...
        Processed 57500/97201 frames (2300 sampled)...
        Processed 58000/97201 frames (2320 sampled)...
        Processed 58500/97201 frames (2340 sampled)...
        Processed 59000/97201 frames (2360 sampled)...
        Processed 59500/97201 frames (2380 sampled)...
        Processed 60000/97201 frames (2400 sampled)...
        Processed 60500/97201 frames (2420 sampled)...
        Processed 61000/97201 frames (2440 sampled)...
        Processed 61500/97201 frames (2460 sampled)...
        Processed 62000/97201 frames (2480 sampled)...
        Processed 62500/97201 frames (2500 sampled)...
        Processed 63000/97201 frames (2520 sampled)...
        Processed 63500/97201 frames (2540 sampled)...
        Processed 64000/97201 frames (2560 sampled)...
        Processed 64500/97201 frames (2580 sampled)...
        Processed 65000/97201 frames (2600 sampled)...
        Processed 65500/97201 frames (2620 sampled)...
        Processed 66000/97201 frames (2640 sampled)...
        Processed 66500/97201 frames (2660 sampled)...
        Processed 67000/97201 frames (2680 sampled)...
        Processed 67500/97201 frames (2700 sampled)...
        Processed 68000/97201 frames (2720 sampled)...
        Processed 68500/97201 frames (2740 sampled)...
        Processed 69000/97201 frames (2760 sampled)...
        Processed 69500/97201 frames (2780 sampled)...
        Processed 70000/97201 frames (2800 sampled)...
        Processed 70500/97201 frames (2820 sampled)...
        Processed 71000/97201 frames (2840 sampled)...
        Processed 71500/97201 frames (2860 sampled)...
        Processed 72000/97201 frames (2880 sampled)...
        Processed 72500/97201 frames (2900 sampled)...
        Processed 73000/97201 frames (2920 sampled)...
Processing videos:  38%|███▊      | 12/32 [05:00<08:10, 24.54s/it]        Processed 73500/97201 frames (2940 sampled)...
        Processed 74000/97201 frames (2960 sampled)...
        Processed 74500/97201 frames (2980 sampled)...
        Processed 75000/97201 frames (3000 sampled)...
        Processed 75500/97201 frames (3020 sampled)...
        Processed 76000/97201 frames (3040 sampled)...
        Processed 76500/97201 frames (3060 sampled)...
        Processed 77000/97201 frames (3080 sampled)...
        Processed 77500/97201 frames (3100 sampled)...
        Processed 78000/97201 frames (3120 sampled)...
        Processed 78500/97201 frames (3140 sampled)...
        Processed 79000/97201 frames (3160 sampled)...
        Processed 79500/97201 frames (3180 sampled)...
        Processed 80000/97201 frames (3200 sampled)...
        Processed 80500/97201 frames (3220 sampled)...
        Processed 81000/97201 frames (3240 sampled)...
        Processed 81500/97201 frames (3260 sampled)...
        Processed 82000/97201 frames (3280 sampled)...
        Processed 82500/97201 frames (3300 sampled)...
        Processed 83000/97201 frames (3320 sampled)...
        Processed 83500/97201 frames (3340 sampled)...
        Processed 84000/97201 frames (3360 sampled)...
        Processed 84500/97201 frames (3380 sampled)...
        Processed 85000/97201 frames (3400 sampled)...
        Processed 85500/97201 frames (3420 sampled)...
        Processed 86000/97201 frames (3440 sampled)...
        Processed 86500/97201 frames (3460 sampled)...
        Processed 87000/97201 frames (3480 sampled)...
        Processed 87500/97201 frames (3500 sampled)...
        Processed 88000/97201 frames (3520 sampled)...
        Processed 88500/97201 frames (3540 sampled)...
        Processed 89000/97201 frames (3560 sampled)...
        Processed 89500/97201 frames (3580 sampled)...
        Processed 90000/97201 frames (3600 sampled)...
        Processed 90500/97201 frames (3620 sampled)...
        Processed 91000/97201 frames (3640 sampled)...
        Processed 91500/97201 frames (3660 sampled)...
        Processed 92000/97201 frames (3680 sampled)...
        Processed 92500/97201 frames (3700 sampled)...
        Processed 93000/97201 frames (3720 sampled)...
        Processed 93500/97201 frames (3740 sampled)...
        Processed 94000/97201 frames (3760 sampled)...
        Processed 94500/97201 frames (3780 sampled)...
        Processed 95000/97201 frames (3800 sampled)...
        Processed 95500/97201 frames (3820 sampled)...
        Processed 96000/97201 frames (3840 sampled)...
        Processed 96500/97201 frames (3860 sampled)...
        Processed 97000/97201 frames (3880 sampled)...
      Total frames read: 97126
      Total frames sampled: 3886
      Converting frames to tensor and normalizing...
      Frames array shape: (3886, 224, 224, 3)
      Frames dtype: float32
      Extracting features using I3D model...
      Clip length: 16 frames
      Stride: 8 frames (50% overlap)
      Expected number of clips: 486
        Processed 10/486 clips...
        Processed 20/486 clips...
        Processed 30/486 clips...
        Processed 40/486 clips...
        Processed 50/486 clips...
        Processed 60/486 clips...
        Processed 70/486 clips...
        Processed 80/486 clips...
        Processed 90/486 clips...
        Processed 100/486 clips...
        Processed 110/486 clips...
        Processed 120/486 clips...
        Processed 130/486 clips...
        Processed 140/486 clips...
        Processed 150/486 clips...
        Processed 160/486 clips...
        Processed 170/486 clips...
        Processed 180/486 clips...
        Processed 190/486 clips...
        Processed 200/486 clips...
        Processed 210/486 clips...
        Processed 220/486 clips...
        Processed 230/486 clips...
        Processed 240/486 clips...
        Processed 250/486 clips...
        Processed 260/486 clips...
        Processed 270/486 clips...
        Processed 280/486 clips...
        Processed 290/486 clips...
        Processed 300/486 clips...
        Processed 310/486 clips...
        Processed 320/486 clips...
        Processed 330/486 clips...
        Processed 340/486 clips...
        Processed 350/486 clips...
        Processed 360/486 clips...
        Processed 370/486 clips...
        Processed 380/486 clips...
        Processed 390/486 clips...
        Processed 400/486 clips...
        Processed 410/486 clips...
        Processed 420/486 clips...
        Processed 430/486 clips...
        Processed 440/486 clips...
        Processed 450/486 clips...
        Processed 460/486 clips...
        Processed 470/486 clips...
        Processed 480/486 clips...
      Feature extraction complete!
      Final feature shape: (3880, 1024)
      Feature dtype: float32
[ID12]   Features extracted: (3880, 1024)
[ID12]   Feature dimension: 1024
[ID12]   Feature size: 15.16 MB
[ID12]   Saved to: /data-8tb/nvaci/dataset_Stanford/FACT_method/preprocessed_data/features/ID12.npy
[ID12] Step 3/3: Converting labels to frame-level...
[ID12]   Reading CSV: 25-021_ID12.csv
[ID12]   Video duration: 3888.04 seconds
      Reading CSV file: /data-8tb/nvaci/dataset_Stanford/raw/labels/25-021_ID12.csv
      CSV rows: 3840
      CSV columns: ['start_time', 'end_time', 'licking', 'shaking']
      Video duration: 3888.04s
      Target FPS: 1
      Total frames to generate: 3888
      Processing CSV rows...
        Row 59: 0:00:59-0:01:60 -> licking_shaking
        Row 60: 0:01:60-0:01:61 -> licking_shaking
        Row 63: 0:01:63-0:01:64 -> licking_shaking
      CSV processing complete:
        Segments with licking only: 560
        Segments with shaking only: 54
        Segments with licking_shaking: 14
        Segments with background: 3212
[ID12]   Labels created: 3888 frames
[ID12]   Label distribution:
[ID12]     - background: 3264 frames (84.0%)
[ID12]     - licking: 436 frames (11.2%)
[ID12]     - licking_shaking: 74 frames (1.9%)
[ID12]     - shaking: 114 frames (2.9%)
[ID12]   WARNING: Length mismatch!
[ID12]     Features: 3880 frames
[ID12]     Labels: 3888 frames
[ID12]     Trimming both to: 3880 frames
[ID12]     Updated feature file
[ID12]   Saved labels to: /data-8tb/nvaci/dataset_Stanford/FACT_method/preprocessed_data/groundTruth/ID12.txt
[ID12] ✓ SUCCESS - Video processed successfully

================================================================================
Processing video 13/32: ID13
================================================================================
[ID13] Found label file: 25-021_ID13.csv
[ID13] Step 1/3: Reading video file...
[ID13]   Video path: /data-8tb/nvaci/dataset_Stanford/raw/videos_cut/ID13.mp4
[ID13]   Video FPS: 25.00
[ID13]   Total frames: 95806
[ID13]   Duration: 3832.24 seconds
[ID13]   Target FPS: 1
[ID13]   Expected output frames: 3832
[ID13] Step 2/3: Extracting I3D features...
[ID13]   Using model: I3D
[ID13]   Clip length: 16 frames
      Opening video file...
      Original video FPS: 25.00
      Original total frames: 95806
      Sample rate: 1 every 25 frames
      Reading and sampling frames...
        Processed 500/95806 frames (20 sampled)...
        Processed 1000/95806 frames (40 sampled)...
        Processed 1500/95806 frames (60 sampled)...
        Processed 2000/95806 frames (80 sampled)...
        Processed 2500/95806 frames (100 sampled)...
        Processed 3000/95806 frames (120 sampled)...
        Processed 3500/95806 frames (140 sampled)...
        Processed 4000/95806 frames (160 sampled)...
        Processed 4500/95806 frames (180 sampled)...
        Processed 5000/95806 frames (200 sampled)...
        Processed 5500/95806 frames (220 sampled)...
        Processed 6000/95806 frames (240 sampled)...
        Processed 6500/95806 frames (260 sampled)...
        Processed 7000/95806 frames (280 sampled)...
        Processed 7500/95806 frames (300 sampled)...
        Processed 8000/95806 frames (320 sampled)...
        Processed 8500/95806 frames (340 sampled)...
        Processed 9000/95806 frames (360 sampled)...
        Processed 9500/95806 frames (380 sampled)...
        Processed 10000/95806 frames (400 sampled)...
        Processed 10500/95806 frames (420 sampled)...
        Processed 11000/95806 frames (440 sampled)...
        Processed 11500/95806 frames (460 sampled)...
        Processed 12000/95806 frames (480 sampled)...
        Processed 12500/95806 frames (500 sampled)...
        Processed 13000/95806 frames (520 sampled)...
        Processed 13500/95806 frames (540 sampled)...
        Processed 14000/95806 frames (560 sampled)...
        Processed 14500/95806 frames (580 sampled)...
        Processed 15000/95806 frames (600 sampled)...
        Processed 15500/95806 frames (620 sampled)...
        Processed 16000/95806 frames (640 sampled)...
        Processed 16500/95806 frames (660 sampled)...
        Processed 17000/95806 frames (680 sampled)...
        Processed 17500/95806 frames (700 sampled)...
        Processed 18000/95806 frames (720 sampled)...
        Processed 18500/95806 frames (740 sampled)...
        Processed 19000/95806 frames (760 sampled)...
        Processed 19500/95806 frames (780 sampled)...
        Processed 20000/95806 frames (800 sampled)...
        Processed 20500/95806 frames (820 sampled)...
        Processed 21000/95806 frames (840 sampled)...
        Processed 21500/95806 frames (860 sampled)...
        Processed 22000/95806 frames (880 sampled)...
        Processed 22500/95806 frames (900 sampled)...
        Processed 23000/95806 frames (920 sampled)...
        Processed 23500/95806 frames (940 sampled)...
        Processed 24000/95806 frames (960 sampled)...
        Processed 24500/95806 frames (980 sampled)...
        Processed 25000/95806 frames (1000 sampled)...
        Processed 25500/95806 frames (1020 sampled)...
        Processed 26000/95806 frames (1040 sampled)...
        Processed 26500/95806 frames (1060 sampled)...
        Processed 27000/95806 frames (1080 sampled)...
        Processed 27500/95806 frames (1100 sampled)...
        Processed 28000/95806 frames (1120 sampled)...
        Processed 28500/95806 frames (1140 sampled)...
        Processed 29000/95806 frames (1160 sampled)...
        Processed 29500/95806 frames (1180 sampled)...
        Processed 30000/95806 frames (1200 sampled)...
        Processed 30500/95806 frames (1220 sampled)...
        Processed 31000/95806 frames (1240 sampled)...
        Processed 31500/95806 frames (1260 sampled)...
        Processed 32000/95806 frames (1280 sampled)...
        Processed 32500/95806 frames (1300 sampled)...
        Processed 33000/95806 frames (1320 sampled)...
        Processed 33500/95806 frames (1340 sampled)...
        Processed 34000/95806 frames (1360 sampled)...
        Processed 34500/95806 frames (1380 sampled)...
        Processed 35000/95806 frames (1400 sampled)...
        Processed 35500/95806 frames (1420 sampled)...
        Processed 36000/95806 frames (1440 sampled)...
        Processed 36500/95806 frames (1460 sampled)...
        Processed 37000/95806 frames (1480 sampled)...
        Processed 37500/95806 frames (1500 sampled)...
        Processed 38000/95806 frames (1520 sampled)...
        Processed 38500/95806 frames (1540 sampled)...
        Processed 39000/95806 frames (1560 sampled)...
        Processed 39500/95806 frames (1580 sampled)...
        Processed 40000/95806 frames (1600 sampled)...
        Processed 40500/95806 frames (1620 sampled)...
        Processed 41000/95806 frames (1640 sampled)...
        Processed 41500/95806 frames (1660 sampled)...
        Processed 42000/95806 frames (1680 sampled)...
        Processed 42500/95806 frames (1700 sampled)...
        Processed 43000/95806 frames (1720 sampled)...
        Processed 43500/95806 frames (1740 sampled)...
        Processed 44000/95806 frames (1760 sampled)...
        Processed 44500/95806 frames (1780 sampled)...
        Processed 45000/95806 frames (1800 sampled)...
        Processed 45500/95806 frames (1820 sampled)...
        Processed 46000/95806 frames (1840 sampled)...
        Processed 46500/95806 frames (1860 sampled)...
        Processed 47000/95806 frames (1880 sampled)...
        Processed 47500/95806 frames (1900 sampled)...
        Processed 48000/95806 frames (1920 sampled)...
        Processed 48500/95806 frames (1940 sampled)...
        Processed 49000/95806 frames (1960 sampled)...
        Processed 49500/95806 frames (1980 sampled)...
        Processed 50000/95806 frames (2000 sampled)...
        Processed 50500/95806 frames (2020 sampled)...
        Processed 51000/95806 frames (2040 sampled)...
        Processed 51500/95806 frames (2060 sampled)...
        Processed 52000/95806 frames (2080 sampled)...
        Processed 52500/95806 frames (2100 sampled)...
        Processed 53000/95806 frames (2120 sampled)...
        Processed 53500/95806 frames (2140 sampled)...
        Processed 54000/95806 frames (2160 sampled)...
        Processed 54500/95806 frames (2180 sampled)...
        Processed 55000/95806 frames (2200 sampled)...
        Processed 55500/95806 frames (2220 sampled)...
        Processed 56000/95806 frames (2240 sampled)...
        Processed 56500/95806 frames (2260 sampled)...
        Processed 57000/95806 frames (2280 sampled)...
        Processed 57500/95806 frames (2300 sampled)...
        Processed 58000/95806 frames (2320 sampled)...
        Processed 58500/95806 frames (2340 sampled)...
        Processed 59000/95806 frames (2360 sampled)...
        Processed 59500/95806 frames (2380 sampled)...
        Processed 60000/95806 frames (2400 sampled)...
        Processed 60500/95806 frames (2420 sampled)...
        Processed 61000/95806 frames (2440 sampled)...
        Processed 61500/95806 frames (2460 sampled)...
        Processed 62000/95806 frames (2480 sampled)...
        Processed 62500/95806 frames (2500 sampled)...
        Processed 63000/95806 frames (2520 sampled)...
        Processed 63500/95806 frames (2540 sampled)...
        Processed 64000/95806 frames (2560 sampled)...
        Processed 64500/95806 frames (2580 sampled)...
        Processed 65000/95806 frames (2600 sampled)...
        Processed 65500/95806 frames (2620 sampled)...
        Processed 66000/95806 frames (2640 sampled)...
        Processed 66500/95806 frames (2660 sampled)...
        Processed 67000/95806 frames (2680 sampled)...
        Processed 67500/95806 frames (2700 sampled)...
        Processed 68000/95806 frames (2720 sampled)...
        Processed 68500/95806 frames (2740 sampled)...
        Processed 69000/95806 frames (2760 sampled)...
        Processed 69500/95806 frames (2780 sampled)...
        Processed 70000/95806 frames (2800 sampled)...
        Processed 70500/95806 frames (2820 sampled)...
        Processed 71000/95806 frames (2840 sampled)...
        Processed 71500/95806 frames (2860 sampled)...
        Processed 72000/95806 frames (2880 sampled)...
        Processed 72500/95806 frames (2900 sampled)...
        Processed 73000/95806 frames (2920 sampled)...
        Processed 73500/95806 frames (2940 sampled)...
        Processed 74000/95806 frames (2960 sampled)...
        Processed 74500/95806 frames (2980 sampled)...
        Processed 75000/95806 frames (3000 sampled)...
        Processed 75500/95806 frames (3020 sampled)...
        Processed 76000/95806 frames (3040 sampled)...
        Processed 76500/95806 frames (3060 sampled)...
        Processed 77000/95806 frames (3080 sampled)...
        Processed 77500/95806 frames (3100 sampled)...
        Processed 78000/95806 frames (3120 sampled)...
        Processed 78500/95806 frames (3140 sampled)...
        Processed 79000/95806 frames (3160 sampled)...
        Processed 79500/95806 frames (3180 sampled)...
        Processed 80000/95806 frames (3200 sampled)...
        Processed 80500/95806 frames (3220 sampled)...
        Processed 81000/95806 frames (3240 sampled)...
        Processed 81500/95806 frames (3260 sampled)...
        Processed 82000/95806 frames (3280 sampled)...
        Processed 82500/95806 frames (3300 sampled)...
        Processed 83000/95806 frames (3320 sampled)...
        Processed 83500/95806 frames (3340 sampled)...
        Processed 84000/95806 frames (3360 sampled)...
        Processed 84500/95806 frames (3380 sampled)...
        Processed 85000/95806 frames (3400 sampled)...
Processing videos:  41%|████      | 13/32 [05:22<07:33, 23.89s/it]        Processed 85500/95806 frames (3420 sampled)...
        Processed 86000/95806 frames (3440 sampled)...
        Processed 86500/95806 frames (3460 sampled)...
        Processed 87000/95806 frames (3480 sampled)...
        Processed 87500/95806 frames (3500 sampled)...
        Processed 88000/95806 frames (3520 sampled)...
        Processed 88500/95806 frames (3540 sampled)...
        Processed 89000/95806 frames (3560 sampled)...
        Processed 89500/95806 frames (3580 sampled)...
        Processed 90000/95806 frames (3600 sampled)...
        Processed 90500/95806 frames (3620 sampled)...
        Processed 91000/95806 frames (3640 sampled)...
        Processed 91500/95806 frames (3660 sampled)...
        Processed 92000/95806 frames (3680 sampled)...
        Processed 92500/95806 frames (3700 sampled)...
        Processed 93000/95806 frames (3720 sampled)...
        Processed 93500/95806 frames (3740 sampled)...
        Processed 94000/95806 frames (3760 sampled)...
        Processed 94500/95806 frames (3780 sampled)...
        Processed 95000/95806 frames (3800 sampled)...
        Processed 95500/95806 frames (3820 sampled)...
      Total frames read: 95776
      Total frames sampled: 3832
      Converting frames to tensor and normalizing...
      Frames array shape: (3832, 224, 224, 3)
      Frames dtype: float32
      Extracting features using I3D model...
      Clip length: 16 frames
      Stride: 8 frames (50% overlap)
      Expected number of clips: 479
        Processed 10/479 clips...
        Processed 20/479 clips...
        Processed 30/479 clips...
        Processed 40/479 clips...
        Processed 50/479 clips...
        Processed 60/479 clips...
        Processed 70/479 clips...
        Processed 80/479 clips...
        Processed 90/479 clips...
        Processed 100/479 clips...
        Processed 110/479 clips...
        Processed 120/479 clips...
        Processed 130/479 clips...
        Processed 140/479 clips...
        Processed 150/479 clips...
        Processed 160/479 clips...
        Processed 170/479 clips...
        Processed 180/479 clips...
        Processed 190/479 clips...
        Processed 200/479 clips...
        Processed 210/479 clips...
        Processed 220/479 clips...
        Processed 230/479 clips...
        Processed 240/479 clips...
        Processed 250/479 clips...
        Processed 260/479 clips...
        Processed 270/479 clips...
        Processed 280/479 clips...
        Processed 290/479 clips...
        Processed 300/479 clips...
        Processed 310/479 clips...
        Processed 320/479 clips...
        Processed 330/479 clips...
        Processed 340/479 clips...
        Processed 350/479 clips...
        Processed 360/479 clips...
        Processed 370/479 clips...
        Processed 380/479 clips...
        Processed 390/479 clips...
        Processed 400/479 clips...
        Processed 410/479 clips...
        Processed 420/479 clips...
        Processed 430/479 clips...
        Processed 440/479 clips...
        Processed 450/479 clips...
        Processed 460/479 clips...
        Processed 470/479 clips...
      Feature extraction complete!
      Final feature shape: (3824, 1024)
      Feature dtype: float32
[ID13]   Features extracted: (3824, 1024)
[ID13]   Feature dimension: 1024
[ID13]   Feature size: 14.94 MB
[ID13]   Saved to: /data-8tb/nvaci/dataset_Stanford/FACT_method/preprocessed_data/features/ID13.npy
[ID13] Step 3/3: Converting labels to frame-level...
[ID13]   Reading CSV: 25-021_ID13.csv
[ID13]   Video duration: 3832.24 seconds
      Reading CSV file: /data-8tb/nvaci/dataset_Stanford/raw/labels/25-021_ID13.csv
      CSV rows: 3840
      CSV columns: ['start_time', 'end_time', 'licking', 'shaking']
      Video duration: 3832.24s
      Target FPS: 1
      Total frames to generate: 3832
      Processing CSV rows...
        Row 120: 0:02:120-0:02:121 -> licking_shaking
        Row 121: 0:02:121-0:02:122 -> licking_shaking
        Row 124: 0:02:124-0:02:125 -> licking_shaking
      CSV processing complete:
        Segments with licking only: 680
        Segments with shaking only: 10
        Segments with licking_shaking: 9
        Segments with background: 3141
[ID13]   Labels created: 3832 frames
[ID13]   Label distribution:
[ID13]     - background: 3195 frames (83.4%)
[ID13]     - licking: 558 frames (14.6%)
[ID13]     - licking_shaking: 9 frames (0.2%)
[ID13]     - shaking: 70 frames (1.8%)
[ID13]   WARNING: Length mismatch!
[ID13]     Features: 3824 frames
[ID13]     Labels: 3832 frames
[ID13]     Trimming both to: 3824 frames
[ID13]     Updated feature file
[ID13]   Saved labels to: /data-8tb/nvaci/dataset_Stanford/FACT_method/preprocessed_data/groundTruth/ID13.txt
[ID13] ✓ SUCCESS - Video processed successfully

================================================================================
Processing video 14/32: ID14
================================================================================
[ID14] Found label file: 25-021_ID14.csv
[ID14] Step 1/3: Reading video file...
[ID14]   Video path: /data-8tb/nvaci/dataset_Stanford/raw/videos_cut/ID14.mp4
[ID14]   Video FPS: 25.00
[ID14]   Total frames: 95201
[ID14]   Duration: 3808.04 seconds
[ID14]   Target FPS: 1
[ID14]   Expected output frames: 3808
[ID14] Step 2/3: Extracting I3D features...
[ID14]   Using model: I3D
[ID14]   Clip length: 16 frames
      Opening video file...
      Original video FPS: 25.00
      Original total frames: 95201
      Sample rate: 1 every 25 frames
      Reading and sampling frames...
        Processed 500/95201 frames (20 sampled)...
        Processed 1000/95201 frames (40 sampled)...
        Processed 1500/95201 frames (60 sampled)...
        Processed 2000/95201 frames (80 sampled)...
        Processed 2500/95201 frames (100 sampled)...
        Processed 3000/95201 frames (120 sampled)...
        Processed 3500/95201 frames (140 sampled)...
        Processed 4000/95201 frames (160 sampled)...
        Processed 4500/95201 frames (180 sampled)...
        Processed 5000/95201 frames (200 sampled)...
        Processed 5500/95201 frames (220 sampled)...
        Processed 6000/95201 frames (240 sampled)...
        Processed 6500/95201 frames (260 sampled)...
        Processed 7000/95201 frames (280 sampled)...
        Processed 7500/95201 frames (300 sampled)...
        Processed 8000/95201 frames (320 sampled)...
        Processed 8500/95201 frames (340 sampled)...
        Processed 9000/95201 frames (360 sampled)...
        Processed 9500/95201 frames (380 sampled)...
        Processed 10000/95201 frames (400 sampled)...
        Processed 10500/95201 frames (420 sampled)...
        Processed 11000/95201 frames (440 sampled)...
        Processed 11500/95201 frames (460 sampled)...
        Processed 12000/95201 frames (480 sampled)...
        Processed 12500/95201 frames (500 sampled)...
        Processed 13000/95201 frames (520 sampled)...
        Processed 13500/95201 frames (540 sampled)...
        Processed 14000/95201 frames (560 sampled)...
        Processed 14500/95201 frames (580 sampled)...
        Processed 15000/95201 frames (600 sampled)...
        Processed 15500/95201 frames (620 sampled)...
        Processed 16000/95201 frames (640 sampled)...
        Processed 16500/95201 frames (660 sampled)...
        Processed 17000/95201 frames (680 sampled)...
        Processed 17500/95201 frames (700 sampled)...
        Processed 18000/95201 frames (720 sampled)...
        Processed 18500/95201 frames (740 sampled)...
        Processed 19000/95201 frames (760 sampled)...
        Processed 19500/95201 frames (780 sampled)...
        Processed 20000/95201 frames (800 sampled)...
        Processed 20500/95201 frames (820 sampled)...
        Processed 21000/95201 frames (840 sampled)...
        Processed 21500/95201 frames (860 sampled)...
        Processed 22000/95201 frames (880 sampled)...
        Processed 22500/95201 frames (900 sampled)...
        Processed 23000/95201 frames (920 sampled)...
        Processed 23500/95201 frames (940 sampled)...
        Processed 24000/95201 frames (960 sampled)...
        Processed 24500/95201 frames (980 sampled)...
        Processed 25000/95201 frames (1000 sampled)...
        Processed 25500/95201 frames (1020 sampled)...
        Processed 26000/95201 frames (1040 sampled)...
        Processed 26500/95201 frames (1060 sampled)...
        Processed 27000/95201 frames (1080 sampled)...
        Processed 27500/95201 frames (1100 sampled)...
        Processed 28000/95201 frames (1120 sampled)...
        Processed 28500/95201 frames (1140 sampled)...
        Processed 29000/95201 frames (1160 sampled)...
        Processed 29500/95201 frames (1180 sampled)...
        Processed 30000/95201 frames (1200 sampled)...
        Processed 30500/95201 frames (1220 sampled)...
        Processed 31000/95201 frames (1240 sampled)...
        Processed 31500/95201 frames (1260 sampled)...
        Processed 32000/95201 frames (1280 sampled)...
        Processed 32500/95201 frames (1300 sampled)...
        Processed 33000/95201 frames (1320 sampled)...
        Processed 33500/95201 frames (1340 sampled)...
        Processed 34000/95201 frames (1360 sampled)...
        Processed 34500/95201 frames (1380 sampled)...
        Processed 35000/95201 frames (1400 sampled)...
        Processed 35500/95201 frames (1420 sampled)...
        Processed 36000/95201 frames (1440 sampled)...
        Processed 36500/95201 frames (1460 sampled)...
        Processed 37000/95201 frames (1480 sampled)...
        Processed 37500/95201 frames (1500 sampled)...
        Processed 38000/95201 frames (1520 sampled)...
        Processed 38500/95201 frames (1540 sampled)...
        Processed 39000/95201 frames (1560 sampled)...
        Processed 39500/95201 frames (1580 sampled)...
        Processed 40000/95201 frames (1600 sampled)...
        Processed 40500/95201 frames (1620 sampled)...
        Processed 41000/95201 frames (1640 sampled)...
        Processed 41500/95201 frames (1660 sampled)...
        Processed 42000/95201 frames (1680 sampled)...
        Processed 42500/95201 frames (1700 sampled)...
        Processed 43000/95201 frames (1720 sampled)...
        Processed 43500/95201 frames (1740 sampled)...
        Processed 44000/95201 frames (1760 sampled)...
        Processed 44500/95201 frames (1780 sampled)...
        Processed 45000/95201 frames (1800 sampled)...
        Processed 45500/95201 frames (1820 sampled)...
        Processed 46000/95201 frames (1840 sampled)...
        Processed 46500/95201 frames (1860 sampled)...
        Processed 47000/95201 frames (1880 sampled)...
        Processed 47500/95201 frames (1900 sampled)...
        Processed 48000/95201 frames (1920 sampled)...
        Processed 48500/95201 frames (1940 sampled)...
        Processed 49000/95201 frames (1960 sampled)...
        Processed 49500/95201 frames (1980 sampled)...
        Processed 50000/95201 frames (2000 sampled)...
        Processed 50500/95201 frames (2020 sampled)...
        Processed 51000/95201 frames (2040 sampled)...
        Processed 51500/95201 frames (2060 sampled)...
        Processed 52000/95201 frames (2080 sampled)...
        Processed 52500/95201 frames (2100 sampled)...
        Processed 53000/95201 frames (2120 sampled)...
        Processed 53500/95201 frames (2140 sampled)...
        Processed 54000/95201 frames (2160 sampled)...
        Processed 54500/95201 frames (2180 sampled)...
        Processed 55000/95201 frames (2200 sampled)...
        Processed 55500/95201 frames (2220 sampled)...
        Processed 56000/95201 frames (2240 sampled)...
        Processed 56500/95201 frames (2260 sampled)...
        Processed 57000/95201 frames (2280 sampled)...
        Processed 57500/95201 frames (2300 sampled)...
        Processed 58000/95201 frames (2320 sampled)...
        Processed 58500/95201 frames (2340 sampled)...
        Processed 59000/95201 frames (2360 sampled)...
        Processed 59500/95201 frames (2380 sampled)...
        Processed 60000/95201 frames (2400 sampled)...
        Processed 60500/95201 frames (2420 sampled)...
        Processed 61000/95201 frames (2440 sampled)...
        Processed 61500/95201 frames (2460 sampled)...
        Processed 62000/95201 frames (2480 sampled)...
        Processed 62500/95201 frames (2500 sampled)...
        Processed 63000/95201 frames (2520 sampled)...
        Processed 63500/95201 frames (2540 sampled)...
        Processed 64000/95201 frames (2560 sampled)...
        Processed 64500/95201 frames (2580 sampled)...
        Processed 65000/95201 frames (2600 sampled)...
        Processed 65500/95201 frames (2620 sampled)...
        Processed 66000/95201 frames (2640 sampled)...
        Processed 66500/95201 frames (2660 sampled)...
        Processed 67000/95201 frames (2680 sampled)...
        Processed 67500/95201 frames (2700 sampled)...
        Processed 68000/95201 frames (2720 sampled)...
        Processed 68500/95201 frames (2740 sampled)...
        Processed 69000/95201 frames (2760 sampled)...
        Processed 69500/95201 frames (2780 sampled)...
        Processed 70000/95201 frames (2800 sampled)...
        Processed 70500/95201 frames (2820 sampled)...
        Processed 71000/95201 frames (2840 sampled)...
        Processed 71500/95201 frames (2860 sampled)...
        Processed 72000/95201 frames (2880 sampled)...
        Processed 72500/95201 frames (2900 sampled)...
        Processed 73000/95201 frames (2920 sampled)...
        Processed 73500/95201 frames (2940 sampled)...
        Processed 74000/95201 frames (2960 sampled)...
        Processed 74500/95201 frames (2980 sampled)...
        Processed 75000/95201 frames (3000 sampled)...
        Processed 75500/95201 frames (3020 sampled)...
        Processed 76000/95201 frames (3040 sampled)...
        Processed 76500/95201 frames (3060 sampled)...
        Processed 77000/95201 frames (3080 sampled)...
        Processed 77500/95201 frames (3100 sampled)...
        Processed 78000/95201 frames (3120 sampled)...
        Processed 78500/95201 frames (3140 sampled)...
        Processed 79000/95201 frames (3160 sampled)...
        Processed 79500/95201 frames (3180 sampled)...
        Processed 80000/95201 frames (3200 sampled)...
        Processed 80500/95201 frames (3220 sampled)...
        Processed 81000/95201 frames (3240 sampled)...
        Processed 81500/95201 frames (3260 sampled)...
        Processed 82000/95201 frames (3280 sampled)...
        Processed 82500/95201 frames (3300 sampled)...
        Processed 83000/95201 frames (3320 sampled)...
        Processed 83500/95201 frames (3340 sampled)...
        Processed 84000/95201 frames (3360 sampled)...
        Processed 84500/95201 frames (3380 sampled)...
        Processed 85000/95201 frames (3400 sampled)...
        Processed 85500/95201 frames (3420 sampled)...
        Processed 86000/95201 frames (3440 sampled)...
        Processed 86500/95201 frames (3460 sampled)...
        Processed 87000/95201 frames (3480 sampled)...
        Processed 87500/95201 frames (3500 sampled)...
        Processed 88000/95201 frames (3520 sampled)...
        Processed 88500/95201 frames (3540 sampled)...
        Processed 89000/95201 frames (3560 sampled)...
        Processed 89500/95201 frames (3580 sampled)...
        Processed 90000/95201 frames (3600 sampled)...
        Processed 90500/95201 frames (3620 sampled)...
        Processed 91000/95201 frames (3640 sampled)...
        Processed 91500/95201 frames (3660 sampled)...
        Processed 92000/95201 frames (3680 sampled)...
        Processed 92500/95201 frames (3700 sampled)...
        Processed 93000/95201 frames (3720 sampled)...
        Processed 93500/95201 frames (3740 sampled)...
        Processed 94000/95201 frames (3760 sampled)...
        Processed 94500/95201 frames (3780 sampled)...
        Processed 95000/95201 frames (3800 sampled)...
      Total frames read: 95051
      Total frames sampled: 3803
      Converting frames to tensor and normalizing...
      Frames array shape: (3803, 224, 224, 3)
      Frames dtype: float32
      Extracting features using I3D model...
      Clip length: 16 frames
      Stride: 8 frames (50% overlap)
      Expected number of clips: 476
        Processed 10/476 clips...
        Processed 20/476 clips...
Processing videos:  44%|████▍     | 14/32 [05:49<07:24, 24.69s/it]        Processed 30/476 clips...
        Processed 40/476 clips...
        Processed 50/476 clips...
        Processed 60/476 clips...
        Processed 70/476 clips...
        Processed 80/476 clips...
        Processed 90/476 clips...
        Processed 100/476 clips...
        Processed 110/476 clips...
        Processed 120/476 clips...
        Processed 130/476 clips...
        Processed 140/476 clips...
        Processed 150/476 clips...
        Processed 160/476 clips...
        Processed 170/476 clips...
        Processed 180/476 clips...
        Processed 190/476 clips...
        Processed 200/476 clips...
        Processed 210/476 clips...
        Processed 220/476 clips...
        Processed 230/476 clips...
        Processed 240/476 clips...
        Processed 250/476 clips...
        Processed 260/476 clips...
        Processed 270/476 clips...
        Processed 280/476 clips...
        Processed 290/476 clips...
        Processed 300/476 clips...
        Processed 310/476 clips...
        Processed 320/476 clips...
        Processed 330/476 clips...
        Processed 340/476 clips...
        Processed 350/476 clips...
        Processed 360/476 clips...
        Processed 370/476 clips...
        Processed 380/476 clips...
        Processed 390/476 clips...
        Processed 400/476 clips...
        Processed 410/476 clips...
        Processed 420/476 clips...
        Processed 430/476 clips...
        Processed 440/476 clips...
        Processed 450/476 clips...
        Processed 460/476 clips...
        Processed 470/476 clips...
      Feature extraction complete!
      Final feature shape: (3800, 1024)
      Feature dtype: float32
[ID14]   Features extracted: (3800, 1024)
[ID14]   Feature dimension: 1024
[ID14]   Feature size: 14.84 MB
[ID14]   Saved to: /data-8tb/nvaci/dataset_Stanford/FACT_method/preprocessed_data/features/ID14.npy
[ID14] Step 3/3: Converting labels to frame-level...
[ID14]   Reading CSV: 25-021_ID14.csv
[ID14]   Video duration: 3808.04 seconds
      Reading CSV file: /data-8tb/nvaci/dataset_Stanford/raw/labels/25-021_ID14.csv
      CSV rows: 3840
      CSV columns: ['start_time', 'end_time', 'licking', 'shaking']
      Video duration: 3808.04s
      Target FPS: 1
      Total frames to generate: 3808
      Processing CSV rows...
        Row 142: 0:02:142-0:02:143 -> licking_shaking
        Row 150: 0:02:150-0:02:151 -> licking_shaking
        Row 151: 0:02:151-0:02:152 -> licking_shaking
      CSV processing complete:
        Segments with licking only: 845
        Segments with shaking only: 27
        Segments with licking_shaking: 10
        Segments with background: 2958
[ID14]   Labels created: 3808 frames
[ID14]   Label distribution:
[ID14]     - background: 3034 frames (79.7%)
[ID14]     - licking: 737 frames (19.4%)
[ID14]     - licking_shaking: 10 frames (0.3%)
[ID14]     - shaking: 27 frames (0.7%)
[ID14]   WARNING: Length mismatch!
[ID14]     Features: 3800 frames
[ID14]     Labels: 3808 frames
[ID14]     Trimming both to: 3800 frames
[ID14]     Updated feature file
[ID14]   Saved labels to: /data-8tb/nvaci/dataset_Stanford/FACT_method/preprocessed_data/groundTruth/ID14.txt
[ID14] ✓ SUCCESS - Video processed successfully

================================================================================
Processing video 15/32: ID15
================================================================================
[ID15] Found label file: 25-021_ID15.csv
[ID15] Step 1/3: Reading video file...
[ID15]   Video path: /data-8tb/nvaci/dataset_Stanford/raw/videos_cut/ID15.mp4
[ID15]   Video FPS: 25.00
[ID15]   Total frames: 101243
[ID15]   Duration: 4049.72 seconds
[ID15]   Target FPS: 1
[ID15]   Expected output frames: 4049
[ID15] Step 2/3: Extracting I3D features...
[ID15]   Using model: I3D
[ID15]   Clip length: 16 frames
      Opening video file...
      Original video FPS: 25.00
      Original total frames: 101243
      Sample rate: 1 every 25 frames
      Reading and sampling frames...
        Processed 500/101243 frames (20 sampled)...
        Processed 1000/101243 frames (40 sampled)...
        Processed 1500/101243 frames (60 sampled)...
        Processed 2000/101243 frames (80 sampled)...
        Processed 2500/101243 frames (100 sampled)...
        Processed 3000/101243 frames (120 sampled)...
        Processed 3500/101243 frames (140 sampled)...
        Processed 4000/101243 frames (160 sampled)...
        Processed 4500/101243 frames (180 sampled)...
        Processed 5000/101243 frames (200 sampled)...
        Processed 5500/101243 frames (220 sampled)...
        Processed 6000/101243 frames (240 sampled)...
        Processed 6500/101243 frames (260 sampled)...
        Processed 7000/101243 frames (280 sampled)...
        Processed 7500/101243 frames (300 sampled)...
        Processed 8000/101243 frames (320 sampled)...
        Processed 8500/101243 frames (340 sampled)...
        Processed 9000/101243 frames (360 sampled)...
        Processed 9500/101243 frames (380 sampled)...
        Processed 10000/101243 frames (400 sampled)...
        Processed 10500/101243 frames (420 sampled)...
        Processed 11000/101243 frames (440 sampled)...
        Processed 11500/101243 frames (460 sampled)...
        Processed 12000/101243 frames (480 sampled)...
        Processed 12500/101243 frames (500 sampled)...
        Processed 13000/101243 frames (520 sampled)...
        Processed 13500/101243 frames (540 sampled)...
        Processed 14000/101243 frames (560 sampled)...
        Processed 14500/101243 frames (580 sampled)...
        Processed 15000/101243 frames (600 sampled)...
        Processed 15500/101243 frames (620 sampled)...
        Processed 16000/101243 frames (640 sampled)...
        Processed 16500/101243 frames (660 sampled)...
        Processed 17000/101243 frames (680 sampled)...
        Processed 17500/101243 frames (700 sampled)...
        Processed 18000/101243 frames (720 sampled)...
        Processed 18500/101243 frames (740 sampled)...
        Processed 19000/101243 frames (760 sampled)...
        Processed 19500/101243 frames (780 sampled)...
        Processed 20000/101243 frames (800 sampled)...
        Processed 20500/101243 frames (820 sampled)...
        Processed 21000/101243 frames (840 sampled)...
        Processed 21500/101243 frames (860 sampled)...
        Processed 22000/101243 frames (880 sampled)...
        Processed 22500/101243 frames (900 sampled)...
        Processed 23000/101243 frames (920 sampled)...
        Processed 23500/101243 frames (940 sampled)...
        Processed 24000/101243 frames (960 sampled)...
        Processed 24500/101243 frames (980 sampled)...
        Processed 25000/101243 frames (1000 sampled)...
        Processed 25500/101243 frames (1020 sampled)...
        Processed 26000/101243 frames (1040 sampled)...
        Processed 26500/101243 frames (1060 sampled)...
        Processed 27000/101243 frames (1080 sampled)...
        Processed 27500/101243 frames (1100 sampled)...
        Processed 28000/101243 frames (1120 sampled)...
        Processed 28500/101243 frames (1140 sampled)...
        Processed 29000/101243 frames (1160 sampled)...
        Processed 29500/101243 frames (1180 sampled)...
        Processed 30000/101243 frames (1200 sampled)...
        Processed 30500/101243 frames (1220 sampled)...
        Processed 31000/101243 frames (1240 sampled)...
        Processed 31500/101243 frames (1260 sampled)...
        Processed 32000/101243 frames (1280 sampled)...
        Processed 32500/101243 frames (1300 sampled)...
        Processed 33000/101243 frames (1320 sampled)...
        Processed 33500/101243 frames (1340 sampled)...
        Processed 34000/101243 frames (1360 sampled)...
        Processed 34500/101243 frames (1380 sampled)...
        Processed 35000/101243 frames (1400 sampled)...
        Processed 35500/101243 frames (1420 sampled)...
        Processed 36000/101243 frames (1440 sampled)...
        Processed 36500/101243 frames (1460 sampled)...
        Processed 37000/101243 frames (1480 sampled)...
        Processed 37500/101243 frames (1500 sampled)...
        Processed 38000/101243 frames (1520 sampled)...
        Processed 38500/101243 frames (1540 sampled)...
        Processed 39000/101243 frames (1560 sampled)...
        Processed 39500/101243 frames (1580 sampled)...
        Processed 40000/101243 frames (1600 sampled)...
        Processed 40500/101243 frames (1620 sampled)...
        Processed 41000/101243 frames (1640 sampled)...
        Processed 41500/101243 frames (1660 sampled)...
        Processed 42000/101243 frames (1680 sampled)...
        Processed 42500/101243 frames (1700 sampled)...
        Processed 43000/101243 frames (1720 sampled)...
        Processed 43500/101243 frames (1740 sampled)...
        Processed 44000/101243 frames (1760 sampled)...
        Processed 44500/101243 frames (1780 sampled)...
        Processed 45000/101243 frames (1800 sampled)...
        Processed 45500/101243 frames (1820 sampled)...
        Processed 46000/101243 frames (1840 sampled)...
        Processed 46500/101243 frames (1860 sampled)...
        Processed 47000/101243 frames (1880 sampled)...
        Processed 47500/101243 frames (1900 sampled)...
        Processed 48000/101243 frames (1920 sampled)...
        Processed 48500/101243 frames (1940 sampled)...
        Processed 49000/101243 frames (1960 sampled)...
        Processed 49500/101243 frames (1980 sampled)...
        Processed 50000/101243 frames (2000 sampled)...
        Processed 50500/101243 frames (2020 sampled)...
        Processed 51000/101243 frames (2040 sampled)...
        Processed 51500/101243 frames (2060 sampled)...
        Processed 52000/101243 frames (2080 sampled)...
        Processed 52500/101243 frames (2100 sampled)...
        Processed 53000/101243 frames (2120 sampled)...
        Processed 53500/101243 frames (2140 sampled)...
        Processed 54000/101243 frames (2160 sampled)...
        Processed 54500/101243 frames (2180 sampled)...
        Processed 55000/101243 frames (2200 sampled)...
        Processed 55500/101243 frames (2220 sampled)...
        Processed 56000/101243 frames (2240 sampled)...
        Processed 56500/101243 frames (2260 sampled)...
        Processed 57000/101243 frames (2280 sampled)...
        Processed 57500/101243 frames (2300 sampled)...
        Processed 58000/101243 frames (2320 sampled)...
        Processed 58500/101243 frames (2340 sampled)...
        Processed 59000/101243 frames (2360 sampled)...
        Processed 59500/101243 frames (2380 sampled)...
        Processed 60000/101243 frames (2400 sampled)...
        Processed 60500/101243 frames (2420 sampled)...
        Processed 61000/101243 frames (2440 sampled)...
        Processed 61500/101243 frames (2460 sampled)...
        Processed 62000/101243 frames (2480 sampled)...
        Processed 62500/101243 frames (2500 sampled)...
        Processed 63000/101243 frames (2520 sampled)...
        Processed 63500/101243 frames (2540 sampled)...
        Processed 64000/101243 frames (2560 sampled)...
        Processed 64500/101243 frames (2580 sampled)...
        Processed 65000/101243 frames (2600 sampled)...
        Processed 65500/101243 frames (2620 sampled)...
        Processed 66000/101243 frames (2640 sampled)...
        Processed 66500/101243 frames (2660 sampled)...
        Processed 67000/101243 frames (2680 sampled)...
        Processed 67500/101243 frames (2700 sampled)...
        Processed 68000/101243 frames (2720 sampled)...
        Processed 68500/101243 frames (2740 sampled)...
        Processed 69000/101243 frames (2760 sampled)...
        Processed 69500/101243 frames (2780 sampled)...
        Processed 70000/101243 frames (2800 sampled)...
        Processed 70500/101243 frames (2820 sampled)...
        Processed 71000/101243 frames (2840 sampled)...
        Processed 71500/101243 frames (2860 sampled)...
        Processed 72000/101243 frames (2880 sampled)...
        Processed 72500/101243 frames (2900 sampled)...
        Processed 73000/101243 frames (2920 sampled)...
        Processed 73500/101243 frames (2940 sampled)...
        Processed 74000/101243 frames (2960 sampled)...
        Processed 74500/101243 frames (2980 sampled)...
        Processed 75000/101243 frames (3000 sampled)...
        Processed 75500/101243 frames (3020 sampled)...
        Processed 76000/101243 frames (3040 sampled)...
        Processed 76500/101243 frames (3060 sampled)...
        Processed 77000/101243 frames (3080 sampled)...
        Processed 77500/101243 frames (3100 sampled)...
        Processed 78000/101243 frames (3120 sampled)...
        Processed 78500/101243 frames (3140 sampled)...
        Processed 79000/101243 frames (3160 sampled)...
        Processed 79500/101243 frames (3180 sampled)...
        Processed 80000/101243 frames (3200 sampled)...
        Processed 80500/101243 frames (3220 sampled)...
        Processed 81000/101243 frames (3240 sampled)...
        Processed 81500/101243 frames (3260 sampled)...
        Processed 82000/101243 frames (3280 sampled)...
        Processed 82500/101243 frames (3300 sampled)...
        Processed 83000/101243 frames (3320 sampled)...
        Processed 83500/101243 frames (3340 sampled)...
        Processed 84000/101243 frames (3360 sampled)...
        Processed 84500/101243 frames (3380 sampled)...
        Processed 85000/101243 frames (3400 sampled)...
        Processed 85500/101243 frames (3420 sampled)...
        Processed 86000/101243 frames (3440 sampled)...
        Processed 86500/101243 frames (3460 sampled)...
        Processed 87000/101243 frames (3480 sampled)...
        Processed 87500/101243 frames (3500 sampled)...
        Processed 88000/101243 frames (3520 sampled)...
        Processed 88500/101243 frames (3540 sampled)...
        Processed 89000/101243 frames (3560 sampled)...
        Processed 89500/101243 frames (3580 sampled)...
        Processed 90000/101243 frames (3600 sampled)...
        Processed 90500/101243 frames (3620 sampled)...
        Processed 91000/101243 frames (3640 sampled)...
        Processed 91500/101243 frames (3660 sampled)...
        Processed 92000/101243 frames (3680 sampled)...
        Processed 92500/101243 frames (3700 sampled)...
        Processed 93000/101243 frames (3720 sampled)...
        Processed 93500/101243 frames (3740 sampled)...
        Processed 94000/101243 frames (3760 sampled)...
        Processed 94500/101243 frames (3780 sampled)...
        Processed 95000/101243 frames (3800 sampled)...
        Processed 95500/101243 frames (3820 sampled)...
        Processed 96000/101243 frames (3840 sampled)...
        Processed 96500/101243 frames (3860 sampled)...
        Processed 97000/101243 frames (3880 sampled)...
        Processed 97500/101243 frames (3900 sampled)...
        Processed 98000/101243 frames (3920 sampled)...
        Processed 98500/101243 frames (3940 sampled)...
        Processed 99000/101243 frames (3960 sampled)...
        Processed 99500/101243 frames (3980 sampled)...
        Processed 100000/101243 frames (4000 sampled)...
        Processed 100500/101243 frames (4020 sampled)...
        Processed 101000/101243 frames (4040 sampled)...
      Total frames read: 101118
      Total frames sampled: 4045
      Converting frames to tensor and normalizing...
      Frames array shape: (4045, 224, 224, 3)
      Frames dtype: float32
      Extracting features using I3D model...
      Clip length: 16 frames
      Stride: 8 frames (50% overlap)
      Expected number of clips: 506
        Processed 10/506 clips...
        Processed 20/506 clips...
        Processed 30/506 clips...
        Processed 40/506 clips...
        Processed 50/506 clips...
        Processed 60/506 clips...
        Processed 70/506 clips...
        Processed 80/506 clips...
        Processed 90/506 clips...
        Processed 100/506 clips...
        Processed 110/506 clips...
        Processed 120/506 clips...
        Processed 130/506 clips...
        Processed 140/506 clips...
        Processed 150/506 clips...
        Processed 160/506 clips...
        Processed 170/506 clips...
        Processed 180/506 clips...
        Processed 190/506 clips...
        Processed 200/506 clips...
        Processed 210/506 clips...
        Processed 220/506 clips...
Processing videos:  47%|████▋     | 15/32 [06:16<07:11, 25.37s/it]        Processed 230/506 clips...
        Processed 240/506 clips...
        Processed 250/506 clips...
        Processed 260/506 clips...
        Processed 270/506 clips...
        Processed 280/506 clips...
        Processed 290/506 clips...
        Processed 300/506 clips...
        Processed 310/506 clips...
        Processed 320/506 clips...
        Processed 330/506 clips...
        Processed 340/506 clips...
        Processed 350/506 clips...
        Processed 360/506 clips...
        Processed 370/506 clips...
        Processed 380/506 clips...
        Processed 390/506 clips...
        Processed 400/506 clips...
        Processed 410/506 clips...
        Processed 420/506 clips...
        Processed 430/506 clips...
        Processed 440/506 clips...
        Processed 450/506 clips...
        Processed 460/506 clips...
        Processed 470/506 clips...
        Processed 480/506 clips...
        Processed 490/506 clips...
        Processed 500/506 clips...
      Feature extraction complete!
      Final feature shape: (4040, 1024)
      Feature dtype: float32
[ID15]   Features extracted: (4040, 1024)
[ID15]   Feature dimension: 1024
[ID15]   Feature size: 15.78 MB
[ID15]   Saved to: /data-8tb/nvaci/dataset_Stanford/FACT_method/preprocessed_data/features/ID15.npy
[ID15] Step 3/3: Converting labels to frame-level...
[ID15]   Reading CSV: 25-021_ID15.csv
[ID15]   Video duration: 4049.72 seconds
      Reading CSV file: /data-8tb/nvaci/dataset_Stanford/raw/labels/25-021_ID15.csv
      CSV rows: 3840
      CSV columns: ['start_time', 'end_time', 'licking', 'shaking']
      Video duration: 4049.72s
      Target FPS: 1
      Total frames to generate: 4049
      Processing CSV rows...
        Row 14: 0:00:14-0:00:15 -> licking_shaking
        Row 19: 0:00:19-0:00:20 -> licking_shaking
        Row 24: 0:00:24-0:00:25 -> licking_shaking
      CSV processing complete:
        Segments with licking only: 286
        Segments with shaking only: 27
        Segments with licking_shaking: 10
        Segments with background: 3517
[ID15]   Labels created: 4049 frames
[ID15]   Label distribution:
[ID15]     - background: 3817 frames (94.3%)
[ID15]     - licking: 195 frames (4.8%)
[ID15]     - licking_shaking: 10 frames (0.2%)
[ID15]     - shaking: 27 frames (0.7%)
[ID15]   WARNING: Length mismatch!
[ID15]     Features: 4040 frames
[ID15]     Labels: 4049 frames
[ID15]     Trimming both to: 4040 frames
[ID15]     Updated feature file
[ID15]   Saved labels to: /data-8tb/nvaci/dataset_Stanford/FACT_method/preprocessed_data/groundTruth/ID15.txt
[ID15] ✓ SUCCESS - Video processed successfully

================================================================================
Processing video 16/32: ID16
================================================================================
[ID16] Found label file: 25-021_ID16.csv
[ID16] Step 1/3: Reading video file...
[ID16]   Video path: /data-8tb/nvaci/dataset_Stanford/raw/videos_cut/ID16.mp4
[ID16]   Video FPS: 25.00
[ID16]   Total frames: 99265
[ID16]   Duration: 3970.60 seconds
[ID16]   Target FPS: 1
[ID16]   Expected output frames: 3970
[ID16] Step 2/3: Extracting I3D features...
[ID16]   Using model: I3D
[ID16]   Clip length: 16 frames
      Opening video file...
      Original video FPS: 25.00
      Original total frames: 99265
      Sample rate: 1 every 25 frames
      Reading and sampling frames...
        Processed 500/99265 frames (20 sampled)...
        Processed 1000/99265 frames (40 sampled)...
        Processed 1500/99265 frames (60 sampled)...
        Processed 2000/99265 frames (80 sampled)...
        Processed 2500/99265 frames (100 sampled)...
        Processed 3000/99265 frames (120 sampled)...
        Processed 3500/99265 frames (140 sampled)...
        Processed 4000/99265 frames (160 sampled)...
        Processed 4500/99265 frames (180 sampled)...
        Processed 5000/99265 frames (200 sampled)...
        Processed 5500/99265 frames (220 sampled)...
        Processed 6000/99265 frames (240 sampled)...
        Processed 6500/99265 frames (260 sampled)...
        Processed 7000/99265 frames (280 sampled)...
        Processed 7500/99265 frames (300 sampled)...
        Processed 8000/99265 frames (320 sampled)...
        Processed 8500/99265 frames (340 sampled)...
        Processed 9000/99265 frames (360 sampled)...
        Processed 9500/99265 frames (380 sampled)...
        Processed 10000/99265 frames (400 sampled)...
        Processed 10500/99265 frames (420 sampled)...
        Processed 11000/99265 frames (440 sampled)...
        Processed 11500/99265 frames (460 sampled)...
        Processed 12000/99265 frames (480 sampled)...
        Processed 12500/99265 frames (500 sampled)...
        Processed 13000/99265 frames (520 sampled)...
        Processed 13500/99265 frames (540 sampled)...
        Processed 14000/99265 frames (560 sampled)...
        Processed 14500/99265 frames (580 sampled)...
        Processed 15000/99265 frames (600 sampled)...
        Processed 15500/99265 frames (620 sampled)...
        Processed 16000/99265 frames (640 sampled)...
        Processed 16500/99265 frames (660 sampled)...
        Processed 17000/99265 frames (680 sampled)...
        Processed 17500/99265 frames (700 sampled)...
        Processed 18000/99265 frames (720 sampled)...
        Processed 18500/99265 frames (740 sampled)...
        Processed 19000/99265 frames (760 sampled)...
        Processed 19500/99265 frames (780 sampled)...
        Processed 20000/99265 frames (800 sampled)...
        Processed 20500/99265 frames (820 sampled)...
        Processed 21000/99265 frames (840 sampled)...
        Processed 21500/99265 frames (860 sampled)...
        Processed 22000/99265 frames (880 sampled)...
        Processed 22500/99265 frames (900 sampled)...
        Processed 23000/99265 frames (920 sampled)...
        Processed 23500/99265 frames (940 sampled)...
        Processed 24000/99265 frames (960 sampled)...
        Processed 24500/99265 frames (980 sampled)...
        Processed 25000/99265 frames (1000 sampled)...
        Processed 25500/99265 frames (1020 sampled)...
        Processed 26000/99265 frames (1040 sampled)...
        Processed 26500/99265 frames (1060 sampled)...
        Processed 27000/99265 frames (1080 sampled)...
        Processed 27500/99265 frames (1100 sampled)...
        Processed 28000/99265 frames (1120 sampled)...
        Processed 28500/99265 frames (1140 sampled)...
        Processed 29000/99265 frames (1160 sampled)...
        Processed 29500/99265 frames (1180 sampled)...
        Processed 30000/99265 frames (1200 sampled)...
        Processed 30500/99265 frames (1220 sampled)...
        Processed 31000/99265 frames (1240 sampled)...
        Processed 31500/99265 frames (1260 sampled)...
        Processed 32000/99265 frames (1280 sampled)...
        Processed 32500/99265 frames (1300 sampled)...
        Processed 33000/99265 frames (1320 sampled)...
        Processed 33500/99265 frames (1340 sampled)...
        Processed 34000/99265 frames (1360 sampled)...
        Processed 34500/99265 frames (1380 sampled)...
        Processed 35000/99265 frames (1400 sampled)...
        Processed 35500/99265 frames (1420 sampled)...
        Processed 36000/99265 frames (1440 sampled)...
        Processed 36500/99265 frames (1460 sampled)...
        Processed 37000/99265 frames (1480 sampled)...
        Processed 37500/99265 frames (1500 sampled)...
        Processed 38000/99265 frames (1520 sampled)...
        Processed 38500/99265 frames (1540 sampled)...
        Processed 39000/99265 frames (1560 sampled)...
        Processed 39500/99265 frames (1580 sampled)...
        Processed 40000/99265 frames (1600 sampled)...
        Processed 40500/99265 frames (1620 sampled)...
        Processed 41000/99265 frames (1640 sampled)...
        Processed 41500/99265 frames (1660 sampled)...
        Processed 42000/99265 frames (1680 sampled)...
        Processed 42500/99265 frames (1700 sampled)...
        Processed 43000/99265 frames (1720 sampled)...
        Processed 43500/99265 frames (1740 sampled)...
        Processed 44000/99265 frames (1760 sampled)...
        Processed 44500/99265 frames (1780 sampled)...
        Processed 45000/99265 frames (1800 sampled)...
        Processed 45500/99265 frames (1820 sampled)...
        Processed 46000/99265 frames (1840 sampled)...
        Processed 46500/99265 frames (1860 sampled)...
        Processed 47000/99265 frames (1880 sampled)...
        Processed 47500/99265 frames (1900 sampled)...
        Processed 48000/99265 frames (1920 sampled)...
        Processed 48500/99265 frames (1940 sampled)...
        Processed 49000/99265 frames (1960 sampled)...
        Processed 49500/99265 frames (1980 sampled)...
        Processed 50000/99265 frames (2000 sampled)...
        Processed 50500/99265 frames (2020 sampled)...
        Processed 51000/99265 frames (2040 sampled)...
        Processed 51500/99265 frames (2060 sampled)...
        Processed 52000/99265 frames (2080 sampled)...
        Processed 52500/99265 frames (2100 sampled)...
        Processed 53000/99265 frames (2120 sampled)...
        Processed 53500/99265 frames (2140 sampled)...
        Processed 54000/99265 frames (2160 sampled)...
        Processed 54500/99265 frames (2180 sampled)...
        Processed 55000/99265 frames (2200 sampled)...
        Processed 55500/99265 frames (2220 sampled)...
        Processed 56000/99265 frames (2240 sampled)...
        Processed 56500/99265 frames (2260 sampled)...
        Processed 57000/99265 frames (2280 sampled)...
        Processed 57500/99265 frames (2300 sampled)...
        Processed 58000/99265 frames (2320 sampled)...
        Processed 58500/99265 frames (2340 sampled)...
        Processed 59000/99265 frames (2360 sampled)...
        Processed 59500/99265 frames (2380 sampled)...
        Processed 60000/99265 frames (2400 sampled)...
        Processed 60500/99265 frames (2420 sampled)...
        Processed 61000/99265 frames (2440 sampled)...
        Processed 61500/99265 frames (2460 sampled)...
        Processed 62000/99265 frames (2480 sampled)...
        Processed 62500/99265 frames (2500 sampled)...
        Processed 63000/99265 frames (2520 sampled)...
        Processed 63500/99265 frames (2540 sampled)...
        Processed 64000/99265 frames (2560 sampled)...
        Processed 64500/99265 frames (2580 sampled)...
        Processed 65000/99265 frames (2600 sampled)...
        Processed 65500/99265 frames (2620 sampled)...
        Processed 66000/99265 frames (2640 sampled)...
        Processed 66500/99265 frames (2660 sampled)...
        Processed 67000/99265 frames (2680 sampled)...
        Processed 67500/99265 frames (2700 sampled)...
        Processed 68000/99265 frames (2720 sampled)...
        Processed 68500/99265 frames (2740 sampled)...
        Processed 69000/99265 frames (2760 sampled)...
        Processed 69500/99265 frames (2780 sampled)...
        Processed 70000/99265 frames (2800 sampled)...
        Processed 70500/99265 frames (2820 sampled)...
        Processed 71000/99265 frames (2840 sampled)...
        Processed 71500/99265 frames (2860 sampled)...
        Processed 72000/99265 frames (2880 sampled)...
        Processed 72500/99265 frames (2900 sampled)...
        Processed 73000/99265 frames (2920 sampled)...
        Processed 73500/99265 frames (2940 sampled)...
        Processed 74000/99265 frames (2960 sampled)...
        Processed 74500/99265 frames (2980 sampled)...
        Processed 75000/99265 frames (3000 sampled)...
        Processed 75500/99265 frames (3020 sampled)...
        Processed 76000/99265 frames (3040 sampled)...
        Processed 76500/99265 frames (3060 sampled)...
        Processed 77000/99265 frames (3080 sampled)...
        Processed 77500/99265 frames (3100 sampled)...
        Processed 78000/99265 frames (3120 sampled)...
        Processed 78500/99265 frames (3140 sampled)...
        Processed 79000/99265 frames (3160 sampled)...
        Processed 79500/99265 frames (3180 sampled)...
        Processed 80000/99265 frames (3200 sampled)...
        Processed 80500/99265 frames (3220 sampled)...
        Processed 81000/99265 frames (3240 sampled)...
        Processed 81500/99265 frames (3260 sampled)...
        Processed 82000/99265 frames (3280 sampled)...
        Processed 82500/99265 frames (3300 sampled)...
        Processed 83000/99265 frames (3320 sampled)...
        Processed 83500/99265 frames (3340 sampled)...
        Processed 84000/99265 frames (3360 sampled)...
        Processed 84500/99265 frames (3380 sampled)...
        Processed 85000/99265 frames (3400 sampled)...
        Processed 85500/99265 frames (3420 sampled)...
        Processed 86000/99265 frames (3440 sampled)...
        Processed 86500/99265 frames (3460 sampled)...
        Processed 87000/99265 frames (3480 sampled)...
        Processed 87500/99265 frames (3500 sampled)...
        Processed 88000/99265 frames (3520 sampled)...
        Processed 88500/99265 frames (3540 sampled)...
        Processed 89000/99265 frames (3560 sampled)...
        Processed 89500/99265 frames (3580 sampled)...
        Processed 90000/99265 frames (3600 sampled)...
        Processed 90500/99265 frames (3620 sampled)...
        Processed 91000/99265 frames (3640 sampled)...
        Processed 91500/99265 frames (3660 sampled)...
        Processed 92000/99265 frames (3680 sampled)...
        Processed 92500/99265 frames (3700 sampled)...
        Processed 93000/99265 frames (3720 sampled)...
        Processed 93500/99265 frames (3740 sampled)...
        Processed 94000/99265 frames (3760 sampled)...
        Processed 94500/99265 frames (3780 sampled)...
        Processed 95000/99265 frames (3800 sampled)...
        Processed 95500/99265 frames (3820 sampled)...
        Processed 96000/99265 frames (3840 sampled)...
        Processed 96500/99265 frames (3860 sampled)...
        Processed 97000/99265 frames (3880 sampled)...
        Processed 97500/99265 frames (3900 sampled)...
        Processed 98000/99265 frames (3920 sampled)...
        Processed 98500/99265 frames (3940 sampled)...
        Processed 99000/99265 frames (3960 sampled)...
      Total frames read: 99218
      Total frames sampled: 3969
      Converting frames to tensor and normalizing...
      Frames array shape: (3969, 224, 224, 3)
      Frames dtype: float32
      Extracting features using I3D model...
      Clip length: 16 frames
      Stride: 8 frames (50% overlap)
      Expected number of clips: 497
        Processed 10/497 clips...
        Processed 20/497 clips...
        Processed 30/497 clips...
        Processed 40/497 clips...
        Processed 50/497 clips...
        Processed 60/497 clips...
        Processed 70/497 clips...
        Processed 80/497 clips...
        Processed 90/497 clips...
        Processed 100/497 clips...
        Processed 110/497 clips...
        Processed 120/497 clips...
        Processed 130/497 clips...
        Processed 140/497 clips...
        Processed 150/497 clips...
        Processed 160/497 clips...
        Processed 170/497 clips...
        Processed 180/497 clips...
        Processed 190/497 clips...
        Processed 200/497 clips...
        Processed 210/497 clips...
        Processed 220/497 clips...
        Processed 230/497 clips...
        Processed 240/497 clips...
        Processed 250/497 clips...
        Processed 260/497 clips...
        Processed 270/497 clips...
        Processed 280/497 clips...
        Processed 290/497 clips...
        Processed 300/497 clips...
        Processed 310/497 clips...
        Processed 320/497 clips...
        Processed 330/497 clips...
        Processed 340/497 clips...
        Processed 350/497 clips...
        Processed 360/497 clips...
        Processed 370/497 clips...
        Processed 380/497 clips...
        Processed 390/497 clips...
        Processed 400/497 clips...
        Processed 410/497 clips...
        Processed 420/497 clips...
        Processed 430/497 clips...
        Processed 440/497 clips...
        Processed 450/497 clips...
        Processed 460/497 clips...
        Processed 470/497 clips...
        Processed 480/497 clips...
        Processed 490/497 clips...
      Feature extraction complete!
      Final feature shape: (3968, 1024)
Processing videos:  50%|█████     | 16/32 [06:40<06:38, 24.90s/it]      Feature dtype: float32
[ID16]   Features extracted: (3968, 1024)
[ID16]   Feature dimension: 1024
[ID16]   Feature size: 15.50 MB
[ID16]   Saved to: /data-8tb/nvaci/dataset_Stanford/FACT_method/preprocessed_data/features/ID16.npy
[ID16] Step 3/3: Converting labels to frame-level...
[ID16]   Reading CSV: 25-021_ID16.csv
[ID16]   Video duration: 3970.60 seconds
      Reading CSV file: /data-8tb/nvaci/dataset_Stanford/raw/labels/25-021_ID16.csv
      CSV rows: 3840
      CSV columns: ['start_time', 'end_time', 'licking', 'shaking']
      Video duration: 3970.60s
      Target FPS: 1
      Total frames to generate: 3970
      Processing CSV rows...
        Row 95: 0:01:95-0:01:96 -> licking_shaking
        Row 96: 0:01:96-0:01:97 -> licking_shaking
        Row 99: 0:01:99-0:01:100 -> licking_shaking
      CSV processing complete:
        Segments with licking only: 835
        Segments with shaking only: 3
        Segments with licking_shaking: 6
        Segments with background: 2996
[ID16]   Labels created: 3970 frames
[ID16]   Label distribution:
[ID16]     - background: 3684 frames (92.8%)
[ID16]     - licking: 277 frames (7.0%)
[ID16]     - licking_shaking: 6 frames (0.2%)
[ID16]     - shaking: 3 frames (0.1%)
[ID16]   WARNING: Length mismatch!
[ID16]     Features: 3968 frames
[ID16]     Labels: 3970 frames
[ID16]     Trimming both to: 3968 frames
[ID16]     Updated feature file
[ID16]   Saved labels to: /data-8tb/nvaci/dataset_Stanford/FACT_method/preprocessed_data/groundTruth/ID16.txt
[ID16] ✓ SUCCESS - Video processed successfully

================================================================================
Processing video 17/32: ID17
================================================================================
[ID17] Found label file: 25-021_ID17.csv
[ID17] Step 1/3: Reading video file...
[ID17]   Video path: /data-8tb/nvaci/dataset_Stanford/raw/videos_cut/ID17.mp4
[ID17]   Video FPS: 25.00
[ID17]   Total frames: 97768
[ID17]   Duration: 3910.72 seconds
[ID17]   Target FPS: 1
[ID17]   Expected output frames: 3910
[ID17] Step 2/3: Extracting I3D features...
[ID17]   Using model: I3D
[ID17]   Clip length: 16 frames
      Opening video file...
      Original video FPS: 25.00
      Original total frames: 97768
      Sample rate: 1 every 25 frames
      Reading and sampling frames...
        Processed 500/97768 frames (20 sampled)...
        Processed 1000/97768 frames (40 sampled)...
        Processed 1500/97768 frames (60 sampled)...
        Processed 2000/97768 frames (80 sampled)...
        Processed 2500/97768 frames (100 sampled)...
        Processed 3000/97768 frames (120 sampled)...
        Processed 3500/97768 frames (140 sampled)...
        Processed 4000/97768 frames (160 sampled)...
        Processed 4500/97768 frames (180 sampled)...
        Processed 5000/97768 frames (200 sampled)...
        Processed 5500/97768 frames (220 sampled)...
        Processed 6000/97768 frames (240 sampled)...
        Processed 6500/97768 frames (260 sampled)...
        Processed 7000/97768 frames (280 sampled)...
        Processed 7500/97768 frames (300 sampled)...
        Processed 8000/97768 frames (320 sampled)...
        Processed 8500/97768 frames (340 sampled)...
        Processed 9000/97768 frames (360 sampled)...
        Processed 9500/97768 frames (380 sampled)...
        Processed 10000/97768 frames (400 sampled)...
        Processed 10500/97768 frames (420 sampled)...
        Processed 11000/97768 frames (440 sampled)...
        Processed 11500/97768 frames (460 sampled)...
        Processed 12000/97768 frames (480 sampled)...
        Processed 12500/97768 frames (500 sampled)...
        Processed 13000/97768 frames (520 sampled)...
        Processed 13500/97768 frames (540 sampled)...
        Processed 14000/97768 frames (560 sampled)...
        Processed 14500/97768 frames (580 sampled)...
        Processed 15000/97768 frames (600 sampled)...
        Processed 15500/97768 frames (620 sampled)...
        Processed 16000/97768 frames (640 sampled)...
        Processed 16500/97768 frames (660 sampled)...
        Processed 17000/97768 frames (680 sampled)...
        Processed 17500/97768 frames (700 sampled)...
        Processed 18000/97768 frames (720 sampled)...
        Processed 18500/97768 frames (740 sampled)...
        Processed 19000/97768 frames (760 sampled)...
        Processed 19500/97768 frames (780 sampled)...
        Processed 20000/97768 frames (800 sampled)...
        Processed 20500/97768 frames (820 sampled)...
        Processed 21000/97768 frames (840 sampled)...
        Processed 21500/97768 frames (860 sampled)...
        Processed 22000/97768 frames (880 sampled)...
        Processed 22500/97768 frames (900 sampled)...
        Processed 23000/97768 frames (920 sampled)...
        Processed 23500/97768 frames (940 sampled)...
        Processed 24000/97768 frames (960 sampled)...
        Processed 24500/97768 frames (980 sampled)...
        Processed 25000/97768 frames (1000 sampled)...
        Processed 25500/97768 frames (1020 sampled)...
        Processed 26000/97768 frames (1040 sampled)...
        Processed 26500/97768 frames (1060 sampled)...
        Processed 27000/97768 frames (1080 sampled)...
        Processed 27500/97768 frames (1100 sampled)...
        Processed 28000/97768 frames (1120 sampled)...
        Processed 28500/97768 frames (1140 sampled)...
        Processed 29000/97768 frames (1160 sampled)...
        Processed 29500/97768 frames (1180 sampled)...
        Processed 30000/97768 frames (1200 sampled)...
        Processed 30500/97768 frames (1220 sampled)...
        Processed 31000/97768 frames (1240 sampled)...
        Processed 31500/97768 frames (1260 sampled)...
        Processed 32000/97768 frames (1280 sampled)...
        Processed 32500/97768 frames (1300 sampled)...
        Processed 33000/97768 frames (1320 sampled)...
        Processed 33500/97768 frames (1340 sampled)...
        Processed 34000/97768 frames (1360 sampled)...
        Processed 34500/97768 frames (1380 sampled)...
        Processed 35000/97768 frames (1400 sampled)...
        Processed 35500/97768 frames (1420 sampled)...
        Processed 36000/97768 frames (1440 sampled)...
        Processed 36500/97768 frames (1460 sampled)...
        Processed 37000/97768 frames (1480 sampled)...
        Processed 37500/97768 frames (1500 sampled)...
        Processed 38000/97768 frames (1520 sampled)...
        Processed 38500/97768 frames (1540 sampled)...
        Processed 39000/97768 frames (1560 sampled)...
        Processed 39500/97768 frames (1580 sampled)...
        Processed 40000/97768 frames (1600 sampled)...
        Processed 40500/97768 frames (1620 sampled)...
        Processed 41000/97768 frames (1640 sampled)...
        Processed 41500/97768 frames (1660 sampled)...
        Processed 42000/97768 frames (1680 sampled)...
        Processed 42500/97768 frames (1700 sampled)...
        Processed 43000/97768 frames (1720 sampled)...
        Processed 43500/97768 frames (1740 sampled)...
        Processed 44000/97768 frames (1760 sampled)...
        Processed 44500/97768 frames (1780 sampled)...
        Processed 45000/97768 frames (1800 sampled)...
        Processed 45500/97768 frames (1820 sampled)...
        Processed 46000/97768 frames (1840 sampled)...
        Processed 46500/97768 frames (1860 sampled)...
        Processed 47000/97768 frames (1880 sampled)...
        Processed 47500/97768 frames (1900 sampled)...
        Processed 48000/97768 frames (1920 sampled)...
        Processed 48500/97768 frames (1940 sampled)...
        Processed 49000/97768 frames (1960 sampled)...
        Processed 49500/97768 frames (1980 sampled)...
        Processed 50000/97768 frames (2000 sampled)...
        Processed 50500/97768 frames (2020 sampled)...
        Processed 51000/97768 frames (2040 sampled)...
        Processed 51500/97768 frames (2060 sampled)...
        Processed 52000/97768 frames (2080 sampled)...
        Processed 52500/97768 frames (2100 sampled)...
        Processed 53000/97768 frames (2120 sampled)...
        Processed 53500/97768 frames (2140 sampled)...
        Processed 54000/97768 frames (2160 sampled)...
        Processed 54500/97768 frames (2180 sampled)...
        Processed 55000/97768 frames (2200 sampled)...
        Processed 55500/97768 frames (2220 sampled)...
        Processed 56000/97768 frames (2240 sampled)...
        Processed 56500/97768 frames (2260 sampled)...
        Processed 57000/97768 frames (2280 sampled)...
        Processed 57500/97768 frames (2300 sampled)...
        Processed 58000/97768 frames (2320 sampled)...
        Processed 58500/97768 frames (2340 sampled)...
        Processed 59000/97768 frames (2360 sampled)...
        Processed 59500/97768 frames (2380 sampled)...
        Processed 60000/97768 frames (2400 sampled)...
        Processed 60500/97768 frames (2420 sampled)...
        Processed 61000/97768 frames (2440 sampled)...
        Processed 61500/97768 frames (2460 sampled)...
        Processed 62000/97768 frames (2480 sampled)...
        Processed 62500/97768 frames (2500 sampled)...
        Processed 63000/97768 frames (2520 sampled)...
        Processed 63500/97768 frames (2540 sampled)...
        Processed 64000/97768 frames (2560 sampled)...
        Processed 64500/97768 frames (2580 sampled)...
        Processed 65000/97768 frames (2600 sampled)...
        Processed 65500/97768 frames (2620 sampled)...
        Processed 66000/97768 frames (2640 sampled)...
        Processed 66500/97768 frames (2660 sampled)...
        Processed 67000/97768 frames (2680 sampled)...
        Processed 67500/97768 frames (2700 sampled)...
        Processed 68000/97768 frames (2720 sampled)...
        Processed 68500/97768 frames (2740 sampled)...
        Processed 69000/97768 frames (2760 sampled)...
        Processed 69500/97768 frames (2780 sampled)...
        Processed 70000/97768 frames (2800 sampled)...
        Processed 70500/97768 frames (2820 sampled)...
        Processed 71000/97768 frames (2840 sampled)...
        Processed 71500/97768 frames (2860 sampled)...
        Processed 72000/97768 frames (2880 sampled)...
        Processed 72500/97768 frames (2900 sampled)...
        Processed 73000/97768 frames (2920 sampled)...
        Processed 73500/97768 frames (2940 sampled)...
        Processed 74000/97768 frames (2960 sampled)...
        Processed 74500/97768 frames (2980 sampled)...
        Processed 75000/97768 frames (3000 sampled)...
        Processed 75500/97768 frames (3020 sampled)...
        Processed 76000/97768 frames (3040 sampled)...
        Processed 76500/97768 frames (3060 sampled)...
        Processed 77000/97768 frames (3080 sampled)...
        Processed 77500/97768 frames (3100 sampled)...
        Processed 78000/97768 frames (3120 sampled)...
        Processed 78500/97768 frames (3140 sampled)...
        Processed 79000/97768 frames (3160 sampled)...
        Processed 79500/97768 frames (3180 sampled)...
        Processed 80000/97768 frames (3200 sampled)...
        Processed 80500/97768 frames (3220 sampled)...
        Processed 81000/97768 frames (3240 sampled)...
        Processed 81500/97768 frames (3260 sampled)...
        Processed 82000/97768 frames (3280 sampled)...
        Processed 82500/97768 frames (3300 sampled)...
        Processed 83000/97768 frames (3320 sampled)...
        Processed 83500/97768 frames (3340 sampled)...
        Processed 84000/97768 frames (3360 sampled)...
        Processed 84500/97768 frames (3380 sampled)...
        Processed 85000/97768 frames (3400 sampled)...
        Processed 85500/97768 frames (3420 sampled)...
        Processed 86000/97768 frames (3440 sampled)...
        Processed 86500/97768 frames (3460 sampled)...
        Processed 87000/97768 frames (3480 sampled)...
        Processed 87500/97768 frames (3500 sampled)...
        Processed 88000/97768 frames (3520 sampled)...
        Processed 88500/97768 frames (3540 sampled)...
        Processed 89000/97768 frames (3560 sampled)...
        Processed 89500/97768 frames (3580 sampled)...
        Processed 90000/97768 frames (3600 sampled)...
        Processed 90500/97768 frames (3620 sampled)...
        Processed 91000/97768 frames (3640 sampled)...
        Processed 91500/97768 frames (3660 sampled)...
        Processed 92000/97768 frames (3680 sampled)...
        Processed 92500/97768 frames (3700 sampled)...
        Processed 93000/97768 frames (3720 sampled)...
        Processed 93500/97768 frames (3740 sampled)...
        Processed 94000/97768 frames (3760 sampled)...
        Processed 94500/97768 frames (3780 sampled)...
        Processed 95000/97768 frames (3800 sampled)...
        Processed 95500/97768 frames (3820 sampled)...
        Processed 96000/97768 frames (3840 sampled)...
        Processed 96500/97768 frames (3860 sampled)...
        Processed 97000/97768 frames (3880 sampled)...
        Processed 97500/97768 frames (3900 sampled)...
      Total frames read: 97743
      Total frames sampled: 3910
      Converting frames to tensor and normalizing...
      Frames array shape: (3910, 224, 224, 3)
      Frames dtype: float32
      Extracting features using I3D model...
      Clip length: 16 frames
      Stride: 8 frames (50% overlap)
      Expected number of clips: 489
        Processed 10/489 clips...
        Processed 20/489 clips...
        Processed 30/489 clips...
        Processed 40/489 clips...
        Processed 50/489 clips...
        Processed 60/489 clips...
        Processed 70/489 clips...
        Processed 80/489 clips...
        Processed 90/489 clips...
        Processed 100/489 clips...
        Processed 110/489 clips...
        Processed 120/489 clips...
        Processed 130/489 clips...
        Processed 140/489 clips...
        Processed 150/489 clips...
        Processed 160/489 clips...
        Processed 170/489 clips...
        Processed 180/489 clips...
        Processed 190/489 clips...
        Processed 200/489 clips...
        Processed 210/489 clips...
        Processed 220/489 clips...
        Processed 230/489 clips...
        Processed 240/489 clips...
        Processed 250/489 clips...
        Processed 260/489 clips...
        Processed 270/489 clips...
        Processed 280/489 clips...
        Processed 290/489 clips...
        Processed 300/489 clips...
        Processed 310/489 clips...
        Processed 320/489 clips...
        Processed 330/489 clips...
        Processed 340/489 clips...
        Processed 350/489 clips...
        Processed 360/489 clips...
        Processed 370/489 clips...
        Processed 380/489 clips...
        Processed 390/489 clips...
        Processed 400/489 clips...
        Processed 410/489 clips...
        Processed 420/489 clips...
        Processed 430/489 clips...
        Processed 440/489 clips...
        Processed 450/489 clips...
        Processed 460/489 clips...
        Processed 470/489 clips...
        Processed 480/489 clips...
      Feature extraction complete!
      Final feature shape: (3904, 1024)
      Feature dtype: float32
[ID17]   Features extracted: (3904, 1024)
[ID17]   Feature dimension: 1024
[ID17]   Feature size: 15.25 MB
[ID17]   Saved to: /data-8tb/nvaci/dataset_Stanford/FACT_method/preprocessed_data/features/ID17.npy
[ID17] Step 3/3: Converting labels to frame-level...
[ID17]   Reading CSV: 25-021_ID17.csv
[ID17]   Video duration: 3910.72 seconds
      Reading CSV file: /data-8tb/nvaci/dataset_Stanford/raw/labels/25-021_ID17.csv
      CSV rows: 3840
      CSV columns: ['start_time', 'end_time', 'licking', 'shaking']
      Video duration: 3910.72s
      Target FPS: 1
      Total frames to generate: 3910
      Processing CSV rows...
        Row 134: 0:02:134-0:02:135 -> licking_shaking
        Row 137: 0:02:137-0:02:138 -> licking_shaking
        Row 151: 0:02:151-0:02:152 -> licking_shaking
      CSV processing complete:
        Segments with licking only: 672
        Segments with shaking only: 10
        Segments with licking_shaking: 8
        Segments with background: 3150
[ID17]   Labels created: 3910 frames
[ID17]   Label distribution:
[ID17]     - background: 3683 frames (94.2%)
[ID17]     - licking: 209 frames (5.3%)
[ID17]     - licking_shaking: 8 frames (0.2%)
[ID17]     - shaking: 10 frames (0.3%)
Processing videos:  53%|█████▎    | 17/32 [07:05<06:17, 25.14s/it][ID17]   WARNING: Length mismatch!
[ID17]     Features: 3904 frames
[ID17]     Labels: 3910 frames
[ID17]     Trimming both to: 3904 frames
[ID17]     Updated feature file
[ID17]   Saved labels to: /data-8tb/nvaci/dataset_Stanford/FACT_method/preprocessed_data/groundTruth/ID17.txt
[ID17] ✓ SUCCESS - Video processed successfully

================================================================================
Processing video 18/32: ID18
================================================================================
[ID18] Found label file: 25-021_ID18.csv
[ID18] Step 1/3: Reading video file...
[ID18]   Video path: /data-8tb/nvaci/dataset_Stanford/raw/videos_cut/ID18.mp4
[ID18]   Video FPS: 25.00
[ID18]   Total frames: 97017
[ID18]   Duration: 3880.68 seconds
[ID18]   Target FPS: 1
[ID18]   Expected output frames: 3880
[ID18] Step 2/3: Extracting I3D features...
[ID18]   Using model: I3D
[ID18]   Clip length: 16 frames
      Opening video file...
      Original video FPS: 25.00
      Original total frames: 97017
      Sample rate: 1 every 25 frames
      Reading and sampling frames...
        Processed 500/97017 frames (20 sampled)...
        Processed 1000/97017 frames (40 sampled)...
        Processed 1500/97017 frames (60 sampled)...
        Processed 2000/97017 frames (80 sampled)...
        Processed 2500/97017 frames (100 sampled)...
        Processed 3000/97017 frames (120 sampled)...
        Processed 3500/97017 frames (140 sampled)...
        Processed 4000/97017 frames (160 sampled)...
        Processed 4500/97017 frames (180 sampled)...
        Processed 5000/97017 frames (200 sampled)...
        Processed 5500/97017 frames (220 sampled)...
        Processed 6000/97017 frames (240 sampled)...
        Processed 6500/97017 frames (260 sampled)...
        Processed 7000/97017 frames (280 sampled)...
        Processed 7500/97017 frames (300 sampled)...
        Processed 8000/97017 frames (320 sampled)...
        Processed 8500/97017 frames (340 sampled)...
        Processed 9000/97017 frames (360 sampled)...
        Processed 9500/97017 frames (380 sampled)...
        Processed 10000/97017 frames (400 sampled)...
        Processed 10500/97017 frames (420 sampled)...
        Processed 11000/97017 frames (440 sampled)...
        Processed 11500/97017 frames (460 sampled)...
        Processed 12000/97017 frames (480 sampled)...
        Processed 12500/97017 frames (500 sampled)...
        Processed 13000/97017 frames (520 sampled)...
        Processed 13500/97017 frames (540 sampled)...
        Processed 14000/97017 frames (560 sampled)...
        Processed 14500/97017 frames (580 sampled)...
        Processed 15000/97017 frames (600 sampled)...
        Processed 15500/97017 frames (620 sampled)...
        Processed 16000/97017 frames (640 sampled)...
        Processed 16500/97017 frames (660 sampled)...
        Processed 17000/97017 frames (680 sampled)...
        Processed 17500/97017 frames (700 sampled)...
        Processed 18000/97017 frames (720 sampled)...
        Processed 18500/97017 frames (740 sampled)...
        Processed 19000/97017 frames (760 sampled)...
        Processed 19500/97017 frames (780 sampled)...
        Processed 20000/97017 frames (800 sampled)...
        Processed 20500/97017 frames (820 sampled)...
        Processed 21000/97017 frames (840 sampled)...
        Processed 21500/97017 frames (860 sampled)...
        Processed 22000/97017 frames (880 sampled)...
        Processed 22500/97017 frames (900 sampled)...
        Processed 23000/97017 frames (920 sampled)...
        Processed 23500/97017 frames (940 sampled)...
        Processed 24000/97017 frames (960 sampled)...
        Processed 24500/97017 frames (980 sampled)...
        Processed 25000/97017 frames (1000 sampled)...
        Processed 25500/97017 frames (1020 sampled)...
        Processed 26000/97017 frames (1040 sampled)...
        Processed 26500/97017 frames (1060 sampled)...
        Processed 27000/97017 frames (1080 sampled)...
        Processed 27500/97017 frames (1100 sampled)...
        Processed 28000/97017 frames (1120 sampled)...
        Processed 28500/97017 frames (1140 sampled)...
        Processed 29000/97017 frames (1160 sampled)...
        Processed 29500/97017 frames (1180 sampled)...
        Processed 30000/97017 frames (1200 sampled)...
        Processed 30500/97017 frames (1220 sampled)...
        Processed 31000/97017 frames (1240 sampled)...
        Processed 31500/97017 frames (1260 sampled)...
        Processed 32000/97017 frames (1280 sampled)...
        Processed 32500/97017 frames (1300 sampled)...
        Processed 33000/97017 frames (1320 sampled)...
        Processed 33500/97017 frames (1340 sampled)...
        Processed 34000/97017 frames (1360 sampled)...
        Processed 34500/97017 frames (1380 sampled)...
        Processed 35000/97017 frames (1400 sampled)...
        Processed 35500/97017 frames (1420 sampled)...
        Processed 36000/97017 frames (1440 sampled)...
        Processed 36500/97017 frames (1460 sampled)...
        Processed 37000/97017 frames (1480 sampled)...
        Processed 37500/97017 frames (1500 sampled)...
        Processed 38000/97017 frames (1520 sampled)...
        Processed 38500/97017 frames (1540 sampled)...
        Processed 39000/97017 frames (1560 sampled)...
        Processed 39500/97017 frames (1580 sampled)...
        Processed 40000/97017 frames (1600 sampled)...
        Processed 40500/97017 frames (1620 sampled)...
        Processed 41000/97017 frames (1640 sampled)...
        Processed 41500/97017 frames (1660 sampled)...
        Processed 42000/97017 frames (1680 sampled)...
        Processed 42500/97017 frames (1700 sampled)...
        Processed 43000/97017 frames (1720 sampled)...
        Processed 43500/97017 frames (1740 sampled)...
        Processed 44000/97017 frames (1760 sampled)...
        Processed 44500/97017 frames (1780 sampled)...
        Processed 45000/97017 frames (1800 sampled)...
        Processed 45500/97017 frames (1820 sampled)...
        Processed 46000/97017 frames (1840 sampled)...
        Processed 46500/97017 frames (1860 sampled)...
        Processed 47000/97017 frames (1880 sampled)...
        Processed 47500/97017 frames (1900 sampled)...
        Processed 48000/97017 frames (1920 sampled)...
        Processed 48500/97017 frames (1940 sampled)...
        Processed 49000/97017 frames (1960 sampled)...
        Processed 49500/97017 frames (1980 sampled)...
        Processed 50000/97017 frames (2000 sampled)...
        Processed 50500/97017 frames (2020 sampled)...
        Processed 51000/97017 frames (2040 sampled)...
        Processed 51500/97017 frames (2060 sampled)...
        Processed 52000/97017 frames (2080 sampled)...
        Processed 52500/97017 frames (2100 sampled)...
        Processed 53000/97017 frames (2120 sampled)...
        Processed 53500/97017 frames (2140 sampled)...
        Processed 54000/97017 frames (2160 sampled)...
        Processed 54500/97017 frames (2180 sampled)...
        Processed 55000/97017 frames (2200 sampled)...
        Processed 55500/97017 frames (2220 sampled)...
        Processed 56000/97017 frames (2240 sampled)...
        Processed 56500/97017 frames (2260 sampled)...
        Processed 57000/97017 frames (2280 sampled)...
        Processed 57500/97017 frames (2300 sampled)...
        Processed 58000/97017 frames (2320 sampled)...
        Processed 58500/97017 frames (2340 sampled)...
        Processed 59000/97017 frames (2360 sampled)...
        Processed 59500/97017 frames (2380 sampled)...
        Processed 60000/97017 frames (2400 sampled)...
        Processed 60500/97017 frames (2420 sampled)...
        Processed 61000/97017 frames (2440 sampled)...
        Processed 61500/97017 frames (2460 sampled)...
        Processed 62000/97017 frames (2480 sampled)...
        Processed 62500/97017 frames (2500 sampled)...
        Processed 63000/97017 frames (2520 sampled)...
        Processed 63500/97017 frames (2540 sampled)...
        Processed 64000/97017 frames (2560 sampled)...
        Processed 64500/97017 frames (2580 sampled)...
        Processed 65000/97017 frames (2600 sampled)...
Processing videos:  56%|█████▋    | 18/32 [07:35<06:10, 26.49s/it]        Processed 65500/97017 frames (2620 sampled)...
        Processed 66000/97017 frames (2640 sampled)...
        Processed 66500/97017 frames (2660 sampled)...
        Processed 67000/97017 frames (2680 sampled)...
        Processed 67500/97017 frames (2700 sampled)...
        Processed 68000/97017 frames (2720 sampled)...
        Processed 68500/97017 frames (2740 sampled)...
        Processed 69000/97017 frames (2760 sampled)...
        Processed 69500/97017 frames (2780 sampled)...
        Processed 70000/97017 frames (2800 sampled)...
        Processed 70500/97017 frames (2820 sampled)...
        Processed 71000/97017 frames (2840 sampled)...
        Processed 71500/97017 frames (2860 sampled)...
        Processed 72000/97017 frames (2880 sampled)...
        Processed 72500/97017 frames (2900 sampled)...
        Processed 73000/97017 frames (2920 sampled)...
        Processed 73500/97017 frames (2940 sampled)...
        Processed 74000/97017 frames (2960 sampled)...
        Processed 74500/97017 frames (2980 sampled)...
        Processed 75000/97017 frames (3000 sampled)...
        Processed 75500/97017 frames (3020 sampled)...
        Processed 76000/97017 frames (3040 sampled)...
        Processed 76500/97017 frames (3060 sampled)...
        Processed 77000/97017 frames (3080 sampled)...
        Processed 77500/97017 frames (3100 sampled)...
        Processed 78000/97017 frames (3120 sampled)...
        Processed 78500/97017 frames (3140 sampled)...
        Processed 79000/97017 frames (3160 sampled)...
        Processed 79500/97017 frames (3180 sampled)...
        Processed 80000/97017 frames (3200 sampled)...
        Processed 80500/97017 frames (3220 sampled)...
        Processed 81000/97017 frames (3240 sampled)...
        Processed 81500/97017 frames (3260 sampled)...
        Processed 82000/97017 frames (3280 sampled)...
        Processed 82500/97017 frames (3300 sampled)...
        Processed 83000/97017 frames (3320 sampled)...
        Processed 83500/97017 frames (3340 sampled)...
        Processed 84000/97017 frames (3360 sampled)...
        Processed 84500/97017 frames (3380 sampled)...
        Processed 85000/97017 frames (3400 sampled)...
        Processed 85500/97017 frames (3420 sampled)...
        Processed 86000/97017 frames (3440 sampled)...
        Processed 86500/97017 frames (3460 sampled)...
        Processed 87000/97017 frames (3480 sampled)...
        Processed 87500/97017 frames (3500 sampled)...
        Processed 88000/97017 frames (3520 sampled)...
        Processed 88500/97017 frames (3540 sampled)...
        Processed 89000/97017 frames (3560 sampled)...
        Processed 89500/97017 frames (3580 sampled)...
        Processed 90000/97017 frames (3600 sampled)...
        Processed 90500/97017 frames (3620 sampled)...
        Processed 91000/97017 frames (3640 sampled)...
        Processed 91500/97017 frames (3660 sampled)...
        Processed 92000/97017 frames (3680 sampled)...
        Processed 92500/97017 frames (3700 sampled)...
        Processed 93000/97017 frames (3720 sampled)...
        Processed 93500/97017 frames (3740 sampled)...
        Processed 94000/97017 frames (3760 sampled)...
        Processed 94500/97017 frames (3780 sampled)...
        Processed 95000/97017 frames (3800 sampled)...
        Processed 95500/97017 frames (3820 sampled)...
        Processed 96000/97017 frames (3840 sampled)...
        Processed 96500/97017 frames (3860 sampled)...
      Total frames read: 96793
      Total frames sampled: 3872
      Converting frames to tensor and normalizing...
      Frames array shape: (3872, 224, 224, 3)
      Frames dtype: float32
      Extracting features using I3D model...
      Clip length: 16 frames
      Stride: 8 frames (50% overlap)
      Expected number of clips: 484
        Processed 10/484 clips...
        Processed 20/484 clips...
        Processed 30/484 clips...
        Processed 40/484 clips...
        Processed 50/484 clips...
        Processed 60/484 clips...
        Processed 70/484 clips...
        Processed 80/484 clips...
        Processed 90/484 clips...
        Processed 100/484 clips...
        Processed 110/484 clips...
        Processed 120/484 clips...
        Processed 130/484 clips...
        Processed 140/484 clips...
        Processed 150/484 clips...
        Processed 160/484 clips...
        Processed 170/484 clips...
        Processed 180/484 clips...
        Processed 190/484 clips...
        Processed 200/484 clips...
        Processed 210/484 clips...
        Processed 220/484 clips...
        Processed 230/484 clips...
        Processed 240/484 clips...
        Processed 250/484 clips...
        Processed 260/484 clips...
        Processed 270/484 clips...
        Processed 280/484 clips...
        Processed 290/484 clips...
        Processed 300/484 clips...
        Processed 310/484 clips...
        Processed 320/484 clips...
        Processed 330/484 clips...
        Processed 340/484 clips...
        Processed 350/484 clips...
        Processed 360/484 clips...
        Processed 370/484 clips...
        Processed 380/484 clips...
        Processed 390/484 clips...
        Processed 400/484 clips...
        Processed 410/484 clips...
        Processed 420/484 clips...
        Processed 430/484 clips...
        Processed 440/484 clips...
        Processed 450/484 clips...
        Processed 460/484 clips...
        Processed 470/484 clips...
        Processed 480/484 clips...
      Feature extraction complete!
      Final feature shape: (3864, 1024)
      Feature dtype: float32
[ID18]   Features extracted: (3864, 1024)
[ID18]   Feature dimension: 1024
[ID18]   Feature size: 15.09 MB
[ID18]   Saved to: /data-8tb/nvaci/dataset_Stanford/FACT_method/preprocessed_data/features/ID18.npy
[ID18] Step 3/3: Converting labels to frame-level...
[ID18]   Reading CSV: 25-021_ID18.csv
[ID18]   Video duration: 3880.68 seconds
      Reading CSV file: /data-8tb/nvaci/dataset_Stanford/raw/labels/25-021_ID18.csv
      CSV rows: 3840
      CSV columns: ['start_time', 'end_time', 'licking', 'shaking']
      Video duration: 3880.68s
      Target FPS: 1
      Total frames to generate: 3880
      Processing CSV rows...
        Row 190: 0:03:190-0:03:191 -> licking_shaking
        Row 191: 0:03:191-0:03:192 -> licking_shaking
        Row 195: 0:03:195-0:03:196 -> licking_shaking
      CSV processing complete:
        Segments with licking only: 392
        Segments with shaking only: 9
        Segments with licking_shaking: 5
        Segments with background: 3434
[ID18]   Labels created: 3880 frames
[ID18]   Label distribution:
[ID18]     - background: 3749 frames (96.6%)
[ID18]     - licking: 117 frames (3.0%)
[ID18]     - licking_shaking: 5 frames (0.1%)
[ID18]     - shaking: 9 frames (0.2%)
[ID18]   WARNING: Length mismatch!
[ID18]     Features: 3864 frames
[ID18]     Labels: 3880 frames
[ID18]     Trimming both to: 3864 frames
[ID18]     Updated feature file
[ID18]   Saved labels to: /data-8tb/nvaci/dataset_Stanford/FACT_method/preprocessed_data/groundTruth/ID18.txt
[ID18] ✓ SUCCESS - Video processed successfully

================================================================================
Processing video 19/32: ID19
================================================================================
[ID19] Found label file: 25-021_ID19.csv
[ID19] Step 1/3: Reading video file...
[ID19]   Video path: /data-8tb/nvaci/dataset_Stanford/raw/videos_cut/ID19.mp4
[ID19]   Video FPS: 25.00
[ID19]   Total frames: 95767
[ID19]   Duration: 3830.68 seconds
[ID19]   Target FPS: 1
[ID19]   Expected output frames: 3830
[ID19] Step 2/3: Extracting I3D features...
[ID19]   Using model: I3D
[ID19]   Clip length: 16 frames
      Opening video file...
      Original video FPS: 25.00
      Original total frames: 95767
      Sample rate: 1 every 25 frames
      Reading and sampling frames...
        Processed 500/95767 frames (20 sampled)...
        Processed 1000/95767 frames (40 sampled)...
        Processed 1500/95767 frames (60 sampled)...
        Processed 2000/95767 frames (80 sampled)...
        Processed 2500/95767 frames (100 sampled)...
        Processed 3000/95767 frames (120 sampled)...
        Processed 3500/95767 frames (140 sampled)...
        Processed 4000/95767 frames (160 sampled)...
        Processed 4500/95767 frames (180 sampled)...
        Processed 5000/95767 frames (200 sampled)...
        Processed 5500/95767 frames (220 sampled)...
        Processed 6000/95767 frames (240 sampled)...
        Processed 6500/95767 frames (260 sampled)...
        Processed 7000/95767 frames (280 sampled)...
        Processed 7500/95767 frames (300 sampled)...
        Processed 8000/95767 frames (320 sampled)...
        Processed 8500/95767 frames (340 sampled)...
        Processed 9000/95767 frames (360 sampled)...
        Processed 9500/95767 frames (380 sampled)...
        Processed 10000/95767 frames (400 sampled)...
        Processed 10500/95767 frames (420 sampled)...
        Processed 11000/95767 frames (440 sampled)...
        Processed 11500/95767 frames (460 sampled)...
        Processed 12000/95767 frames (480 sampled)...
        Processed 12500/95767 frames (500 sampled)...
        Processed 13000/95767 frames (520 sampled)...
        Processed 13500/95767 frames (540 sampled)...
        Processed 14000/95767 frames (560 sampled)...
        Processed 14500/95767 frames (580 sampled)...
        Processed 15000/95767 frames (600 sampled)...
        Processed 15500/95767 frames (620 sampled)...
        Processed 16000/95767 frames (640 sampled)...
        Processed 16500/95767 frames (660 sampled)...
        Processed 17000/95767 frames (680 sampled)...
        Processed 17500/95767 frames (700 sampled)...
        Processed 18000/95767 frames (720 sampled)...
        Processed 18500/95767 frames (740 sampled)...
        Processed 19000/95767 frames (760 sampled)...
        Processed 19500/95767 frames (780 sampled)...
        Processed 20000/95767 frames (800 sampled)...
        Processed 20500/95767 frames (820 sampled)...
        Processed 21000/95767 frames (840 sampled)...
        Processed 21500/95767 frames (860 sampled)...
        Processed 22000/95767 frames (880 sampled)...
        Processed 22500/95767 frames (900 sampled)...
        Processed 23000/95767 frames (920 sampled)...
        Processed 23500/95767 frames (940 sampled)...
        Processed 24000/95767 frames (960 sampled)...
        Processed 24500/95767 frames (980 sampled)...
        Processed 25000/95767 frames (1000 sampled)...
        Processed 25500/95767 frames (1020 sampled)...
        Processed 26000/95767 frames (1040 sampled)...
        Processed 26500/95767 frames (1060 sampled)...
        Processed 27000/95767 frames (1080 sampled)...
        Processed 27500/95767 frames (1100 sampled)...
        Processed 28000/95767 frames (1120 sampled)...
        Processed 28500/95767 frames (1140 sampled)...
        Processed 29000/95767 frames (1160 sampled)...
        Processed 29500/95767 frames (1180 sampled)...
        Processed 30000/95767 frames (1200 sampled)...
        Processed 30500/95767 frames (1220 sampled)...
        Processed 31000/95767 frames (1240 sampled)...
        Processed 31500/95767 frames (1260 sampled)...
        Processed 32000/95767 frames (1280 sampled)...
        Processed 32500/95767 frames (1300 sampled)...
        Processed 33000/95767 frames (1320 sampled)...
        Processed 33500/95767 frames (1340 sampled)...
        Processed 34000/95767 frames (1360 sampled)...
        Processed 34500/95767 frames (1380 sampled)...
        Processed 35000/95767 frames (1400 sampled)...
        Processed 35500/95767 frames (1420 sampled)...
        Processed 36000/95767 frames (1440 sampled)...
        Processed 36500/95767 frames (1460 sampled)...
        Processed 37000/95767 frames (1480 sampled)...
        Processed 37500/95767 frames (1500 sampled)...
        Processed 38000/95767 frames (1520 sampled)...
        Processed 38500/95767 frames (1540 sampled)...
        Processed 39000/95767 frames (1560 sampled)...
        Processed 39500/95767 frames (1580 sampled)...
        Processed 40000/95767 frames (1600 sampled)...
        Processed 40500/95767 frames (1620 sampled)...
        Processed 41000/95767 frames (1640 sampled)...
        Processed 41500/95767 frames (1660 sampled)...
        Processed 42000/95767 frames (1680 sampled)...
        Processed 42500/95767 frames (1700 sampled)...
        Processed 43000/95767 frames (1720 sampled)...
        Processed 43500/95767 frames (1740 sampled)...
        Processed 44000/95767 frames (1760 sampled)...
        Processed 44500/95767 frames (1780 sampled)...
        Processed 45000/95767 frames (1800 sampled)...
        Processed 45500/95767 frames (1820 sampled)...
        Processed 46000/95767 frames (1840 sampled)...
        Processed 46500/95767 frames (1860 sampled)...
        Processed 47000/95767 frames (1880 sampled)...
        Processed 47500/95767 frames (1900 sampled)...
        Processed 48000/95767 frames (1920 sampled)...
        Processed 48500/95767 frames (1940 sampled)...
        Processed 49000/95767 frames (1960 sampled)...
        Processed 49500/95767 frames (1980 sampled)...
        Processed 50000/95767 frames (2000 sampled)...
        Processed 50500/95767 frames (2020 sampled)...
        Processed 51000/95767 frames (2040 sampled)...
        Processed 51500/95767 frames (2060 sampled)...
        Processed 52000/95767 frames (2080 sampled)...
        Processed 52500/95767 frames (2100 sampled)...
        Processed 53000/95767 frames (2120 sampled)...
        Processed 53500/95767 frames (2140 sampled)...
        Processed 54000/95767 frames (2160 sampled)...
        Processed 54500/95767 frames (2180 sampled)...
        Processed 55000/95767 frames (2200 sampled)...
        Processed 55500/95767 frames (2220 sampled)...
        Processed 56000/95767 frames (2240 sampled)...
        Processed 56500/95767 frames (2260 sampled)...
        Processed 57000/95767 frames (2280 sampled)...
        Processed 57500/95767 frames (2300 sampled)...
        Processed 58000/95767 frames (2320 sampled)...
        Processed 58500/95767 frames (2340 sampled)...
        Processed 59000/95767 frames (2360 sampled)...
        Processed 59500/95767 frames (2380 sampled)...
        Processed 60000/95767 frames (2400 sampled)...
        Processed 60500/95767 frames (2420 sampled)...
        Processed 61000/95767 frames (2440 sampled)...
        Processed 61500/95767 frames (2460 sampled)...
        Processed 62000/95767 frames (2480 sampled)...
        Processed 62500/95767 frames (2500 sampled)...
        Processed 63000/95767 frames (2520 sampled)...
        Processed 63500/95767 frames (2540 sampled)...
        Processed 64000/95767 frames (2560 sampled)...
        Processed 64500/95767 frames (2580 sampled)...
        Processed 65000/95767 frames (2600 sampled)...
        Processed 65500/95767 frames (2620 sampled)...
        Processed 66000/95767 frames (2640 sampled)...
        Processed 66500/95767 frames (2660 sampled)...
        Processed 67000/95767 frames (2680 sampled)...
        Processed 67500/95767 frames (2700 sampled)...
        Processed 68000/95767 frames (2720 sampled)...
        Processed 68500/95767 frames (2740 sampled)...
        Processed 69000/95767 frames (2760 sampled)...
        Processed 69500/95767 frames (2780 sampled)...
        Processed 70000/95767 frames (2800 sampled)...
        Processed 70500/95767 frames (2820 sampled)...
        Processed 71000/95767 frames (2840 sampled)...
        Processed 71500/95767 frames (2860 sampled)...
        Processed 72000/95767 frames (2880 sampled)...
        Processed 72500/95767 frames (2900 sampled)...
        Processed 73000/95767 frames (2920 sampled)...
        Processed 73500/95767 frames (2940 sampled)...
        Processed 74000/95767 frames (2960 sampled)...
        Processed 74500/95767 frames (2980 sampled)...
        Processed 75000/95767 frames (3000 sampled)...
        Processed 75500/95767 frames (3020 sampled)...
        Processed 76000/95767 frames (3040 sampled)...
        Processed 76500/95767 frames (3060 sampled)...
        Processed 77000/95767 frames (3080 sampled)...
        Processed 77500/95767 frames (3100 sampled)...
Processing videos:  59%|█████▉    | 19/32 [08:02<05:44, 26.53s/it]        Processed 78000/95767 frames (3120 sampled)...
        Processed 78500/95767 frames (3140 sampled)...
        Processed 79000/95767 frames (3160 sampled)...
        Processed 79500/95767 frames (3180 sampled)...
        Processed 80000/95767 frames (3200 sampled)...
        Processed 80500/95767 frames (3220 sampled)...
        Processed 81000/95767 frames (3240 sampled)...
        Processed 81500/95767 frames (3260 sampled)...
        Processed 82000/95767 frames (3280 sampled)...
        Processed 82500/95767 frames (3300 sampled)...
        Processed 83000/95767 frames (3320 sampled)...
        Processed 83500/95767 frames (3340 sampled)...
        Processed 84000/95767 frames (3360 sampled)...
        Processed 84500/95767 frames (3380 sampled)...
        Processed 85000/95767 frames (3400 sampled)...
        Processed 85500/95767 frames (3420 sampled)...
        Processed 86000/95767 frames (3440 sampled)...
        Processed 86500/95767 frames (3460 sampled)...
        Processed 87000/95767 frames (3480 sampled)...
        Processed 87500/95767 frames (3500 sampled)...
        Processed 88000/95767 frames (3520 sampled)...
        Processed 88500/95767 frames (3540 sampled)...
        Processed 89000/95767 frames (3560 sampled)...
        Processed 89500/95767 frames (3580 sampled)...
        Processed 90000/95767 frames (3600 sampled)...
        Processed 90500/95767 frames (3620 sampled)...
        Processed 91000/95767 frames (3640 sampled)...
        Processed 91500/95767 frames (3660 sampled)...
        Processed 92000/95767 frames (3680 sampled)...
        Processed 92500/95767 frames (3700 sampled)...
        Processed 93000/95767 frames (3720 sampled)...
        Processed 93500/95767 frames (3740 sampled)...
        Processed 94000/95767 frames (3760 sampled)...
        Processed 94500/95767 frames (3780 sampled)...
        Processed 95000/95767 frames (3800 sampled)...
        Processed 95500/95767 frames (3820 sampled)...
      Total frames read: 95618
      Total frames sampled: 3825
      Converting frames to tensor and normalizing...
      Frames array shape: (3825, 224, 224, 3)
      Frames dtype: float32
      Extracting features using I3D model...
      Clip length: 16 frames
      Stride: 8 frames (50% overlap)
      Expected number of clips: 479
        Processed 10/479 clips...
        Processed 20/479 clips...
        Processed 30/479 clips...
        Processed 40/479 clips...
        Processed 50/479 clips...
        Processed 60/479 clips...
        Processed 70/479 clips...
        Processed 80/479 clips...
        Processed 90/479 clips...
        Processed 100/479 clips...
        Processed 110/479 clips...
        Processed 120/479 clips...
        Processed 130/479 clips...
        Processed 140/479 clips...
        Processed 150/479 clips...
        Processed 160/479 clips...
        Processed 170/479 clips...
        Processed 180/479 clips...
        Processed 190/479 clips...
        Processed 200/479 clips...
        Processed 210/479 clips...
        Processed 220/479 clips...
        Processed 230/479 clips...
        Processed 240/479 clips...
        Processed 250/479 clips...
        Processed 260/479 clips...
        Processed 270/479 clips...
        Processed 280/479 clips...
        Processed 290/479 clips...
        Processed 300/479 clips...
        Processed 310/479 clips...
        Processed 320/479 clips...
        Processed 330/479 clips...
        Processed 340/479 clips...
        Processed 350/479 clips...
        Processed 360/479 clips...
        Processed 370/479 clips...
        Processed 380/479 clips...
        Processed 390/479 clips...
        Processed 400/479 clips...
        Processed 410/479 clips...
        Processed 420/479 clips...
        Processed 430/479 clips...
        Processed 440/479 clips...
        Processed 450/479 clips...
        Processed 460/479 clips...
        Processed 470/479 clips...
      Feature extraction complete!
      Final feature shape: (3824, 1024)
      Feature dtype: float32
[ID19]   Features extracted: (3824, 1024)
[ID19]   Feature dimension: 1024
[ID19]   Feature size: 14.94 MB
[ID19]   Saved to: /data-8tb/nvaci/dataset_Stanford/FACT_method/preprocessed_data/features/ID19.npy
[ID19] Step 3/3: Converting labels to frame-level...
[ID19]   Reading CSV: 25-021_ID19.csv
[ID19]   Video duration: 3830.68 seconds
      Reading CSV file: /data-8tb/nvaci/dataset_Stanford/raw/labels/25-021_ID19.csv
      CSV rows: 3840
      CSV columns: ['start_time', 'end_time', 'licking', 'shaking']
      Video duration: 3830.68s
      Target FPS: 1
      Total frames to generate: 3830
      Processing CSV rows...
        Row 235: 0:03:235-0:03:236 -> licking_shaking
        Row 239: 0:03:239-0:04:240 -> licking_shaking
        Row 248: 0:04:248-0:04:249 -> licking_shaking
      CSV processing complete:
        Segments with licking only: 516
        Segments with shaking only: 48
        Segments with licking_shaking: 13
        Segments with background: 3263
[ID19]   Labels created: 3830 frames
[ID19]   Label distribution:
[ID19]     - background: 3301 frames (86.2%)
[ID19]     - licking: 348 frames (9.1%)
[ID19]     - licking_shaking: 73 frames (1.9%)
[ID19]     - shaking: 108 frames (2.8%)
[ID19]   WARNING: Length mismatch!
[ID19]     Features: 3824 frames
[ID19]     Labels: 3830 frames
[ID19]     Trimming both to: 3824 frames
[ID19]     Updated feature file
[ID19]   Saved labels to: /data-8tb/nvaci/dataset_Stanford/FACT_method/preprocessed_data/groundTruth/ID19.txt
[ID19] ✓ SUCCESS - Video processed successfully

================================================================================
Processing video 20/32: ID20
================================================================================
[ID20] Found label file: 25-021_ID20.csv
[ID20] Step 1/3: Reading video file...
[ID20]   Video path: /data-8tb/nvaci/dataset_Stanford/raw/videos_cut/ID20.mp4
[ID20]   Video FPS: 25.00
[ID20]   Total frames: 94639
[ID20]   Duration: 3785.56 seconds
[ID20]   Target FPS: 1
[ID20]   Expected output frames: 3785
[ID20] Step 2/3: Extracting I3D features...
[ID20]   Using model: I3D
[ID20]   Clip length: 16 frames
      Opening video file...
      Original video FPS: 25.00
      Original total frames: 94639
      Sample rate: 1 every 25 frames
      Reading and sampling frames...
        Processed 500/94639 frames (20 sampled)...
        Processed 1000/94639 frames (40 sampled)...
        Processed 1500/94639 frames (60 sampled)...
        Processed 2000/94639 frames (80 sampled)...
        Processed 2500/94639 frames (100 sampled)...
        Processed 3000/94639 frames (120 sampled)...
        Processed 3500/94639 frames (140 sampled)...
        Processed 4000/94639 frames (160 sampled)...
        Processed 4500/94639 frames (180 sampled)...
        Processed 5000/94639 frames (200 sampled)...
        Processed 5500/94639 frames (220 sampled)...
        Processed 6000/94639 frames (240 sampled)...
        Processed 6500/94639 frames (260 sampled)...
        Processed 7000/94639 frames (280 sampled)...
        Processed 7500/94639 frames (300 sampled)...
        Processed 8000/94639 frames (320 sampled)...
        Processed 8500/94639 frames (340 sampled)...
        Processed 9000/94639 frames (360 sampled)...
        Processed 9500/94639 frames (380 sampled)...
        Processed 10000/94639 frames (400 sampled)...
        Processed 10500/94639 frames (420 sampled)...
        Processed 11000/94639 frames (440 sampled)...
        Processed 11500/94639 frames (460 sampled)...
        Processed 12000/94639 frames (480 sampled)...
        Processed 12500/94639 frames (500 sampled)...
        Processed 13000/94639 frames (520 sampled)...
        Processed 13500/94639 frames (540 sampled)...
        Processed 14000/94639 frames (560 sampled)...
        Processed 14500/94639 frames (580 sampled)...
        Processed 15000/94639 frames (600 sampled)...
        Processed 15500/94639 frames (620 sampled)...
        Processed 16000/94639 frames (640 sampled)...
        Processed 16500/94639 frames (660 sampled)...
        Processed 17000/94639 frames (680 sampled)...
        Processed 17500/94639 frames (700 sampled)...
        Processed 18000/94639 frames (720 sampled)...
        Processed 18500/94639 frames (740 sampled)...
        Processed 19000/94639 frames (760 sampled)...
        Processed 19500/94639 frames (780 sampled)...
        Processed 20000/94639 frames (800 sampled)...
        Processed 20500/94639 frames (820 sampled)...
        Processed 21000/94639 frames (840 sampled)...
        Processed 21500/94639 frames (860 sampled)...
        Processed 22000/94639 frames (880 sampled)...
        Processed 22500/94639 frames (900 sampled)...
        Processed 23000/94639 frames (920 sampled)...
        Processed 23500/94639 frames (940 sampled)...
        Processed 24000/94639 frames (960 sampled)...
        Processed 24500/94639 frames (980 sampled)...
        Processed 25000/94639 frames (1000 sampled)...
        Processed 25500/94639 frames (1020 sampled)...
        Processed 26000/94639 frames (1040 sampled)...
        Processed 26500/94639 frames (1060 sampled)...
        Processed 27000/94639 frames (1080 sampled)...
        Processed 27500/94639 frames (1100 sampled)...
        Processed 28000/94639 frames (1120 sampled)...
        Processed 28500/94639 frames (1140 sampled)...
        Processed 29000/94639 frames (1160 sampled)...
        Processed 29500/94639 frames (1180 sampled)...
        Processed 30000/94639 frames (1200 sampled)...
        Processed 30500/94639 frames (1220 sampled)...
        Processed 31000/94639 frames (1240 sampled)...
        Processed 31500/94639 frames (1260 sampled)...
        Processed 32000/94639 frames (1280 sampled)...
        Processed 32500/94639 frames (1300 sampled)...
        Processed 33000/94639 frames (1320 sampled)...
        Processed 33500/94639 frames (1340 sampled)...
        Processed 34000/94639 frames (1360 sampled)...
        Processed 34500/94639 frames (1380 sampled)...
        Processed 35000/94639 frames (1400 sampled)...
        Processed 35500/94639 frames (1420 sampled)...
        Processed 36000/94639 frames (1440 sampled)...
        Processed 36500/94639 frames (1460 sampled)...
        Processed 37000/94639 frames (1480 sampled)...
        Processed 37500/94639 frames (1500 sampled)...
        Processed 38000/94639 frames (1520 sampled)...
        Processed 38500/94639 frames (1540 sampled)...
        Processed 39000/94639 frames (1560 sampled)...
        Processed 39500/94639 frames (1580 sampled)...
        Processed 40000/94639 frames (1600 sampled)...
        Processed 40500/94639 frames (1620 sampled)...
        Processed 41000/94639 frames (1640 sampled)...
        Processed 41500/94639 frames (1660 sampled)...
        Processed 42000/94639 frames (1680 sampled)...
        Processed 42500/94639 frames (1700 sampled)...
        Processed 43000/94639 frames (1720 sampled)...
        Processed 43500/94639 frames (1740 sampled)...
        Processed 44000/94639 frames (1760 sampled)...
        Processed 44500/94639 frames (1780 sampled)...
        Processed 45000/94639 frames (1800 sampled)...
        Processed 45500/94639 frames (1820 sampled)...
        Processed 46000/94639 frames (1840 sampled)...
        Processed 46500/94639 frames (1860 sampled)...
        Processed 47000/94639 frames (1880 sampled)...
        Processed 47500/94639 frames (1900 sampled)...
        Processed 48000/94639 frames (1920 sampled)...
        Processed 48500/94639 frames (1940 sampled)...
        Processed 49000/94639 frames (1960 sampled)...
        Processed 49500/94639 frames (1980 sampled)...
        Processed 50000/94639 frames (2000 sampled)...
        Processed 50500/94639 frames (2020 sampled)...
        Processed 51000/94639 frames (2040 sampled)...
        Processed 51500/94639 frames (2060 sampled)...
        Processed 52000/94639 frames (2080 sampled)...
        Processed 52500/94639 frames (2100 sampled)...
        Processed 53000/94639 frames (2120 sampled)...
        Processed 53500/94639 frames (2140 sampled)...
        Processed 54000/94639 frames (2160 sampled)...
        Processed 54500/94639 frames (2180 sampled)...
        Processed 55000/94639 frames (2200 sampled)...
        Processed 55500/94639 frames (2220 sampled)...
        Processed 56000/94639 frames (2240 sampled)...
        Processed 56500/94639 frames (2260 sampled)...
        Processed 57000/94639 frames (2280 sampled)...
        Processed 57500/94639 frames (2300 sampled)...
        Processed 58000/94639 frames (2320 sampled)...
        Processed 58500/94639 frames (2340 sampled)...
        Processed 59000/94639 frames (2360 sampled)...
        Processed 59500/94639 frames (2380 sampled)...
        Processed 60000/94639 frames (2400 sampled)...
        Processed 60500/94639 frames (2420 sampled)...
        Processed 61000/94639 frames (2440 sampled)...
        Processed 61500/94639 frames (2460 sampled)...
        Processed 62000/94639 frames (2480 sampled)...
        Processed 62500/94639 frames (2500 sampled)...
        Processed 63000/94639 frames (2520 sampled)...
        Processed 63500/94639 frames (2540 sampled)...
        Processed 64000/94639 frames (2560 sampled)...
        Processed 64500/94639 frames (2580 sampled)...
        Processed 65000/94639 frames (2600 sampled)...
        Processed 65500/94639 frames (2620 sampled)...
        Processed 66000/94639 frames (2640 sampled)...
        Processed 66500/94639 frames (2660 sampled)...
        Processed 67000/94639 frames (2680 sampled)...
        Processed 67500/94639 frames (2700 sampled)...
        Processed 68000/94639 frames (2720 sampled)...
        Processed 68500/94639 frames (2740 sampled)...
        Processed 69000/94639 frames (2760 sampled)...
        Processed 69500/94639 frames (2780 sampled)...
        Processed 70000/94639 frames (2800 sampled)...
        Processed 70500/94639 frames (2820 sampled)...
        Processed 71000/94639 frames (2840 sampled)...
        Processed 71500/94639 frames (2860 sampled)...
        Processed 72000/94639 frames (2880 sampled)...
        Processed 72500/94639 frames (2900 sampled)...
        Processed 73000/94639 frames (2920 sampled)...
        Processed 73500/94639 frames (2940 sampled)...
        Processed 74000/94639 frames (2960 sampled)...
        Processed 74500/94639 frames (2980 sampled)...
        Processed 75000/94639 frames (3000 sampled)...
        Processed 75500/94639 frames (3020 sampled)...
        Processed 76000/94639 frames (3040 sampled)...
        Processed 76500/94639 frames (3060 sampled)...
        Processed 77000/94639 frames (3080 sampled)...
        Processed 77500/94639 frames (3100 sampled)...
        Processed 78000/94639 frames (3120 sampled)...
        Processed 78500/94639 frames (3140 sampled)...
        Processed 79000/94639 frames (3160 sampled)...
        Processed 79500/94639 frames (3180 sampled)...
        Processed 80000/94639 frames (3200 sampled)...
        Processed 80500/94639 frames (3220 sampled)...
        Processed 81000/94639 frames (3240 sampled)...
        Processed 81500/94639 frames (3260 sampled)...
        Processed 82000/94639 frames (3280 sampled)...
        Processed 82500/94639 frames (3300 sampled)...
        Processed 83000/94639 frames (3320 sampled)...
        Processed 83500/94639 frames (3340 sampled)...
        Processed 84000/94639 frames (3360 sampled)...
        Processed 84500/94639 frames (3380 sampled)...
        Processed 85000/94639 frames (3400 sampled)...
        Processed 85500/94639 frames (3420 sampled)...
        Processed 86000/94639 frames (3440 sampled)...
        Processed 86500/94639 frames (3460 sampled)...
        Processed 87000/94639 frames (3480 sampled)...
        Processed 87500/94639 frames (3500 sampled)...
        Processed 88000/94639 frames (3520 sampled)...
        Processed 88500/94639 frames (3540 sampled)...
        Processed 89000/94639 frames (3560 sampled)...
        Processed 89500/94639 frames (3580 sampled)...
        Processed 90000/94639 frames (3600 sampled)...
        Processed 90500/94639 frames (3620 sampled)...
        Processed 91000/94639 frames (3640 sampled)...
Processing videos:  62%|██████▎   | 20/32 [08:33<05:34, 27.87s/it]        Processed 91500/94639 frames (3660 sampled)...
        Processed 92000/94639 frames (3680 sampled)...
        Processed 92500/94639 frames (3700 sampled)...
        Processed 93000/94639 frames (3720 sampled)...
        Processed 93500/94639 frames (3740 sampled)...
        Processed 94000/94639 frames (3760 sampled)...
        Processed 94500/94639 frames (3780 sampled)...
      Total frames read: 94543
      Total frames sampled: 3782
      Converting frames to tensor and normalizing...
      Frames array shape: (3782, 224, 224, 3)
      Frames dtype: float32
      Extracting features using I3D model...
      Clip length: 16 frames
      Stride: 8 frames (50% overlap)
      Expected number of clips: 473
        Processed 10/473 clips...
        Processed 20/473 clips...
        Processed 30/473 clips...
        Processed 40/473 clips...
        Processed 50/473 clips...
        Processed 60/473 clips...
        Processed 70/473 clips...
        Processed 80/473 clips...
        Processed 90/473 clips...
        Processed 100/473 clips...
        Processed 110/473 clips...
        Processed 120/473 clips...
        Processed 130/473 clips...
        Processed 140/473 clips...
        Processed 150/473 clips...
        Processed 160/473 clips...
        Processed 170/473 clips...
        Processed 180/473 clips...
        Processed 190/473 clips...
        Processed 200/473 clips...
        Processed 210/473 clips...
        Processed 220/473 clips...
        Processed 230/473 clips...
        Processed 240/473 clips...
        Processed 250/473 clips...
        Processed 260/473 clips...
        Processed 270/473 clips...
        Processed 280/473 clips...
        Processed 290/473 clips...
        Processed 300/473 clips...
        Processed 310/473 clips...
        Processed 320/473 clips...
        Processed 330/473 clips...
        Processed 340/473 clips...
        Processed 350/473 clips...
        Processed 360/473 clips...
        Processed 370/473 clips...
        Processed 380/473 clips...
        Processed 390/473 clips...
        Processed 400/473 clips...
        Processed 410/473 clips...
        Processed 420/473 clips...
        Processed 430/473 clips...
        Processed 440/473 clips...
        Processed 450/473 clips...
        Processed 460/473 clips...
        Processed 470/473 clips...
      Feature extraction complete!
      Final feature shape: (3776, 1024)
      Feature dtype: float32
[ID20]   Features extracted: (3776, 1024)
[ID20]   Feature dimension: 1024
[ID20]   Feature size: 14.75 MB
[ID20]   Saved to: /data-8tb/nvaci/dataset_Stanford/FACT_method/preprocessed_data/features/ID20.npy
[ID20] Step 3/3: Converting labels to frame-level...
[ID20]   Reading CSV: 25-021_ID20.csv
[ID20]   Video duration: 3785.56 seconds
      Reading CSV file: /data-8tb/nvaci/dataset_Stanford/raw/labels/25-021_ID20.csv
      CSV rows: 3840
      CSV columns: ['start_time', 'end_time', 'licking', 'shaking']
      Video duration: 3785.56s
      Target FPS: 1
      Total frames to generate: 3785
      Processing CSV rows...
      CSV processing complete:
        Segments with licking only: 59
        Segments with shaking only: 0
        Segments with licking_shaking: 0
        Segments with background: 3781
[ID20]   Labels created: 3785 frames
[ID20]   Label distribution:
[ID20]     - background: 3687 frames (97.4%)
[ID20]     - licking: 98 frames (2.6%)
[ID20]   WARNING: Length mismatch!
[ID20]     Features: 3776 frames
[ID20]     Labels: 3785 frames
[ID20]     Trimming both to: 3776 frames
[ID20]     Updated feature file
[ID20]   Saved labels to: /data-8tb/nvaci/dataset_Stanford/FACT_method/preprocessed_data/groundTruth/ID20.txt
[ID20] ✓ SUCCESS - Video processed successfully

================================================================================
Processing video 21/32: ID21
================================================================================
[ID21] Found label file: 25-021_ID21.csv
[ID21] Step 1/3: Reading video file...
[ID21]   Video path: /data-8tb/nvaci/dataset_Stanford/raw/videos_cut/ID21.mp4
[ID21]   Video FPS: 25.00
[ID21]   Total frames: 99464
[ID21]   Duration: 3978.56 seconds
[ID21]   Target FPS: 1
[ID21]   Expected output frames: 3978
[ID21] Step 2/3: Extracting I3D features...
[ID21]   Using model: I3D
[ID21]   Clip length: 16 frames
      Opening video file...
      Original video FPS: 25.00
      Original total frames: 99464
      Sample rate: 1 every 25 frames
      Reading and sampling frames...
        Processed 500/99464 frames (20 sampled)...
        Processed 1000/99464 frames (40 sampled)...
        Processed 1500/99464 frames (60 sampled)...
        Processed 2000/99464 frames (80 sampled)...
        Processed 2500/99464 frames (100 sampled)...
        Processed 3000/99464 frames (120 sampled)...
        Processed 3500/99464 frames (140 sampled)...
        Processed 4000/99464 frames (160 sampled)...
        Processed 4500/99464 frames (180 sampled)...
        Processed 5000/99464 frames (200 sampled)...
        Processed 5500/99464 frames (220 sampled)...
        Processed 6000/99464 frames (240 sampled)...
        Processed 6500/99464 frames (260 sampled)...
        Processed 7000/99464 frames (280 sampled)...
        Processed 7500/99464 frames (300 sampled)...
        Processed 8000/99464 frames (320 sampled)...
        Processed 8500/99464 frames (340 sampled)...
        Processed 9000/99464 frames (360 sampled)...
        Processed 9500/99464 frames (380 sampled)...
        Processed 10000/99464 frames (400 sampled)...
        Processed 10500/99464 frames (420 sampled)...
        Processed 11000/99464 frames (440 sampled)...
        Processed 11500/99464 frames (460 sampled)...
        Processed 12000/99464 frames (480 sampled)...
        Processed 12500/99464 frames (500 sampled)...
        Processed 13000/99464 frames (520 sampled)...
        Processed 13500/99464 frames (540 sampled)...
        Processed 14000/99464 frames (560 sampled)...
        Processed 14500/99464 frames (580 sampled)...
        Processed 15000/99464 frames (600 sampled)...
        Processed 15500/99464 frames (620 sampled)...
        Processed 16000/99464 frames (640 sampled)...
        Processed 16500/99464 frames (660 sampled)...
        Processed 17000/99464 frames (680 sampled)...
        Processed 17500/99464 frames (700 sampled)...
        Processed 18000/99464 frames (720 sampled)...
        Processed 18500/99464 frames (740 sampled)...
        Processed 19000/99464 frames (760 sampled)...
        Processed 19500/99464 frames (780 sampled)...
        Processed 20000/99464 frames (800 sampled)...
        Processed 20500/99464 frames (820 sampled)...
        Processed 21000/99464 frames (840 sampled)...
        Processed 21500/99464 frames (860 sampled)...
        Processed 22000/99464 frames (880 sampled)...
        Processed 22500/99464 frames (900 sampled)...
        Processed 23000/99464 frames (920 sampled)...
        Processed 23500/99464 frames (940 sampled)...
        Processed 24000/99464 frames (960 sampled)...
        Processed 24500/99464 frames (980 sampled)...
        Processed 25000/99464 frames (1000 sampled)...
        Processed 25500/99464 frames (1020 sampled)...
        Processed 26000/99464 frames (1040 sampled)...
        Processed 26500/99464 frames (1060 sampled)...
        Processed 27000/99464 frames (1080 sampled)...
        Processed 27500/99464 frames (1100 sampled)...
        Processed 28000/99464 frames (1120 sampled)...
        Processed 28500/99464 frames (1140 sampled)...
        Processed 29000/99464 frames (1160 sampled)...
        Processed 29500/99464 frames (1180 sampled)...
        Processed 30000/99464 frames (1200 sampled)...
        Processed 30500/99464 frames (1220 sampled)...
        Processed 31000/99464 frames (1240 sampled)...
        Processed 31500/99464 frames (1260 sampled)...
        Processed 32000/99464 frames (1280 sampled)...
        Processed 32500/99464 frames (1300 sampled)...
        Processed 33000/99464 frames (1320 sampled)...
        Processed 33500/99464 frames (1340 sampled)...
        Processed 34000/99464 frames (1360 sampled)...
        Processed 34500/99464 frames (1380 sampled)...
        Processed 35000/99464 frames (1400 sampled)...
        Processed 35500/99464 frames (1420 sampled)...
        Processed 36000/99464 frames (1440 sampled)...
        Processed 36500/99464 frames (1460 sampled)...
        Processed 37000/99464 frames (1480 sampled)...
        Processed 37500/99464 frames (1500 sampled)...
        Processed 38000/99464 frames (1520 sampled)...
        Processed 38500/99464 frames (1540 sampled)...
        Processed 39000/99464 frames (1560 sampled)...
        Processed 39500/99464 frames (1580 sampled)...
        Processed 40000/99464 frames (1600 sampled)...
        Processed 40500/99464 frames (1620 sampled)...
        Processed 41000/99464 frames (1640 sampled)...
        Processed 41500/99464 frames (1660 sampled)...
        Processed 42000/99464 frames (1680 sampled)...
        Processed 42500/99464 frames (1700 sampled)...
        Processed 43000/99464 frames (1720 sampled)...
        Processed 43500/99464 frames (1740 sampled)...
        Processed 44000/99464 frames (1760 sampled)...
        Processed 44500/99464 frames (1780 sampled)...
        Processed 45000/99464 frames (1800 sampled)...
        Processed 45500/99464 frames (1820 sampled)...
        Processed 46000/99464 frames (1840 sampled)...
        Processed 46500/99464 frames (1860 sampled)...
        Processed 47000/99464 frames (1880 sampled)...
        Processed 47500/99464 frames (1900 sampled)...
        Processed 48000/99464 frames (1920 sampled)...
        Processed 48500/99464 frames (1940 sampled)...
        Processed 49000/99464 frames (1960 sampled)...
        Processed 49500/99464 frames (1980 sampled)...
        Processed 50000/99464 frames (2000 sampled)...
        Processed 50500/99464 frames (2020 sampled)...
        Processed 51000/99464 frames (2040 sampled)...
        Processed 51500/99464 frames (2060 sampled)...
        Processed 52000/99464 frames (2080 sampled)...
        Processed 52500/99464 frames (2100 sampled)...
        Processed 53000/99464 frames (2120 sampled)...
        Processed 53500/99464 frames (2140 sampled)...
        Processed 54000/99464 frames (2160 sampled)...
        Processed 54500/99464 frames (2180 sampled)...
        Processed 55000/99464 frames (2200 sampled)...
        Processed 55500/99464 frames (2220 sampled)...
        Processed 56000/99464 frames (2240 sampled)...
        Processed 56500/99464 frames (2260 sampled)...
        Processed 57000/99464 frames (2280 sampled)...
        Processed 57500/99464 frames (2300 sampled)...
        Processed 58000/99464 frames (2320 sampled)...
        Processed 58500/99464 frames (2340 sampled)...
        Processed 59000/99464 frames (2360 sampled)...
        Processed 59500/99464 frames (2380 sampled)...
        Processed 60000/99464 frames (2400 sampled)...
        Processed 60500/99464 frames (2420 sampled)...
        Processed 61000/99464 frames (2440 sampled)...
        Processed 61500/99464 frames (2460 sampled)...
        Processed 62000/99464 frames (2480 sampled)...
        Processed 62500/99464 frames (2500 sampled)...
        Processed 63000/99464 frames (2520 sampled)...
        Processed 63500/99464 frames (2540 sampled)...
        Processed 64000/99464 frames (2560 sampled)...
        Processed 64500/99464 frames (2580 sampled)...
        Processed 65000/99464 frames (2600 sampled)...
        Processed 65500/99464 frames (2620 sampled)...
        Processed 66000/99464 frames (2640 sampled)...
        Processed 66500/99464 frames (2660 sampled)...
        Processed 67000/99464 frames (2680 sampled)...
        Processed 67500/99464 frames (2700 sampled)...
        Processed 68000/99464 frames (2720 sampled)...
        Processed 68500/99464 frames (2740 sampled)...
        Processed 69000/99464 frames (2760 sampled)...
        Processed 69500/99464 frames (2780 sampled)...
        Processed 70000/99464 frames (2800 sampled)...
        Processed 70500/99464 frames (2820 sampled)...
        Processed 71000/99464 frames (2840 sampled)...
        Processed 71500/99464 frames (2860 sampled)...
        Processed 72000/99464 frames (2880 sampled)...
        Processed 72500/99464 frames (2900 sampled)...
        Processed 73000/99464 frames (2920 sampled)...
        Processed 73500/99464 frames (2940 sampled)...
        Processed 74000/99464 frames (2960 sampled)...
        Processed 74500/99464 frames (2980 sampled)...
        Processed 75000/99464 frames (3000 sampled)...
        Processed 75500/99464 frames (3020 sampled)...
        Processed 76000/99464 frames (3040 sampled)...
        Processed 76500/99464 frames (3060 sampled)...
        Processed 77000/99464 frames (3080 sampled)...
        Processed 77500/99464 frames (3100 sampled)...
        Processed 78000/99464 frames (3120 sampled)...
        Processed 78500/99464 frames (3140 sampled)...
        Processed 79000/99464 frames (3160 sampled)...
        Processed 79500/99464 frames (3180 sampled)...
        Processed 80000/99464 frames (3200 sampled)...
        Processed 80500/99464 frames (3220 sampled)...
        Processed 81000/99464 frames (3240 sampled)...
        Processed 81500/99464 frames (3260 sampled)...
        Processed 82000/99464 frames (3280 sampled)...
        Processed 82500/99464 frames (3300 sampled)...
        Processed 83000/99464 frames (3320 sampled)...
        Processed 83500/99464 frames (3340 sampled)...
        Processed 84000/99464 frames (3360 sampled)...
        Processed 84500/99464 frames (3380 sampled)...
        Processed 85000/99464 frames (3400 sampled)...
        Processed 85500/99464 frames (3420 sampled)...
        Processed 86000/99464 frames (3440 sampled)...
        Processed 86500/99464 frames (3460 sampled)...
        Processed 87000/99464 frames (3480 sampled)...
        Processed 87500/99464 frames (3500 sampled)...
        Processed 88000/99464 frames (3520 sampled)...
        Processed 88500/99464 frames (3540 sampled)...
        Processed 89000/99464 frames (3560 sampled)...
        Processed 89500/99464 frames (3580 sampled)...
        Processed 90000/99464 frames (3600 sampled)...
        Processed 90500/99464 frames (3620 sampled)...
        Processed 91000/99464 frames (3640 sampled)...
        Processed 91500/99464 frames (3660 sampled)...
        Processed 92000/99464 frames (3680 sampled)...
        Processed 92500/99464 frames (3700 sampled)...
        Processed 93000/99464 frames (3720 sampled)...
        Processed 93500/99464 frames (3740 sampled)...
        Processed 94000/99464 frames (3760 sampled)...
        Processed 94500/99464 frames (3780 sampled)...
        Processed 95000/99464 frames (3800 sampled)...
        Processed 95500/99464 frames (3820 sampled)...
        Processed 96000/99464 frames (3840 sampled)...
        Processed 96500/99464 frames (3860 sampled)...
        Processed 97000/99464 frames (3880 sampled)...
        Processed 97500/99464 frames (3900 sampled)...
        Processed 98000/99464 frames (3920 sampled)...
        Processed 98500/99464 frames (3940 sampled)...
        Processed 99000/99464 frames (3960 sampled)...
      Total frames read: 99364
      Total frames sampled: 3975
      Converting frames to tensor and normalizing...
      Frames array shape: (3975, 224, 224, 3)
      Frames dtype: float32
      Extracting features using I3D model...
      Clip length: 16 frames
      Stride: 8 frames (50% overlap)
      Expected number of clips: 497
        Processed 10/497 clips...
        Processed 20/497 clips...
        Processed 30/497 clips...
        Processed 40/497 clips...
        Processed 50/497 clips...
        Processed 60/497 clips...
        Processed 70/497 clips...
        Processed 80/497 clips...
        Processed 90/497 clips...
        Processed 100/497 clips...
        Processed 110/497 clips...
        Processed 120/497 clips...
        Processed 130/497 clips...
        Processed 140/497 clips...
        Processed 150/497 clips...
        Processed 160/497 clips...
        Processed 170/497 clips...
        Processed 180/497 clips...
Processing videos:  66%|██████▌   | 21/32 [08:59<05:02, 27.53s/it]        Processed 190/497 clips...
        Processed 200/497 clips...
        Processed 210/497 clips...
        Processed 220/497 clips...
        Processed 230/497 clips...
        Processed 240/497 clips...
        Processed 250/497 clips...
        Processed 260/497 clips...
        Processed 270/497 clips...
        Processed 280/497 clips...
        Processed 290/497 clips...
        Processed 300/497 clips...
        Processed 310/497 clips...
        Processed 320/497 clips...
        Processed 330/497 clips...
        Processed 340/497 clips...
        Processed 350/497 clips...
        Processed 360/497 clips...
        Processed 370/497 clips...
        Processed 380/497 clips...
        Processed 390/497 clips...
        Processed 400/497 clips...
        Processed 410/497 clips...
        Processed 420/497 clips...
        Processed 430/497 clips...
        Processed 440/497 clips...
        Processed 450/497 clips...
        Processed 460/497 clips...
        Processed 470/497 clips...
        Processed 480/497 clips...
        Processed 490/497 clips...
      Feature extraction complete!
      Final feature shape: (3968, 1024)
      Feature dtype: float32
[ID21]   Features extracted: (3968, 1024)
[ID21]   Feature dimension: 1024
[ID21]   Feature size: 15.50 MB
[ID21]   Saved to: /data-8tb/nvaci/dataset_Stanford/FACT_method/preprocessed_data/features/ID21.npy
[ID21] Step 3/3: Converting labels to frame-level...
[ID21]   Reading CSV: 25-021_ID21.csv
[ID21]   Video duration: 3978.56 seconds
      Reading CSV file: /data-8tb/nvaci/dataset_Stanford/raw/labels/25-021_ID21.csv
      CSV rows: 3840
      CSV columns: ['start_time', 'end_time', 'licking', 'shaking']
      Video duration: 3978.56s
      Target FPS: 1
      Total frames to generate: 3978
      Processing CSV rows...
        Row 11: 0:00:11-0:00:12 -> licking_shaking
        Row 16: 0:00:16-0:00:17 -> licking_shaking
        Row 24: 0:00:24-0:00:25 -> licking_shaking
      CSV processing complete:
        Segments with licking only: 436
        Segments with shaking only: 19
        Segments with licking_shaking: 10
        Segments with background: 3375
[ID21]   Labels created: 3978 frames
[ID21]   Label distribution:
[ID21]     - background: 3604 frames (90.6%)
[ID21]     - licking: 285 frames (7.2%)
[ID21]     - licking_shaking: 10 frames (0.3%)
[ID21]     - shaking: 79 frames (2.0%)
[ID21]   WARNING: Length mismatch!
[ID21]     Features: 3968 frames
[ID21]     Labels: 3978 frames
[ID21]     Trimming both to: 3968 frames
[ID21]     Updated feature file
[ID21]   Saved labels to: /data-8tb/nvaci/dataset_Stanford/FACT_method/preprocessed_data/groundTruth/ID21.txt
[ID21] ✓ SUCCESS - Video processed successfully

================================================================================
Processing video 22/32: ID22
================================================================================
[ID22] Found label file: 25-021_ID22.csv
[ID22] Step 1/3: Reading video file...
[ID22]   Video path: /data-8tb/nvaci/dataset_Stanford/raw/videos_cut/ID22.mp4
[ID22]   Video FPS: 25.00
[ID22]   Total frames: 98464
[ID22]   Duration: 3938.56 seconds
[ID22]   Target FPS: 1
[ID22]   Expected output frames: 3938
[ID22] Step 2/3: Extracting I3D features...
[ID22]   Using model: I3D
[ID22]   Clip length: 16 frames
      Opening video file...
      Original video FPS: 25.00
      Original total frames: 98464
      Sample rate: 1 every 25 frames
      Reading and sampling frames...
        Processed 500/98464 frames (20 sampled)...
        Processed 1000/98464 frames (40 sampled)...
        Processed 1500/98464 frames (60 sampled)...
        Processed 2000/98464 frames (80 sampled)...
        Processed 2500/98464 frames (100 sampled)...
        Processed 3000/98464 frames (120 sampled)...
        Processed 3500/98464 frames (140 sampled)...
        Processed 4000/98464 frames (160 sampled)...
        Processed 4500/98464 frames (180 sampled)...
        Processed 5000/98464 frames (200 sampled)...
        Processed 5500/98464 frames (220 sampled)...
        Processed 6000/98464 frames (240 sampled)...
        Processed 6500/98464 frames (260 sampled)...
        Processed 7000/98464 frames (280 sampled)...
        Processed 7500/98464 frames (300 sampled)...
        Processed 8000/98464 frames (320 sampled)...
        Processed 8500/98464 frames (340 sampled)...
        Processed 9000/98464 frames (360 sampled)...
        Processed 9500/98464 frames (380 sampled)...
        Processed 10000/98464 frames (400 sampled)...
        Processed 10500/98464 frames (420 sampled)...
        Processed 11000/98464 frames (440 sampled)...
        Processed 11500/98464 frames (460 sampled)...
        Processed 12000/98464 frames (480 sampled)...
        Processed 12500/98464 frames (500 sampled)...
        Processed 13000/98464 frames (520 sampled)...
        Processed 13500/98464 frames (540 sampled)...
        Processed 14000/98464 frames (560 sampled)...
        Processed 14500/98464 frames (580 sampled)...
        Processed 15000/98464 frames (600 sampled)...
        Processed 15500/98464 frames (620 sampled)...
        Processed 16000/98464 frames (640 sampled)...
        Processed 16500/98464 frames (660 sampled)...
        Processed 17000/98464 frames (680 sampled)...
        Processed 17500/98464 frames (700 sampled)...
        Processed 18000/98464 frames (720 sampled)...
        Processed 18500/98464 frames (740 sampled)...
        Processed 19000/98464 frames (760 sampled)...
        Processed 19500/98464 frames (780 sampled)...
        Processed 20000/98464 frames (800 sampled)...
        Processed 20500/98464 frames (820 sampled)...
        Processed 21000/98464 frames (840 sampled)...
        Processed 21500/98464 frames (860 sampled)...
        Processed 22000/98464 frames (880 sampled)...
        Processed 22500/98464 frames (900 sampled)...
        Processed 23000/98464 frames (920 sampled)...
        Processed 23500/98464 frames (940 sampled)...
        Processed 24000/98464 frames (960 sampled)...
        Processed 24500/98464 frames (980 sampled)...
        Processed 25000/98464 frames (1000 sampled)...
        Processed 25500/98464 frames (1020 sampled)...
        Processed 26000/98464 frames (1040 sampled)...
        Processed 26500/98464 frames (1060 sampled)...
        Processed 27000/98464 frames (1080 sampled)...
        Processed 27500/98464 frames (1100 sampled)...
        Processed 28000/98464 frames (1120 sampled)...
        Processed 28500/98464 frames (1140 sampled)...
        Processed 29000/98464 frames (1160 sampled)...
        Processed 29500/98464 frames (1180 sampled)...
        Processed 30000/98464 frames (1200 sampled)...
        Processed 30500/98464 frames (1220 sampled)...
        Processed 31000/98464 frames (1240 sampled)...
        Processed 31500/98464 frames (1260 sampled)...
        Processed 32000/98464 frames (1280 sampled)...
        Processed 32500/98464 frames (1300 sampled)...
        Processed 33000/98464 frames (1320 sampled)...
        Processed 33500/98464 frames (1340 sampled)...
        Processed 34000/98464 frames (1360 sampled)...
        Processed 34500/98464 frames (1380 sampled)...
        Processed 35000/98464 frames (1400 sampled)...
        Processed 35500/98464 frames (1420 sampled)...
        Processed 36000/98464 frames (1440 sampled)...
        Processed 36500/98464 frames (1460 sampled)...
        Processed 37000/98464 frames (1480 sampled)...
        Processed 37500/98464 frames (1500 sampled)...
        Processed 38000/98464 frames (1520 sampled)...
        Processed 38500/98464 frames (1540 sampled)...
        Processed 39000/98464 frames (1560 sampled)...
        Processed 39500/98464 frames (1580 sampled)...
        Processed 40000/98464 frames (1600 sampled)...
        Processed 40500/98464 frames (1620 sampled)...
        Processed 41000/98464 frames (1640 sampled)...
        Processed 41500/98464 frames (1660 sampled)...
        Processed 42000/98464 frames (1680 sampled)...
        Processed 42500/98464 frames (1700 sampled)...
        Processed 43000/98464 frames (1720 sampled)...
        Processed 43500/98464 frames (1740 sampled)...
        Processed 44000/98464 frames (1760 sampled)...
        Processed 44500/98464 frames (1780 sampled)...
        Processed 45000/98464 frames (1800 sampled)...
        Processed 45500/98464 frames (1820 sampled)...
        Processed 46000/98464 frames (1840 sampled)...
        Processed 46500/98464 frames (1860 sampled)...
        Processed 47000/98464 frames (1880 sampled)...
        Processed 47500/98464 frames (1900 sampled)...
        Processed 48000/98464 frames (1920 sampled)...
        Processed 48500/98464 frames (1940 sampled)...
        Processed 49000/98464 frames (1960 sampled)...
        Processed 49500/98464 frames (1980 sampled)...
        Processed 50000/98464 frames (2000 sampled)...
        Processed 50500/98464 frames (2020 sampled)...
        Processed 51000/98464 frames (2040 sampled)...
        Processed 51500/98464 frames (2060 sampled)...
        Processed 52000/98464 frames (2080 sampled)...
        Processed 52500/98464 frames (2100 sampled)...
        Processed 53000/98464 frames (2120 sampled)...
        Processed 53500/98464 frames (2140 sampled)...
        Processed 54000/98464 frames (2160 sampled)...
        Processed 54500/98464 frames (2180 sampled)...
        Processed 55000/98464 frames (2200 sampled)...
        Processed 55500/98464 frames (2220 sampled)...
        Processed 56000/98464 frames (2240 sampled)...
        Processed 56500/98464 frames (2260 sampled)...
        Processed 57000/98464 frames (2280 sampled)...
        Processed 57500/98464 frames (2300 sampled)...
        Processed 58000/98464 frames (2320 sampled)...
        Processed 58500/98464 frames (2340 sampled)...
        Processed 59000/98464 frames (2360 sampled)...
        Processed 59500/98464 frames (2380 sampled)...
        Processed 60000/98464 frames (2400 sampled)...
        Processed 60500/98464 frames (2420 sampled)...
        Processed 61000/98464 frames (2440 sampled)...
        Processed 61500/98464 frames (2460 sampled)...
        Processed 62000/98464 frames (2480 sampled)...
        Processed 62500/98464 frames (2500 sampled)...
        Processed 63000/98464 frames (2520 sampled)...
        Processed 63500/98464 frames (2540 sampled)...
        Processed 64000/98464 frames (2560 sampled)...
        Processed 64500/98464 frames (2580 sampled)...
        Processed 65000/98464 frames (2600 sampled)...
        Processed 65500/98464 frames (2620 sampled)...
        Processed 66000/98464 frames (2640 sampled)...
        Processed 66500/98464 frames (2660 sampled)...
        Processed 67000/98464 frames (2680 sampled)...
        Processed 67500/98464 frames (2700 sampled)...
        Processed 68000/98464 frames (2720 sampled)...
        Processed 68500/98464 frames (2740 sampled)...
        Processed 69000/98464 frames (2760 sampled)...
        Processed 69500/98464 frames (2780 sampled)...
        Processed 70000/98464 frames (2800 sampled)...
        Processed 70500/98464 frames (2820 sampled)...
        Processed 71000/98464 frames (2840 sampled)...
        Processed 71500/98464 frames (2860 sampled)...
        Processed 72000/98464 frames (2880 sampled)...
        Processed 72500/98464 frames (2900 sampled)...
        Processed 73000/98464 frames (2920 sampled)...
        Processed 73500/98464 frames (2940 sampled)...
        Processed 74000/98464 frames (2960 sampled)...
        Processed 74500/98464 frames (2980 sampled)...
        Processed 75000/98464 frames (3000 sampled)...
        Processed 75500/98464 frames (3020 sampled)...
        Processed 76000/98464 frames (3040 sampled)...
        Processed 76500/98464 frames (3060 sampled)...
        Processed 77000/98464 frames (3080 sampled)...
        Processed 77500/98464 frames (3100 sampled)...
        Processed 78000/98464 frames (3120 sampled)...
        Processed 78500/98464 frames (3140 sampled)...
        Processed 79000/98464 frames (3160 sampled)...
        Processed 79500/98464 frames (3180 sampled)...
        Processed 80000/98464 frames (3200 sampled)...
        Processed 80500/98464 frames (3220 sampled)...
        Processed 81000/98464 frames (3240 sampled)...
        Processed 81500/98464 frames (3260 sampled)...
        Processed 82000/98464 frames (3280 sampled)...
        Processed 82500/98464 frames (3300 sampled)...
        Processed 83000/98464 frames (3320 sampled)...
        Processed 83500/98464 frames (3340 sampled)...
        Processed 84000/98464 frames (3360 sampled)...
        Processed 84500/98464 frames (3380 sampled)...
        Processed 85000/98464 frames (3400 sampled)...
        Processed 85500/98464 frames (3420 sampled)...
        Processed 86000/98464 frames (3440 sampled)...
        Processed 86500/98464 frames (3460 sampled)...
        Processed 87000/98464 frames (3480 sampled)...
        Processed 87500/98464 frames (3500 sampled)...
        Processed 88000/98464 frames (3520 sampled)...
        Processed 88500/98464 frames (3540 sampled)...
        Processed 89000/98464 frames (3560 sampled)...
        Processed 89500/98464 frames (3580 sampled)...
        Processed 90000/98464 frames (3600 sampled)...
        Processed 90500/98464 frames (3620 sampled)...
        Processed 91000/98464 frames (3640 sampled)...
        Processed 91500/98464 frames (3660 sampled)...
        Processed 92000/98464 frames (3680 sampled)...
        Processed 92500/98464 frames (3700 sampled)...
        Processed 93000/98464 frames (3720 sampled)...
        Processed 93500/98464 frames (3740 sampled)...
        Processed 94000/98464 frames (3760 sampled)...
        Processed 94500/98464 frames (3780 sampled)...
        Processed 95000/98464 frames (3800 sampled)...
        Processed 95500/98464 frames (3820 sampled)...
        Processed 96000/98464 frames (3840 sampled)...
        Processed 96500/98464 frames (3860 sampled)...
        Processed 97000/98464 frames (3880 sampled)...
        Processed 97500/98464 frames (3900 sampled)...
        Processed 98000/98464 frames (3920 sampled)...
      Total frames read: 98389
      Total frames sampled: 3936
      Converting frames to tensor and normalizing...
      Frames array shape: (3936, 224, 224, 3)
      Frames dtype: float32
      Extracting features using I3D model...
      Clip length: 16 frames
      Stride: 8 frames (50% overlap)
      Expected number of clips: 492
        Processed 10/492 clips...
        Processed 20/492 clips...
        Processed 30/492 clips...
        Processed 40/492 clips...
        Processed 50/492 clips...
        Processed 60/492 clips...
        Processed 70/492 clips...
        Processed 80/492 clips...
        Processed 90/492 clips...
        Processed 100/492 clips...
        Processed 110/492 clips...
        Processed 120/492 clips...
        Processed 130/492 clips...
        Processed 140/492 clips...
        Processed 150/492 clips...
        Processed 160/492 clips...
        Processed 170/492 clips...
        Processed 180/492 clips...
        Processed 190/492 clips...
        Processed 200/492 clips...
        Processed 210/492 clips...
        Processed 220/492 clips...
        Processed 230/492 clips...
        Processed 240/492 clips...
        Processed 250/492 clips...
        Processed 260/492 clips...
        Processed 270/492 clips...
        Processed 280/492 clips...
        Processed 290/492 clips...
        Processed 300/492 clips...
        Processed 310/492 clips...
        Processed 320/492 clips...
        Processed 330/492 clips...
        Processed 340/492 clips...
        Processed 350/492 clips...
        Processed 360/492 clips...
        Processed 370/492 clips...
        Processed 380/492 clips...
        Processed 390/492 clips...
        Processed 400/492 clips...
        Processed 410/492 clips...
        Processed 420/492 clips...
        Processed 430/492 clips...
        Processed 440/492 clips...
        Processed 450/492 clips...
        Processed 460/492 clips...
        Processed 470/492 clips...
        Processed 480/492 clips...
        Processed 490/492 clips...
      Feature extraction complete!
      Final feature shape: (3928, 1024)
Processing videos:  69%|██████▉   | 22/32 [09:30<04:43, 28.37s/it]      Feature dtype: float32
[ID22]   Features extracted: (3928, 1024)
[ID22]   Feature dimension: 1024
[ID22]   Feature size: 15.34 MB
[ID22]   Saved to: /data-8tb/nvaci/dataset_Stanford/FACT_method/preprocessed_data/features/ID22.npy
[ID22] Step 3/3: Converting labels to frame-level...
[ID22]   Reading CSV: 25-021_ID22.csv
[ID22]   Video duration: 3938.56 seconds
      Reading CSV file: /data-8tb/nvaci/dataset_Stanford/raw/labels/25-021_ID22.csv
      CSV rows: 3840
      CSV columns: ['start_time', 'end_time', 'licking', 'shaking']
      Video duration: 3938.56s
      Target FPS: 1
      Total frames to generate: 3938
      Processing CSV rows...
        Row 58: 0:00:58-0:00:59 -> licking_shaking
        Row 59: 0:00:59-0:01:60 -> licking_shaking
      CSV processing complete:
        Segments with licking only: 895
        Segments with shaking only: 11
        Segments with licking_shaking: 2
        Segments with background: 2932
[ID22]   Labels created: 3938 frames
[ID22]   Label distribution:
[ID22]     - background: 3219 frames (81.7%)
[ID22]     - licking: 646 frames (16.4%)
[ID22]     - licking_shaking: 62 frames (1.6%)
[ID22]     - shaking: 11 frames (0.3%)
[ID22]   WARNING: Length mismatch!
[ID22]     Features: 3928 frames
[ID22]     Labels: 3938 frames
[ID22]     Trimming both to: 3928 frames
[ID22]     Updated feature file
[ID22]   Saved labels to: /data-8tb/nvaci/dataset_Stanford/FACT_method/preprocessed_data/groundTruth/ID22.txt
[ID22] ✓ SUCCESS - Video processed successfully

================================================================================
Processing video 23/32: ID23
================================================================================
[ID23] Found label file: 25-021_ID23.csv
[ID23] Step 1/3: Reading video file...
[ID23]   Video path: /data-8tb/nvaci/dataset_Stanford/raw/videos_cut/ID23.mp4
[ID23]   Video FPS: 25.00
[ID23]   Total frames: 97464
[ID23]   Duration: 3898.56 seconds
[ID23]   Target FPS: 1
[ID23]   Expected output frames: 3898
[ID23] Step 2/3: Extracting I3D features...
[ID23]   Using model: I3D
[ID23]   Clip length: 16 frames
      Opening video file...
      Original video FPS: 25.00
      Original total frames: 97464
      Sample rate: 1 every 25 frames
      Reading and sampling frames...
        Processed 500/97464 frames (20 sampled)...
        Processed 1000/97464 frames (40 sampled)...
        Processed 1500/97464 frames (60 sampled)...
        Processed 2000/97464 frames (80 sampled)...
        Processed 2500/97464 frames (100 sampled)...
        Processed 3000/97464 frames (120 sampled)...
        Processed 3500/97464 frames (140 sampled)...
        Processed 4000/97464 frames (160 sampled)...
        Processed 4500/97464 frames (180 sampled)...
        Processed 5000/97464 frames (200 sampled)...
        Processed 5500/97464 frames (220 sampled)...
        Processed 6000/97464 frames (240 sampled)...
        Processed 6500/97464 frames (260 sampled)...
        Processed 7000/97464 frames (280 sampled)...
        Processed 7500/97464 frames (300 sampled)...
        Processed 8000/97464 frames (320 sampled)...
        Processed 8500/97464 frames (340 sampled)...
        Processed 9000/97464 frames (360 sampled)...
        Processed 9500/97464 frames (380 sampled)...
        Processed 10000/97464 frames (400 sampled)...
        Processed 10500/97464 frames (420 sampled)...
        Processed 11000/97464 frames (440 sampled)...
        Processed 11500/97464 frames (460 sampled)...
        Processed 12000/97464 frames (480 sampled)...
        Processed 12500/97464 frames (500 sampled)...
        Processed 13000/97464 frames (520 sampled)...
        Processed 13500/97464 frames (540 sampled)...
        Processed 14000/97464 frames (560 sampled)...
        Processed 14500/97464 frames (580 sampled)...
        Processed 15000/97464 frames (600 sampled)...
        Processed 15500/97464 frames (620 sampled)...
        Processed 16000/97464 frames (640 sampled)...
        Processed 16500/97464 frames (660 sampled)...
        Processed 17000/97464 frames (680 sampled)...
        Processed 17500/97464 frames (700 sampled)...
        Processed 18000/97464 frames (720 sampled)...
        Processed 18500/97464 frames (740 sampled)...
        Processed 19000/97464 frames (760 sampled)...
        Processed 19500/97464 frames (780 sampled)...
        Processed 20000/97464 frames (800 sampled)...
        Processed 20500/97464 frames (820 sampled)...
        Processed 21000/97464 frames (840 sampled)...
        Processed 21500/97464 frames (860 sampled)...
        Processed 22000/97464 frames (880 sampled)...
        Processed 22500/97464 frames (900 sampled)...
        Processed 23000/97464 frames (920 sampled)...
        Processed 23500/97464 frames (940 sampled)...
        Processed 24000/97464 frames (960 sampled)...
        Processed 24500/97464 frames (980 sampled)...
        Processed 25000/97464 frames (1000 sampled)...
        Processed 25500/97464 frames (1020 sampled)...
        Processed 26000/97464 frames (1040 sampled)...
        Processed 26500/97464 frames (1060 sampled)...
        Processed 27000/97464 frames (1080 sampled)...
        Processed 27500/97464 frames (1100 sampled)...
        Processed 28000/97464 frames (1120 sampled)...
        Processed 28500/97464 frames (1140 sampled)...
        Processed 29000/97464 frames (1160 sampled)...
        Processed 29500/97464 frames (1180 sampled)...
        Processed 30000/97464 frames (1200 sampled)...
        Processed 30500/97464 frames (1220 sampled)...
        Processed 31000/97464 frames (1240 sampled)...
        Processed 31500/97464 frames (1260 sampled)...
        Processed 32000/97464 frames (1280 sampled)...
        Processed 32500/97464 frames (1300 sampled)...
        Processed 33000/97464 frames (1320 sampled)...
        Processed 33500/97464 frames (1340 sampled)...
        Processed 34000/97464 frames (1360 sampled)...
        Processed 34500/97464 frames (1380 sampled)...
        Processed 35000/97464 frames (1400 sampled)...
        Processed 35500/97464 frames (1420 sampled)...
        Processed 36000/97464 frames (1440 sampled)...
        Processed 36500/97464 frames (1460 sampled)...
        Processed 37000/97464 frames (1480 sampled)...
        Processed 37500/97464 frames (1500 sampled)...
        Processed 38000/97464 frames (1520 sampled)...
        Processed 38500/97464 frames (1540 sampled)...
        Processed 39000/97464 frames (1560 sampled)...
        Processed 39500/97464 frames (1580 sampled)...
        Processed 40000/97464 frames (1600 sampled)...
        Processed 40500/97464 frames (1620 sampled)...
        Processed 41000/97464 frames (1640 sampled)...
        Processed 41500/97464 frames (1660 sampled)...
        Processed 42000/97464 frames (1680 sampled)...
        Processed 42500/97464 frames (1700 sampled)...
        Processed 43000/97464 frames (1720 sampled)...
        Processed 43500/97464 frames (1740 sampled)...
        Processed 44000/97464 frames (1760 sampled)...
        Processed 44500/97464 frames (1780 sampled)...
        Processed 45000/97464 frames (1800 sampled)...
        Processed 45500/97464 frames (1820 sampled)...
        Processed 46000/97464 frames (1840 sampled)...
        Processed 46500/97464 frames (1860 sampled)...
        Processed 47000/97464 frames (1880 sampled)...
        Processed 47500/97464 frames (1900 sampled)...
        Processed 48000/97464 frames (1920 sampled)...
        Processed 48500/97464 frames (1940 sampled)...
        Processed 49000/97464 frames (1960 sampled)...
        Processed 49500/97464 frames (1980 sampled)...
        Processed 50000/97464 frames (2000 sampled)...
        Processed 50500/97464 frames (2020 sampled)...
        Processed 51000/97464 frames (2040 sampled)...
        Processed 51500/97464 frames (2060 sampled)...
        Processed 52000/97464 frames (2080 sampled)...
        Processed 52500/97464 frames (2100 sampled)...
        Processed 53000/97464 frames (2120 sampled)...
        Processed 53500/97464 frames (2140 sampled)...
        Processed 54000/97464 frames (2160 sampled)...
        Processed 54500/97464 frames (2180 sampled)...
        Processed 55000/97464 frames (2200 sampled)...
        Processed 55500/97464 frames (2220 sampled)...
        Processed 56000/97464 frames (2240 sampled)...
        Processed 56500/97464 frames (2260 sampled)...
        Processed 57000/97464 frames (2280 sampled)...
        Processed 57500/97464 frames (2300 sampled)...
        Processed 58000/97464 frames (2320 sampled)...
        Processed 58500/97464 frames (2340 sampled)...
        Processed 59000/97464 frames (2360 sampled)...
        Processed 59500/97464 frames (2380 sampled)...
        Processed 60000/97464 frames (2400 sampled)...
        Processed 60500/97464 frames (2420 sampled)...
        Processed 61000/97464 frames (2440 sampled)...
        Processed 61500/97464 frames (2460 sampled)...
        Processed 62000/97464 frames (2480 sampled)...
        Processed 62500/97464 frames (2500 sampled)...
        Processed 63000/97464 frames (2520 sampled)...
        Processed 63500/97464 frames (2540 sampled)...
        Processed 64000/97464 frames (2560 sampled)...
        Processed 64500/97464 frames (2580 sampled)...
        Processed 65000/97464 frames (2600 sampled)...
        Processed 65500/97464 frames (2620 sampled)...
        Processed 66000/97464 frames (2640 sampled)...
        Processed 66500/97464 frames (2660 sampled)...
        Processed 67000/97464 frames (2680 sampled)...
        Processed 67500/97464 frames (2700 sampled)...
        Processed 68000/97464 frames (2720 sampled)...
        Processed 68500/97464 frames (2740 sampled)...
        Processed 69000/97464 frames (2760 sampled)...
        Processed 69500/97464 frames (2780 sampled)...
        Processed 70000/97464 frames (2800 sampled)...
        Processed 70500/97464 frames (2820 sampled)...
        Processed 71000/97464 frames (2840 sampled)...
        Processed 71500/97464 frames (2860 sampled)...
        Processed 72000/97464 frames (2880 sampled)...
        Processed 72500/97464 frames (2900 sampled)...
        Processed 73000/97464 frames (2920 sampled)...
        Processed 73500/97464 frames (2940 sampled)...
        Processed 74000/97464 frames (2960 sampled)...
        Processed 74500/97464 frames (2980 sampled)...
        Processed 75000/97464 frames (3000 sampled)...
        Processed 75500/97464 frames (3020 sampled)...
        Processed 76000/97464 frames (3040 sampled)...
        Processed 76500/97464 frames (3060 sampled)...
        Processed 77000/97464 frames (3080 sampled)...
        Processed 77500/97464 frames (3100 sampled)...
        Processed 78000/97464 frames (3120 sampled)...
        Processed 78500/97464 frames (3140 sampled)...
        Processed 79000/97464 frames (3160 sampled)...
        Processed 79500/97464 frames (3180 sampled)...
        Processed 80000/97464 frames (3200 sampled)...
        Processed 80500/97464 frames (3220 sampled)...
        Processed 81000/97464 frames (3240 sampled)...
        Processed 81500/97464 frames (3260 sampled)...
        Processed 82000/97464 frames (3280 sampled)...
        Processed 82500/97464 frames (3300 sampled)...
        Processed 83000/97464 frames (3320 sampled)...
        Processed 83500/97464 frames (3340 sampled)...
        Processed 84000/97464 frames (3360 sampled)...
        Processed 84500/97464 frames (3380 sampled)...
        Processed 85000/97464 frames (3400 sampled)...
        Processed 85500/97464 frames (3420 sampled)...
        Processed 86000/97464 frames (3440 sampled)...
        Processed 86500/97464 frames (3460 sampled)...
        Processed 87000/97464 frames (3480 sampled)...
        Processed 87500/97464 frames (3500 sampled)...
        Processed 88000/97464 frames (3520 sampled)...
        Processed 88500/97464 frames (3540 sampled)...
        Processed 89000/97464 frames (3560 sampled)...
        Processed 89500/97464 frames (3580 sampled)...
        Processed 90000/97464 frames (3600 sampled)...
        Processed 90500/97464 frames (3620 sampled)...
        Processed 91000/97464 frames (3640 sampled)...
        Processed 91500/97464 frames (3660 sampled)...
        Processed 92000/97464 frames (3680 sampled)...
        Processed 92500/97464 frames (3700 sampled)...
        Processed 93000/97464 frames (3720 sampled)...
        Processed 93500/97464 frames (3740 sampled)...
        Processed 94000/97464 frames (3760 sampled)...
        Processed 94500/97464 frames (3780 sampled)...
        Processed 95000/97464 frames (3800 sampled)...
        Processed 95500/97464 frames (3820 sampled)...
        Processed 96000/97464 frames (3840 sampled)...
        Processed 96500/97464 frames (3860 sampled)...
        Processed 97000/97464 frames (3880 sampled)...
      Total frames read: 97314
      Total frames sampled: 3893
      Converting frames to tensor and normalizing...
      Frames array shape: (3893, 224, 224, 3)
      Frames dtype: float32
      Extracting features using I3D model...
      Clip length: 16 frames
      Stride: 8 frames (50% overlap)
      Expected number of clips: 487
        Processed 10/487 clips...
        Processed 20/487 clips...
        Processed 30/487 clips...
        Processed 40/487 clips...
        Processed 50/487 clips...
        Processed 60/487 clips...
        Processed 70/487 clips...
        Processed 80/487 clips...
        Processed 90/487 clips...
        Processed 100/487 clips...
        Processed 110/487 clips...
        Processed 120/487 clips...
        Processed 130/487 clips...
        Processed 140/487 clips...
        Processed 150/487 clips...
        Processed 160/487 clips...
        Processed 170/487 clips...
        Processed 180/487 clips...
        Processed 190/487 clips...
        Processed 200/487 clips...
        Processed 210/487 clips...
        Processed 220/487 clips...
        Processed 230/487 clips...
        Processed 240/487 clips...
        Processed 250/487 clips...
        Processed 260/487 clips...
        Processed 270/487 clips...
        Processed 280/487 clips...
        Processed 290/487 clips...
        Processed 300/487 clips...
        Processed 310/487 clips...
        Processed 320/487 clips...
        Processed 330/487 clips...
        Processed 340/487 clips...
        Processed 350/487 clips...
        Processed 360/487 clips...
        Processed 370/487 clips...
        Processed 380/487 clips...
        Processed 390/487 clips...
        Processed 400/487 clips...
        Processed 410/487 clips...
        Processed 420/487 clips...
        Processed 430/487 clips...
        Processed 440/487 clips...
        Processed 450/487 clips...
        Processed 460/487 clips...
        Processed 470/487 clips...
        Processed 480/487 clips...
      Feature extraction complete!
      Final feature shape: (3888, 1024)
      Feature dtype: float32
[ID23]   Features extracted: (3888, 1024)
[ID23]   Feature dimension: 1024
[ID23]   Feature size: 15.19 MB
[ID23]   Saved to: /data-8tb/nvaci/dataset_Stanford/FACT_method/preprocessed_data/features/ID23.npy
[ID23] Step 3/3: Converting labels to frame-level...
[ID23]   Reading CSV: 25-021_ID23.csv
[ID23]   Video duration: 3898.56 seconds
      Reading CSV file: /data-8tb/nvaci/dataset_Stanford/raw/labels/25-021_ID23.csv
      CSV rows: 3840
      CSV columns: ['start_time', 'end_time', 'licking', 'shaking']
      Video duration: 3898.56s
      Target FPS: 1
      Total frames to generate: 3898
      Processing CSV rows...
        Row 133: 0:02:133-0:02:134 -> licking_shaking
        Row 139: 0:02:139-0:02:140 -> licking_shaking
        Row 141: 0:02:141-0:02:142 -> licking_shaking
      CSV processing complete:
        Segments with licking only: 1079
        Segments with shaking only: 38
        Segments with licking_shaking: 13
        Segments with background: 2710
[ID23]   Labels created: 3898 frames
[ID23]   Label distribution:
[ID23]     - background: 3384 frames (86.8%)
[ID23]     - licking: 343 frames (8.8%)
[ID23]     - licking_shaking: 13 frames (0.3%)
[ID23]     - shaking: 158 frames (4.1%)
[ID23]   WARNING: Length mismatch!
[ID23]     Features: 3888 frames
[ID23]     Labels: 3898 frames
Processing videos:  72%|███████▏  | 23/32 [09:52<03:59, 26.66s/it][ID23]     Trimming both to: 3888 frames
[ID23]     Updated feature file
[ID23]   Saved labels to: /data-8tb/nvaci/dataset_Stanford/FACT_method/preprocessed_data/groundTruth/ID23.txt
[ID23] ✓ SUCCESS - Video processed successfully

================================================================================
Processing video 24/32: ID24
================================================================================
[ID24] Found label file: 25-021_ID24.csv
[ID24] Step 1/3: Reading video file...
[ID24]   Video path: /data-8tb/nvaci/dataset_Stanford/raw/videos_cut/ID24.mp4
[ID24]   Video FPS: 25.00
[ID24]   Total frames: 96228
[ID24]   Duration: 3849.12 seconds
[ID24]   Target FPS: 1
[ID24]   Expected output frames: 3849
[ID24] Step 2/3: Extracting I3D features...
[ID24]   Using model: I3D
[ID24]   Clip length: 16 frames
      Opening video file...
      Original video FPS: 25.00
      Original total frames: 96228
      Sample rate: 1 every 25 frames
      Reading and sampling frames...
        Processed 500/96228 frames (20 sampled)...
        Processed 1000/96228 frames (40 sampled)...
        Processed 1500/96228 frames (60 sampled)...
        Processed 2000/96228 frames (80 sampled)...
        Processed 2500/96228 frames (100 sampled)...
        Processed 3000/96228 frames (120 sampled)...
        Processed 3500/96228 frames (140 sampled)...
        Processed 4000/96228 frames (160 sampled)...
        Processed 4500/96228 frames (180 sampled)...
        Processed 5000/96228 frames (200 sampled)...
        Processed 5500/96228 frames (220 sampled)...
        Processed 6000/96228 frames (240 sampled)...
        Processed 6500/96228 frames (260 sampled)...
        Processed 7000/96228 frames (280 sampled)...
        Processed 7500/96228 frames (300 sampled)...
        Processed 8000/96228 frames (320 sampled)...
        Processed 8500/96228 frames (340 sampled)...
        Processed 9000/96228 frames (360 sampled)...
        Processed 9500/96228 frames (380 sampled)...
        Processed 10000/96228 frames (400 sampled)...
        Processed 10500/96228 frames (420 sampled)...
        Processed 11000/96228 frames (440 sampled)...
        Processed 11500/96228 frames (460 sampled)...
        Processed 12000/96228 frames (480 sampled)...
        Processed 12500/96228 frames (500 sampled)...
        Processed 13000/96228 frames (520 sampled)...
        Processed 13500/96228 frames (540 sampled)...
        Processed 14000/96228 frames (560 sampled)...
        Processed 14500/96228 frames (580 sampled)...
        Processed 15000/96228 frames (600 sampled)...
        Processed 15500/96228 frames (620 sampled)...
        Processed 16000/96228 frames (640 sampled)...
        Processed 16500/96228 frames (660 sampled)...
        Processed 17000/96228 frames (680 sampled)...
        Processed 17500/96228 frames (700 sampled)...
        Processed 18000/96228 frames (720 sampled)...
        Processed 18500/96228 frames (740 sampled)...
        Processed 19000/96228 frames (760 sampled)...
        Processed 19500/96228 frames (780 sampled)...
        Processed 20000/96228 frames (800 sampled)...
        Processed 20500/96228 frames (820 sampled)...
        Processed 21000/96228 frames (840 sampled)...
        Processed 21500/96228 frames (860 sampled)...
        Processed 22000/96228 frames (880 sampled)...
        Processed 22500/96228 frames (900 sampled)...
        Processed 23000/96228 frames (920 sampled)...
        Processed 23500/96228 frames (940 sampled)...
        Processed 24000/96228 frames (960 sampled)...
        Processed 24500/96228 frames (980 sampled)...
        Processed 25000/96228 frames (1000 sampled)...
        Processed 25500/96228 frames (1020 sampled)...
        Processed 26000/96228 frames (1040 sampled)...
        Processed 26500/96228 frames (1060 sampled)...
        Processed 27000/96228 frames (1080 sampled)...
        Processed 27500/96228 frames (1100 sampled)...
        Processed 28000/96228 frames (1120 sampled)...
        Processed 28500/96228 frames (1140 sampled)...
        Processed 29000/96228 frames (1160 sampled)...
        Processed 29500/96228 frames (1180 sampled)...
        Processed 30000/96228 frames (1200 sampled)...
        Processed 30500/96228 frames (1220 sampled)...
        Processed 31000/96228 frames (1240 sampled)...
        Processed 31500/96228 frames (1260 sampled)...
        Processed 32000/96228 frames (1280 sampled)...
        Processed 32500/96228 frames (1300 sampled)...
        Processed 33000/96228 frames (1320 sampled)...
        Processed 33500/96228 frames (1340 sampled)...
        Processed 34000/96228 frames (1360 sampled)...
        Processed 34500/96228 frames (1380 sampled)...
        Processed 35000/96228 frames (1400 sampled)...
        Processed 35500/96228 frames (1420 sampled)...
        Processed 36000/96228 frames (1440 sampled)...
        Processed 36500/96228 frames (1460 sampled)...
        Processed 37000/96228 frames (1480 sampled)...
        Processed 37500/96228 frames (1500 sampled)...
        Processed 38000/96228 frames (1520 sampled)...
        Processed 38500/96228 frames (1540 sampled)...
        Processed 39000/96228 frames (1560 sampled)...
        Processed 39500/96228 frames (1580 sampled)...
        Processed 40000/96228 frames (1600 sampled)...
        Processed 40500/96228 frames (1620 sampled)...
        Processed 41000/96228 frames (1640 sampled)...
        Processed 41500/96228 frames (1660 sampled)...
        Processed 42000/96228 frames (1680 sampled)...
        Processed 42500/96228 frames (1700 sampled)...
        Processed 43000/96228 frames (1720 sampled)...
        Processed 43500/96228 frames (1740 sampled)...
        Processed 44000/96228 frames (1760 sampled)...
        Processed 44500/96228 frames (1780 sampled)...
        Processed 45000/96228 frames (1800 sampled)...
        Processed 45500/96228 frames (1820 sampled)...
        Processed 46000/96228 frames (1840 sampled)...
        Processed 46500/96228 frames (1860 sampled)...
        Processed 47000/96228 frames (1880 sampled)...
        Processed 47500/96228 frames (1900 sampled)...
        Processed 48000/96228 frames (1920 sampled)...
        Processed 48500/96228 frames (1940 sampled)...
        Processed 49000/96228 frames (1960 sampled)...
        Processed 49500/96228 frames (1980 sampled)...
        Processed 50000/96228 frames (2000 sampled)...
        Processed 50500/96228 frames (2020 sampled)...
        Processed 51000/96228 frames (2040 sampled)...
        Processed 51500/96228 frames (2060 sampled)...
        Processed 52000/96228 frames (2080 sampled)...
        Processed 52500/96228 frames (2100 sampled)...
        Processed 53000/96228 frames (2120 sampled)...
        Processed 53500/96228 frames (2140 sampled)...
        Processed 54000/96228 frames (2160 sampled)...
        Processed 54500/96228 frames (2180 sampled)...
        Processed 55000/96228 frames (2200 sampled)...
        Processed 55500/96228 frames (2220 sampled)...
        Processed 56000/96228 frames (2240 sampled)...
        Processed 56500/96228 frames (2260 sampled)...
        Processed 57000/96228 frames (2280 sampled)...
        Processed 57500/96228 frames (2300 sampled)...
        Processed 58000/96228 frames (2320 sampled)...
        Processed 58500/96228 frames (2340 sampled)...
        Processed 59000/96228 frames (2360 sampled)...
        Processed 59500/96228 frames (2380 sampled)...
        Processed 60000/96228 frames (2400 sampled)...
        Processed 60500/96228 frames (2420 sampled)...
        Processed 61000/96228 frames (2440 sampled)...
        Processed 61500/96228 frames (2460 sampled)...
        Processed 62000/96228 frames (2480 sampled)...
        Processed 62500/96228 frames (2500 sampled)...
        Processed 63000/96228 frames (2520 sampled)...
        Processed 63500/96228 frames (2540 sampled)...
        Processed 64000/96228 frames (2560 sampled)...
        Processed 64500/96228 frames (2580 sampled)...
        Processed 65000/96228 frames (2600 sampled)...
        Processed 65500/96228 frames (2620 sampled)...
        Processed 66000/96228 frames (2640 sampled)...
Processing videos:  75%|███████▌  | 24/32 [10:19<03:33, 26.75s/it]        Processed 66500/96228 frames (2660 sampled)...
        Processed 67000/96228 frames (2680 sampled)...
        Processed 67500/96228 frames (2700 sampled)...
        Processed 68000/96228 frames (2720 sampled)...
        Processed 68500/96228 frames (2740 sampled)...
        Processed 69000/96228 frames (2760 sampled)...
        Processed 69500/96228 frames (2780 sampled)...
        Processed 70000/96228 frames (2800 sampled)...
        Processed 70500/96228 frames (2820 sampled)...
        Processed 71000/96228 frames (2840 sampled)...
        Processed 71500/96228 frames (2860 sampled)...
        Processed 72000/96228 frames (2880 sampled)...
        Processed 72500/96228 frames (2900 sampled)...
        Processed 73000/96228 frames (2920 sampled)...
        Processed 73500/96228 frames (2940 sampled)...
        Processed 74000/96228 frames (2960 sampled)...
        Processed 74500/96228 frames (2980 sampled)...
        Processed 75000/96228 frames (3000 sampled)...
        Processed 75500/96228 frames (3020 sampled)...
        Processed 76000/96228 frames (3040 sampled)...
        Processed 76500/96228 frames (3060 sampled)...
        Processed 77000/96228 frames (3080 sampled)...
        Processed 77500/96228 frames (3100 sampled)...
        Processed 78000/96228 frames (3120 sampled)...
        Processed 78500/96228 frames (3140 sampled)...
        Processed 79000/96228 frames (3160 sampled)...
        Processed 79500/96228 frames (3180 sampled)...
        Processed 80000/96228 frames (3200 sampled)...
        Processed 80500/96228 frames (3220 sampled)...
        Processed 81000/96228 frames (3240 sampled)...
        Processed 81500/96228 frames (3260 sampled)...
        Processed 82000/96228 frames (3280 sampled)...
        Processed 82500/96228 frames (3300 sampled)...
        Processed 83000/96228 frames (3320 sampled)...
        Processed 83500/96228 frames (3340 sampled)...
        Processed 84000/96228 frames (3360 sampled)...
        Processed 84500/96228 frames (3380 sampled)...
        Processed 85000/96228 frames (3400 sampled)...
        Processed 85500/96228 frames (3420 sampled)...
        Processed 86000/96228 frames (3440 sampled)...
        Processed 86500/96228 frames (3460 sampled)...
        Processed 87000/96228 frames (3480 sampled)...
        Processed 87500/96228 frames (3500 sampled)...
        Processed 88000/96228 frames (3520 sampled)...
        Processed 88500/96228 frames (3540 sampled)...
        Processed 89000/96228 frames (3560 sampled)...
        Processed 89500/96228 frames (3580 sampled)...
        Processed 90000/96228 frames (3600 sampled)...
        Processed 90500/96228 frames (3620 sampled)...
        Processed 91000/96228 frames (3640 sampled)...
        Processed 91500/96228 frames (3660 sampled)...
        Processed 92000/96228 frames (3680 sampled)...
        Processed 92500/96228 frames (3700 sampled)...
        Processed 93000/96228 frames (3720 sampled)...
        Processed 93500/96228 frames (3740 sampled)...
        Processed 94000/96228 frames (3760 sampled)...
        Processed 94500/96228 frames (3780 sampled)...
        Processed 95000/96228 frames (3800 sampled)...
        Processed 95500/96228 frames (3820 sampled)...
        Processed 96000/96228 frames (3840 sampled)...
      Total frames read: 96139
      Total frames sampled: 3846
      Converting frames to tensor and normalizing...
      Frames array shape: (3846, 224, 224, 3)
      Frames dtype: float32
      Extracting features using I3D model...
      Clip length: 16 frames
      Stride: 8 frames (50% overlap)
      Expected number of clips: 481
        Processed 10/481 clips...
        Processed 20/481 clips...
        Processed 30/481 clips...
        Processed 40/481 clips...
        Processed 50/481 clips...
        Processed 60/481 clips...
        Processed 70/481 clips...
        Processed 80/481 clips...
        Processed 90/481 clips...
        Processed 100/481 clips...
        Processed 110/481 clips...
        Processed 120/481 clips...
        Processed 130/481 clips...
        Processed 140/481 clips...
        Processed 150/481 clips...
        Processed 160/481 clips...
        Processed 170/481 clips...
        Processed 180/481 clips...
        Processed 190/481 clips...
        Processed 200/481 clips...
        Processed 210/481 clips...
        Processed 220/481 clips...
        Processed 230/481 clips...
        Processed 240/481 clips...
        Processed 250/481 clips...
        Processed 260/481 clips...
        Processed 270/481 clips...
        Processed 280/481 clips...
        Processed 290/481 clips...
        Processed 300/481 clips...
        Processed 310/481 clips...
        Processed 320/481 clips...
        Processed 330/481 clips...
        Processed 340/481 clips...
        Processed 350/481 clips...
        Processed 360/481 clips...
        Processed 370/481 clips...
        Processed 380/481 clips...
        Processed 390/481 clips...
        Processed 400/481 clips...
        Processed 410/481 clips...
        Processed 420/481 clips...
        Processed 430/481 clips...
        Processed 440/481 clips...
        Processed 450/481 clips...
        Processed 460/481 clips...
        Processed 470/481 clips...
        Processed 480/481 clips...
      Feature extraction complete!
      Final feature shape: (3840, 1024)
      Feature dtype: float32
[ID24]   Features extracted: (3840, 1024)
[ID24]   Feature dimension: 1024
[ID24]   Feature size: 15.00 MB
[ID24]   Saved to: /data-8tb/nvaci/dataset_Stanford/FACT_method/preprocessed_data/features/ID24.npy
[ID24] Step 3/3: Converting labels to frame-level...
[ID24]   Reading CSV: 25-021_ID24.csv
[ID24]   Video duration: 3849.12 seconds
      Reading CSV file: /data-8tb/nvaci/dataset_Stanford/raw/labels/25-021_ID24.csv
      CSV rows: 3840
      CSV columns: ['start_time', 'end_time', 'licking', 'shaking']
      Video duration: 3849.12s
      Target FPS: 1
      Total frames to generate: 3849
      Processing CSV rows...
        Row 150: 0:02:150-0:02:151 -> licking_shaking
        Row 151: 0:02:151-0:02:152 -> licking_shaking
        Row 152: 0:02:152-0:02:153 -> licking_shaking
      CSV processing complete:
        Segments with licking only: 839
        Segments with shaking only: 20
        Segments with licking_shaking: 12
        Segments with background: 2969
[ID24]   Labels created: 3849 frames
[ID24]   Label distribution:
[ID24]     - background: 2882 frames (74.9%)
[ID24]     - licking: 935 frames (24.3%)
[ID24]     - licking_shaking: 12 frames (0.3%)
[ID24]     - shaking: 20 frames (0.5%)
[ID24]   WARNING: Length mismatch!
[ID24]     Features: 3840 frames
[ID24]     Labels: 3849 frames
[ID24]     Trimming both to: 3840 frames
[ID24]     Updated feature file
[ID24]   Saved labels to: /data-8tb/nvaci/dataset_Stanford/FACT_method/preprocessed_data/groundTruth/ID24.txt
[ID24] ✓ SUCCESS - Video processed successfully

================================================================================
Processing video 25/32: ID25
================================================================================
[ID25] Found label file: 25-021_ID25.csv
[ID25] Step 1/3: Reading video file...
[ID25]   Video path: /data-8tb/nvaci/dataset_Stanford/raw/videos_cut/ID25.mp4
[ID25]   Video FPS: 25.00
[ID25]   Total frames: 100409
[ID25]   Duration: 4016.36 seconds
[ID25]   Target FPS: 1
[ID25]   Expected output frames: 4016
[ID25] Step 2/3: Extracting I3D features...
[ID25]   Using model: I3D
[ID25]   Clip length: 16 frames
      Opening video file...
      Original video FPS: 25.00
      Original total frames: 100409
      Sample rate: 1 every 25 frames
      Reading and sampling frames...
        Processed 500/100409 frames (20 sampled)...
        Processed 1000/100409 frames (40 sampled)...
        Processed 1500/100409 frames (60 sampled)...
        Processed 2000/100409 frames (80 sampled)...
        Processed 2500/100409 frames (100 sampled)...
        Processed 3000/100409 frames (120 sampled)...
        Processed 3500/100409 frames (140 sampled)...
        Processed 4000/100409 frames (160 sampled)...
        Processed 4500/100409 frames (180 sampled)...
        Processed 5000/100409 frames (200 sampled)...
        Processed 5500/100409 frames (220 sampled)...
        Processed 6000/100409 frames (240 sampled)...
        Processed 6500/100409 frames (260 sampled)...
        Processed 7000/100409 frames (280 sampled)...
        Processed 7500/100409 frames (300 sampled)...
        Processed 8000/100409 frames (320 sampled)...
        Processed 8500/100409 frames (340 sampled)...
        Processed 9000/100409 frames (360 sampled)...
        Processed 9500/100409 frames (380 sampled)...
        Processed 10000/100409 frames (400 sampled)...
        Processed 10500/100409 frames (420 sampled)...
        Processed 11000/100409 frames (440 sampled)...
        Processed 11500/100409 frames (460 sampled)...
        Processed 12000/100409 frames (480 sampled)...
        Processed 12500/100409 frames (500 sampled)...
        Processed 13000/100409 frames (520 sampled)...
        Processed 13500/100409 frames (540 sampled)...
        Processed 14000/100409 frames (560 sampled)...
        Processed 14500/100409 frames (580 sampled)...
        Processed 15000/100409 frames (600 sampled)...
        Processed 15500/100409 frames (620 sampled)...
        Processed 16000/100409 frames (640 sampled)...
        Processed 16500/100409 frames (660 sampled)...
        Processed 17000/100409 frames (680 sampled)...
        Processed 17500/100409 frames (700 sampled)...
        Processed 18000/100409 frames (720 sampled)...
        Processed 18500/100409 frames (740 sampled)...
        Processed 19000/100409 frames (760 sampled)...
        Processed 19500/100409 frames (780 sampled)...
        Processed 20000/100409 frames (800 sampled)...
        Processed 20500/100409 frames (820 sampled)...
        Processed 21000/100409 frames (840 sampled)...
        Processed 21500/100409 frames (860 sampled)...
        Processed 22000/100409 frames (880 sampled)...
        Processed 22500/100409 frames (900 sampled)...
        Processed 23000/100409 frames (920 sampled)...
        Processed 23500/100409 frames (940 sampled)...
        Processed 24000/100409 frames (960 sampled)...
        Processed 24500/100409 frames (980 sampled)...
        Processed 25000/100409 frames (1000 sampled)...
        Processed 25500/100409 frames (1020 sampled)...
        Processed 26000/100409 frames (1040 sampled)...
        Processed 26500/100409 frames (1060 sampled)...
        Processed 27000/100409 frames (1080 sampled)...
        Processed 27500/100409 frames (1100 sampled)...
        Processed 28000/100409 frames (1120 sampled)...
        Processed 28500/100409 frames (1140 sampled)...
        Processed 29000/100409 frames (1160 sampled)...
        Processed 29500/100409 frames (1180 sampled)...
        Processed 30000/100409 frames (1200 sampled)...
        Processed 30500/100409 frames (1220 sampled)...
        Processed 31000/100409 frames (1240 sampled)...
        Processed 31500/100409 frames (1260 sampled)...
        Processed 32000/100409 frames (1280 sampled)...
        Processed 32500/100409 frames (1300 sampled)...
        Processed 33000/100409 frames (1320 sampled)...
        Processed 33500/100409 frames (1340 sampled)...
        Processed 34000/100409 frames (1360 sampled)...
        Processed 34500/100409 frames (1380 sampled)...
        Processed 35000/100409 frames (1400 sampled)...
        Processed 35500/100409 frames (1420 sampled)...
        Processed 36000/100409 frames (1440 sampled)...
        Processed 36500/100409 frames (1460 sampled)...
        Processed 37000/100409 frames (1480 sampled)...
        Processed 37500/100409 frames (1500 sampled)...
        Processed 38000/100409 frames (1520 sampled)...
        Processed 38500/100409 frames (1540 sampled)...
        Processed 39000/100409 frames (1560 sampled)...
        Processed 39500/100409 frames (1580 sampled)...
        Processed 40000/100409 frames (1600 sampled)...
        Processed 40500/100409 frames (1620 sampled)...
        Processed 41000/100409 frames (1640 sampled)...
        Processed 41500/100409 frames (1660 sampled)...
        Processed 42000/100409 frames (1680 sampled)...
        Processed 42500/100409 frames (1700 sampled)...
        Processed 43000/100409 frames (1720 sampled)...
        Processed 43500/100409 frames (1740 sampled)...
        Processed 44000/100409 frames (1760 sampled)...
        Processed 44500/100409 frames (1780 sampled)...
        Processed 45000/100409 frames (1800 sampled)...
        Processed 45500/100409 frames (1820 sampled)...
        Processed 46000/100409 frames (1840 sampled)...
        Processed 46500/100409 frames (1860 sampled)...
        Processed 47000/100409 frames (1880 sampled)...
        Processed 47500/100409 frames (1900 sampled)...
        Processed 48000/100409 frames (1920 sampled)...
        Processed 48500/100409 frames (1940 sampled)...
        Processed 49000/100409 frames (1960 sampled)...
        Processed 49500/100409 frames (1980 sampled)...
        Processed 50000/100409 frames (2000 sampled)...
        Processed 50500/100409 frames (2020 sampled)...
        Processed 51000/100409 frames (2040 sampled)...
        Processed 51500/100409 frames (2060 sampled)...
        Processed 52000/100409 frames (2080 sampled)...
        Processed 52500/100409 frames (2100 sampled)...
        Processed 53000/100409 frames (2120 sampled)...
        Processed 53500/100409 frames (2140 sampled)...
        Processed 54000/100409 frames (2160 sampled)...
        Processed 54500/100409 frames (2180 sampled)...
        Processed 55000/100409 frames (2200 sampled)...
        Processed 55500/100409 frames (2220 sampled)...
        Processed 56000/100409 frames (2240 sampled)...
        Processed 56500/100409 frames (2260 sampled)...
        Processed 57000/100409 frames (2280 sampled)...
        Processed 57500/100409 frames (2300 sampled)...
        Processed 58000/100409 frames (2320 sampled)...
        Processed 58500/100409 frames (2340 sampled)...
        Processed 59000/100409 frames (2360 sampled)...
        Processed 59500/100409 frames (2380 sampled)...
        Processed 60000/100409 frames (2400 sampled)...
        Processed 60500/100409 frames (2420 sampled)...
        Processed 61000/100409 frames (2440 sampled)...
        Processed 61500/100409 frames (2460 sampled)...
        Processed 62000/100409 frames (2480 sampled)...
        Processed 62500/100409 frames (2500 sampled)...
        Processed 63000/100409 frames (2520 sampled)...
        Processed 63500/100409 frames (2540 sampled)...
        Processed 64000/100409 frames (2560 sampled)...
        Processed 64500/100409 frames (2580 sampled)...
        Processed 65000/100409 frames (2600 sampled)...
        Processed 65500/100409 frames (2620 sampled)...
        Processed 66000/100409 frames (2640 sampled)...
        Processed 66500/100409 frames (2660 sampled)...
        Processed 67000/100409 frames (2680 sampled)...
        Processed 67500/100409 frames (2700 sampled)...
        Processed 68000/100409 frames (2720 sampled)...
        Processed 68500/100409 frames (2740 sampled)...
        Processed 69000/100409 frames (2760 sampled)...
        Processed 69500/100409 frames (2780 sampled)...
        Processed 70000/100409 frames (2800 sampled)...
        Processed 70500/100409 frames (2820 sampled)...
        Processed 71000/100409 frames (2840 sampled)...
        Processed 71500/100409 frames (2860 sampled)...
        Processed 72000/100409 frames (2880 sampled)...
        Processed 72500/100409 frames (2900 sampled)...
        Processed 73000/100409 frames (2920 sampled)...
        Processed 73500/100409 frames (2940 sampled)...
        Processed 74000/100409 frames (2960 sampled)...
        Processed 74500/100409 frames (2980 sampled)...
        Processed 75000/100409 frames (3000 sampled)...
        Processed 75500/100409 frames (3020 sampled)...
        Processed 76000/100409 frames (3040 sampled)...
        Processed 76500/100409 frames (3060 sampled)...
        Processed 77000/100409 frames (3080 sampled)...
        Processed 77500/100409 frames (3100 sampled)...
Processing videos:  78%|███████▊  | 25/32 [10:52<03:19, 28.46s/it]        Processed 78000/100409 frames (3120 sampled)...
        Processed 78500/100409 frames (3140 sampled)...
        Processed 79000/100409 frames (3160 sampled)...
        Processed 79500/100409 frames (3180 sampled)...
        Processed 80000/100409 frames (3200 sampled)...
        Processed 80500/100409 frames (3220 sampled)...
        Processed 81000/100409 frames (3240 sampled)...
        Processed 81500/100409 frames (3260 sampled)...
        Processed 82000/100409 frames (3280 sampled)...
        Processed 82500/100409 frames (3300 sampled)...
        Processed 83000/100409 frames (3320 sampled)...
        Processed 83500/100409 frames (3340 sampled)...
        Processed 84000/100409 frames (3360 sampled)...
        Processed 84500/100409 frames (3380 sampled)...
        Processed 85000/100409 frames (3400 sampled)...
        Processed 85500/100409 frames (3420 sampled)...
        Processed 86000/100409 frames (3440 sampled)...
        Processed 86500/100409 frames (3460 sampled)...
        Processed 87000/100409 frames (3480 sampled)...
        Processed 87500/100409 frames (3500 sampled)...
        Processed 88000/100409 frames (3520 sampled)...
        Processed 88500/100409 frames (3540 sampled)...
        Processed 89000/100409 frames (3560 sampled)...
        Processed 89500/100409 frames (3580 sampled)...
        Processed 90000/100409 frames (3600 sampled)...
        Processed 90500/100409 frames (3620 sampled)...
        Processed 91000/100409 frames (3640 sampled)...
        Processed 91500/100409 frames (3660 sampled)...
        Processed 92000/100409 frames (3680 sampled)...
        Processed 92500/100409 frames (3700 sampled)...
        Processed 93000/100409 frames (3720 sampled)...
        Processed 93500/100409 frames (3740 sampled)...
        Processed 94000/100409 frames (3760 sampled)...
        Processed 94500/100409 frames (3780 sampled)...
        Processed 95000/100409 frames (3800 sampled)...
        Processed 95500/100409 frames (3820 sampled)...
        Processed 96000/100409 frames (3840 sampled)...
        Processed 96500/100409 frames (3860 sampled)...
        Processed 97000/100409 frames (3880 sampled)...
        Processed 97500/100409 frames (3900 sampled)...
        Processed 98000/100409 frames (3920 sampled)...
        Processed 98500/100409 frames (3940 sampled)...
        Processed 99000/100409 frames (3960 sampled)...
        Processed 99500/100409 frames (3980 sampled)...
        Processed 100000/100409 frames (4000 sampled)...
      Total frames read: 100284
      Total frames sampled: 4012
      Converting frames to tensor and normalizing...
      Frames array shape: (4012, 224, 224, 3)
      Frames dtype: float32
      Extracting features using I3D model...
      Clip length: 16 frames
      Stride: 8 frames (50% overlap)
      Expected number of clips: 502
        Processed 10/502 clips...
        Processed 20/502 clips...
        Processed 30/502 clips...
        Processed 40/502 clips...
        Processed 50/502 clips...
        Processed 60/502 clips...
        Processed 70/502 clips...
        Processed 80/502 clips...
        Processed 90/502 clips...
        Processed 100/502 clips...
        Processed 110/502 clips...
        Processed 120/502 clips...
        Processed 130/502 clips...
        Processed 140/502 clips...
        Processed 150/502 clips...
        Processed 160/502 clips...
        Processed 170/502 clips...
        Processed 180/502 clips...
        Processed 190/502 clips...
        Processed 200/502 clips...
        Processed 210/502 clips...
        Processed 220/502 clips...
        Processed 230/502 clips...
        Processed 240/502 clips...
        Processed 250/502 clips...
        Processed 260/502 clips...
        Processed 270/502 clips...
        Processed 280/502 clips...
        Processed 290/502 clips...
        Processed 300/502 clips...
        Processed 310/502 clips...
        Processed 320/502 clips...
        Processed 330/502 clips...
        Processed 340/502 clips...
        Processed 350/502 clips...
        Processed 360/502 clips...
        Processed 370/502 clips...
        Processed 380/502 clips...
        Processed 390/502 clips...
        Processed 400/502 clips...
        Processed 410/502 clips...
        Processed 420/502 clips...
        Processed 430/502 clips...
        Processed 440/502 clips...
        Processed 450/502 clips...
        Processed 460/502 clips...
        Processed 470/502 clips...
        Processed 480/502 clips...
        Processed 490/502 clips...
        Processed 500/502 clips...
      Feature extraction complete!
      Final feature shape: (4008, 1024)
      Feature dtype: float32
[ID25]   Features extracted: (4008, 1024)
[ID25]   Feature dimension: 1024
[ID25]   Feature size: 15.66 MB
[ID25]   Saved to: /data-8tb/nvaci/dataset_Stanford/FACT_method/preprocessed_data/features/ID25.npy
[ID25] Step 3/3: Converting labels to frame-level...
[ID25]   Reading CSV: 25-021_ID25.csv
[ID25]   Video duration: 4016.36 seconds
      Reading CSV file: /data-8tb/nvaci/dataset_Stanford/raw/labels/25-021_ID25.csv
      CSV rows: 3840
      CSV columns: ['start_time', 'end_time', 'licking', 'shaking']
      Video duration: 4016.36s
      Target FPS: 1
      Total frames to generate: 4016
      Processing CSV rows...
        Row 19: 0:00:19-0:00:20 -> licking_shaking
        Row 27: 0:00:27-0:00:28 -> licking_shaking
        Row 46: 0:00:46-0:00:47 -> licking_shaking
      CSV processing complete:
        Segments with licking only: 432
        Segments with shaking only: 20
        Segments with licking_shaking: 5
        Segments with background: 3383
[ID25]   Labels created: 4016 frames
[ID25]   Label distribution:
[ID25]     - background: 3639 frames (90.6%)
[ID25]     - licking: 352 frames (8.8%)
[ID25]     - licking_shaking: 5 frames (0.1%)
[ID25]     - shaking: 20 frames (0.5%)
[ID25]   WARNING: Length mismatch!
[ID25]     Features: 4008 frames
[ID25]     Labels: 4016 frames
[ID25]     Trimming both to: 4008 frames
[ID25]     Updated feature file
[ID25]   Saved labels to: /data-8tb/nvaci/dataset_Stanford/FACT_method/preprocessed_data/groundTruth/ID25.txt
[ID25] ✓ SUCCESS - Video processed successfully

================================================================================
Processing video 26/32: ID26
================================================================================
[ID26] Found label file: 25-021_ID26.csv
[ID26] Step 1/3: Reading video file...
[ID26]   Video path: /data-8tb/nvaci/dataset_Stanford/raw/videos_cut/ID26.mp4
[ID26]   Video FPS: 25.00
[ID26]   Total frames: 99659
[ID26]   Duration: 3986.36 seconds
[ID26]   Target FPS: 1
[ID26]   Expected output frames: 3986
[ID26] Step 2/3: Extracting I3D features...
[ID26]   Using model: I3D
[ID26]   Clip length: 16 frames
      Opening video file...
      Original video FPS: 25.00
      Original total frames: 99659
      Sample rate: 1 every 25 frames
      Reading and sampling frames...
        Processed 500/99659 frames (20 sampled)...
        Processed 1000/99659 frames (40 sampled)...
        Processed 1500/99659 frames (60 sampled)...
        Processed 2000/99659 frames (80 sampled)...
        Processed 2500/99659 frames (100 sampled)...
        Processed 3000/99659 frames (120 sampled)...
        Processed 3500/99659 frames (140 sampled)...
        Processed 4000/99659 frames (160 sampled)...
        Processed 4500/99659 frames (180 sampled)...
        Processed 5000/99659 frames (200 sampled)...
        Processed 5500/99659 frames (220 sampled)...
        Processed 6000/99659 frames (240 sampled)...
        Processed 6500/99659 frames (260 sampled)...
        Processed 7000/99659 frames (280 sampled)...
        Processed 7500/99659 frames (300 sampled)...
        Processed 8000/99659 frames (320 sampled)...
        Processed 8500/99659 frames (340 sampled)...
        Processed 9000/99659 frames (360 sampled)...
        Processed 9500/99659 frames (380 sampled)...
        Processed 10000/99659 frames (400 sampled)...
        Processed 10500/99659 frames (420 sampled)...
        Processed 11000/99659 frames (440 sampled)...
        Processed 11500/99659 frames (460 sampled)...
        Processed 12000/99659 frames (480 sampled)...
        Processed 12500/99659 frames (500 sampled)...
        Processed 13000/99659 frames (520 sampled)...
        Processed 13500/99659 frames (540 sampled)...
        Processed 14000/99659 frames (560 sampled)...
        Processed 14500/99659 frames (580 sampled)...
        Processed 15000/99659 frames (600 sampled)...
        Processed 15500/99659 frames (620 sampled)...
        Processed 16000/99659 frames (640 sampled)...
        Processed 16500/99659 frames (660 sampled)...
        Processed 17000/99659 frames (680 sampled)...
        Processed 17500/99659 frames (700 sampled)...
        Processed 18000/99659 frames (720 sampled)...
        Processed 18500/99659 frames (740 sampled)...
        Processed 19000/99659 frames (760 sampled)...
        Processed 19500/99659 frames (780 sampled)...
        Processed 20000/99659 frames (800 sampled)...
        Processed 20500/99659 frames (820 sampled)...
        Processed 21000/99659 frames (840 sampled)...
        Processed 21500/99659 frames (860 sampled)...
        Processed 22000/99659 frames (880 sampled)...
        Processed 22500/99659 frames (900 sampled)...
        Processed 23000/99659 frames (920 sampled)...
        Processed 23500/99659 frames (940 sampled)...
        Processed 24000/99659 frames (960 sampled)...
        Processed 24500/99659 frames (980 sampled)...
        Processed 25000/99659 frames (1000 sampled)...
        Processed 25500/99659 frames (1020 sampled)...
        Processed 26000/99659 frames (1040 sampled)...
        Processed 26500/99659 frames (1060 sampled)...
        Processed 27000/99659 frames (1080 sampled)...
        Processed 27500/99659 frames (1100 sampled)...
        Processed 28000/99659 frames (1120 sampled)...
        Processed 28500/99659 frames (1140 sampled)...
        Processed 29000/99659 frames (1160 sampled)...
        Processed 29500/99659 frames (1180 sampled)...
        Processed 30000/99659 frames (1200 sampled)...
        Processed 30500/99659 frames (1220 sampled)...
        Processed 31000/99659 frames (1240 sampled)...
        Processed 31500/99659 frames (1260 sampled)...
        Processed 32000/99659 frames (1280 sampled)...
        Processed 32500/99659 frames (1300 sampled)...
        Processed 33000/99659 frames (1320 sampled)...
        Processed 33500/99659 frames (1340 sampled)...
        Processed 34000/99659 frames (1360 sampled)...
        Processed 34500/99659 frames (1380 sampled)...
        Processed 35000/99659 frames (1400 sampled)...
        Processed 35500/99659 frames (1420 sampled)...
        Processed 36000/99659 frames (1440 sampled)...
        Processed 36500/99659 frames (1460 sampled)...
        Processed 37000/99659 frames (1480 sampled)...
        Processed 37500/99659 frames (1500 sampled)...
        Processed 38000/99659 frames (1520 sampled)...
        Processed 38500/99659 frames (1540 sampled)...
        Processed 39000/99659 frames (1560 sampled)...
        Processed 39500/99659 frames (1580 sampled)...
        Processed 40000/99659 frames (1600 sampled)...
        Processed 40500/99659 frames (1620 sampled)...
        Processed 41000/99659 frames (1640 sampled)...
        Processed 41500/99659 frames (1660 sampled)...
        Processed 42000/99659 frames (1680 sampled)...
        Processed 42500/99659 frames (1700 sampled)...
        Processed 43000/99659 frames (1720 sampled)...
        Processed 43500/99659 frames (1740 sampled)...
        Processed 44000/99659 frames (1760 sampled)...
        Processed 44500/99659 frames (1780 sampled)...
        Processed 45000/99659 frames (1800 sampled)...
        Processed 45500/99659 frames (1820 sampled)...
        Processed 46000/99659 frames (1840 sampled)...
        Processed 46500/99659 frames (1860 sampled)...
        Processed 47000/99659 frames (1880 sampled)...
        Processed 47500/99659 frames (1900 sampled)...
        Processed 48000/99659 frames (1920 sampled)...
        Processed 48500/99659 frames (1940 sampled)...
        Processed 49000/99659 frames (1960 sampled)...
        Processed 49500/99659 frames (1980 sampled)...
        Processed 50000/99659 frames (2000 sampled)...
        Processed 50500/99659 frames (2020 sampled)...
        Processed 51000/99659 frames (2040 sampled)...
        Processed 51500/99659 frames (2060 sampled)...
        Processed 52000/99659 frames (2080 sampled)...
        Processed 52500/99659 frames (2100 sampled)...
        Processed 53000/99659 frames (2120 sampled)...
        Processed 53500/99659 frames (2140 sampled)...
        Processed 54000/99659 frames (2160 sampled)...
        Processed 54500/99659 frames (2180 sampled)...
        Processed 55000/99659 frames (2200 sampled)...
        Processed 55500/99659 frames (2220 sampled)...
        Processed 56000/99659 frames (2240 sampled)...
        Processed 56500/99659 frames (2260 sampled)...
        Processed 57000/99659 frames (2280 sampled)...
        Processed 57500/99659 frames (2300 sampled)...
        Processed 58000/99659 frames (2320 sampled)...
        Processed 58500/99659 frames (2340 sampled)...
        Processed 59000/99659 frames (2360 sampled)...
        Processed 59500/99659 frames (2380 sampled)...
        Processed 60000/99659 frames (2400 sampled)...
        Processed 60500/99659 frames (2420 sampled)...
        Processed 61000/99659 frames (2440 sampled)...
        Processed 61500/99659 frames (2460 sampled)...
        Processed 62000/99659 frames (2480 sampled)...
        Processed 62500/99659 frames (2500 sampled)...
        Processed 63000/99659 frames (2520 sampled)...
        Processed 63500/99659 frames (2540 sampled)...
        Processed 64000/99659 frames (2560 sampled)...
        Processed 64500/99659 frames (2580 sampled)...
        Processed 65000/99659 frames (2600 sampled)...
        Processed 65500/99659 frames (2620 sampled)...
        Processed 66000/99659 frames (2640 sampled)...
        Processed 66500/99659 frames (2660 sampled)...
        Processed 67000/99659 frames (2680 sampled)...
        Processed 67500/99659 frames (2700 sampled)...
        Processed 68000/99659 frames (2720 sampled)...
        Processed 68500/99659 frames (2740 sampled)...
        Processed 69000/99659 frames (2760 sampled)...
        Processed 69500/99659 frames (2780 sampled)...
        Processed 70000/99659 frames (2800 sampled)...
        Processed 70500/99659 frames (2820 sampled)...
        Processed 71000/99659 frames (2840 sampled)...
        Processed 71500/99659 frames (2860 sampled)...
        Processed 72000/99659 frames (2880 sampled)...
        Processed 72500/99659 frames (2900 sampled)...
        Processed 73000/99659 frames (2920 sampled)...
        Processed 73500/99659 frames (2940 sampled)...
        Processed 74000/99659 frames (2960 sampled)...
        Processed 74500/99659 frames (2980 sampled)...
        Processed 75000/99659 frames (3000 sampled)...
        Processed 75500/99659 frames (3020 sampled)...
        Processed 76000/99659 frames (3040 sampled)...
        Processed 76500/99659 frames (3060 sampled)...
        Processed 77000/99659 frames (3080 sampled)...
        Processed 77500/99659 frames (3100 sampled)...
        Processed 78000/99659 frames (3120 sampled)...
        Processed 78500/99659 frames (3140 sampled)...
        Processed 79000/99659 frames (3160 sampled)...
        Processed 79500/99659 frames (3180 sampled)...
        Processed 80000/99659 frames (3200 sampled)...
        Processed 80500/99659 frames (3220 sampled)...
        Processed 81000/99659 frames (3240 sampled)...
        Processed 81500/99659 frames (3260 sampled)...
        Processed 82000/99659 frames (3280 sampled)...
        Processed 82500/99659 frames (3300 sampled)...
        Processed 83000/99659 frames (3320 sampled)...
        Processed 83500/99659 frames (3340 sampled)...
        Processed 84000/99659 frames (3360 sampled)...
        Processed 84500/99659 frames (3380 sampled)...
        Processed 85000/99659 frames (3400 sampled)...
        Processed 85500/99659 frames (3420 sampled)...
Processing videos:  81%|████████▏ | 26/32 [11:16<02:42, 27.09s/it]        Processed 86000/99659 frames (3440 sampled)...
        Processed 86500/99659 frames (3460 sampled)...
        Processed 87000/99659 frames (3480 sampled)...
        Processed 87500/99659 frames (3500 sampled)...
        Processed 88000/99659 frames (3520 sampled)...
        Processed 88500/99659 frames (3540 sampled)...
        Processed 89000/99659 frames (3560 sampled)...
        Processed 89500/99659 frames (3580 sampled)...
        Processed 90000/99659 frames (3600 sampled)...
        Processed 90500/99659 frames (3620 sampled)...
        Processed 91000/99659 frames (3640 sampled)...
        Processed 91500/99659 frames (3660 sampled)...
        Processed 92000/99659 frames (3680 sampled)...
        Processed 92500/99659 frames (3700 sampled)...
        Processed 93000/99659 frames (3720 sampled)...
        Processed 93500/99659 frames (3740 sampled)...
        Processed 94000/99659 frames (3760 sampled)...
        Processed 94500/99659 frames (3780 sampled)...
        Processed 95000/99659 frames (3800 sampled)...
        Processed 95500/99659 frames (3820 sampled)...
        Processed 96000/99659 frames (3840 sampled)...
        Processed 96500/99659 frames (3860 sampled)...
        Processed 97000/99659 frames (3880 sampled)...
        Processed 97500/99659 frames (3900 sampled)...
        Processed 98000/99659 frames (3920 sampled)...
        Processed 98500/99659 frames (3940 sampled)...
        Processed 99000/99659 frames (3960 sampled)...
      Total frames read: 99484
      Total frames sampled: 3980
      Converting frames to tensor and normalizing...
      Frames array shape: (3980, 224, 224, 3)
      Frames dtype: float32
      Extracting features using I3D model...
      Clip length: 16 frames
      Stride: 8 frames (50% overlap)
      Expected number of clips: 498
        Processed 10/498 clips...
        Processed 20/498 clips...
        Processed 30/498 clips...
        Processed 40/498 clips...
        Processed 50/498 clips...
        Processed 60/498 clips...
        Processed 70/498 clips...
        Processed 80/498 clips...
        Processed 90/498 clips...
        Processed 100/498 clips...
        Processed 110/498 clips...
        Processed 120/498 clips...
        Processed 130/498 clips...
        Processed 140/498 clips...
        Processed 150/498 clips...
        Processed 160/498 clips...
        Processed 170/498 clips...
        Processed 180/498 clips...
        Processed 190/498 clips...
        Processed 200/498 clips...
        Processed 210/498 clips...
        Processed 220/498 clips...
        Processed 230/498 clips...
        Processed 240/498 clips...
        Processed 250/498 clips...
        Processed 260/498 clips...
        Processed 270/498 clips...
        Processed 280/498 clips...
        Processed 290/498 clips...
        Processed 300/498 clips...
        Processed 310/498 clips...
        Processed 320/498 clips...
        Processed 330/498 clips...
        Processed 340/498 clips...
        Processed 350/498 clips...
        Processed 360/498 clips...
        Processed 370/498 clips...
        Processed 380/498 clips...
        Processed 390/498 clips...
        Processed 400/498 clips...
        Processed 410/498 clips...
        Processed 420/498 clips...
        Processed 430/498 clips...
        Processed 440/498 clips...
        Processed 450/498 clips...
        Processed 460/498 clips...
        Processed 470/498 clips...
        Processed 480/498 clips...
        Processed 490/498 clips...
      Feature extraction complete!
      Final feature shape: (3976, 1024)
      Feature dtype: float32
[ID26]   Features extracted: (3976, 1024)
[ID26]   Feature dimension: 1024
[ID26]   Feature size: 15.53 MB
[ID26]   Saved to: /data-8tb/nvaci/dataset_Stanford/FACT_method/preprocessed_data/features/ID26.npy
[ID26] Step 3/3: Converting labels to frame-level...
[ID26]   Reading CSV: 25-021_ID26.csv
[ID26]   Video duration: 3986.36 seconds
      Reading CSV file: /data-8tb/nvaci/dataset_Stanford/raw/labels/25-021_ID26.csv
      CSV rows: 3840
      CSV columns: ['start_time', 'end_time', 'licking', 'shaking']
      Video duration: 3986.36s
      Target FPS: 1
      Total frames to generate: 3986
      Processing CSV rows...
        Row 58: 0:00:58-0:00:59 -> licking_shaking
        Row 59: 0:00:59-0:01:60 -> licking_shaking
      CSV processing complete:
        Segments with licking only: 508
        Segments with shaking only: 9
        Segments with licking_shaking: 2
        Segments with background: 3321
[ID26]   Labels created: 3986 frames
[ID26]   Label distribution:
[ID26]     - background: 3507 frames (88.0%)
[ID26]     - licking: 408 frames (10.2%)
[ID26]     - licking_shaking: 62 frames (1.6%)
[ID26]     - shaking: 9 frames (0.2%)
[ID26]   WARNING: Length mismatch!
[ID26]     Features: 3976 frames
[ID26]     Labels: 3986 frames
[ID26]     Trimming both to: 3976 frames
[ID26]     Updated feature file
[ID26]   Saved labels to: /data-8tb/nvaci/dataset_Stanford/FACT_method/preprocessed_data/groundTruth/ID26.txt
[ID26] ✓ SUCCESS - Video processed successfully

================================================================================
Processing video 27/32: ID27
================================================================================
[ID27] Found label file: 25-021_ID27.csv
[ID27] Step 1/3: Reading video file...
[ID27]   Video path: /data-8tb/nvaci/dataset_Stanford/raw/videos_cut/ID27.mp4
[ID27]   Video FPS: 25.00
[ID27]   Total frames: 97975
[ID27]   Duration: 3919.00 seconds
[ID27]   Target FPS: 1
[ID27]   Expected output frames: 3919
[ID27] Step 2/3: Extracting I3D features...
[ID27]   Using model: I3D
[ID27]   Clip length: 16 frames
      Opening video file...
      Original video FPS: 25.00
      Original total frames: 97975
      Sample rate: 1 every 25 frames
      Reading and sampling frames...
        Processed 500/97975 frames (20 sampled)...
        Processed 1000/97975 frames (40 sampled)...
        Processed 1500/97975 frames (60 sampled)...
        Processed 2000/97975 frames (80 sampled)...
        Processed 2500/97975 frames (100 sampled)...
        Processed 3000/97975 frames (120 sampled)...
        Processed 3500/97975 frames (140 sampled)...
        Processed 4000/97975 frames (160 sampled)...
        Processed 4500/97975 frames (180 sampled)...
        Processed 5000/97975 frames (200 sampled)...
        Processed 5500/97975 frames (220 sampled)...
        Processed 6000/97975 frames (240 sampled)...
        Processed 6500/97975 frames (260 sampled)...
        Processed 7000/97975 frames (280 sampled)...
        Processed 7500/97975 frames (300 sampled)...
        Processed 8000/97975 frames (320 sampled)...
        Processed 8500/97975 frames (340 sampled)...
        Processed 9000/97975 frames (360 sampled)...
        Processed 9500/97975 frames (380 sampled)...
        Processed 10000/97975 frames (400 sampled)...
        Processed 10500/97975 frames (420 sampled)...
        Processed 11000/97975 frames (440 sampled)...
        Processed 11500/97975 frames (460 sampled)...
        Processed 12000/97975 frames (480 sampled)...
        Processed 12500/97975 frames (500 sampled)...
        Processed 13000/97975 frames (520 sampled)...
        Processed 13500/97975 frames (540 sampled)...
        Processed 14000/97975 frames (560 sampled)...
        Processed 14500/97975 frames (580 sampled)...
        Processed 15000/97975 frames (600 sampled)...
        Processed 15500/97975 frames (620 sampled)...
        Processed 16000/97975 frames (640 sampled)...
        Processed 16500/97975 frames (660 sampled)...
        Processed 17000/97975 frames (680 sampled)...
        Processed 17500/97975 frames (700 sampled)...
        Processed 18000/97975 frames (720 sampled)...
        Processed 18500/97975 frames (740 sampled)...
        Processed 19000/97975 frames (760 sampled)...
        Processed 19500/97975 frames (780 sampled)...
        Processed 20000/97975 frames (800 sampled)...
        Processed 20500/97975 frames (820 sampled)...
        Processed 21000/97975 frames (840 sampled)...
        Processed 21500/97975 frames (860 sampled)...
        Processed 22000/97975 frames (880 sampled)...
        Processed 22500/97975 frames (900 sampled)...
        Processed 23000/97975 frames (920 sampled)...
        Processed 23500/97975 frames (940 sampled)...
        Processed 24000/97975 frames (960 sampled)...
        Processed 24500/97975 frames (980 sampled)...
        Processed 25000/97975 frames (1000 sampled)...
        Processed 25500/97975 frames (1020 sampled)...
        Processed 26000/97975 frames (1040 sampled)...
        Processed 26500/97975 frames (1060 sampled)...
        Processed 27000/97975 frames (1080 sampled)...
        Processed 27500/97975 frames (1100 sampled)...
        Processed 28000/97975 frames (1120 sampled)...
        Processed 28500/97975 frames (1140 sampled)...
        Processed 29000/97975 frames (1160 sampled)...
        Processed 29500/97975 frames (1180 sampled)...
        Processed 30000/97975 frames (1200 sampled)...
        Processed 30500/97975 frames (1220 sampled)...
        Processed 31000/97975 frames (1240 sampled)...
        Processed 31500/97975 frames (1260 sampled)...
        Processed 32000/97975 frames (1280 sampled)...
        Processed 32500/97975 frames (1300 sampled)...
        Processed 33000/97975 frames (1320 sampled)...
        Processed 33500/97975 frames (1340 sampled)...
        Processed 34000/97975 frames (1360 sampled)...
        Processed 34500/97975 frames (1380 sampled)...
        Processed 35000/97975 frames (1400 sampled)...
        Processed 35500/97975 frames (1420 sampled)...
        Processed 36000/97975 frames (1440 sampled)...
        Processed 36500/97975 frames (1460 sampled)...
        Processed 37000/97975 frames (1480 sampled)...
        Processed 37500/97975 frames (1500 sampled)...
        Processed 38000/97975 frames (1520 sampled)...
        Processed 38500/97975 frames (1540 sampled)...
        Processed 39000/97975 frames (1560 sampled)...
        Processed 39500/97975 frames (1580 sampled)...
        Processed 40000/97975 frames (1600 sampled)...
        Processed 40500/97975 frames (1620 sampled)...
        Processed 41000/97975 frames (1640 sampled)...
        Processed 41500/97975 frames (1660 sampled)...
        Processed 42000/97975 frames (1680 sampled)...
        Processed 42500/97975 frames (1700 sampled)...
        Processed 43000/97975 frames (1720 sampled)...
        Processed 43500/97975 frames (1740 sampled)...
        Processed 44000/97975 frames (1760 sampled)...
        Processed 44500/97975 frames (1780 sampled)...
        Processed 45000/97975 frames (1800 sampled)...
        Processed 45500/97975 frames (1820 sampled)...
        Processed 46000/97975 frames (1840 sampled)...
        Processed 46500/97975 frames (1860 sampled)...
        Processed 47000/97975 frames (1880 sampled)...
        Processed 47500/97975 frames (1900 sampled)...
        Processed 48000/97975 frames (1920 sampled)...
        Processed 48500/97975 frames (1940 sampled)...
        Processed 49000/97975 frames (1960 sampled)...
        Processed 49500/97975 frames (1980 sampled)...
        Processed 50000/97975 frames (2000 sampled)...
        Processed 50500/97975 frames (2020 sampled)...
        Processed 51000/97975 frames (2040 sampled)...
        Processed 51500/97975 frames (2060 sampled)...
        Processed 52000/97975 frames (2080 sampled)...
        Processed 52500/97975 frames (2100 sampled)...
        Processed 53000/97975 frames (2120 sampled)...
        Processed 53500/97975 frames (2140 sampled)...
        Processed 54000/97975 frames (2160 sampled)...
        Processed 54500/97975 frames (2180 sampled)...
        Processed 55000/97975 frames (2200 sampled)...
        Processed 55500/97975 frames (2220 sampled)...
        Processed 56000/97975 frames (2240 sampled)...
        Processed 56500/97975 frames (2260 sampled)...
        Processed 57000/97975 frames (2280 sampled)...
        Processed 57500/97975 frames (2300 sampled)...
        Processed 58000/97975 frames (2320 sampled)...
        Processed 58500/97975 frames (2340 sampled)...
        Processed 59000/97975 frames (2360 sampled)...
        Processed 59500/97975 frames (2380 sampled)...
        Processed 60000/97975 frames (2400 sampled)...
        Processed 60500/97975 frames (2420 sampled)...
        Processed 61000/97975 frames (2440 sampled)...
        Processed 61500/97975 frames (2460 sampled)...
        Processed 62000/97975 frames (2480 sampled)...
        Processed 62500/97975 frames (2500 sampled)...
        Processed 63000/97975 frames (2520 sampled)...
        Processed 63500/97975 frames (2540 sampled)...
        Processed 64000/97975 frames (2560 sampled)...
        Processed 64500/97975 frames (2580 sampled)...
        Processed 65000/97975 frames (2600 sampled)...
        Processed 65500/97975 frames (2620 sampled)...
        Processed 66000/97975 frames (2640 sampled)...
        Processed 66500/97975 frames (2660 sampled)...
        Processed 67000/97975 frames (2680 sampled)...
        Processed 67500/97975 frames (2700 sampled)...
        Processed 68000/97975 frames (2720 sampled)...
        Processed 68500/97975 frames (2740 sampled)...
        Processed 69000/97975 frames (2760 sampled)...
        Processed 69500/97975 frames (2780 sampled)...
        Processed 70000/97975 frames (2800 sampled)...
        Processed 70500/97975 frames (2820 sampled)...
        Processed 71000/97975 frames (2840 sampled)...
        Processed 71500/97975 frames (2860 sampled)...
        Processed 72000/97975 frames (2880 sampled)...
        Processed 72500/97975 frames (2900 sampled)...
        Processed 73000/97975 frames (2920 sampled)...
        Processed 73500/97975 frames (2940 sampled)...
        Processed 74000/97975 frames (2960 sampled)...
        Processed 74500/97975 frames (2980 sampled)...
        Processed 75000/97975 frames (3000 sampled)...
        Processed 75500/97975 frames (3020 sampled)...
        Processed 76000/97975 frames (3040 sampled)...
        Processed 76500/97975 frames (3060 sampled)...
        Processed 77000/97975 frames (3080 sampled)...
        Processed 77500/97975 frames (3100 sampled)...
        Processed 78000/97975 frames (3120 sampled)...
        Processed 78500/97975 frames (3140 sampled)...
        Processed 79000/97975 frames (3160 sampled)...
        Processed 79500/97975 frames (3180 sampled)...
        Processed 80000/97975 frames (3200 sampled)...
        Processed 80500/97975 frames (3220 sampled)...
        Processed 81000/97975 frames (3240 sampled)...
        Processed 81500/97975 frames (3260 sampled)...
        Processed 82000/97975 frames (3280 sampled)...
        Processed 82500/97975 frames (3300 sampled)...
        Processed 83000/97975 frames (3320 sampled)...
        Processed 83500/97975 frames (3340 sampled)...
        Processed 84000/97975 frames (3360 sampled)...
        Processed 84500/97975 frames (3380 sampled)...
        Processed 85000/97975 frames (3400 sampled)...
        Processed 85500/97975 frames (3420 sampled)...
        Processed 86000/97975 frames (3440 sampled)...
        Processed 86500/97975 frames (3460 sampled)...
        Processed 87000/97975 frames (3480 sampled)...
        Processed 87500/97975 frames (3500 sampled)...
        Processed 88000/97975 frames (3520 sampled)...
        Processed 88500/97975 frames (3540 sampled)...
        Processed 89000/97975 frames (3560 sampled)...
        Processed 89500/97975 frames (3580 sampled)...
        Processed 90000/97975 frames (3600 sampled)...
        Processed 90500/97975 frames (3620 sampled)...
        Processed 91000/97975 frames (3640 sampled)...
        Processed 91500/97975 frames (3660 sampled)...
        Processed 92000/97975 frames (3680 sampled)...
        Processed 92500/97975 frames (3700 sampled)...
        Processed 93000/97975 frames (3720 sampled)...
        Processed 93500/97975 frames (3740 sampled)...
        Processed 94000/97975 frames (3760 sampled)...
        Processed 94500/97975 frames (3780 sampled)...
        Processed 95000/97975 frames (3800 sampled)...
        Processed 95500/97975 frames (3820 sampled)...
        Processed 96000/97975 frames (3840 sampled)...
Processing videos:  84%|████████▍ | 27/32 [11:39<02:10, 26.08s/it]        Processed 96500/97975 frames (3860 sampled)...
        Processed 97000/97975 frames (3880 sampled)...
        Processed 97500/97975 frames (3900 sampled)...
      Total frames read: 97884
      Total frames sampled: 3916
      Converting frames to tensor and normalizing...
      Frames array shape: (3916, 224, 224, 3)
      Frames dtype: float32
      Extracting features using I3D model...
      Clip length: 16 frames
      Stride: 8 frames (50% overlap)
      Expected number of clips: 490
        Processed 10/490 clips...
        Processed 20/490 clips...
        Processed 30/490 clips...
        Processed 40/490 clips...
        Processed 50/490 clips...
        Processed 60/490 clips...
        Processed 70/490 clips...
        Processed 80/490 clips...
        Processed 90/490 clips...
        Processed 100/490 clips...
        Processed 110/490 clips...
        Processed 120/490 clips...
        Processed 130/490 clips...
        Processed 140/490 clips...
        Processed 150/490 clips...
        Processed 160/490 clips...
        Processed 170/490 clips...
        Processed 180/490 clips...
        Processed 190/490 clips...
        Processed 200/490 clips...
        Processed 210/490 clips...
        Processed 220/490 clips...
        Processed 230/490 clips...
        Processed 240/490 clips...
        Processed 250/490 clips...
        Processed 260/490 clips...
        Processed 270/490 clips...
        Processed 280/490 clips...
        Processed 290/490 clips...
        Processed 300/490 clips...
        Processed 310/490 clips...
        Processed 320/490 clips...
        Processed 330/490 clips...
        Processed 340/490 clips...
        Processed 350/490 clips...
        Processed 360/490 clips...
        Processed 370/490 clips...
        Processed 380/490 clips...
        Processed 390/490 clips...
        Processed 400/490 clips...
        Processed 410/490 clips...
        Processed 420/490 clips...
        Processed 430/490 clips...
        Processed 440/490 clips...
        Processed 450/490 clips...
        Processed 460/490 clips...
        Processed 470/490 clips...
        Processed 480/490 clips...
      Feature extraction complete!
      Final feature shape: (3912, 1024)
      Feature dtype: float32
[ID27]   Features extracted: (3912, 1024)
[ID27]   Feature dimension: 1024
[ID27]   Feature size: 15.28 MB
[ID27]   Saved to: /data-8tb/nvaci/dataset_Stanford/FACT_method/preprocessed_data/features/ID27.npy
[ID27] Step 3/3: Converting labels to frame-level...
[ID27]   Reading CSV: 25-021_ID27.csv
[ID27]   Video duration: 3919.00 seconds
      Reading CSV file: /data-8tb/nvaci/dataset_Stanford/raw/labels/25-021_ID27.csv
      CSV rows: 3840
      CSV columns: ['start_time', 'end_time', 'licking', 'shaking']
      Video duration: 3919.00s
      Target FPS: 1
      Total frames to generate: 3919
      Processing CSV rows...
      CSV processing complete:
        Segments with licking only: 52
        Segments with shaking only: 0
        Segments with licking_shaking: 0
        Segments with background: 3788
[ID27]   Labels created: 3919 frames
[ID27]   Label distribution:
[ID27]     - background: 3892 frames (99.3%)
[ID27]     - licking: 27 frames (0.7%)
[ID27]   WARNING: Length mismatch!
[ID27]     Features: 3912 frames
[ID27]     Labels: 3919 frames
[ID27]     Trimming both to: 3912 frames
[ID27]     Updated feature file
[ID27]   Saved labels to: /data-8tb/nvaci/dataset_Stanford/FACT_method/preprocessed_data/groundTruth/ID27.txt
[ID27] ✓ SUCCESS - Video processed successfully

================================================================================
Processing video 28/32: ID28
================================================================================
[ID28] Found label file: 25-021_ID28.csv
[ID28] Step 1/3: Reading video file...
[ID28]   Video path: /data-8tb/nvaci/dataset_Stanford/raw/videos_cut/ID28.mp4
[ID28]   Video FPS: 25.00
[ID28]   Total frames: 96960
[ID28]   Duration: 3878.40 seconds
[ID28]   Target FPS: 1
[ID28]   Expected output frames: 3878
[ID28] Step 2/3: Extracting I3D features...
[ID28]   Using model: I3D
[ID28]   Clip length: 16 frames
      Opening video file...
      Original video FPS: 25.00
      Original total frames: 96960
      Sample rate: 1 every 25 frames
      Reading and sampling frames...
        Processed 500/96960 frames (20 sampled)...
        Processed 1000/96960 frames (40 sampled)...
        Processed 1500/96960 frames (60 sampled)...
        Processed 2000/96960 frames (80 sampled)...
        Processed 2500/96960 frames (100 sampled)...
        Processed 3000/96960 frames (120 sampled)...
        Processed 3500/96960 frames (140 sampled)...
        Processed 4000/96960 frames (160 sampled)...
        Processed 4500/96960 frames (180 sampled)...
        Processed 5000/96960 frames (200 sampled)...
        Processed 5500/96960 frames (220 sampled)...
        Processed 6000/96960 frames (240 sampled)...
        Processed 6500/96960 frames (260 sampled)...
        Processed 7000/96960 frames (280 sampled)...
        Processed 7500/96960 frames (300 sampled)...
        Processed 8000/96960 frames (320 sampled)...
        Processed 8500/96960 frames (340 sampled)...
        Processed 9000/96960 frames (360 sampled)...
        Processed 9500/96960 frames (380 sampled)...
        Processed 10000/96960 frames (400 sampled)...
        Processed 10500/96960 frames (420 sampled)...
        Processed 11000/96960 frames (440 sampled)...
        Processed 11500/96960 frames (460 sampled)...
        Processed 12000/96960 frames (480 sampled)...
        Processed 12500/96960 frames (500 sampled)...
        Processed 13000/96960 frames (520 sampled)...
        Processed 13500/96960 frames (540 sampled)...
        Processed 14000/96960 frames (560 sampled)...
        Processed 14500/96960 frames (580 sampled)...
        Processed 15000/96960 frames (600 sampled)...
        Processed 15500/96960 frames (620 sampled)...
        Processed 16000/96960 frames (640 sampled)...
        Processed 16500/96960 frames (660 sampled)...
        Processed 17000/96960 frames (680 sampled)...
        Processed 17500/96960 frames (700 sampled)...
        Processed 18000/96960 frames (720 sampled)...
        Processed 18500/96960 frames (740 sampled)...
        Processed 19000/96960 frames (760 sampled)...
        Processed 19500/96960 frames (780 sampled)...
        Processed 20000/96960 frames (800 sampled)...
        Processed 20500/96960 frames (820 sampled)...
        Processed 21000/96960 frames (840 sampled)...
        Processed 21500/96960 frames (860 sampled)...
        Processed 22000/96960 frames (880 sampled)...
        Processed 22500/96960 frames (900 sampled)...
        Processed 23000/96960 frames (920 sampled)...
        Processed 23500/96960 frames (940 sampled)...
        Processed 24000/96960 frames (960 sampled)...
        Processed 24500/96960 frames (980 sampled)...
        Processed 25000/96960 frames (1000 sampled)...
        Processed 25500/96960 frames (1020 sampled)...
        Processed 26000/96960 frames (1040 sampled)...
        Processed 26500/96960 frames (1060 sampled)...
        Processed 27000/96960 frames (1080 sampled)...
        Processed 27500/96960 frames (1100 sampled)...
        Processed 28000/96960 frames (1120 sampled)...
        Processed 28500/96960 frames (1140 sampled)...
        Processed 29000/96960 frames (1160 sampled)...
        Processed 29500/96960 frames (1180 sampled)...
        Processed 30000/96960 frames (1200 sampled)...
        Processed 30500/96960 frames (1220 sampled)...
        Processed 31000/96960 frames (1240 sampled)...
        Processed 31500/96960 frames (1260 sampled)...
        Processed 32000/96960 frames (1280 sampled)...
        Processed 32500/96960 frames (1300 sampled)...
        Processed 33000/96960 frames (1320 sampled)...
        Processed 33500/96960 frames (1340 sampled)...
        Processed 34000/96960 frames (1360 sampled)...
        Processed 34500/96960 frames (1380 sampled)...
        Processed 35000/96960 frames (1400 sampled)...
        Processed 35500/96960 frames (1420 sampled)...
        Processed 36000/96960 frames (1440 sampled)...
        Processed 36500/96960 frames (1460 sampled)...
        Processed 37000/96960 frames (1480 sampled)...
        Processed 37500/96960 frames (1500 sampled)...
        Processed 38000/96960 frames (1520 sampled)...
        Processed 38500/96960 frames (1540 sampled)...
        Processed 39000/96960 frames (1560 sampled)...
        Processed 39500/96960 frames (1580 sampled)...
        Processed 40000/96960 frames (1600 sampled)...
        Processed 40500/96960 frames (1620 sampled)...
        Processed 41000/96960 frames (1640 sampled)...
        Processed 41500/96960 frames (1660 sampled)...
        Processed 42000/96960 frames (1680 sampled)...
        Processed 42500/96960 frames (1700 sampled)...
        Processed 43000/96960 frames (1720 sampled)...
        Processed 43500/96960 frames (1740 sampled)...
        Processed 44000/96960 frames (1760 sampled)...
        Processed 44500/96960 frames (1780 sampled)...
        Processed 45000/96960 frames (1800 sampled)...
        Processed 45500/96960 frames (1820 sampled)...
        Processed 46000/96960 frames (1840 sampled)...
        Processed 46500/96960 frames (1860 sampled)...
        Processed 47000/96960 frames (1880 sampled)...
        Processed 47500/96960 frames (1900 sampled)...
        Processed 48000/96960 frames (1920 sampled)...
        Processed 48500/96960 frames (1940 sampled)...
        Processed 49000/96960 frames (1960 sampled)...
        Processed 49500/96960 frames (1980 sampled)...
        Processed 50000/96960 frames (2000 sampled)...
        Processed 50500/96960 frames (2020 sampled)...
        Processed 51000/96960 frames (2040 sampled)...
        Processed 51500/96960 frames (2060 sampled)...
        Processed 52000/96960 frames (2080 sampled)...
        Processed 52500/96960 frames (2100 sampled)...
        Processed 53000/96960 frames (2120 sampled)...
        Processed 53500/96960 frames (2140 sampled)...
        Processed 54000/96960 frames (2160 sampled)...
        Processed 54500/96960 frames (2180 sampled)...
        Processed 55000/96960 frames (2200 sampled)...
        Processed 55500/96960 frames (2220 sampled)...
        Processed 56000/96960 frames (2240 sampled)...
        Processed 56500/96960 frames (2260 sampled)...
        Processed 57000/96960 frames (2280 sampled)...
        Processed 57500/96960 frames (2300 sampled)...
        Processed 58000/96960 frames (2320 sampled)...
        Processed 58500/96960 frames (2340 sampled)...
        Processed 59000/96960 frames (2360 sampled)...
        Processed 59500/96960 frames (2380 sampled)...
        Processed 60000/96960 frames (2400 sampled)...
        Processed 60500/96960 frames (2420 sampled)...
        Processed 61000/96960 frames (2440 sampled)...
        Processed 61500/96960 frames (2460 sampled)...
        Processed 62000/96960 frames (2480 sampled)...
        Processed 62500/96960 frames (2500 sampled)...
        Processed 63000/96960 frames (2520 sampled)...
        Processed 63500/96960 frames (2540 sampled)...
        Processed 64000/96960 frames (2560 sampled)...
        Processed 64500/96960 frames (2580 sampled)...
        Processed 65000/96960 frames (2600 sampled)...
        Processed 65500/96960 frames (2620 sampled)...
        Processed 66000/96960 frames (2640 sampled)...
        Processed 66500/96960 frames (2660 sampled)...
        Processed 67000/96960 frames (2680 sampled)...
        Processed 67500/96960 frames (2700 sampled)...
        Processed 68000/96960 frames (2720 sampled)...
        Processed 68500/96960 frames (2740 sampled)...
        Processed 69000/96960 frames (2760 sampled)...
        Processed 69500/96960 frames (2780 sampled)...
        Processed 70000/96960 frames (2800 sampled)...
        Processed 70500/96960 frames (2820 sampled)...
        Processed 71000/96960 frames (2840 sampled)...
        Processed 71500/96960 frames (2860 sampled)...
        Processed 72000/96960 frames (2880 sampled)...
        Processed 72500/96960 frames (2900 sampled)...
        Processed 73000/96960 frames (2920 sampled)...
        Processed 73500/96960 frames (2940 sampled)...
        Processed 74000/96960 frames (2960 sampled)...
        Processed 74500/96960 frames (2980 sampled)...
        Processed 75000/96960 frames (3000 sampled)...
        Processed 75500/96960 frames (3020 sampled)...
        Processed 76000/96960 frames (3040 sampled)...
        Processed 76500/96960 frames (3060 sampled)...
        Processed 77000/96960 frames (3080 sampled)...
        Processed 77500/96960 frames (3100 sampled)...
        Processed 78000/96960 frames (3120 sampled)...
        Processed 78500/96960 frames (3140 sampled)...
        Processed 79000/96960 frames (3160 sampled)...
        Processed 79500/96960 frames (3180 sampled)...
        Processed 80000/96960 frames (3200 sampled)...
        Processed 80500/96960 frames (3220 sampled)...
        Processed 81000/96960 frames (3240 sampled)...
        Processed 81500/96960 frames (3260 sampled)...
        Processed 82000/96960 frames (3280 sampled)...
        Processed 82500/96960 frames (3300 sampled)...
        Processed 83000/96960 frames (3320 sampled)...
        Processed 83500/96960 frames (3340 sampled)...
        Processed 84000/96960 frames (3360 sampled)...
        Processed 84500/96960 frames (3380 sampled)...
        Processed 85000/96960 frames (3400 sampled)...
        Processed 85500/96960 frames (3420 sampled)...
        Processed 86000/96960 frames (3440 sampled)...
        Processed 86500/96960 frames (3460 sampled)...
        Processed 87000/96960 frames (3480 sampled)...
        Processed 87500/96960 frames (3500 sampled)...
        Processed 88000/96960 frames (3520 sampled)...
        Processed 88500/96960 frames (3540 sampled)...
        Processed 89000/96960 frames (3560 sampled)...
        Processed 89500/96960 frames (3580 sampled)...
        Processed 90000/96960 frames (3600 sampled)...
        Processed 90500/96960 frames (3620 sampled)...
        Processed 91000/96960 frames (3640 sampled)...
        Processed 91500/96960 frames (3660 sampled)...
        Processed 92000/96960 frames (3680 sampled)...
        Processed 92500/96960 frames (3700 sampled)...
        Processed 93000/96960 frames (3720 sampled)...
        Processed 93500/96960 frames (3740 sampled)...
        Processed 94000/96960 frames (3760 sampled)...
        Processed 94500/96960 frames (3780 sampled)...
        Processed 95000/96960 frames (3800 sampled)...
        Processed 95500/96960 frames (3820 sampled)...
        Processed 96000/96960 frames (3840 sampled)...
        Processed 96500/96960 frames (3860 sampled)...
      Total frames read: 96859
      Total frames sampled: 3875
      Converting frames to tensor and normalizing...
      Frames array shape: (3875, 224, 224, 3)
      Frames dtype: float32
      Extracting features using I3D model...
      Clip length: 16 frames
      Stride: 8 frames (50% overlap)
      Expected number of clips: 485
        Processed 10/485 clips...
        Processed 20/485 clips...
        Processed 30/485 clips...
        Processed 40/485 clips...
        Processed 50/485 clips...
        Processed 60/485 clips...
        Processed 70/485 clips...
        Processed 80/485 clips...
        Processed 90/485 clips...
        Processed 100/485 clips...
        Processed 110/485 clips...
        Processed 120/485 clips...
        Processed 130/485 clips...
        Processed 140/485 clips...
        Processed 150/485 clips...
        Processed 160/485 clips...
        Processed 170/485 clips...
        Processed 180/485 clips...
        Processed 190/485 clips...
        Processed 200/485 clips...
        Processed 210/485 clips...
        Processed 220/485 clips...
        Processed 230/485 clips...
        Processed 240/485 clips...
        Processed 250/485 clips...
        Processed 260/485 clips...
        Processed 270/485 clips...
        Processed 280/485 clips...
        Processed 290/485 clips...
        Processed 300/485 clips...
        Processed 310/485 clips...
        Processed 320/485 clips...
Processing videos:  88%|████████▊ | 28/32 [12:04<01:42, 25.55s/it]        Processed 330/485 clips...
        Processed 340/485 clips...
        Processed 350/485 clips...
        Processed 360/485 clips...
        Processed 370/485 clips...
        Processed 380/485 clips...
        Processed 390/485 clips...
        Processed 400/485 clips...
        Processed 410/485 clips...
        Processed 420/485 clips...
        Processed 430/485 clips...
        Processed 440/485 clips...
        Processed 450/485 clips...
        Processed 460/485 clips...
        Processed 470/485 clips...
        Processed 480/485 clips...
      Feature extraction complete!
      Final feature shape: (3872, 1024)
      Feature dtype: float32
[ID28]   Features extracted: (3872, 1024)
[ID28]   Feature dimension: 1024
[ID28]   Feature size: 15.12 MB
[ID28]   Saved to: /data-8tb/nvaci/dataset_Stanford/FACT_method/preprocessed_data/features/ID28.npy
[ID28] Step 3/3: Converting labels to frame-level...
[ID28]   Reading CSV: 25-021_ID28.csv
[ID28]   Video duration: 3878.40 seconds
      Reading CSV file: /data-8tb/nvaci/dataset_Stanford/raw/labels/25-021_ID28.csv
      CSV rows: 3840
      CSV columns: ['start_time', 'end_time', 'licking', 'shaking']
      Video duration: 3878.40s
      Target FPS: 1
      Total frames to generate: 3878
      Processing CSV rows...
        Row 145: 0:02:145-0:02:146 -> licking_shaking
        Row 153: 0:02:153-0:02:154 -> licking_shaking
        Row 176: 0:02:176-0:02:177 -> licking_shaking
      CSV processing complete:
        Segments with licking only: 708
        Segments with shaking only: 11
        Segments with licking_shaking: 7
        Segments with background: 3114
[ID28]   Labels created: 3878 frames
[ID28]   Label distribution:
[ID28]     - background: 3425 frames (88.3%)
[ID28]     - licking: 375 frames (9.7%)
[ID28]     - licking_shaking: 67 frames (1.7%)
[ID28]     - shaking: 11 frames (0.3%)
[ID28]   WARNING: Length mismatch!
[ID28]     Features: 3872 frames
[ID28]     Labels: 3878 frames
[ID28]     Trimming both to: 3872 frames
[ID28]     Updated feature file
[ID28]   Saved labels to: /data-8tb/nvaci/dataset_Stanford/FACT_method/preprocessed_data/groundTruth/ID28.txt
[ID28] ✓ SUCCESS - Video processed successfully

================================================================================
Processing video 29/32: ID29
================================================================================
[ID29] Found label file: 25-021_ID29.csv
[ID29] Step 1/3: Reading video file...
[ID29]   Video path: /data-8tb/nvaci/dataset_Stanford/raw/videos_cut/ID29.mp4
[ID29]   Video FPS: 25.00
[ID29]   Total frames: 95496
[ID29]   Duration: 3819.84 seconds
[ID29]   Target FPS: 1
[ID29]   Expected output frames: 3819
[ID29] Step 2/3: Extracting I3D features...
[ID29]   Using model: I3D
[ID29]   Clip length: 16 frames
      Opening video file...
      Original video FPS: 25.00
      Original total frames: 95496
      Sample rate: 1 every 25 frames
      Reading and sampling frames...
        Processed 500/95496 frames (20 sampled)...
        Processed 1000/95496 frames (40 sampled)...
        Processed 1500/95496 frames (60 sampled)...
        Processed 2000/95496 frames (80 sampled)...
        Processed 2500/95496 frames (100 sampled)...
        Processed 3000/95496 frames (120 sampled)...
        Processed 3500/95496 frames (140 sampled)...
        Processed 4000/95496 frames (160 sampled)...
        Processed 4500/95496 frames (180 sampled)...
        Processed 5000/95496 frames (200 sampled)...
        Processed 5500/95496 frames (220 sampled)...
        Processed 6000/95496 frames (240 sampled)...
        Processed 6500/95496 frames (260 sampled)...
        Processed 7000/95496 frames (280 sampled)...
        Processed 7500/95496 frames (300 sampled)...
        Processed 8000/95496 frames (320 sampled)...
        Processed 8500/95496 frames (340 sampled)...
        Processed 9000/95496 frames (360 sampled)...
        Processed 9500/95496 frames (380 sampled)...
        Processed 10000/95496 frames (400 sampled)...
        Processed 10500/95496 frames (420 sampled)...
        Processed 11000/95496 frames (440 sampled)...
        Processed 11500/95496 frames (460 sampled)...
        Processed 12000/95496 frames (480 sampled)...
        Processed 12500/95496 frames (500 sampled)...
        Processed 13000/95496 frames (520 sampled)...
        Processed 13500/95496 frames (540 sampled)...
        Processed 14000/95496 frames (560 sampled)...
        Processed 14500/95496 frames (580 sampled)...
        Processed 15000/95496 frames (600 sampled)...
        Processed 15500/95496 frames (620 sampled)...
        Processed 16000/95496 frames (640 sampled)...
        Processed 16500/95496 frames (660 sampled)...
        Processed 17000/95496 frames (680 sampled)...
        Processed 17500/95496 frames (700 sampled)...
        Processed 18000/95496 frames (720 sampled)...
        Processed 18500/95496 frames (740 sampled)...
        Processed 19000/95496 frames (760 sampled)...
        Processed 19500/95496 frames (780 sampled)...
        Processed 20000/95496 frames (800 sampled)...
        Processed 20500/95496 frames (820 sampled)...
        Processed 21000/95496 frames (840 sampled)...
        Processed 21500/95496 frames (860 sampled)...
        Processed 22000/95496 frames (880 sampled)...
        Processed 22500/95496 frames (900 sampled)...
        Processed 23000/95496 frames (920 sampled)...
        Processed 23500/95496 frames (940 sampled)...
        Processed 24000/95496 frames (960 sampled)...
        Processed 24500/95496 frames (980 sampled)...
        Processed 25000/95496 frames (1000 sampled)...
        Processed 25500/95496 frames (1020 sampled)...
        Processed 26000/95496 frames (1040 sampled)...
        Processed 26500/95496 frames (1060 sampled)...
        Processed 27000/95496 frames (1080 sampled)...
        Processed 27500/95496 frames (1100 sampled)...
        Processed 28000/95496 frames (1120 sampled)...
        Processed 28500/95496 frames (1140 sampled)...
        Processed 29000/95496 frames (1160 sampled)...
        Processed 29500/95496 frames (1180 sampled)...
        Processed 30000/95496 frames (1200 sampled)...
        Processed 30500/95496 frames (1220 sampled)...
        Processed 31000/95496 frames (1240 sampled)...
        Processed 31500/95496 frames (1260 sampled)...
        Processed 32000/95496 frames (1280 sampled)...
        Processed 32500/95496 frames (1300 sampled)...
        Processed 33000/95496 frames (1320 sampled)...
        Processed 33500/95496 frames (1340 sampled)...
        Processed 34000/95496 frames (1360 sampled)...
        Processed 34500/95496 frames (1380 sampled)...
        Processed 35000/95496 frames (1400 sampled)...
        Processed 35500/95496 frames (1420 sampled)...
        Processed 36000/95496 frames (1440 sampled)...
        Processed 36500/95496 frames (1460 sampled)...
        Processed 37000/95496 frames (1480 sampled)...
        Processed 37500/95496 frames (1500 sampled)...
        Processed 38000/95496 frames (1520 sampled)...
        Processed 38500/95496 frames (1540 sampled)...
        Processed 39000/95496 frames (1560 sampled)...
        Processed 39500/95496 frames (1580 sampled)...
        Processed 40000/95496 frames (1600 sampled)...
        Processed 40500/95496 frames (1620 sampled)...
        Processed 41000/95496 frames (1640 sampled)...
        Processed 41500/95496 frames (1660 sampled)...
        Processed 42000/95496 frames (1680 sampled)...
        Processed 42500/95496 frames (1700 sampled)...
        Processed 43000/95496 frames (1720 sampled)...
        Processed 43500/95496 frames (1740 sampled)...
        Processed 44000/95496 frames (1760 sampled)...
        Processed 44500/95496 frames (1780 sampled)...
        Processed 45000/95496 frames (1800 sampled)...
        Processed 45500/95496 frames (1820 sampled)...
        Processed 46000/95496 frames (1840 sampled)...
        Processed 46500/95496 frames (1860 sampled)...
        Processed 47000/95496 frames (1880 sampled)...
        Processed 47500/95496 frames (1900 sampled)...
        Processed 48000/95496 frames (1920 sampled)...
        Processed 48500/95496 frames (1940 sampled)...
        Processed 49000/95496 frames (1960 sampled)...
        Processed 49500/95496 frames (1980 sampled)...
        Processed 50000/95496 frames (2000 sampled)...
        Processed 50500/95496 frames (2020 sampled)...
        Processed 51000/95496 frames (2040 sampled)...
        Processed 51500/95496 frames (2060 sampled)...
        Processed 52000/95496 frames (2080 sampled)...
        Processed 52500/95496 frames (2100 sampled)...
        Processed 53000/95496 frames (2120 sampled)...
        Processed 53500/95496 frames (2140 sampled)...
        Processed 54000/95496 frames (2160 sampled)...
        Processed 54500/95496 frames (2180 sampled)...
        Processed 55000/95496 frames (2200 sampled)...
        Processed 55500/95496 frames (2220 sampled)...
        Processed 56000/95496 frames (2240 sampled)...
        Processed 56500/95496 frames (2260 sampled)...
        Processed 57000/95496 frames (2280 sampled)...
        Processed 57500/95496 frames (2300 sampled)...
        Processed 58000/95496 frames (2320 sampled)...
        Processed 58500/95496 frames (2340 sampled)...
        Processed 59000/95496 frames (2360 sampled)...
        Processed 59500/95496 frames (2380 sampled)...
        Processed 60000/95496 frames (2400 sampled)...
        Processed 60500/95496 frames (2420 sampled)...
        Processed 61000/95496 frames (2440 sampled)...
        Processed 61500/95496 frames (2460 sampled)...
        Processed 62000/95496 frames (2480 sampled)...
        Processed 62500/95496 frames (2500 sampled)...
        Processed 63000/95496 frames (2520 sampled)...
        Processed 63500/95496 frames (2540 sampled)...
        Processed 64000/95496 frames (2560 sampled)...
        Processed 64500/95496 frames (2580 sampled)...
        Processed 65000/95496 frames (2600 sampled)...
        Processed 65500/95496 frames (2620 sampled)...
        Processed 66000/95496 frames (2640 sampled)...
        Processed 66500/95496 frames (2660 sampled)...
        Processed 67000/95496 frames (2680 sampled)...
        Processed 67500/95496 frames (2700 sampled)...
        Processed 68000/95496 frames (2720 sampled)...
        Processed 68500/95496 frames (2740 sampled)...
        Processed 69000/95496 frames (2760 sampled)...
        Processed 69500/95496 frames (2780 sampled)...
        Processed 70000/95496 frames (2800 sampled)...
        Processed 70500/95496 frames (2820 sampled)...
        Processed 71000/95496 frames (2840 sampled)...
        Processed 71500/95496 frames (2860 sampled)...
        Processed 72000/95496 frames (2880 sampled)...
        Processed 72500/95496 frames (2900 sampled)...
        Processed 73000/95496 frames (2920 sampled)...
        Processed 73500/95496 frames (2940 sampled)...
        Processed 74000/95496 frames (2960 sampled)...
        Processed 74500/95496 frames (2980 sampled)...
        Processed 75000/95496 frames (3000 sampled)...
        Processed 75500/95496 frames (3020 sampled)...
        Processed 76000/95496 frames (3040 sampled)...
        Processed 76500/95496 frames (3060 sampled)...
        Processed 77000/95496 frames (3080 sampled)...
        Processed 77500/95496 frames (3100 sampled)...
        Processed 78000/95496 frames (3120 sampled)...
        Processed 78500/95496 frames (3140 sampled)...
        Processed 79000/95496 frames (3160 sampled)...
        Processed 79500/95496 frames (3180 sampled)...
        Processed 80000/95496 frames (3200 sampled)...
        Processed 80500/95496 frames (3220 sampled)...
        Processed 81000/95496 frames (3240 sampled)...
        Processed 81500/95496 frames (3260 sampled)...
        Processed 82000/95496 frames (3280 sampled)...
        Processed 82500/95496 frames (3300 sampled)...
        Processed 83000/95496 frames (3320 sampled)...
        Processed 83500/95496 frames (3340 sampled)...
        Processed 84000/95496 frames (3360 sampled)...
        Processed 84500/95496 frames (3380 sampled)...
        Processed 85000/95496 frames (3400 sampled)...
        Processed 85500/95496 frames (3420 sampled)...
        Processed 86000/95496 frames (3440 sampled)...
        Processed 86500/95496 frames (3460 sampled)...
        Processed 87000/95496 frames (3480 sampled)...
        Processed 87500/95496 frames (3500 sampled)...
        Processed 88000/95496 frames (3520 sampled)...
        Processed 88500/95496 frames (3540 sampled)...
        Processed 89000/95496 frames (3560 sampled)...
        Processed 89500/95496 frames (3580 sampled)...
        Processed 90000/95496 frames (3600 sampled)...
        Processed 90500/95496 frames (3620 sampled)...
        Processed 91000/95496 frames (3640 sampled)...
        Processed 91500/95496 frames (3660 sampled)...
        Processed 92000/95496 frames (3680 sampled)...
        Processed 92500/95496 frames (3700 sampled)...
        Processed 93000/95496 frames (3720 sampled)...
        Processed 93500/95496 frames (3740 sampled)...
        Processed 94000/95496 frames (3760 sampled)...
        Processed 94500/95496 frames (3780 sampled)...
        Processed 95000/95496 frames (3800 sampled)...
      Total frames read: 95484
      Total frames sampled: 3820
      Converting frames to tensor and normalizing...
      Frames array shape: (3820, 224, 224, 3)
      Frames dtype: float32
      Extracting features using I3D model...
      Clip length: 16 frames
      Stride: 8 frames (50% overlap)
      Expected number of clips: 478
        Processed 10/478 clips...
        Processed 20/478 clips...
        Processed 30/478 clips...
        Processed 40/478 clips...
        Processed 50/478 clips...
        Processed 60/478 clips...
        Processed 70/478 clips...
        Processed 80/478 clips...
        Processed 90/478 clips...
        Processed 100/478 clips...
        Processed 110/478 clips...
        Processed 120/478 clips...
        Processed 130/478 clips...
        Processed 140/478 clips...
        Processed 150/478 clips...
        Processed 160/478 clips...
        Processed 170/478 clips...
        Processed 180/478 clips...
        Processed 190/478 clips...
        Processed 200/478 clips...
        Processed 210/478 clips...
        Processed 220/478 clips...
        Processed 230/478 clips...
        Processed 240/478 clips...
        Processed 250/478 clips...
        Processed 260/478 clips...
        Processed 270/478 clips...
        Processed 280/478 clips...
        Processed 290/478 clips...
        Processed 300/478 clips...
        Processed 310/478 clips...
        Processed 320/478 clips...
        Processed 330/478 clips...
        Processed 340/478 clips...
        Processed 350/478 clips...
        Processed 360/478 clips...
        Processed 370/478 clips...
        Processed 380/478 clips...
        Processed 390/478 clips...
        Processed 400/478 clips...
        Processed 410/478 clips...
        Processed 420/478 clips...
        Processed 430/478 clips...
        Processed 440/478 clips...
        Processed 450/478 clips...
        Processed 460/478 clips...
        Processed 470/478 clips...
      Feature extraction complete!
      Final feature shape: (3816, 1024)
      Feature dtype: float32
[ID29]   Features extracted: (3816, 1024)
[ID29]   Feature dimension: 1024
[ID29]   Feature size: 14.91 MB
[ID29]   Saved to: /data-8tb/nvaci/dataset_Stanford/FACT_method/preprocessed_data/features/ID29.npy
[ID29] Step 3/3: Converting labels to frame-level...
[ID29]   Reading CSV: 25-021_ID29.csv
[ID29]   Video duration: 3819.84 seconds
      Reading CSV file: /data-8tb/nvaci/dataset_Stanford/raw/labels/25-021_ID29.csv
      CSV rows: 3840
      CSV columns: ['start_time', 'end_time', 'licking', 'shaking']
      Video duration: 3819.84s
      Target FPS: 1
      Total frames to generate: 3819
      Processing CSV rows...
        Row 207: 0:03:207-0:03:208 -> licking_shaking
      CSV processing complete:
        Segments with licking only: 880
        Segments with shaking only: 12
        Segments with licking_shaking: 1
        Segments with background: 2947
[ID29]   Labels created: 3819 frames
[ID29]   Label distribution:
Processing videos:  91%|█████████ | 29/32 [12:26<01:13, 24.64s/it][ID29]     - background: 3311 frames (86.7%)
[ID29]     - licking: 495 frames (13.0%)
[ID29]     - licking_shaking: 1 frames (0.0%)
[ID29]     - shaking: 12 frames (0.3%)
[ID29]   WARNING: Length mismatch!
[ID29]     Features: 3816 frames
[ID29]     Labels: 3819 frames
[ID29]     Trimming both to: 3816 frames
[ID29]     Updated feature file
[ID29]   Saved labels to: /data-8tb/nvaci/dataset_Stanford/FACT_method/preprocessed_data/groundTruth/ID29.txt
[ID29] ✓ SUCCESS - Video processed successfully

================================================================================
Processing video 30/32: ID30
================================================================================
[ID30] Found label file: 25-021_ID30.csv
[ID30] Step 1/3: Reading video file...
[ID30]   Video path: /data-8tb/nvaci/dataset_Stanford/raw/videos_cut/ID30.mp4
[ID30]   Video FPS: 25.00
[ID30]   Total frames: 94672
[ID30]   Duration: 3786.88 seconds
[ID30]   Target FPS: 1
[ID30]   Expected output frames: 3786
[ID30] Step 2/3: Extracting I3D features...
[ID30]   Using model: I3D
[ID30]   Clip length: 16 frames
      Opening video file...
      Original video FPS: 25.00
      Original total frames: 94672
      Sample rate: 1 every 25 frames
      Reading and sampling frames...
        Processed 500/94672 frames (20 sampled)...
        Processed 1000/94672 frames (40 sampled)...
        Processed 1500/94672 frames (60 sampled)...
        Processed 2000/94672 frames (80 sampled)...
        Processed 2500/94672 frames (100 sampled)...
        Processed 3000/94672 frames (120 sampled)...
        Processed 3500/94672 frames (140 sampled)...
        Processed 4000/94672 frames (160 sampled)...
        Processed 4500/94672 frames (180 sampled)...
        Processed 5000/94672 frames (200 sampled)...
        Processed 5500/94672 frames (220 sampled)...
        Processed 6000/94672 frames (240 sampled)...
        Processed 6500/94672 frames (260 sampled)...
        Processed 7000/94672 frames (280 sampled)...
        Processed 7500/94672 frames (300 sampled)...
        Processed 8000/94672 frames (320 sampled)...
        Processed 8500/94672 frames (340 sampled)...
        Processed 9000/94672 frames (360 sampled)...
        Processed 9500/94672 frames (380 sampled)...
        Processed 10000/94672 frames (400 sampled)...
        Processed 10500/94672 frames (420 sampled)...
        Processed 11000/94672 frames (440 sampled)...
        Processed 11500/94672 frames (460 sampled)...
        Processed 12000/94672 frames (480 sampled)...
        Processed 12500/94672 frames (500 sampled)...
        Processed 13000/94672 frames (520 sampled)...
        Processed 13500/94672 frames (540 sampled)...
        Processed 14000/94672 frames (560 sampled)...
        Processed 14500/94672 frames (580 sampled)...
        Processed 15000/94672 frames (600 sampled)...
        Processed 15500/94672 frames (620 sampled)...
        Processed 16000/94672 frames (640 sampled)...
        Processed 16500/94672 frames (660 sampled)...
        Processed 17000/94672 frames (680 sampled)...
        Processed 17500/94672 frames (700 sampled)...
        Processed 18000/94672 frames (720 sampled)...
        Processed 18500/94672 frames (740 sampled)...
        Processed 19000/94672 frames (760 sampled)...
        Processed 19500/94672 frames (780 sampled)...
        Processed 20000/94672 frames (800 sampled)...
        Processed 20500/94672 frames (820 sampled)...
        Processed 21000/94672 frames (840 sampled)...
        Processed 21500/94672 frames (860 sampled)...
        Processed 22000/94672 frames (880 sampled)...
        Processed 22500/94672 frames (900 sampled)...
        Processed 23000/94672 frames (920 sampled)...
        Processed 23500/94672 frames (940 sampled)...
        Processed 24000/94672 frames (960 sampled)...
        Processed 24500/94672 frames (980 sampled)...
        Processed 25000/94672 frames (1000 sampled)...
        Processed 25500/94672 frames (1020 sampled)...
        Processed 26000/94672 frames (1040 sampled)...
        Processed 26500/94672 frames (1060 sampled)...
        Processed 27000/94672 frames (1080 sampled)...
        Processed 27500/94672 frames (1100 sampled)...
        Processed 28000/94672 frames (1120 sampled)...
        Processed 28500/94672 frames (1140 sampled)...
        Processed 29000/94672 frames (1160 sampled)...
        Processed 29500/94672 frames (1180 sampled)...
        Processed 30000/94672 frames (1200 sampled)...
        Processed 30500/94672 frames (1220 sampled)...
        Processed 31000/94672 frames (1240 sampled)...
        Processed 31500/94672 frames (1260 sampled)...
        Processed 32000/94672 frames (1280 sampled)...
        Processed 32500/94672 frames (1300 sampled)...
        Processed 33000/94672 frames (1320 sampled)...
        Processed 33500/94672 frames (1340 sampled)...
        Processed 34000/94672 frames (1360 sampled)...
        Processed 34500/94672 frames (1380 sampled)...
        Processed 35000/94672 frames (1400 sampled)...
        Processed 35500/94672 frames (1420 sampled)...
        Processed 36000/94672 frames (1440 sampled)...
        Processed 36500/94672 frames (1460 sampled)...
        Processed 37000/94672 frames (1480 sampled)...
        Processed 37500/94672 frames (1500 sampled)...
        Processed 38000/94672 frames (1520 sampled)...
        Processed 38500/94672 frames (1540 sampled)...
        Processed 39000/94672 frames (1560 sampled)...
        Processed 39500/94672 frames (1580 sampled)...
        Processed 40000/94672 frames (1600 sampled)...
        Processed 40500/94672 frames (1620 sampled)...
        Processed 41000/94672 frames (1640 sampled)...
        Processed 41500/94672 frames (1660 sampled)...
        Processed 42000/94672 frames (1680 sampled)...
        Processed 42500/94672 frames (1700 sampled)...
        Processed 43000/94672 frames (1720 sampled)...
        Processed 43500/94672 frames (1740 sampled)...
        Processed 44000/94672 frames (1760 sampled)...
        Processed 44500/94672 frames (1780 sampled)...
        Processed 45000/94672 frames (1800 sampled)...
        Processed 45500/94672 frames (1820 sampled)...
        Processed 46000/94672 frames (1840 sampled)...
        Processed 46500/94672 frames (1860 sampled)...
        Processed 47000/94672 frames (1880 sampled)...
        Processed 47500/94672 frames (1900 sampled)...
        Processed 48000/94672 frames (1920 sampled)...
        Processed 48500/94672 frames (1940 sampled)...
        Processed 49000/94672 frames (1960 sampled)...
        Processed 49500/94672 frames (1980 sampled)...
        Processed 50000/94672 frames (2000 sampled)...
        Processed 50500/94672 frames (2020 sampled)...
        Processed 51000/94672 frames (2040 sampled)...
        Processed 51500/94672 frames (2060 sampled)...
        Processed 52000/94672 frames (2080 sampled)...
        Processed 52500/94672 frames (2100 sampled)...
        Processed 53000/94672 frames (2120 sampled)...
        Processed 53500/94672 frames (2140 sampled)...
        Processed 54000/94672 frames (2160 sampled)...
        Processed 54500/94672 frames (2180 sampled)...
        Processed 55000/94672 frames (2200 sampled)...
        Processed 55500/94672 frames (2220 sampled)...
        Processed 56000/94672 frames (2240 sampled)...
        Processed 56500/94672 frames (2260 sampled)...
        Processed 57000/94672 frames (2280 sampled)...
        Processed 57500/94672 frames (2300 sampled)...
        Processed 58000/94672 frames (2320 sampled)...
        Processed 58500/94672 frames (2340 sampled)...
        Processed 59000/94672 frames (2360 sampled)...
        Processed 59500/94672 frames (2380 sampled)...
        Processed 60000/94672 frames (2400 sampled)...
        Processed 60500/94672 frames (2420 sampled)...
        Processed 61000/94672 frames (2440 sampled)...
        Processed 61500/94672 frames (2460 sampled)...
        Processed 62000/94672 frames (2480 sampled)...
        Processed 62500/94672 frames (2500 sampled)...
        Processed 63000/94672 frames (2520 sampled)...
        Processed 63500/94672 frames (2540 sampled)...
Processing videos:  94%|█████████▍| 30/32 [12:55<00:51, 25.94s/it]        Processed 64000/94672 frames (2560 sampled)...
        Processed 64500/94672 frames (2580 sampled)...
        Processed 65000/94672 frames (2600 sampled)...
        Processed 65500/94672 frames (2620 sampled)...
        Processed 66000/94672 frames (2640 sampled)...
        Processed 66500/94672 frames (2660 sampled)...
        Processed 67000/94672 frames (2680 sampled)...
        Processed 67500/94672 frames (2700 sampled)...
        Processed 68000/94672 frames (2720 sampled)...
        Processed 68500/94672 frames (2740 sampled)...
        Processed 69000/94672 frames (2760 sampled)...
        Processed 69500/94672 frames (2780 sampled)...
        Processed 70000/94672 frames (2800 sampled)...
        Processed 70500/94672 frames (2820 sampled)...
        Processed 71000/94672 frames (2840 sampled)...
        Processed 71500/94672 frames (2860 sampled)...
        Processed 72000/94672 frames (2880 sampled)...
        Processed 72500/94672 frames (2900 sampled)...
        Processed 73000/94672 frames (2920 sampled)...
        Processed 73500/94672 frames (2940 sampled)...
        Processed 74000/94672 frames (2960 sampled)...
        Processed 74500/94672 frames (2980 sampled)...
        Processed 75000/94672 frames (3000 sampled)...
        Processed 75500/94672 frames (3020 sampled)...
        Processed 76000/94672 frames (3040 sampled)...
        Processed 76500/94672 frames (3060 sampled)...
        Processed 77000/94672 frames (3080 sampled)...
        Processed 77500/94672 frames (3100 sampled)...
        Processed 78000/94672 frames (3120 sampled)...
        Processed 78500/94672 frames (3140 sampled)...
        Processed 79000/94672 frames (3160 sampled)...
        Processed 79500/94672 frames (3180 sampled)...
        Processed 80000/94672 frames (3200 sampled)...
        Processed 80500/94672 frames (3220 sampled)...
        Processed 81000/94672 frames (3240 sampled)...
        Processed 81500/94672 frames (3260 sampled)...
        Processed 82000/94672 frames (3280 sampled)...
        Processed 82500/94672 frames (3300 sampled)...
        Processed 83000/94672 frames (3320 sampled)...
        Processed 83500/94672 frames (3340 sampled)...
        Processed 84000/94672 frames (3360 sampled)...
        Processed 84500/94672 frames (3380 sampled)...
        Processed 85000/94672 frames (3400 sampled)...
        Processed 85500/94672 frames (3420 sampled)...
        Processed 86000/94672 frames (3440 sampled)...
        Processed 86500/94672 frames (3460 sampled)...
        Processed 87000/94672 frames (3480 sampled)...
        Processed 87500/94672 frames (3500 sampled)...
        Processed 88000/94672 frames (3520 sampled)...
        Processed 88500/94672 frames (3540 sampled)...
        Processed 89000/94672 frames (3560 sampled)...
        Processed 89500/94672 frames (3580 sampled)...
        Processed 90000/94672 frames (3600 sampled)...
        Processed 90500/94672 frames (3620 sampled)...
        Processed 91000/94672 frames (3640 sampled)...
        Processed 91500/94672 frames (3660 sampled)...
        Processed 92000/94672 frames (3680 sampled)...
        Processed 92500/94672 frames (3700 sampled)...
        Processed 93000/94672 frames (3720 sampled)...
        Processed 93500/94672 frames (3740 sampled)...
        Processed 94000/94672 frames (3760 sampled)...
        Processed 94500/94672 frames (3780 sampled)...
      Total frames read: 94534
      Total frames sampled: 3782
      Converting frames to tensor and normalizing...
      Frames array shape: (3782, 224, 224, 3)
      Frames dtype: float32
      Extracting features using I3D model...
      Clip length: 16 frames
      Stride: 8 frames (50% overlap)
      Expected number of clips: 473
        Processed 10/473 clips...
        Processed 20/473 clips...
        Processed 30/473 clips...
        Processed 40/473 clips...
        Processed 50/473 clips...
        Processed 60/473 clips...
        Processed 70/473 clips...
        Processed 80/473 clips...
        Processed 90/473 clips...
        Processed 100/473 clips...
        Processed 110/473 clips...
        Processed 120/473 clips...
        Processed 130/473 clips...
        Processed 140/473 clips...
        Processed 150/473 clips...
        Processed 160/473 clips...
        Processed 170/473 clips...
        Processed 180/473 clips...
        Processed 190/473 clips...
        Processed 200/473 clips...
        Processed 210/473 clips...
        Processed 220/473 clips...
        Processed 230/473 clips...
        Processed 240/473 clips...
        Processed 250/473 clips...
        Processed 260/473 clips...
        Processed 270/473 clips...
        Processed 280/473 clips...
        Processed 290/473 clips...
        Processed 300/473 clips...
        Processed 310/473 clips...
        Processed 320/473 clips...
        Processed 330/473 clips...
        Processed 340/473 clips...
        Processed 350/473 clips...
        Processed 360/473 clips...
        Processed 370/473 clips...
        Processed 380/473 clips...
        Processed 390/473 clips...
        Processed 400/473 clips...
        Processed 410/473 clips...
        Processed 420/473 clips...
        Processed 430/473 clips...
        Processed 440/473 clips...
        Processed 450/473 clips...
        Processed 460/473 clips...
        Processed 470/473 clips...
      Feature extraction complete!
      Final feature shape: (3776, 1024)
      Feature dtype: float32
[ID30]   Features extracted: (3776, 1024)
[ID30]   Feature dimension: 1024
[ID30]   Feature size: 14.75 MB
[ID30]   Saved to: /data-8tb/nvaci/dataset_Stanford/FACT_method/preprocessed_data/features/ID30.npy
[ID30] Step 3/3: Converting labels to frame-level...
[ID30]   Reading CSV: 25-021_ID30.csv
[ID30]   Video duration: 3786.88 seconds
      Reading CSV file: /data-8tb/nvaci/dataset_Stanford/raw/labels/25-021_ID30.csv
      CSV rows: 3840
      CSV columns: ['start_time', 'end_time', 'licking', 'shaking']
      Video duration: 3786.88s
      Target FPS: 1
      Total frames to generate: 3786
      Processing CSV rows...
        Row 245: 0:04:245-0:04:246 -> licking_shaking
        Row 250: 0:04:250-0:04:251 -> licking_shaking
        Row 256: 0:04:256-0:04:257 -> licking_shaking
      CSV processing complete:
        Segments with licking only: 458
        Segments with shaking only: 12
        Segments with licking_shaking: 6
        Segments with background: 3364
[ID30]   Labels created: 3786 frames
[ID30]   Label distribution:
[ID30]     - background: 3675 frames (97.1%)
[ID30]     - licking: 93 frames (2.5%)
[ID30]     - licking_shaking: 6 frames (0.2%)
[ID30]     - shaking: 12 frames (0.3%)
[ID30]   WARNING: Length mismatch!
[ID30]     Features: 3776 frames
[ID30]     Labels: 3786 frames
[ID30]     Trimming both to: 3776 frames
[ID30]     Updated feature file
[ID30]   Saved labels to: /data-8tb/nvaci/dataset_Stanford/FACT_method/preprocessed_data/groundTruth/ID30.txt
[ID30] ✓ SUCCESS - Video processed successfully

================================================================================
Processing video 31/32: ID31
================================================================================
[ID31] Found label file: 25-021_ID31.csv
[ID31] Step 1/3: Reading video file...
[ID31]   Video path: /data-8tb/nvaci/dataset_Stanford/raw/videos_cut/ID31.mp4
[ID31]   Video FPS: 25.00
[ID31]   Total frames: 97520
[ID31]   Duration: 3900.80 seconds
[ID31]   Target FPS: 1
[ID31]   Expected output frames: 3900
[ID31] Step 2/3: Extracting I3D features...
[ID31]   Using model: I3D
[ID31]   Clip length: 16 frames
      Opening video file...
      Original video FPS: 25.00
      Original total frames: 97520
      Sample rate: 1 every 25 frames
      Reading and sampling frames...
        Processed 500/97520 frames (20 sampled)...
        Processed 1000/97520 frames (40 sampled)...
        Processed 1500/97520 frames (60 sampled)...
        Processed 2000/97520 frames (80 sampled)...
        Processed 2500/97520 frames (100 sampled)...
        Processed 3000/97520 frames (120 sampled)...
        Processed 3500/97520 frames (140 sampled)...
        Processed 4000/97520 frames (160 sampled)...
        Processed 4500/97520 frames (180 sampled)...
        Processed 5000/97520 frames (200 sampled)...
        Processed 5500/97520 frames (220 sampled)...
        Processed 6000/97520 frames (240 sampled)...
        Processed 6500/97520 frames (260 sampled)...
        Processed 7000/97520 frames (280 sampled)...
        Processed 7500/97520 frames (300 sampled)...
        Processed 8000/97520 frames (320 sampled)...
        Processed 8500/97520 frames (340 sampled)...
        Processed 9000/97520 frames (360 sampled)...
        Processed 9500/97520 frames (380 sampled)...
        Processed 10000/97520 frames (400 sampled)...
        Processed 10500/97520 frames (420 sampled)...
        Processed 11000/97520 frames (440 sampled)...
        Processed 11500/97520 frames (460 sampled)...
        Processed 12000/97520 frames (480 sampled)...
        Processed 12500/97520 frames (500 sampled)...
        Processed 13000/97520 frames (520 sampled)...
        Processed 13500/97520 frames (540 sampled)...
        Processed 14000/97520 frames (560 sampled)...
        Processed 14500/97520 frames (580 sampled)...
        Processed 15000/97520 frames (600 sampled)...
        Processed 15500/97520 frames (620 sampled)...
        Processed 16000/97520 frames (640 sampled)...
        Processed 16500/97520 frames (660 sampled)...
        Processed 17000/97520 frames (680 sampled)...
        Processed 17500/97520 frames (700 sampled)...
        Processed 18000/97520 frames (720 sampled)...
        Processed 18500/97520 frames (740 sampled)...
        Processed 19000/97520 frames (760 sampled)...
        Processed 19500/97520 frames (780 sampled)...
        Processed 20000/97520 frames (800 sampled)...
        Processed 20500/97520 frames (820 sampled)...
        Processed 21000/97520 frames (840 sampled)...
        Processed 21500/97520 frames (860 sampled)...
        Processed 22000/97520 frames (880 sampled)...
        Processed 22500/97520 frames (900 sampled)...
        Processed 23000/97520 frames (920 sampled)...
        Processed 23500/97520 frames (940 sampled)...
        Processed 24000/97520 frames (960 sampled)...
        Processed 24500/97520 frames (980 sampled)...
        Processed 25000/97520 frames (1000 sampled)...
        Processed 25500/97520 frames (1020 sampled)...
        Processed 26000/97520 frames (1040 sampled)...
        Processed 26500/97520 frames (1060 sampled)...
        Processed 27000/97520 frames (1080 sampled)...
        Processed 27500/97520 frames (1100 sampled)...
        Processed 28000/97520 frames (1120 sampled)...
        Processed 28500/97520 frames (1140 sampled)...
        Processed 29000/97520 frames (1160 sampled)...
        Processed 29500/97520 frames (1180 sampled)...
        Processed 30000/97520 frames (1200 sampled)...
        Processed 30500/97520 frames (1220 sampled)...
        Processed 31000/97520 frames (1240 sampled)...
        Processed 31500/97520 frames (1260 sampled)...
        Processed 32000/97520 frames (1280 sampled)...
        Processed 32500/97520 frames (1300 sampled)...
        Processed 33000/97520 frames (1320 sampled)...
        Processed 33500/97520 frames (1340 sampled)...
        Processed 34000/97520 frames (1360 sampled)...
        Processed 34500/97520 frames (1380 sampled)...
        Processed 35000/97520 frames (1400 sampled)...
        Processed 35500/97520 frames (1420 sampled)...
        Processed 36000/97520 frames (1440 sampled)...
        Processed 36500/97520 frames (1460 sampled)...
        Processed 37000/97520 frames (1480 sampled)...
        Processed 37500/97520 frames (1500 sampled)...
        Processed 38000/97520 frames (1520 sampled)...
        Processed 38500/97520 frames (1540 sampled)...
        Processed 39000/97520 frames (1560 sampled)...
        Processed 39500/97520 frames (1580 sampled)...
        Processed 40000/97520 frames (1600 sampled)...
        Processed 40500/97520 frames (1620 sampled)...
        Processed 41000/97520 frames (1640 sampled)...
        Processed 41500/97520 frames (1660 sampled)...
        Processed 42000/97520 frames (1680 sampled)...
        Processed 42500/97520 frames (1700 sampled)...
        Processed 43000/97520 frames (1720 sampled)...
        Processed 43500/97520 frames (1740 sampled)...
        Processed 44000/97520 frames (1760 sampled)...
        Processed 44500/97520 frames (1780 sampled)...
        Processed 45000/97520 frames (1800 sampled)...
        Processed 45500/97520 frames (1820 sampled)...
        Processed 46000/97520 frames (1840 sampled)...
        Processed 46500/97520 frames (1860 sampled)...
        Processed 47000/97520 frames (1880 sampled)...
        Processed 47500/97520 frames (1900 sampled)...
        Processed 48000/97520 frames (1920 sampled)...
        Processed 48500/97520 frames (1940 sampled)...
        Processed 49000/97520 frames (1960 sampled)...
        Processed 49500/97520 frames (1980 sampled)...
        Processed 50000/97520 frames (2000 sampled)...
        Processed 50500/97520 frames (2020 sampled)...
        Processed 51000/97520 frames (2040 sampled)...
        Processed 51500/97520 frames (2060 sampled)...
        Processed 52000/97520 frames (2080 sampled)...
        Processed 52500/97520 frames (2100 sampled)...
        Processed 53000/97520 frames (2120 sampled)...
        Processed 53500/97520 frames (2140 sampled)...
        Processed 54000/97520 frames (2160 sampled)...
        Processed 54500/97520 frames (2180 sampled)...
        Processed 55000/97520 frames (2200 sampled)...
        Processed 55500/97520 frames (2220 sampled)...
        Processed 56000/97520 frames (2240 sampled)...
        Processed 56500/97520 frames (2260 sampled)...
        Processed 57000/97520 frames (2280 sampled)...
        Processed 57500/97520 frames (2300 sampled)...
        Processed 58000/97520 frames (2320 sampled)...
        Processed 58500/97520 frames (2340 sampled)...
        Processed 59000/97520 frames (2360 sampled)...
        Processed 59500/97520 frames (2380 sampled)...
        Processed 60000/97520 frames (2400 sampled)...
        Processed 60500/97520 frames (2420 sampled)...
        Processed 61000/97520 frames (2440 sampled)...
        Processed 61500/97520 frames (2460 sampled)...
        Processed 62000/97520 frames (2480 sampled)...
        Processed 62500/97520 frames (2500 sampled)...
        Processed 63000/97520 frames (2520 sampled)...
        Processed 63500/97520 frames (2540 sampled)...
        Processed 64000/97520 frames (2560 sampled)...
        Processed 64500/97520 frames (2580 sampled)...
        Processed 65000/97520 frames (2600 sampled)...
        Processed 65500/97520 frames (2620 sampled)...
        Processed 66000/97520 frames (2640 sampled)...
        Processed 66500/97520 frames (2660 sampled)...
        Processed 67000/97520 frames (2680 sampled)...
        Processed 67500/97520 frames (2700 sampled)...
        Processed 68000/97520 frames (2720 sampled)...
        Processed 68500/97520 frames (2740 sampled)...
        Processed 69000/97520 frames (2760 sampled)...
        Processed 69500/97520 frames (2780 sampled)...
        Processed 70000/97520 frames (2800 sampled)...
        Processed 70500/97520 frames (2820 sampled)...
        Processed 71000/97520 frames (2840 sampled)...
        Processed 71500/97520 frames (2860 sampled)...
        Processed 72000/97520 frames (2880 sampled)...
        Processed 72500/97520 frames (2900 sampled)...
        Processed 73000/97520 frames (2920 sampled)...
        Processed 73500/97520 frames (2940 sampled)...
        Processed 74000/97520 frames (2960 sampled)...
        Processed 74500/97520 frames (2980 sampled)...
        Processed 75000/97520 frames (3000 sampled)...
        Processed 75500/97520 frames (3020 sampled)...
        Processed 76000/97520 frames (3040 sampled)...
        Processed 76500/97520 frames (3060 sampled)...
        Processed 77000/97520 frames (3080 sampled)...
        Processed 77500/97520 frames (3100 sampled)...
        Processed 78000/97520 frames (3120 sampled)...
Processing videos:  97%|█████████▋| 31/32 [13:26<00:27, 27.37s/it]        Processed 78500/97520 frames (3140 sampled)...
        Processed 79000/97520 frames (3160 sampled)...
        Processed 79500/97520 frames (3180 sampled)...
        Processed 80000/97520 frames (3200 sampled)...
        Processed 80500/97520 frames (3220 sampled)...
        Processed 81000/97520 frames (3240 sampled)...
        Processed 81500/97520 frames (3260 sampled)...
        Processed 82000/97520 frames (3280 sampled)...
        Processed 82500/97520 frames (3300 sampled)...
        Processed 83000/97520 frames (3320 sampled)...
        Processed 83500/97520 frames (3340 sampled)...
        Processed 84000/97520 frames (3360 sampled)...
        Processed 84500/97520 frames (3380 sampled)...
        Processed 85000/97520 frames (3400 sampled)...
        Processed 85500/97520 frames (3420 sampled)...
        Processed 86000/97520 frames (3440 sampled)...
        Processed 86500/97520 frames (3460 sampled)...
        Processed 87000/97520 frames (3480 sampled)...
        Processed 87500/97520 frames (3500 sampled)...
        Processed 88000/97520 frames (3520 sampled)...
        Processed 88500/97520 frames (3540 sampled)...
        Processed 89000/97520 frames (3560 sampled)...
        Processed 89500/97520 frames (3580 sampled)...
        Processed 90000/97520 frames (3600 sampled)...
        Processed 90500/97520 frames (3620 sampled)...
        Processed 91000/97520 frames (3640 sampled)...
        Processed 91500/97520 frames (3660 sampled)...
        Processed 92000/97520 frames (3680 sampled)...
        Processed 92500/97520 frames (3700 sampled)...
        Processed 93000/97520 frames (3720 sampled)...
        Processed 93500/97520 frames (3740 sampled)...
        Processed 94000/97520 frames (3760 sampled)...
        Processed 94500/97520 frames (3780 sampled)...
        Processed 95000/97520 frames (3800 sampled)...
        Processed 95500/97520 frames (3820 sampled)...
        Processed 96000/97520 frames (3840 sampled)...
        Processed 96500/97520 frames (3860 sampled)...
        Processed 97000/97520 frames (3880 sampled)...
      Total frames read: 97370
      Total frames sampled: 3895
      Converting frames to tensor and normalizing...
      Frames array shape: (3895, 224, 224, 3)
      Frames dtype: float32
      Extracting features using I3D model...
      Clip length: 16 frames
      Stride: 8 frames (50% overlap)
      Expected number of clips: 487
        Processed 10/487 clips...
        Processed 20/487 clips...
        Processed 30/487 clips...
        Processed 40/487 clips...
        Processed 50/487 clips...
        Processed 60/487 clips...
        Processed 70/487 clips...
        Processed 80/487 clips...
        Processed 90/487 clips...
        Processed 100/487 clips...
        Processed 110/487 clips...
        Processed 120/487 clips...
        Processed 130/487 clips...
        Processed 140/487 clips...
        Processed 150/487 clips...
        Processed 160/487 clips...
        Processed 170/487 clips...
        Processed 180/487 clips...
        Processed 190/487 clips...
        Processed 200/487 clips...
        Processed 210/487 clips...
        Processed 220/487 clips...
        Processed 230/487 clips...
        Processed 240/487 clips...
        Processed 250/487 clips...
        Processed 260/487 clips...
        Processed 270/487 clips...
        Processed 280/487 clips...
        Processed 290/487 clips...
        Processed 300/487 clips...
        Processed 310/487 clips...
        Processed 320/487 clips...
        Processed 330/487 clips...
        Processed 340/487 clips...
        Processed 350/487 clips...
        Processed 360/487 clips...
        Processed 370/487 clips...
        Processed 380/487 clips...
        Processed 390/487 clips...
        Processed 400/487 clips...
        Processed 410/487 clips...
        Processed 420/487 clips...
        Processed 430/487 clips...
        Processed 440/487 clips...
        Processed 450/487 clips...
        Processed 460/487 clips...
        Processed 470/487 clips...
        Processed 480/487 clips...
      Feature extraction complete!
      Final feature shape: (3888, 1024)
      Feature dtype: float32
[ID31]   Features extracted: (3888, 1024)
[ID31]   Feature dimension: 1024
[ID31]   Feature size: 15.19 MB
[ID31]   Saved to: /data-8tb/nvaci/dataset_Stanford/FACT_method/preprocessed_data/features/ID31.npy
[ID31] Step 3/3: Converting labels to frame-level...
[ID31]   Reading CSV: 25-021_ID31.csv
[ID31]   Video duration: 3900.80 seconds
      Reading CSV file: /data-8tb/nvaci/dataset_Stanford/raw/labels/25-021_ID31.csv
      CSV rows: 3840
      CSV columns: ['start_time', 'end_time', 'licking', 'shaking']
      Video duration: 3900.80s
      Target FPS: 1
      Total frames to generate: 3900
      Processing CSV rows...
        Row 13: 0:00:13-0:00:14 -> licking_shaking
        Row 14: 0:00:14-0:00:15 -> licking_shaking
        Row 16: 0:00:16-0:00:17 -> licking_shaking
      CSV processing complete:
        Segments with licking only: 424
        Segments with shaking only: 11
        Segments with licking_shaking: 11
        Segments with background: 3394
[ID31]   Labels created: 3900 frames
[ID31]   Label distribution:
[ID31]     - background: 3858 frames (98.9%)
[ID31]     - licking: 20 frames (0.5%)
[ID31]     - licking_shaking: 11 frames (0.3%)
[ID31]     - shaking: 11 frames (0.3%)
[ID31]   WARNING: Length mismatch!
[ID31]     Features: 3888 frames
[ID31]     Labels: 3900 frames
[ID31]     Trimming both to: 3888 frames
[ID31]     Updated feature file
[ID31]   Saved labels to: /data-8tb/nvaci/dataset_Stanford/FACT_method/preprocessed_data/groundTruth/ID31.txt
[ID31] ✓ SUCCESS - Video processed successfully

================================================================================
Processing video 32/32: ID32
================================================================================
[ID32] Found label file: 25-021_ID32.csv
[ID32] Step 1/3: Reading video file...
[ID32]   Video path: /data-8tb/nvaci/dataset_Stanford/raw/videos_cut/ID32.mp4
[ID32]   Video FPS: 25.00
[ID32]   Total frames: 96073
[ID32]   Duration: 3842.92 seconds
[ID32]   Target FPS: 1
[ID32]   Expected output frames: 3842
[ID32] Step 2/3: Extracting I3D features...
[ID32]   Using model: I3D
[ID32]   Clip length: 16 frames
      Opening video file...
      Original video FPS: 25.00
      Original total frames: 96073
      Sample rate: 1 every 25 frames
      Reading and sampling frames...
        Processed 500/96073 frames (20 sampled)...
        Processed 1000/96073 frames (40 sampled)...
        Processed 1500/96073 frames (60 sampled)...
        Processed 2000/96073 frames (80 sampled)...
        Processed 2500/96073 frames (100 sampled)...
        Processed 3000/96073 frames (120 sampled)...
        Processed 3500/96073 frames (140 sampled)...
        Processed 4000/96073 frames (160 sampled)...
        Processed 4500/96073 frames (180 sampled)...
        Processed 5000/96073 frames (200 sampled)...
        Processed 5500/96073 frames (220 sampled)...
        Processed 6000/96073 frames (240 sampled)...
        Processed 6500/96073 frames (260 sampled)...
        Processed 7000/96073 frames (280 sampled)...
        Processed 7500/96073 frames (300 sampled)...
        Processed 8000/96073 frames (320 sampled)...
        Processed 8500/96073 frames (340 sampled)...
        Processed 9000/96073 frames (360 sampled)...
        Processed 9500/96073 frames (380 sampled)...
        Processed 10000/96073 frames (400 sampled)...
        Processed 10500/96073 frames (420 sampled)...
        Processed 11000/96073 frames (440 sampled)...
        Processed 11500/96073 frames (460 sampled)...
        Processed 12000/96073 frames (480 sampled)...
        Processed 12500/96073 frames (500 sampled)...
        Processed 13000/96073 frames (520 sampled)...
        Processed 13500/96073 frames (540 sampled)...
        Processed 14000/96073 frames (560 sampled)...
        Processed 14500/96073 frames (580 sampled)...
        Processed 15000/96073 frames (600 sampled)...
        Processed 15500/96073 frames (620 sampled)...
        Processed 16000/96073 frames (640 sampled)...
        Processed 16500/96073 frames (660 sampled)...
        Processed 17000/96073 frames (680 sampled)...
        Processed 17500/96073 frames (700 sampled)...
        Processed 18000/96073 frames (720 sampled)...
        Processed 18500/96073 frames (740 sampled)...
        Processed 19000/96073 frames (760 sampled)...
        Processed 19500/96073 frames (780 sampled)...
        Processed 20000/96073 frames (800 sampled)...
        Processed 20500/96073 frames (820 sampled)...
        Processed 21000/96073 frames (840 sampled)...
        Processed 21500/96073 frames (860 sampled)...
        Processed 22000/96073 frames (880 sampled)...
        Processed 22500/96073 frames (900 sampled)...
        Processed 23000/96073 frames (920 sampled)...
        Processed 23500/96073 frames (940 sampled)...
        Processed 24000/96073 frames (960 sampled)...
        Processed 24500/96073 frames (980 sampled)...
        Processed 25000/96073 frames (1000 sampled)...
        Processed 25500/96073 frames (1020 sampled)...
        Processed 26000/96073 frames (1040 sampled)...
        Processed 26500/96073 frames (1060 sampled)...
        Processed 27000/96073 frames (1080 sampled)...
        Processed 27500/96073 frames (1100 sampled)...
        Processed 28000/96073 frames (1120 sampled)...
        Processed 28500/96073 frames (1140 sampled)...
        Processed 29000/96073 frames (1160 sampled)...
        Processed 29500/96073 frames (1180 sampled)...
        Processed 30000/96073 frames (1200 sampled)...
        Processed 30500/96073 frames (1220 sampled)...
        Processed 31000/96073 frames (1240 sampled)...
        Processed 31500/96073 frames (1260 sampled)...
        Processed 32000/96073 frames (1280 sampled)...
        Processed 32500/96073 frames (1300 sampled)...
        Processed 33000/96073 frames (1320 sampled)...
        Processed 33500/96073 frames (1340 sampled)...
        Processed 34000/96073 frames (1360 sampled)...
        Processed 34500/96073 frames (1380 sampled)...
        Processed 35000/96073 frames (1400 sampled)...
        Processed 35500/96073 frames (1420 sampled)...
        Processed 36000/96073 frames (1440 sampled)...
        Processed 36500/96073 frames (1460 sampled)...
        Processed 37000/96073 frames (1480 sampled)...
        Processed 37500/96073 frames (1500 sampled)...
        Processed 38000/96073 frames (1520 sampled)...
        Processed 38500/96073 frames (1540 sampled)...
        Processed 39000/96073 frames (1560 sampled)...
        Processed 39500/96073 frames (1580 sampled)...
        Processed 40000/96073 frames (1600 sampled)...
        Processed 40500/96073 frames (1620 sampled)...
        Processed 41000/96073 frames (1640 sampled)...
        Processed 41500/96073 frames (1660 sampled)...
        Processed 42000/96073 frames (1680 sampled)...
        Processed 42500/96073 frames (1700 sampled)...
        Processed 43000/96073 frames (1720 sampled)...
        Processed 43500/96073 frames (1740 sampled)...
        Processed 44000/96073 frames (1760 sampled)...
        Processed 44500/96073 frames (1780 sampled)...
        Processed 45000/96073 frames (1800 sampled)...
        Processed 45500/96073 frames (1820 sampled)...
        Processed 46000/96073 frames (1840 sampled)...
        Processed 46500/96073 frames (1860 sampled)...
        Processed 47000/96073 frames (1880 sampled)...
        Processed 47500/96073 frames (1900 sampled)...
        Processed 48000/96073 frames (1920 sampled)...
        Processed 48500/96073 frames (1940 sampled)...
        Processed 49000/96073 frames (1960 sampled)...
        Processed 49500/96073 frames (1980 sampled)...
        Processed 50000/96073 frames (2000 sampled)...
        Processed 50500/96073 frames (2020 sampled)...
        Processed 51000/96073 frames (2040 sampled)...
        Processed 51500/96073 frames (2060 sampled)...
        Processed 52000/96073 frames (2080 sampled)...
        Processed 52500/96073 frames (2100 sampled)...
        Processed 53000/96073 frames (2120 sampled)...
        Processed 53500/96073 frames (2140 sampled)...
        Processed 54000/96073 frames (2160 sampled)...
        Processed 54500/96073 frames (2180 sampled)...
        Processed 55000/96073 frames (2200 sampled)...
        Processed 55500/96073 frames (2220 sampled)...
        Processed 56000/96073 frames (2240 sampled)...
        Processed 56500/96073 frames (2260 sampled)...
        Processed 57000/96073 frames (2280 sampled)...
        Processed 57500/96073 frames (2300 sampled)...
        Processed 58000/96073 frames (2320 sampled)...
        Processed 58500/96073 frames (2340 sampled)...
        Processed 59000/96073 frames (2360 sampled)...
        Processed 59500/96073 frames (2380 sampled)...
        Processed 60000/96073 frames (2400 sampled)...
        Processed 60500/96073 frames (2420 sampled)...
        Processed 61000/96073 frames (2440 sampled)...
        Processed 61500/96073 frames (2460 sampled)...
        Processed 62000/96073 frames (2480 sampled)...
        Processed 62500/96073 frames (2500 sampled)...
        Processed 63000/96073 frames (2520 sampled)...
        Processed 63500/96073 frames (2540 sampled)...
        Processed 64000/96073 frames (2560 sampled)...
        Processed 64500/96073 frames (2580 sampled)...
        Processed 65000/96073 frames (2600 sampled)...
        Processed 65500/96073 frames (2620 sampled)...
        Processed 66000/96073 frames (2640 sampled)...
        Processed 66500/96073 frames (2660 sampled)...
        Processed 67000/96073 frames (2680 sampled)...
        Processed 67500/96073 frames (2700 sampled)...
        Processed 68000/96073 frames (2720 sampled)...
        Processed 68500/96073 frames (2740 sampled)...
        Processed 69000/96073 frames (2760 sampled)...
        Processed 69500/96073 frames (2780 sampled)...
        Processed 70000/96073 frames (2800 sampled)...
        Processed 70500/96073 frames (2820 sampled)...
        Processed 71000/96073 frames (2840 sampled)...
        Processed 71500/96073 frames (2860 sampled)...
        Processed 72000/96073 frames (2880 sampled)...
        Processed 72500/96073 frames (2900 sampled)...
        Processed 73000/96073 frames (2920 sampled)...
        Processed 73500/96073 frames (2940 sampled)...
        Processed 74000/96073 frames (2960 sampled)...
        Processed 74500/96073 frames (2980 sampled)...
        Processed 75000/96073 frames (3000 sampled)...
        Processed 75500/96073 frames (3020 sampled)...
        Processed 76000/96073 frames (3040 sampled)...
        Processed 76500/96073 frames (3060 sampled)...
        Processed 77000/96073 frames (3080 sampled)...
        Processed 77500/96073 frames (3100 sampled)...
        Processed 78000/96073 frames (3120 sampled)...
        Processed 78500/96073 frames (3140 sampled)...
        Processed 79000/96073 frames (3160 sampled)...
        Processed 79500/96073 frames (3180 sampled)...
        Processed 80000/96073 frames (3200 sampled)...
        Processed 80500/96073 frames (3220 sampled)...
        Processed 81000/96073 frames (3240 sampled)...
        Processed 81500/96073 frames (3260 sampled)...
        Processed 82000/96073 frames (3280 sampled)...
        Processed 82500/96073 frames (3300 sampled)...
        Processed 83000/96073 frames (3320 sampled)...
        Processed 83500/96073 frames (3340 sampled)...
        Processed 84000/96073 frames (3360 sampled)...
        Processed 84500/96073 frames (3380 sampled)...
        Processed 85000/96073 frames (3400 sampled)...
        Processed 85500/96073 frames (3420 sampled)...
        Processed 86000/96073 frames (3440 sampled)...
        Processed 86500/96073 frames (3460 sampled)...
        Processed 87000/96073 frames (3480 sampled)...
        Processed 87500/96073 frames (3500 sampled)...
        Processed 88000/96073 frames (3520 sampled)...
        Processed 88500/96073 frames (3540 sampled)...
        Processed 89000/96073 frames (3560 sampled)...
        Processed 89500/96073 frames (3580 sampled)...
        Processed 90000/96073 frames (3600 sampled)...
Processing videos: 100%|██████████| 32/32 [14:03<00:00, 30.27s/it]Processing videos: 100%|██████████| 32/32 [14:03<00:00, 26.36s/it]
        Processed 90500/96073 frames (3620 sampled)...
        Processed 91000/96073 frames (3640 sampled)...
        Processed 91500/96073 frames (3660 sampled)...
        Processed 92000/96073 frames (3680 sampled)...
        Processed 92500/96073 frames (3700 sampled)...
        Processed 93000/96073 frames (3720 sampled)...
        Processed 93500/96073 frames (3740 sampled)...
        Processed 94000/96073 frames (3760 sampled)...
        Processed 94500/96073 frames (3780 sampled)...
        Processed 95000/96073 frames (3800 sampled)...
        Processed 95500/96073 frames (3820 sampled)...
        Processed 96000/96073 frames (3840 sampled)...
      Total frames read: 96070
      Total frames sampled: 3843
      Converting frames to tensor and normalizing...
      Frames array shape: (3843, 224, 224, 3)
      Frames dtype: float32
      Extracting features using I3D model...
      Clip length: 16 frames
      Stride: 8 frames (50% overlap)
      Expected number of clips: 481
        Processed 10/481 clips...
        Processed 20/481 clips...
        Processed 30/481 clips...
        Processed 40/481 clips...
        Processed 50/481 clips...
        Processed 60/481 clips...
        Processed 70/481 clips...
        Processed 80/481 clips...
        Processed 90/481 clips...
        Processed 100/481 clips...
        Processed 110/481 clips...
        Processed 120/481 clips...
        Processed 130/481 clips...
        Processed 140/481 clips...
        Processed 150/481 clips...
        Processed 160/481 clips...
        Processed 170/481 clips...
        Processed 180/481 clips...
        Processed 190/481 clips...
        Processed 200/481 clips...
        Processed 210/481 clips...
        Processed 220/481 clips...
        Processed 230/481 clips...
        Processed 240/481 clips...
        Processed 250/481 clips...
        Processed 260/481 clips...
        Processed 270/481 clips...
        Processed 280/481 clips...
        Processed 290/481 clips...
        Processed 300/481 clips...
        Processed 310/481 clips...
        Processed 320/481 clips...
        Processed 330/481 clips...
        Processed 340/481 clips...
        Processed 350/481 clips...
        Processed 360/481 clips...
        Processed 370/481 clips...
        Processed 380/481 clips...
        Processed 390/481 clips...
        Processed 400/481 clips...
        Processed 410/481 clips...
        Processed 420/481 clips...
        Processed 430/481 clips...
        Processed 440/481 clips...
        Processed 450/481 clips...
        Processed 460/481 clips...
        Processed 470/481 clips...
        Processed 480/481 clips...
      Feature extraction complete!
      Final feature shape: (3840, 1024)
      Feature dtype: float32
[ID32]   Features extracted: (3840, 1024)
[ID32]   Feature dimension: 1024
[ID32]   Feature size: 15.00 MB
[ID32]   Saved to: /data-8tb/nvaci/dataset_Stanford/FACT_method/preprocessed_data/features/ID32.npy
[ID32] Step 3/3: Converting labels to frame-level...
[ID32]   Reading CSV: 25-021_ID32.csv
[ID32]   Video duration: 3842.92 seconds
      Reading CSV file: /data-8tb/nvaci/dataset_Stanford/raw/labels/25-021_ID32.csv
      CSV rows: 3840
      CSV columns: ['start_time', 'end_time', 'licking', 'shaking']
      Video duration: 3842.92s
      Target FPS: 1
      Total frames to generate: 3842
      Processing CSV rows...
      CSV processing complete:
        Segments with licking only: 102
        Segments with shaking only: 0
        Segments with licking_shaking: 0
        Segments with background: 3738
[ID32]   Labels created: 3842 frames
[ID32]   Label distribution:
[ID32]     - background: 3704 frames (96.4%)
[ID32]     - licking: 138 frames (3.6%)
[ID32]   WARNING: Length mismatch!
[ID32]     Features: 3840 frames
[ID32]     Labels: 3842 frames
[ID32]     Trimming both to: 3840 frames
[ID32]     Updated feature file
[ID32]   Saved labels to: /data-8tb/nvaci/dataset_Stanford/FACT_method/preprocessed_data/groundTruth/ID32.txt
[ID32] ✓ SUCCESS - Video processed successfully

================================================================================
Processing Summary
================================================================================
Total videos: 32
Successfully processed: 32
Failed: 0
Success rate: 100.0%

================================================================================
Creating dataset metadata files...
================================================================================
Created mapping file: /data-8tb/nvaci/dataset_Stanford/FACT_method/preprocessed_data/mapping.txt
  Classes: 4
    0: background
    1: licking
    2: shaking
    3: licking_shaking
Created split 1: 25 train, 7 test

================================================================================
Preprocessing complete!
================================================================================

Output structure:
  /data-8tb/nvaci/dataset_Stanford/FACT_method/preprocessed_data/
  ├── features/        (32 .npy files)
  ├── groundTruth/     (32 .txt files)
  ├── mapping.txt
  └── splits/          (1 train/test splits)

You can now use this dataset with FACT by running:
  python utils/gen_config.py --dataset_path /data-8tb/nvaci/dataset_Stanford/FACT_method/preprocessed_data \
      --dataset_name stanford --output_config configs/stanford.yaml \
      --base_config configs/breakfast.yaml
