nohup: ignoring input
======================================================================
STANFORD BINARY DATASET PREPROCESSING (ORIGINAL FPS)
======================================================================
Started at: Wed Jan 28 01:30:38 PM CST 2026

Configuration:
  Input videos: /data-8tb/nvaci/dataset/dataset_Stanford/raw/videos_cut
  Input labels: /data-8tb/nvaci/dataset/dataset_Stanford/raw/labels
  Output dir:   /data-8tb/nvaci/dataset/dataset_Stanford/FACT_method/preprocessed_data_2class_originalFPS
  I3D weights:  /data-8tb/nvaci/dataset/dataset_Stanford/FACT_method/pretrained_models/i3d_rgb_kinetics.pt
  Clip length:  AUTO (detected from video FPS)
  Aggregation:  mean
  Train ratio:  0.8
  Num splits:   5
  Seed:         42
  CPU threads:  4
  Use CPU:      

Log file: /data-8tb/nvaci/dataset/dataset_Stanford/FACT_method/preprocessed_data_2class_originalFPS/preprocessing_original_fps_20260128_133038.log
======================================================================

Running command:
python preprocess_stanford_binary_original_fps.py     --input_videos "/data-8tb/nvaci/dataset/dataset_Stanford/raw/videos_cut"     --input_labels "/data-8tb/nvaci/dataset/dataset_Stanford/raw/labels"     --output_dir "/data-8tb/nvaci/dataset/dataset_Stanford/FACT_method/preprocessed_data_2class_originalFPS"     --i3d_weights "/data-8tb/nvaci/dataset/dataset_Stanford/FACT_method/pretrained_models/i3d_rgb_kinetics.pt"     --aggregation mean     --train_ratio 0.8     --n_splits 5     --balance_seed 42     --cpu_threads 4     

Set CPU thread limits to 4 threads
================================================================================
STANFORD BINARY DATASET PREPROCESSING (ORIGINAL FPS)
================================================================================
Started at: 2026-01-28 13:30:40

Configuration:
  Input videos: /data-8tb/nvaci/dataset/dataset_Stanford/raw/videos_cut
  Input labels: /data-8tb/nvaci/dataset/dataset_Stanford/raw/labels
  Output directory: /data-8tb/nvaci/dataset/dataset_Stanford/FACT_method/preprocessed_data_2class_originalFPS
  I3D weights: /data-8tb/nvaci/dataset/dataset_Stanford/FACT_method/pretrained_models/i3d_rgb_kinetics.pt
  Clip length: AUTO-DETECTED from video FPS
  Aggregation: mean
  Train ratio: 0.8
  Number of splits: 5
  Balance seed: 42
  Use CPU: False
  CPU threads: 4

Output structure:
  /data-8tb/nvaci/dataset/dataset_Stanford/FACT_method/preprocessed_data_2class_originalFPS/
  ├── features/
  ├── groundTruth/
  ├── mapping.txt
  └── splits/

Using GPU: NVIDIA RTX 6000 Ada Generation
Loading pretrained I3D model...
Loading I3D model from weights: /data-8tb/nvaci/dataset/dataset_Stanford/FACT_method/pretrained_models/i3d_rgb_kinetics.pt
Loading pretrained weights from: /data-8tb/nvaci/dataset/dataset_Stanford/FACT_method/pretrained_models/i3d_rgb_kinetics.pt
I3D model loaded successfully on cuda
Model type: i3d

Found 32 videos to process

================================================================================
Starting to process 32 videos...
================================================================================


================================================================================
Processing video 1/32: ID01
================================================================================
[ID01] Found label file: 25-021_ID01.csv
[ID01] Step 1/4: Extracting features (per second)...
      Opening video file...

      ═══════════════════════════════════════════════════════
      VIDEO PROPERTIES
      ═══════════════════════════════════════════════════════
      FPS detected: 25.00
      Clip length (auto): 25 frames
      Total frames: 97552
      Duration: 3902.08 seconds
      Expected seconds: 3903
      Frames per second: ~25.0
      ═══════════════════════════════════════════════════════

      Using ORIGINAL FPS with per-second aggregation
      Aggregation method: mean
      ───────────────────────────────────────────────────────
      READING ALL FRAMES FROM VIDEO
      ───────────────────────────────────────────────────────
      Progress: 500/97552 frames (0.5%)
      Progress: 1000/97552 frames (1.0%)
      Progress: 1500/97552 frames (1.5%)
      Progress: 2000/97552 frames (2.1%)
      Progress: 2500/97552 frames (2.6%)
      Progress: 3000/97552 frames (3.1%)
      Progress: 3500/97552 frames (3.6%)
      Progress: 4000/97552 frames (4.1%)
      Progress: 4500/97552 frames (4.6%)
      Progress: 5000/97552 frames (5.1%)
      Progress: 5500/97552 frames (5.6%)
      Progress: 6000/97552 frames (6.2%)
      Progress: 6500/97552 frames (6.7%)
      Progress: 7000/97552 frames (7.2%)
      Progress: 7500/97552 frames (7.7%)
      Progress: 8000/97552 frames (8.2%)
      Progress: 8500/97552 frames (8.7%)
      Progress: 9000/97552 frames (9.2%)
      Progress: 9500/97552 frames (9.7%)
      Progress: 10000/97552 frames (10.3%)
      Progress: 10500/97552 frames (10.8%)
      Progress: 11000/97552 frames (11.3%)
      Progress: 11500/97552 frames (11.8%)
      Progress: 12000/97552 frames (12.3%)
      Progress: 12500/97552 frames (12.8%)
      Progress: 13000/97552 frames (13.3%)
      Progress: 13500/97552 frames (13.8%)
      Progress: 14000/97552 frames (14.4%)
      Progress: 14500/97552 frames (14.9%)
      Progress: 15000/97552 frames (15.4%)
      Progress: 15500/97552 frames (15.9%)
      Progress: 16000/97552 frames (16.4%)
      Progress: 16500/97552 frames (16.9%)
      Progress: 17000/97552 frames (17.4%)
      Progress: 17500/97552 frames (17.9%)
      Progress: 18000/97552 frames (18.5%)
      Progress: 18500/97552 frames (19.0%)
      Progress: 19000/97552 frames (19.5%)
      Progress: 19500/97552 frames (20.0%)
      Progress: 20000/97552 frames (20.5%)
      Progress: 20500/97552 frames (21.0%)
      Progress: 21000/97552 frames (21.5%)
      Progress: 21500/97552 frames (22.0%)
      Progress: 22000/97552 frames (22.6%)
      Progress: 22500/97552 frames (23.1%)
      Progress: 23000/97552 frames (23.6%)
      Progress: 23500/97552 frames (24.1%)
      Progress: 24000/97552 frames (24.6%)
      Progress: 24500/97552 frames (25.1%)
      Progress: 25000/97552 frames (25.6%)
      Progress: 25500/97552 frames (26.1%)
      Progress: 26000/97552 frames (26.7%)
      Progress: 26500/97552 frames (27.2%)
      Progress: 27000/97552 frames (27.7%)
      Progress: 27500/97552 frames (28.2%)
      Progress: 28000/97552 frames (28.7%)
      Progress: 28500/97552 frames (29.2%)
      Progress: 29000/97552 frames (29.7%)
      Progress: 29500/97552 frames (30.2%)
      Progress: 30000/97552 frames (30.8%)
      Progress: 30500/97552 frames (31.3%)
      Progress: 31000/97552 frames (31.8%)
      Progress: 31500/97552 frames (32.3%)
      Progress: 32000/97552 frames (32.8%)
      Progress: 32500/97552 frames (33.3%)
      Progress: 33000/97552 frames (33.8%)
      Progress: 33500/97552 frames (34.3%)
      Progress: 34000/97552 frames (34.9%)
      Progress: 34500/97552 frames (35.4%)
      Progress: 35000/97552 frames (35.9%)
      Progress: 35500/97552 frames (36.4%)
      Progress: 36000/97552 frames (36.9%)
      Progress: 36500/97552 frames (37.4%)
      Progress: 37000/97552 frames (37.9%)
      Progress: 37500/97552 frames (38.4%)
      Progress: 38000/97552 frames (39.0%)
      Progress: 38500/97552 frames (39.5%)
      Progress: 39000/97552 frames (40.0%)
      Progress: 39500/97552 frames (40.5%)
      Progress: 40000/97552 frames (41.0%)
      Progress: 40500/97552 frames (41.5%)
      Progress: 41000/97552 frames (42.0%)
      Progress: 41500/97552 frames (42.5%)
      Progress: 42000/97552 frames (43.1%)
      Progress: 42500/97552 frames (43.6%)
      Progress: 43000/97552 frames (44.1%)
      Progress: 43500/97552 frames (44.6%)
      Progress: 44000/97552 frames (45.1%)
      Progress: 44500/97552 frames (45.6%)
      Progress: 45000/97552 frames (46.1%)
      Progress: 45500/97552 frames (46.6%)
      Progress: 46000/97552 frames (47.2%)
      Progress: 46500/97552 frames (47.7%)
      Progress: 47000/97552 frames (48.2%)
      Progress: 47500/97552 frames (48.7%)
      Progress: 48000/97552 frames (49.2%)
      Progress: 48500/97552 frames (49.7%)
      Progress: 49000/97552 frames (50.2%)
      Progress: 49500/97552 frames (50.7%)
      Progress: 50000/97552 frames (51.3%)
      Progress: 50500/97552 frames (51.8%)
      Progress: 51000/97552 frames (52.3%)
      Progress: 51500/97552 frames (52.8%)
      Progress: 52000/97552 frames (53.3%)
      Progress: 52500/97552 frames (53.8%)
      Progress: 53000/97552 frames (54.3%)
      Progress: 53500/97552 frames (54.8%)
      Progress: 54000/97552 frames (55.4%)
      Progress: 54500/97552 frames (55.9%)
      Progress: 55000/97552 frames (56.4%)
      Progress: 55500/97552 frames (56.9%)
      Progress: 56000/97552 frames (57.4%)
      Progress: 56500/97552 frames (57.9%)
      Progress: 57000/97552 frames (58.4%)
      Progress: 57500/97552 frames (58.9%)
      Progress: 58000/97552 frames (59.5%)
      Progress: 58500/97552 frames (60.0%)
      Progress: 59000/97552 frames (60.5%)
      Progress: 59500/97552 frames (61.0%)
      Progress: 60000/97552 frames (61.5%)
      Progress: 60500/97552 frames (62.0%)
      Progress: 61000/97552 frames (62.5%)
      Progress: 61500/97552 frames (63.0%)
      Progress: 62000/97552 frames (63.6%)
      Progress: 62500/97552 frames (64.1%)
      Progress: 63000/97552 frames (64.6%)
      Progress: 63500/97552 frames (65.1%)
      Progress: 64000/97552 frames (65.6%)
      Progress: 64500/97552 frames (66.1%)
      Progress: 65000/97552 frames (66.6%)
      Progress: 65500/97552 frames (67.1%)
      Progress: 66000/97552 frames (67.7%)
      Progress: 66500/97552 frames (68.2%)
      Progress: 67000/97552 frames (68.7%)
      Progress: 67500/97552 frames (69.2%)
      Progress: 68000/97552 frames (69.7%)
      Progress: 68500/97552 frames (70.2%)
      Progress: 69000/97552 frames (70.7%)
      Progress: 69500/97552 frames (71.2%)
      Progress: 70000/97552 frames (71.8%)
      Progress: 70500/97552 frames (72.3%)
      Progress: 71000/97552 frames (72.8%)
      Progress: 71500/97552 frames (73.3%)
      Progress: 72000/97552 frames (73.8%)
      Progress: 72500/97552 frames (74.3%)
      Progress: 73000/97552 frames (74.8%)
      Progress: 73500/97552 frames (75.3%)
      Progress: 74000/97552 frames (75.9%)
      Progress: 74500/97552 frames (76.4%)
      Progress: 75000/97552 frames (76.9%)
      Progress: 75500/97552 frames (77.4%)
      Progress: 76000/97552 frames (77.9%)
      Progress: 76500/97552 frames (78.4%)
      Progress: 77000/97552 frames (78.9%)
      Progress: 77500/97552 frames (79.4%)
      Progress: 78000/97552 frames (80.0%)
      Progress: 78500/97552 frames (80.5%)
      Progress: 79000/97552 frames (81.0%)
      Progress: 79500/97552 frames (81.5%)
      Progress: 80000/97552 frames (82.0%)
      Progress: 80500/97552 frames (82.5%)
      Progress: 81000/97552 frames (83.0%)
      Progress: 81500/97552 frames (83.5%)
      Progress: 82000/97552 frames (84.1%)
      Progress: 82500/97552 frames (84.6%)
      Progress: 83000/97552 frames (85.1%)
      Progress: 83500/97552 frames (85.6%)
      Progress: 84000/97552 frames (86.1%)
      Progress: 84500/97552 frames (86.6%)
      Progress: 85000/97552 frames (87.1%)
      Progress: 85500/97552 frames (87.6%)
      Progress: 86000/97552 frames (88.2%)
      Progress: 86500/97552 frames (88.7%)
      Progress: 87000/97552 frames (89.2%)
      Progress: 87500/97552 frames (89.7%)
      Progress: 88000/97552 frames (90.2%)
      Progress: 88500/97552 frames (90.7%)
      Progress: 89000/97552 frames (91.2%)
      Progress: 89500/97552 frames (91.7%)
      Progress: 90000/97552 frames (92.3%)
      Progress: 90500/97552 frames (92.8%)
      Progress: 91000/97552 frames (93.3%)
      Progress: 91500/97552 frames (93.8%)
      Progress: 92000/97552 frames (94.3%)
      Progress: 92500/97552 frames (94.8%)
      Progress: 93000/97552 frames (95.3%)
      Progress: 93500/97552 frames (95.8%)
      Progress: 94000/97552 frames (96.4%)
      Progress: 94500/97552 frames (96.9%)
      Progress: 95000/97552 frames (97.4%)
      Progress: 95500/97552 frames (97.9%)
      Progress: 96000/97552 frames (98.4%)
      Progress: 96500/97552 frames (98.9%)
      Progress: 97000/97552 frames (99.4%)
      ───────────────────────────────────────────────────────
      FRAME READING COMPLETE
      ───────────────────────────────────────────────────────
      Expected frames: 97552
      Frames read: 97427
      Frames missing: 125
      WARNING: 125 frames could not be read!
      ───────────────────────────────────────────────────────

      FRAMES DISTRIBUTION BY SECOND:
        Second   0:  25 frames
        Second   1:  25 frames
        Second   2:  25 frames
        Second   3:  25 frames
        Second   4:  25 frames
        Second   5:  25 frames
        Second   6:  25 frames
        Second   7:  25 frames
        Second   8:  25 frames
        Second   9:  25 frames
        ... (3893 more seconds)
      
      Frame statistics:
        Average frames/second: 25.0
        Min frames/second: 0
        Max frames/second: 25
      
      ───────────────────────────────────────────────────────
      EXTRACTING FEATURES PER SECOND
      ───────────────────────────────────────────────────────
      Total seconds to process: 3903
        Second 10/3903 - 25 frames, 1 clips
        Second 20/3903 - 25 frames, 1 clips
        Second 30/3903 - 25 frames, 1 clips
        Second 40/3903 - 25 frames, 1 clips
        Second 50/3903 - 25 frames, 1 clips
        Second 60/3903 - 25 frames, 1 clips
        Second 70/3903 - 25 frames, 1 clips
        Second 80/3903 - 25 frames, 1 clips
        Second 90/3903 - 25 frames, 1 clips
        Second 100/3903 - 25 frames, 1 clips
        Second 110/3903 - 25 frames, 1 clips
        Second 120/3903 - 25 frames, 1 clips
        Second 130/3903 - 25 frames, 1 clips
        Second 140/3903 - 25 frames, 1 clips
        Second 150/3903 - 25 frames, 1 clips
        Second 160/3903 - 25 frames, 1 clips
        Second 170/3903 - 25 frames, 1 clips
        Second 180/3903 - 25 frames, 1 clips
        Second 190/3903 - 25 frames, 1 clips
        Second 200/3903 - 25 frames, 1 clips
        Second 210/3903 - 25 frames, 1 clips
        Second 220/3903 - 25 frames, 1 clips
        Second 230/3903 - 25 frames, 1 clips
        Second 240/3903 - 25 frames, 1 clips
        Second 250/3903 - 25 frames, 1 clips
        Second 260/3903 - 25 frames, 1 clips
        Second 270/3903 - 25 frames, 1 clips
        Second 280/3903 - 25 frames, 1 clips
        Second 290/3903 - 25 frames, 1 clips
        Second 300/3903 - 25 frames, 1 clips
        Second 310/3903 - 25 frames, 1 clips
        Second 320/3903 - 25 frames, 1 clips
        Second 330/3903 - 25 frames, 1 clips
        Second 340/3903 - 25 frames, 1 clips
        Second 350/3903 - 25 frames, 1 clips
        Second 360/3903 - 25 frames, 1 clips
        Second 370/3903 - 25 frames, 1 clips
        Second 380/3903 - 25 frames, 1 clips
        Second 390/3903 - 25 frames, 1 clips
        Second 400/3903 - 25 frames, 1 clips
        Second 410/3903 - 25 frames, 1 clips
        Second 420/3903 - 25 frames, 1 clips
        Second 430/3903 - 25 frames, 1 clips
        Second 440/3903 - 25 frames, 1 clips
        Second 450/3903 - 25 frames, 1 clips
        Second 460/3903 - 25 frames, 1 clips
        Second 470/3903 - 25 frames, 1 clips
        Second 480/3903 - 25 frames, 1 clips
        Second 490/3903 - 25 frames, 1 clips
        Second 500/3903 - 25 frames, 1 clips
        Second 510/3903 - 25 frames, 1 clips
        Second 520/3903 - 25 frames, 1 clips
        Second 530/3903 - 25 frames, 1 clips
        Second 540/3903 - 25 frames, 1 clips
        Second 550/3903 - 25 frames, 1 clips
        Second 560/3903 - 25 frames, 1 clips
        Second 570/3903 - 25 frames, 1 clips
        Second 580/3903 - 25 frames, 1 clips
        Second 590/3903 - 25 frames, 1 clips
        Second 600/3903 - 25 frames, 1 clips
        Second 610/3903 - 25 frames, 1 clips
        Second 620/3903 - 25 frames, 1 clips
        Second 630/3903 - 25 frames, 1 clips
        Second 640/3903 - 25 frames, 1 clips
        Second 650/3903 - 25 frames, 1 clips
        Second 660/3903 - 25 frames, 1 clips
        Second 670/3903 - 25 frames, 1 clips
        Second 680/3903 - 25 frames, 1 clips
        Second 690/3903 - 25 frames, 1 clips
        Second 700/3903 - 25 frames, 1 clips
        Second 710/3903 - 25 frames, 1 clips
        Second 720/3903 - 25 frames, 1 clips
        Second 730/3903 - 25 frames, 1 clips
        Second 740/3903 - 25 frames, 1 clips
        Second 750/3903 - 25 frames, 1 clips
        Second 760/3903 - 25 frames, 1 clips
        Second 770/3903 - 25 frames, 1 clips
        Second 780/3903 - 25 frames, 1 clips
        Second 790/3903 - 25 frames, 1 clips
        Second 800/3903 - 25 frames, 1 clips
        Second 810/3903 - 25 frames, 1 clips
        Second 820/3903 - 25 frames, 1 clips
        Second 830/3903 - 25 frames, 1 clips
        Second 840/3903 - 25 frames, 1 clips
        Second 850/3903 - 25 frames, 1 clips
        Second 860/3903 - 25 frames, 1 clips
        Second 870/3903 - 25 frames, 1 clips
        Second 880/3903 - 25 frames, 1 clips
        Second 890/3903 - 25 frames, 1 clips
        Second 900/3903 - 25 frames, 1 clips
        Second 910/3903 - 25 frames, 1 clips
        Second 920/3903 - 25 frames, 1 clips
        Second 930/3903 - 25 frames, 1 clips
        Second 940/3903 - 25 frames, 1 clips
        Second 950/3903 - 25 frames, 1 clips
        Second 960/3903 - 25 frames, 1 clips
        Second 970/3903 - 25 frames, 1 clips
        Second 980/3903 - 25 frames, 1 clips
        Second 990/3903 - 25 frames, 1 clips
        Second 1000/3903 - 25 frames, 1 clips
        Second 1010/3903 - 25 frames, 1 clips
        Second 1020/3903 - 25 frames, 1 clips
        Second 1030/3903 - 25 frames, 1 clips
        Second 1040/3903 - 25 frames, 1 clips
        Second 1050/3903 - 25 frames, 1 clips
        Second 1060/3903 - 25 frames, 1 clips
        Second 1070/3903 - 25 frames, 1 clips
        Second 1080/3903 - 25 frames, 1 clips
        Second 1090/3903 - 25 frames, 1 clips
        Second 1100/3903 - 25 frames, 1 clips
        Second 1110/3903 - 25 frames, 1 clips
        Second 1120/3903 - 25 frames, 1 clips
        Second 1130/3903 - 25 frames, 1 clips
        Second 1140/3903 - 25 frames, 1 clips
        Second 1150/3903 - 25 frames, 1 clips
        Second 1160/3903 - 25 frames, 1 clips
        Second 1170/3903 - 25 frames, 1 clips
        Second 1180/3903 - 25 frames, 1 clips
        Second 1190/3903 - 25 frames, 1 clips
        Second 1200/3903 - 25 frames, 1 clips
        Second 1210/3903 - 25 frames, 1 clips
        Second 1220/3903 - 25 frames, 1 clips
        Second 1230/3903 - 25 frames, 1 clips
        Second 1240/3903 - 25 frames, 1 clips
        Second 1250/3903 - 25 frames, 1 clips
        Second 1260/3903 - 25 frames, 1 clips
        Second 1270/3903 - 25 frames, 1 clips
        Second 1280/3903 - 25 frames, 1 clips
        Second 1290/3903 - 25 frames, 1 clips
        Second 1300/3903 - 25 frames, 1 clips
        Second 1310/3903 - 25 frames, 1 clips
        Second 1320/3903 - 25 frames, 1 clips
        Second 1330/3903 - 25 frames, 1 clips
        Second 1340/3903 - 25 frames, 1 clips
        Second 1350/3903 - 25 frames, 1 clips
        Second 1360/3903 - 25 frames, 1 clips
        Second 1370/3903 - 25 frames, 1 clips
        Second 1380/3903 - 25 frames, 1 clips
        Second 1390/3903 - 25 frames, 1 clips
        Second 1400/3903 - 25 frames, 1 clips
        Second 1410/3903 - 25 frames, 1 clips
        Second 1420/3903 - 25 frames, 1 clips
        Second 1430/3903 - 25 frames, 1 clips
        Second 1440/3903 - 25 frames, 1 clips
        Second 1450/3903 - 25 frames, 1 clips
        Second 1460/3903 - 25 frames, 1 clips
        Second 1470/3903 - 25 frames, 1 clips
        Second 1480/3903 - 25 frames, 1 clips
        Second 1490/3903 - 25 frames, 1 clips
        Second 1500/3903 - 25 frames, 1 clips
        Second 1510/3903 - 25 frames, 1 clips
        Second 1520/3903 - 25 frames, 1 clips
        Second 1530/3903 - 25 frames, 1 clips
        Second 1540/3903 - 25 frames, 1 clips
        Second 1550/3903 - 25 frames, 1 clips
        Second 1560/3903 - 25 frames, 1 clips
        Second 1570/3903 - 25 frames, 1 clips
        Second 1580/3903 - 25 frames, 1 clips
        Second 1590/3903 - 25 frames, 1 clips
        Second 1600/3903 - 25 frames, 1 clips
        Second 1610/3903 - 25 frames, 1 clips
        Second 1620/3903 - 25 frames, 1 clips
        Second 1630/3903 - 25 frames, 1 clips
        Second 1640/3903 - 25 frames, 1 clips
        Second 1650/3903 - 25 frames, 1 clips
        Second 1660/3903 - 25 frames, 1 clips
        Second 1670/3903 - 25 frames, 1 clips
        Second 1680/3903 - 25 frames, 1 clips
        Second 1690/3903 - 25 frames, 1 clips
        Second 1700/3903 - 25 frames, 1 clips
        Second 1710/3903 - 25 frames, 1 clips
        Second 1720/3903 - 25 frames, 1 clips
        Second 1730/3903 - 25 frames, 1 clips
        Second 1740/3903 - 25 frames, 1 clips
        Second 1750/3903 - 25 frames, 1 clips
        Second 1760/3903 - 25 frames, 1 clips
        Second 1770/3903 - 25 frames, 1 clips
        Second 1780/3903 - 25 frames, 1 clips
        Second 1790/3903 - 25 frames, 1 clips
        Second 1800/3903 - 25 frames, 1 clips
        Second 1810/3903 - 25 frames, 1 clips
        Second 1820/3903 - 25 frames, 1 clips
        Second 1830/3903 - 25 frames, 1 clips
        Second 1840/3903 - 25 frames, 1 clips
        Second 1850/3903 - 25 frames, 1 clips
        Second 1860/3903 - 25 frames, 1 clips
        Second 1870/3903 - 25 frames, 1 clips
        Second 1880/3903 - 25 frames, 1 clips
        Second 1890/3903 - 25 frames, 1 clips
        Second 1900/3903 - 25 frames, 1 clips
        Second 1910/3903 - 25 frames, 1 clips
        Second 1920/3903 - 25 frames, 1 clips
        Second 1930/3903 - 25 frames, 1 clips
        Second 1940/3903 - 25 frames, 1 clips
        Second 1950/3903 - 25 frames, 1 clips
        Second 1960/3903 - 25 frames, 1 clips
        Second 1970/3903 - 25 frames, 1 clips
        Second 1980/3903 - 25 frames, 1 clips
        Second 1990/3903 - 25 frames, 1 clips
        Second 2000/3903 - 25 frames, 1 clips
        Second 2010/3903 - 25 frames, 1 clips
        Second 2020/3903 - 25 frames, 1 clips
        Second 2030/3903 - 25 frames, 1 clips
        Second 2040/3903 - 25 frames, 1 clips
        Second 2050/3903 - 25 frames, 1 clips
        Second 2060/3903 - 25 frames, 1 clips
        Second 2070/3903 - 25 frames, 1 clips
        Second 2080/3903 - 25 frames, 1 clips
        Second 2090/3903 - 25 frames, 1 clips
        Second 2100/3903 - 25 frames, 1 clips
        Second 2110/3903 - 25 frames, 1 clips
        Second 2120/3903 - 25 frames, 1 clips
        Second 2130/3903 - 25 frames, 1 clips
        Second 2140/3903 - 25 frames, 1 clips
        Second 2150/3903 - 25 frames, 1 clips
        Second 2160/3903 - 25 frames, 1 clips
        Second 2170/3903 - 25 frames, 1 clips
        Second 2180/3903 - 25 frames, 1 clips
        Second 2190/3903 - 25 frames, 1 clips
        Second 2200/3903 - 25 frames, 1 clips
        Second 2210/3903 - 25 frames, 1 clips
        Second 2220/3903 - 25 frames, 1 clips
        Second 2230/3903 - 25 frames, 1 clips
        Second 2240/3903 - 25 frames, 1 clips
        Second 2250/3903 - 25 frames, 1 clips
        Second 2260/3903 - 25 frames, 1 clips
        Second 2270/3903 - 25 frames, 1 clips
        Second 2280/3903 - 25 frames, 1 clips
        Second 2290/3903 - 25 frames, 1 clips
        Second 2300/3903 - 25 frames, 1 clips
        Second 2310/3903 - 25 frames, 1 clips
        Second 2320/3903 - 25 frames, 1 clips
        Second 2330/3903 - 25 frames, 1 clips
        Second 2340/3903 - 25 frames, 1 clips
        Second 2350/3903 - 25 frames, 1 clips
        Second 2360/3903 - 25 frames, 1 clips
        Second 2370/3903 - 25 frames, 1 clips
        Second 2380/3903 - 25 frames, 1 clips
        Second 2390/3903 - 25 frames, 1 clips
        Second 2400/3903 - 25 frames, 1 clips
        Second 2410/3903 - 25 frames, 1 clips
        Second 2420/3903 - 25 frames, 1 clips
        Second 2430/3903 - 25 frames, 1 clips
        Second 2440/3903 - 25 frames, 1 clips
        Second 2450/3903 - 25 frames, 1 clips
        Second 2460/3903 - 25 frames, 1 clips
        Second 2470/3903 - 25 frames, 1 clips
        Second 2480/3903 - 25 frames, 1 clips
        Second 2490/3903 - 25 frames, 1 clips
        Second 2500/3903 - 25 frames, 1 clips
        Second 2510/3903 - 25 frames, 1 clips
        Second 2520/3903 - 25 frames, 1 clips
        Second 2530/3903 - 25 frames, 1 clips
        Second 2540/3903 - 25 frames, 1 clips
        Second 2550/3903 - 25 frames, 1 clips
        Second 2560/3903 - 25 frames, 1 clips
        Second 2570/3903 - 25 frames, 1 clips
        Second 2580/3903 - 25 frames, 1 clips
        Second 2590/3903 - 25 frames, 1 clips
        Second 2600/3903 - 25 frames, 1 clips
        Second 2610/3903 - 25 frames, 1 clips
        Second 2620/3903 - 25 frames, 1 clips
        Second 2630/3903 - 25 frames, 1 clips
        Second 2640/3903 - 25 frames, 1 clips
        Second 2650/3903 - 25 frames, 1 clips
        Second 2660/3903 - 25 frames, 1 clips
        Second 2670/3903 - 25 frames, 1 clips
        Second 2680/3903 - 25 frames, 1 clips
        Second 2690/3903 - 25 frames, 1 clips
        Second 2700/3903 - 25 frames, 1 clips
        Second 2710/3903 - 25 frames, 1 clips
        Second 2720/3903 - 25 frames, 1 clips
        Second 2730/3903 - 25 frames, 1 clips
        Second 2740/3903 - 25 frames, 1 clips
        Second 2750/3903 - 25 frames, 1 clips
        Second 2760/3903 - 25 frames, 1 clips
        Second 2770/3903 - 25 frames, 1 clips
        Second 2780/3903 - 25 frames, 1 clips
        Second 2790/3903 - 25 frames, 1 clips
        Second 2800/3903 - 25 frames, 1 clips
        Second 2810/3903 - 25 frames, 1 clips
        Second 2820/3903 - 25 frames, 1 clips
        Second 2830/3903 - 25 frames, 1 clips
        Second 2840/3903 - 25 frames, 1 clips
        Second 2850/3903 - 25 frames, 1 clips
        Second 2860/3903 - 25 frames, 1 clips
        Second 2870/3903 - 25 frames, 1 clips
        Second 2880/3903 - 25 frames, 1 clips
        Second 2890/3903 - 25 frames, 1 clips
        Second 2900/3903 - 25 frames, 1 clips
        Second 2910/3903 - 25 frames, 1 clips
        Second 2920/3903 - 25 frames, 1 clips
        Second 2930/3903 - 25 frames, 1 clips
        Second 2940/3903 - 25 frames, 1 clips
        Second 2950/3903 - 25 frames, 1 clips
        Second 2960/3903 - 25 frames, 1 clips
        Second 2970/3903 - 25 frames, 1 clips
        Second 2980/3903 - 25 frames, 1 clips
        Second 2990/3903 - 25 frames, 1 clips
        Second 3000/3903 - 25 frames, 1 clips
        Second 3010/3903 - 25 frames, 1 clips
        Second 3020/3903 - 25 frames, 1 clips
        Second 3030/3903 - 25 frames, 1 clips
        Second 3040/3903 - 25 frames, 1 clips
        Second 3050/3903 - 25 frames, 1 clips
        Second 3060/3903 - 25 frames, 1 clips
        Second 3070/3903 - 25 frames, 1 clips
        Second 3080/3903 - 25 frames, 1 clips
        Second 3090/3903 - 25 frames, 1 clips
        Second 3100/3903 - 25 frames, 1 clips
        Second 3110/3903 - 25 frames, 1 clips
        Second 3120/3903 - 25 frames, 1 clips
        Second 3130/3903 - 25 frames, 1 clips
        Second 3140/3903 - 25 frames, 1 clips
        Second 3150/3903 - 25 frames, 1 clips
        Second 3160/3903 - 25 frames, 1 clips
        Second 3170/3903 - 25 frames, 1 clips
        Second 3180/3903 - 25 frames, 1 clips
        Second 3190/3903 - 25 frames, 1 clips
        Second 3200/3903 - 25 frames, 1 clips
        Second 3210/3903 - 25 frames, 1 clips
        Second 3220/3903 - 25 frames, 1 clips
        Second 3230/3903 - 25 frames, 1 clips
        Second 3240/3903 - 25 frames, 1 clips
        Second 3250/3903 - 25 frames, 1 clips
        Second 3260/3903 - 25 frames, 1 clips
        Second 3270/3903 - 25 frames, 1 clips
        Second 3280/3903 - 25 frames, 1 clips
        Second 3290/3903 - 25 frames, 1 clips
        Second 3300/3903 - 25 frames, 1 clips
        Second 3310/3903 - 25 frames, 1 clips
        Second 3320/3903 - 25 frames, 1 clips
        Second 3330/3903 - 25 frames, 1 clips
        Second 3340/3903 - 25 frames, 1 clips
        Second 3350/3903 - 25 frames, 1 clips
        Second 3360/3903 - 25 frames, 1 clips
        Second 3370/3903 - 25 frames, 1 clips
        Second 3380/3903 - 25 frames, 1 clips
        Second 3390/3903 - 25 frames, 1 clips
        Second 3400/3903 - 25 frames, 1 clips
        Second 3410/3903 - 25 frames, 1 clips
        Second 3420/3903 - 25 frames, 1 clips
        Second 3430/3903 - 25 frames, 1 clips
        Second 3440/3903 - 25 frames, 1 clips
        Second 3450/3903 - 25 frames, 1 clips
        Second 3460/3903 - 25 frames, 1 clips
        Second 3470/3903 - 25 frames, 1 clips
        Second 3480/3903 - 25 frames, 1 clips
        Second 3490/3903 - 25 frames, 1 clips
        Second 3500/3903 - 25 frames, 1 clips
        Second 3510/3903 - 25 frames, 1 clips
        Second 3520/3903 - 25 frames, 1 clips
        Second 3530/3903 - 25 frames, 1 clips
        Second 3540/3903 - 25 frames, 1 clips
        Second 3550/3903 - 25 frames, 1 clips
        Second 3560/3903 - 25 frames, 1 clips
        Second 3570/3903 - 25 frames, 1 clips
        Second 3580/3903 - 25 frames, 1 clips
        Second 3590/3903 - 25 frames, 1 clips
        Second 3600/3903 - 25 frames, 1 clips
        Second 3610/3903 - 25 frames, 1 clips
        Second 3620/3903 - 25 frames, 1 clips
        Second 3630/3903 - 25 frames, 1 clips
        Second 3640/3903 - 25 frames, 1 clips
        Second 3650/3903 - 25 frames, 1 clips
        Second 3660/3903 - 25 frames, 1 clips
        Second 3670/3903 - 25 frames, 1 clips
        Second 3680/3903 - 25 frames, 1 clips
        Second 3690/3903 - 25 frames, 1 clips
        Second 3700/3903 - 25 frames, 1 clips
        Second 3710/3903 - 25 frames, 1 clips
        Second 3720/3903 - 25 frames, 1 clips
        Second 3730/3903 - 25 frames, 1 clips
        Second 3740/3903 - 25 frames, 1 clips
        Second 3750/3903 - 25 frames, 1 clips
        Second 3760/3903 - 25 frames, 1 clips
        Second 3770/3903 - 25 frames, 1 clips
        Second 3780/3903 - 25 frames, 1 clips
        Second 3790/3903 - 25 frames, 1 clips
        Second 3800/3903 - 25 frames, 1 clips
        Second 3810/3903 - 25 frames, 1 clips
        Second 3820/3903 - 25 frames, 1 clips
        Second 3830/3903 - 25 frames, 1 clips
        Second 3840/3903 - 25 frames, 1 clips
        Second 3850/3903 - 25 frames, 1 clips
        Second 3860/3903 - 25 frames, 1 clips
        Second 3870/3903 - 25 frames, 1 clips
        Second 3880/3903 - 25 frames, 1 clips
        Second 3890/3903 - 25 frames, 1 clips
        Second 3900/3903 - NO FRAMES (zero feature)
      ───────────────────────────────────────────────────────
      FEATURE EXTRACTION COMPLETE
      ───────────────────────────────────────────────────────
      Final features shape: (3903, 1024)
      Features per second: 3903
      Feature dimension: 1024
      ═══════════════════════════════════════════════════════

[ID01]   Features extracted: (3903, 1024)
[ID01] Step 2/4: Converting to binary labels and removing unwanted classes...
[ID01]   Number of seconds: 3903
      CSV columns: ['start_time', 'end_time', 'licking', 'shaking']
      CSV shape: (3840, 4)
      Video seconds: 3903
      Total rows in CSV: 3840
      Valid rows (within video duration): 3840
      Rows kept after removing shaking: 3828
[ID01]   Original seconds: 3903
[ID01]   After removing shaking/licking_shaking: 3828
[ID01] Step 3/4: Balancing classes...
      Before balancing:
        Background: 2884 samples
        Licking: 944 samples
        Ratio: 3.06:1
      After balancing:
        Background: 944 samples
        Licking: 944 samples
        Total: 1888 samples
[ID01] Step 4/4: Saving processed data...
[ID01]   Saved features: /data-8tb/nvaci/dataset/dataset_Stanford/FACT_method/preprocessed_data_2class_originalFPS/features/ID01.npy
[ID01]     Shape: (1888, 1024)
[ID01]     Size: 7.38 MB
[ID01]   Final label distribution:
[ID01]     - background: 944 seconds (50.0%)
[ID01]     - licking: 944 seconds (50.0%)
[ID01]   Saved labels: /data-8tb/nvaci/dataset/dataset_Stanford/FACT_method/preprocessed_data_2class_originalFPS/groundTruth/ID01.txt
[ID01] SUCCESS - Video processed successfully


================================================================================
Processing video 2/32: ID02
================================================================================
[ID02] Found label file: 25-021_ID02.csv
[ID02] Step 1/4: Extracting features (per second)...
      Opening video file...

      ═══════════════════════════════════════════════════════
      VIDEO PROPERTIES
      ═══════════════════════════════════════════════════════
      FPS detected: 25.00
      Clip length (auto): 25 frames
      Total frames: 96302
      Duration: 3852.08 seconds
      Expected seconds: 3853
      Frames per second: ~25.0
      ═══════════════════════════════════════════════════════

      Using ORIGINAL FPS with per-second aggregation
      Aggregation method: mean
      ───────────────────────────────────────────────────────
      READING ALL FRAMES FROM VIDEO
      ───────────────────────────────────────────────────────
      Progress: 500/96302 frames (0.5%)
      Progress: 1000/96302 frames (1.0%)
      Progress: 1500/96302 frames (1.6%)
      Progress: 2000/96302 frames (2.1%)
      Progress: 2500/96302 frames (2.6%)
      Progress: 3000/96302 frames (3.1%)
      Progress: 3500/96302 frames (3.6%)
      Progress: 4000/96302 frames (4.2%)
      Progress: 4500/96302 frames (4.7%)
      Progress: 5000/96302 frames (5.2%)
      Progress: 5500/96302 frames (5.7%)
      Progress: 6000/96302 frames (6.2%)
      Progress: 6500/96302 frames (6.7%)
      Progress: 7000/96302 frames (7.3%)
      Progress: 7500/96302 frames (7.8%)
      Progress: 8000/96302 frames (8.3%)
      Progress: 8500/96302 frames (8.8%)
      Progress: 9000/96302 frames (9.3%)
      Progress: 9500/96302 frames (9.9%)
      Progress: 10000/96302 frames (10.4%)
      Progress: 10500/96302 frames (10.9%)
      Progress: 11000/96302 frames (11.4%)
      Progress: 11500/96302 frames (11.9%)
      Progress: 12000/96302 frames (12.5%)
      Progress: 12500/96302 frames (13.0%)
      Progress: 13000/96302 frames (13.5%)
      Progress: 13500/96302 frames (14.0%)
      Progress: 14000/96302 frames (14.5%)
      Progress: 14500/96302 frames (15.1%)
      Progress: 15000/96302 frames (15.6%)
      Progress: 15500/96302 frames (16.1%)
      Progress: 16000/96302 frames (16.6%)
      Progress: 16500/96302 frames (17.1%)
      Progress: 17000/96302 frames (17.7%)
      Progress: 17500/96302 frames (18.2%)
      Progress: 18000/96302 frames (18.7%)
      Progress: 18500/96302 frames (19.2%)
      Progress: 19000/96302 frames (19.7%)
      Progress: 19500/96302 frames (20.2%)
      Progress: 20000/96302 frames (20.8%)
      Progress: 20500/96302 frames (21.3%)
      Progress: 21000/96302 frames (21.8%)
      Progress: 21500/96302 frames (22.3%)
      Progress: 22000/96302 frames (22.8%)
      Progress: 22500/96302 frames (23.4%)
      Progress: 23000/96302 frames (23.9%)
      Progress: 23500/96302 frames (24.4%)
      Progress: 24000/96302 frames (24.9%)
      Progress: 24500/96302 frames (25.4%)
      Progress: 25000/96302 frames (26.0%)
      Progress: 25500/96302 frames (26.5%)
      Progress: 26000/96302 frames (27.0%)
      Progress: 26500/96302 frames (27.5%)
      Progress: 27000/96302 frames (28.0%)
      Progress: 27500/96302 frames (28.6%)
      Progress: 28000/96302 frames (29.1%)
      Progress: 28500/96302 frames (29.6%)
      Progress: 29000/96302 frames (30.1%)
      Progress: 29500/96302 frames (30.6%)
      Progress: 30000/96302 frames (31.2%)
      Progress: 30500/96302 frames (31.7%)
      Progress: 31000/96302 frames (32.2%)
      Progress: 31500/96302 frames (32.7%)
      Progress: 32000/96302 frames (33.2%)
      Progress: 32500/96302 frames (33.7%)
      Progress: 33000/96302 frames (34.3%)
      Progress: 33500/96302 frames (34.8%)
      Progress: 34000/96302 frames (35.3%)
      Progress: 34500/96302 frames (35.8%)
      Progress: 35000/96302 frames (36.3%)
      Progress: 35500/96302 frames (36.9%)
      Progress: 36000/96302 frames (37.4%)
      Progress: 36500/96302 frames (37.9%)
      Progress: 37000/96302 frames (38.4%)
      Progress: 37500/96302 frames (38.9%)
      Progress: 38000/96302 frames (39.5%)
      Progress: 38500/96302 frames (40.0%)
      Progress: 39000/96302 frames (40.5%)
      Progress: 39500/96302 frames (41.0%)
      Progress: 40000/96302 frames (41.5%)
      Progress: 40500/96302 frames (42.1%)
      Progress: 41000/96302 frames (42.6%)
      Progress: 41500/96302 frames (43.1%)
      Progress: 42000/96302 frames (43.6%)
      Progress: 42500/96302 frames (44.1%)
      Progress: 43000/96302 frames (44.7%)
      Progress: 43500/96302 frames (45.2%)
      Progress: 44000/96302 frames (45.7%)
      Progress: 44500/96302 frames (46.2%)
      Progress: 45000/96302 frames (46.7%)
      Progress: 45500/96302 frames (47.2%)
      Progress: 46000/96302 frames (47.8%)
      Progress: 46500/96302 frames (48.3%)
      Progress: 47000/96302 frames (48.8%)
      Progress: 47500/96302 frames (49.3%)
      Progress: 48000/96302 frames (49.8%)
      Progress: 48500/96302 frames (50.4%)
      Progress: 49000/96302 frames (50.9%)
      Progress: 49500/96302 frames (51.4%)
      Progress: 50000/96302 frames (51.9%)
      Progress: 50500/96302 frames (52.4%)
      Progress: 51000/96302 frames (53.0%)
      Progress: 51500/96302 frames (53.5%)
      Progress: 52000/96302 frames (54.0%)
      Progress: 52500/96302 frames (54.5%)
      Progress: 53000/96302 frames (55.0%)
      Progress: 53500/96302 frames (55.6%)
      Progress: 54000/96302 frames (56.1%)
      Progress: 54500/96302 frames (56.6%)
      Progress: 55000/96302 frames (57.1%)
      Progress: 55500/96302 frames (57.6%)
      Progress: 56000/96302 frames (58.2%)
      Progress: 56500/96302 frames (58.7%)
      Progress: 57000/96302 frames (59.2%)
      Progress: 57500/96302 frames (59.7%)
      Progress: 58000/96302 frames (60.2%)
      Progress: 58500/96302 frames (60.7%)
      Progress: 59000/96302 frames (61.3%)
      Progress: 59500/96302 frames (61.8%)
      Progress: 60000/96302 frames (62.3%)
      Progress: 60500/96302 frames (62.8%)
      Progress: 61000/96302 frames (63.3%)
      Progress: 61500/96302 frames (63.9%)
      Progress: 62000/96302 frames (64.4%)
      Progress: 62500/96302 frames (64.9%)
      Progress: 63000/96302 frames (65.4%)
      Progress: 63500/96302 frames (65.9%)
      Progress: 64000/96302 frames (66.5%)
      Progress: 64500/96302 frames (67.0%)
      Progress: 65000/96302 frames (67.5%)
      Progress: 65500/96302 frames (68.0%)
      Progress: 66000/96302 frames (68.5%)
      Progress: 66500/96302 frames (69.1%)
      Progress: 67000/96302 frames (69.6%)
      Progress: 67500/96302 frames (70.1%)
      Progress: 68000/96302 frames (70.6%)
      Progress: 68500/96302 frames (71.1%)
      Progress: 69000/96302 frames (71.6%)
      Progress: 69500/96302 frames (72.2%)
      Progress: 70000/96302 frames (72.7%)
      Progress: 70500/96302 frames (73.2%)
      Progress: 71000/96302 frames (73.7%)
      Progress: 71500/96302 frames (74.2%)
      Progress: 72000/96302 frames (74.8%)
      Progress: 72500/96302 frames (75.3%)
      Progress: 73000/96302 frames (75.8%)
      Progress: 73500/96302 frames (76.3%)
      Progress: 74000/96302 frames (76.8%)
      Progress: 74500/96302 frames (77.4%)
      Progress: 75000/96302 frames (77.9%)
      Progress: 75500/96302 frames (78.4%)
      Progress: 76000/96302 frames (78.9%)
      Progress: 76500/96302 frames (79.4%)
      Progress: 77000/96302 frames (80.0%)
      Progress: 77500/96302 frames (80.5%)
      Progress: 78000/96302 frames (81.0%)
      Progress: 78500/96302 frames (81.5%)
      Progress: 79000/96302 frames (82.0%)
      Progress: 79500/96302 frames (82.6%)
      Progress: 80000/96302 frames (83.1%)
      Progress: 80500/96302 frames (83.6%)
      Progress: 81000/96302 frames (84.1%)
      Progress: 81500/96302 frames (84.6%)
      Progress: 82000/96302 frames (85.1%)
      Progress: 82500/96302 frames (85.7%)
      Progress: 83000/96302 frames (86.2%)
      Progress: 83500/96302 frames (86.7%)
      Progress: 84000/96302 frames (87.2%)
      Progress: 84500/96302 frames (87.7%)
      Progress: 85000/96302 frames (88.3%)
      Progress: 85500/96302 frames (88.8%)
      Progress: 86000/96302 frames (89.3%)
      Progress: 86500/96302 frames (89.8%)
      Progress: 87000/96302 frames (90.3%)
      Progress: 87500/96302 frames (90.9%)
      Progress: 88000/96302 frames (91.4%)
      Progress: 88500/96302 frames (91.9%)
      Progress: 89000/96302 frames (92.4%)
      Progress: 89500/96302 frames (92.9%)
      Progress: 90000/96302 frames (93.5%)
      Progress: 90500/96302 frames (94.0%)
      Progress: 91000/96302 frames (94.5%)
      Progress: 91500/96302 frames (95.0%)
      Progress: 92000/96302 frames (95.5%)
      Progress: 92500/96302 frames (96.1%)
      Progress: 93000/96302 frames (96.6%)
      Progress: 93500/96302 frames (97.1%)
      Progress: 94000/96302 frames (97.6%)
      Progress: 94500/96302 frames (98.1%)
      Progress: 95000/96302 frames (98.6%)
      Progress: 95500/96302 frames (99.2%)
      Progress: 96000/96302 frames (99.7%)
      ───────────────────────────────────────────────────────
      FRAME READING COMPLETE
      ───────────────────────────────────────────────────────
      Expected frames: 96302
      Frames read: 96202
      Frames missing: 100
      WARNING: 100 frames could not be read!
      ───────────────────────────────────────────────────────

      FRAMES DISTRIBUTION BY SECOND:
        Second   0:  25 frames
        Second   1:  25 frames
        Second   2:  25 frames
        Second   3:  25 frames
        Second   4:  25 frames
        Second   5:  25 frames
        Second   6:  25 frames
        Second   7:  25 frames
        Second   8:  25 frames
        Second   9:  25 frames
        ... (3843 more seconds)
      
      Frame statistics:
        Average frames/second: 25.0
        Min frames/second: 0
        Max frames/second: 25
      
      ───────────────────────────────────────────────────────
      EXTRACTING FEATURES PER SECOND
      ───────────────────────────────────────────────────────
      Total seconds to process: 3853
        Second 10/3853 - 25 frames, 1 clips
        Second 20/3853 - 25 frames, 1 clips
        Second 30/3853 - 25 frames, 1 clips
        Second 40/3853 - 25 frames, 1 clips
        Second 50/3853 - 25 frames, 1 clips
        Second 60/3853 - 25 frames, 1 clips
        Second 70/3853 - 25 frames, 1 clips
        Second 80/3853 - 25 frames, 1 clips
        Second 90/3853 - 25 frames, 1 clips
        Second 100/3853 - 25 frames, 1 clips
        Second 110/3853 - 25 frames, 1 clips
        Second 120/3853 - 25 frames, 1 clips
        Second 130/3853 - 25 frames, 1 clips
        Second 140/3853 - 25 frames, 1 clips
        Second 150/3853 - 25 frames, 1 clips
        Second 160/3853 - 25 frames, 1 clips
        Second 170/3853 - 25 frames, 1 clips
        Second 180/3853 - 25 frames, 1 clips
        Second 190/3853 - 25 frames, 1 clips
        Second 200/3853 - 25 frames, 1 clips
        Second 210/3853 - 25 frames, 1 clips
        Second 220/3853 - 25 frames, 1 clips
        Second 230/3853 - 25 frames, 1 clips
        Second 240/3853 - 25 frames, 1 clips
        Second 250/3853 - 25 frames, 1 clips
        Second 260/3853 - 25 frames, 1 clips
        Second 270/3853 - 25 frames, 1 clips
        Second 280/3853 - 25 frames, 1 clips
        Second 290/3853 - 25 frames, 1 clips
        Second 300/3853 - 25 frames, 1 clips
        Second 310/3853 - 25 frames, 1 clips
        Second 320/3853 - 25 frames, 1 clips
        Second 330/3853 - 25 frames, 1 clips
        Second 340/3853 - 25 frames, 1 clips
        Second 350/3853 - 25 frames, 1 clips
        Second 360/3853 - 25 frames, 1 clips
        Second 370/3853 - 25 frames, 1 clips
        Second 380/3853 - 25 frames, 1 clips
        Second 390/3853 - 25 frames, 1 clips
        Second 400/3853 - 25 frames, 1 clips
        Second 410/3853 - 25 frames, 1 clips
        Second 420/3853 - 25 frames, 1 clips
        Second 430/3853 - 25 frames, 1 clips
        Second 440/3853 - 25 frames, 1 clips
        Second 450/3853 - 25 frames, 1 clips
        Second 460/3853 - 25 frames, 1 clips
        Second 470/3853 - 25 frames, 1 clips
        Second 480/3853 - 25 frames, 1 clips
        Second 490/3853 - 25 frames, 1 clips
        Second 500/3853 - 25 frames, 1 clips
        Second 510/3853 - 25 frames, 1 clips
        Second 520/3853 - 25 frames, 1 clips
        Second 530/3853 - 25 frames, 1 clips
        Second 540/3853 - 25 frames, 1 clips
        Second 550/3853 - 25 frames, 1 clips
        Second 560/3853 - 25 frames, 1 clips
        Second 570/3853 - 25 frames, 1 clips
        Second 580/3853 - 25 frames, 1 clips
        Second 590/3853 - 25 frames, 1 clips
        Second 600/3853 - 25 frames, 1 clips
        Second 610/3853 - 25 frames, 1 clips
        Second 620/3853 - 25 frames, 1 clips
        Second 630/3853 - 25 frames, 1 clips
        Second 640/3853 - 25 frames, 1 clips
        Second 650/3853 - 25 frames, 1 clips
        Second 660/3853 - 25 frames, 1 clips
        Second 670/3853 - 25 frames, 1 clips
        Second 680/3853 - 25 frames, 1 clips
        Second 690/3853 - 25 frames, 1 clips
        Second 700/3853 - 25 frames, 1 clips
        Second 710/3853 - 25 frames, 1 clips
        Second 720/3853 - 25 frames, 1 clips
        Second 730/3853 - 25 frames, 1 clips
        Second 740/3853 - 25 frames, 1 clips
        Second 750/3853 - 25 frames, 1 clips
        Second 760/3853 - 25 frames, 1 clips
        Second 770/3853 - 25 frames, 1 clips
        Second 780/3853 - 25 frames, 1 clips
        Second 790/3853 - 25 frames, 1 clips
        Second 800/3853 - 25 frames, 1 clips
        Second 810/3853 - 25 frames, 1 clips
        Second 820/3853 - 25 frames, 1 clips
        Second 830/3853 - 25 frames, 1 clips
        Second 840/3853 - 25 frames, 1 clips
        Second 850/3853 - 25 frames, 1 clips
        Second 860/3853 - 25 frames, 1 clips
        Second 870/3853 - 25 frames, 1 clips
        Second 880/3853 - 25 frames, 1 clips
        Second 890/3853 - 25 frames, 1 clips
        Second 900/3853 - 25 frames, 1 clips
        Second 910/3853 - 25 frames, 1 clips
        Second 920/3853 - 25 frames, 1 clips
        Second 930/3853 - 25 frames, 1 clips
        Second 940/3853 - 25 frames, 1 clips
        Second 950/3853 - 25 frames, 1 clips
        Second 960/3853 - 25 frames, 1 clips
        Second 970/3853 - 25 frames, 1 clips
        Second 980/3853 - 25 frames, 1 clips
        Second 990/3853 - 25 frames, 1 clips
        Second 1000/3853 - 25 frames, 1 clips
        Second 1010/3853 - 25 frames, 1 clips
        Second 1020/3853 - 25 frames, 1 clips
        Second 1030/3853 - 25 frames, 1 clips
        Second 1040/3853 - 25 frames, 1 clips
        Second 1050/3853 - 25 frames, 1 clips
        Second 1060/3853 - 25 frames, 1 clips
        Second 1070/3853 - 25 frames, 1 clips
        Second 1080/3853 - 25 frames, 1 clips
        Second 1090/3853 - 25 frames, 1 clips
        Second 1100/3853 - 25 frames, 1 clips
        Second 1110/3853 - 25 frames, 1 clips
        Second 1120/3853 - 25 frames, 1 clips
        Second 1130/3853 - 25 frames, 1 clips
        Second 1140/3853 - 25 frames, 1 clips
        Second 1150/3853 - 25 frames, 1 clips
        Second 1160/3853 - 25 frames, 1 clips
        Second 1170/3853 - 25 frames, 1 clips
        Second 1180/3853 - 25 frames, 1 clips
        Second 1190/3853 - 25 frames, 1 clips
        Second 1200/3853 - 25 frames, 1 clips
        Second 1210/3853 - 25 frames, 1 clips
        Second 1220/3853 - 25 frames, 1 clips
        Second 1230/3853 - 25 frames, 1 clips
        Second 1240/3853 - 25 frames, 1 clips
        Second 1250/3853 - 25 frames, 1 clips
        Second 1260/3853 - 25 frames, 1 clips
        Second 1270/3853 - 25 frames, 1 clips
        Second 1280/3853 - 25 frames, 1 clips
        Second 1290/3853 - 25 frames, 1 clips
        Second 1300/3853 - 25 frames, 1 clips
        Second 1310/3853 - 25 frames, 1 clips
        Second 1320/3853 - 25 frames, 1 clips
        Second 1330/3853 - 25 frames, 1 clips
        Second 1340/3853 - 25 frames, 1 clips
        Second 1350/3853 - 25 frames, 1 clips
        Second 1360/3853 - 25 frames, 1 clips
        Second 1370/3853 - 25 frames, 1 clips
        Second 1380/3853 - 25 frames, 1 clips
        Second 1390/3853 - 25 frames, 1 clips
        Second 1400/3853 - 25 frames, 1 clips
        Second 1410/3853 - 25 frames, 1 clips
        Second 1420/3853 - 25 frames, 1 clips
        Second 1430/3853 - 25 frames, 1 clips
        Second 1440/3853 - 25 frames, 1 clips
        Second 1450/3853 - 25 frames, 1 clips
        Second 1460/3853 - 25 frames, 1 clips
        Second 1470/3853 - 25 frames, 1 clips
        Second 1480/3853 - 25 frames, 1 clips
        Second 1490/3853 - 25 frames, 1 clips
        Second 1500/3853 - 25 frames, 1 clips
        Second 1510/3853 - 25 frames, 1 clips
        Second 1520/3853 - 25 frames, 1 clips
        Second 1530/3853 - 25 frames, 1 clips
        Second 1540/3853 - 25 frames, 1 clips
        Second 1550/3853 - 25 frames, 1 clips
        Second 1560/3853 - 25 frames, 1 clips
        Second 1570/3853 - 25 frames, 1 clips
        Second 1580/3853 - 25 frames, 1 clips
        Second 1590/3853 - 25 frames, 1 clips
        Second 1600/3853 - 25 frames, 1 clips
        Second 1610/3853 - 25 frames, 1 clips
        Second 1620/3853 - 25 frames, 1 clips
        Second 1630/3853 - 25 frames, 1 clips
        Second 1640/3853 - 25 frames, 1 clips
        Second 1650/3853 - 25 frames, 1 clips
        Second 1660/3853 - 25 frames, 1 clips
        Second 1670/3853 - 25 frames, 1 clips
        Second 1680/3853 - 25 frames, 1 clips
        Second 1690/3853 - 25 frames, 1 clips
        Second 1700/3853 - 25 frames, 1 clips
        Second 1710/3853 - 25 frames, 1 clips
        Second 1720/3853 - 25 frames, 1 clips
        Second 1730/3853 - 25 frames, 1 clips
        Second 1740/3853 - 25 frames, 1 clips
        Second 1750/3853 - 25 frames, 1 clips
        Second 1760/3853 - 25 frames, 1 clips
        Second 1770/3853 - 25 frames, 1 clips
        Second 1780/3853 - 25 frames, 1 clips
        Second 1790/3853 - 25 frames, 1 clips
        Second 1800/3853 - 25 frames, 1 clips
        Second 1810/3853 - 25 frames, 1 clips
        Second 1820/3853 - 25 frames, 1 clips
        Second 1830/3853 - 25 frames, 1 clips
        Second 1840/3853 - 25 frames, 1 clips
        Second 1850/3853 - 25 frames, 1 clips
        Second 1860/3853 - 25 frames, 1 clips
        Second 1870/3853 - 25 frames, 1 clips
        Second 1880/3853 - 25 frames, 1 clips
        Second 1890/3853 - 25 frames, 1 clips
        Second 1900/3853 - 25 frames, 1 clips
        Second 1910/3853 - 25 frames, 1 clips
        Second 1920/3853 - 25 frames, 1 clips
        Second 1930/3853 - 25 frames, 1 clips
        Second 1940/3853 - 25 frames, 1 clips
        Second 1950/3853 - 25 frames, 1 clips
        Second 1960/3853 - 25 frames, 1 clips
        Second 1970/3853 - 25 frames, 1 clips
        Second 1980/3853 - 25 frames, 1 clips
        Second 1990/3853 - 25 frames, 1 clips
        Second 2000/3853 - 25 frames, 1 clips
        Second 2010/3853 - 25 frames, 1 clips
        Second 2020/3853 - 25 frames, 1 clips
        Second 2030/3853 - 25 frames, 1 clips
        Second 2040/3853 - 25 frames, 1 clips
        Second 2050/3853 - 25 frames, 1 clips
        Second 2060/3853 - 25 frames, 1 clips
        Second 2070/3853 - 25 frames, 1 clips
        Second 2080/3853 - 25 frames, 1 clips
        Second 2090/3853 - 25 frames, 1 clips
        Second 2100/3853 - 25 frames, 1 clips
        Second 2110/3853 - 25 frames, 1 clips
        Second 2120/3853 - 25 frames, 1 clips
        Second 2130/3853 - 25 frames, 1 clips
        Second 2140/3853 - 25 frames, 1 clips
        Second 2150/3853 - 25 frames, 1 clips
        Second 2160/3853 - 25 frames, 1 clips
        Second 2170/3853 - 25 frames, 1 clips
        Second 2180/3853 - 25 frames, 1 clips
        Second 2190/3853 - 25 frames, 1 clips
        Second 2200/3853 - 25 frames, 1 clips
        Second 2210/3853 - 25 frames, 1 clips
        Second 2220/3853 - 25 frames, 1 clips
        Second 2230/3853 - 25 frames, 1 clips
        Second 2240/3853 - 25 frames, 1 clips
        Second 2250/3853 - 25 frames, 1 clips
        Second 2260/3853 - 25 frames, 1 clips
        Second 2270/3853 - 25 frames, 1 clips
        Second 2280/3853 - 25 frames, 1 clips
        Second 2290/3853 - 25 frames, 1 clips
        Second 2300/3853 - 25 frames, 1 clips
        Second 2310/3853 - 25 frames, 1 clips
        Second 2320/3853 - 25 frames, 1 clips
        Second 2330/3853 - 25 frames, 1 clips
        Second 2340/3853 - 25 frames, 1 clips
        Second 2350/3853 - 25 frames, 1 clips
        Second 2360/3853 - 25 frames, 1 clips
        Second 2370/3853 - 25 frames, 1 clips
        Second 2380/3853 - 25 frames, 1 clips
        Second 2390/3853 - 25 frames, 1 clips
        Second 2400/3853 - 25 frames, 1 clips
        Second 2410/3853 - 25 frames, 1 clips
        Second 2420/3853 - 25 frames, 1 clips
        Second 2430/3853 - 25 frames, 1 clips
        Second 2440/3853 - 25 frames, 1 clips
        Second 2450/3853 - 25 frames, 1 clips
        Second 2460/3853 - 25 frames, 1 clips
        Second 2470/3853 - 25 frames, 1 clips
        Second 2480/3853 - 25 frames, 1 clips
        Second 2490/3853 - 25 frames, 1 clips
        Second 2500/3853 - 25 frames, 1 clips
        Second 2510/3853 - 25 frames, 1 clips
        Second 2520/3853 - 25 frames, 1 clips
        Second 2530/3853 - 25 frames, 1 clips
        Second 2540/3853 - 25 frames, 1 clips
        Second 2550/3853 - 25 frames, 1 clips
        Second 2560/3853 - 25 frames, 1 clips
        Second 2570/3853 - 25 frames, 1 clips
        Second 2580/3853 - 25 frames, 1 clips
        Second 2590/3853 - 25 frames, 1 clips
        Second 2600/3853 - 25 frames, 1 clips
        Second 2610/3853 - 25 frames, 1 clips
        Second 2620/3853 - 25 frames, 1 clips
        Second 2630/3853 - 25 frames, 1 clips
        Second 2640/3853 - 25 frames, 1 clips
        Second 2650/3853 - 25 frames, 1 clips
        Second 2660/3853 - 25 frames, 1 clips
        Second 2670/3853 - 25 frames, 1 clips
        Second 2680/3853 - 25 frames, 1 clips
        Second 2690/3853 - 25 frames, 1 clips
        Second 2700/3853 - 25 frames, 1 clips
        Second 2710/3853 - 25 frames, 1 clips
        Second 2720/3853 - 25 frames, 1 clips
        Second 2730/3853 - 25 frames, 1 clips
        Second 2740/3853 - 25 frames, 1 clips
        Second 2750/3853 - 25 frames, 1 clips
        Second 2760/3853 - 25 frames, 1 clips
        Second 2770/3853 - 25 frames, 1 clips
        Second 2780/3853 - 25 frames, 1 clips
        Second 2790/3853 - 25 frames, 1 clips
        Second 2800/3853 - 25 frames, 1 clips
        Second 2810/3853 - 25 frames, 1 clips
        Second 2820/3853 - 25 frames, 1 clips
        Second 2830/3853 - 25 frames, 1 clips
        Second 2840/3853 - 25 frames, 1 clips
        Second 2850/3853 - 25 frames, 1 clips
        Second 2860/3853 - 25 frames, 1 clips
        Second 2870/3853 - 25 frames, 1 clips
        Second 2880/3853 - 25 frames, 1 clips
        Second 2890/3853 - 25 frames, 1 clips
        Second 2900/3853 - 25 frames, 1 clips
        Second 2910/3853 - 25 frames, 1 clips
        Second 2920/3853 - 25 frames, 1 clips
        Second 2930/3853 - 25 frames, 1 clips
        Second 2940/3853 - 25 frames, 1 clips
        Second 2950/3853 - 25 frames, 1 clips
        Second 2960/3853 - 25 frames, 1 clips
        Second 2970/3853 - 25 frames, 1 clips
        Second 2980/3853 - 25 frames, 1 clips
        Second 2990/3853 - 25 frames, 1 clips
        Second 3000/3853 - 25 frames, 1 clips
        Second 3010/3853 - 25 frames, 1 clips
        Second 3020/3853 - 25 frames, 1 clips
        Second 3030/3853 - 25 frames, 1 clips
        Second 3040/3853 - 25 frames, 1 clips
        Second 3050/3853 - 25 frames, 1 clips
        Second 3060/3853 - 25 frames, 1 clips
        Second 3070/3853 - 25 frames, 1 clips
        Second 3080/3853 - 25 frames, 1 clips
        Second 3090/3853 - 25 frames, 1 clips
        Second 3100/3853 - 25 frames, 1 clips
        Second 3110/3853 - 25 frames, 1 clips
        Second 3120/3853 - 25 frames, 1 clips
        Second 3130/3853 - 25 frames, 1 clips
        Second 3140/3853 - 25 frames, 1 clips
        Second 3150/3853 - 25 frames, 1 clips
        Second 3160/3853 - 25 frames, 1 clips
        Second 3170/3853 - 25 frames, 1 clips
        Second 3180/3853 - 25 frames, 1 clips
        Second 3190/3853 - 25 frames, 1 clips
        Second 3200/3853 - 25 frames, 1 clips
        Second 3210/3853 - 25 frames, 1 clips
        Second 3220/3853 - 25 frames, 1 clips
        Second 3230/3853 - 25 frames, 1 clips
        Second 3240/3853 - 25 frames, 1 clips
        Second 3250/3853 - 25 frames, 1 clips
        Second 3260/3853 - 25 frames, 1 clips
        Second 3270/3853 - 25 frames, 1 clips
        Second 3280/3853 - 25 frames, 1 clips
        Second 3290/3853 - 25 frames, 1 clips
        Second 3300/3853 - 25 frames, 1 clips
        Second 3310/3853 - 25 frames, 1 clips
        Second 3320/3853 - 25 frames, 1 clips
        Second 3330/3853 - 25 frames, 1 clips
        Second 3340/3853 - 25 frames, 1 clips
        Second 3350/3853 - 25 frames, 1 clips
        Second 3360/3853 - 25 frames, 1 clips
        Second 3370/3853 - 25 frames, 1 clips
        Second 3380/3853 - 25 frames, 1 clips
        Second 3390/3853 - 25 frames, 1 clips
        Second 3400/3853 - 25 frames, 1 clips
        Second 3410/3853 - 25 frames, 1 clips
        Second 3420/3853 - 25 frames, 1 clips
        Second 3430/3853 - 25 frames, 1 clips
        Second 3440/3853 - 25 frames, 1 clips
        Second 3450/3853 - 25 frames, 1 clips
        Second 3460/3853 - 25 frames, 1 clips
        Second 3470/3853 - 25 frames, 1 clips
        Second 3480/3853 - 25 frames, 1 clips
        Second 3490/3853 - 25 frames, 1 clips
        Second 3500/3853 - 25 frames, 1 clips
        Second 3510/3853 - 25 frames, 1 clips
        Second 3520/3853 - 25 frames, 1 clips
        Second 3530/3853 - 25 frames, 1 clips
        Second 3540/3853 - 25 frames, 1 clips
        Second 3550/3853 - 25 frames, 1 clips
        Second 3560/3853 - 25 frames, 1 clips
        Second 3570/3853 - 25 frames, 1 clips
        Second 3580/3853 - 25 frames, 1 clips
        Second 3590/3853 - 25 frames, 1 clips
        Second 3600/3853 - 25 frames, 1 clips
        Second 3610/3853 - 25 frames, 1 clips
        Second 3620/3853 - 25 frames, 1 clips
        Second 3630/3853 - 25 frames, 1 clips
        Second 3640/3853 - 25 frames, 1 clips
        Second 3650/3853 - 25 frames, 1 clips
        Second 3660/3853 - 25 frames, 1 clips
        Second 3670/3853 - 25 frames, 1 clips
        Second 3680/3853 - 25 frames, 1 clips
        Second 3690/3853 - 25 frames, 1 clips
        Second 3700/3853 - 25 frames, 1 clips
        Second 3710/3853 - 25 frames, 1 clips
        Second 3720/3853 - 25 frames, 1 clips
        Second 3730/3853 - 25 frames, 1 clips
        Second 3740/3853 - 25 frames, 1 clips
        Second 3750/3853 - 25 frames, 1 clips
        Second 3760/3853 - 25 frames, 1 clips
        Second 3770/3853 - 25 frames, 1 clips
        Second 3780/3853 - 25 frames, 1 clips
        Second 3790/3853 - 25 frames, 1 clips
        Second 3800/3853 - 25 frames, 1 clips
        Second 3810/3853 - 25 frames, 1 clips
        Second 3820/3853 - 25 frames, 1 clips
        Second 3830/3853 - 25 frames, 1 clips
        Second 3840/3853 - 25 frames, 1 clips
        Second 3850/3853 - NO FRAMES (zero feature)
      ───────────────────────────────────────────────────────
      FEATURE EXTRACTION COMPLETE
      ───────────────────────────────────────────────────────
      Final features shape: (3853, 1024)
      Features per second: 3853
      Feature dimension: 1024
      ═══════════════════════════════════════════════════════

[ID02]   Features extracted: (3853, 1024)
[ID02] Step 2/4: Converting to binary labels and removing unwanted classes...
[ID02]   Number of seconds: 3853
      CSV columns: ['start_time', 'end_time', 'licking', 'shaking']
      CSV shape: (3840, 4)
      Video seconds: 3853
      Total rows in CSV: 3840
      Valid rows (within video duration): 3840
      Rows kept after removing shaking: 3817
[ID02]   Original seconds: 3853
[ID02]   After removing shaking/licking_shaking: 3817
[ID02] Step 3/4: Balancing classes...
      Before balancing:
        Background: 3379 samples
        Licking: 438 samples
        Ratio: 7.71:1
      After balancing:
        Background: 438 samples
        Licking: 438 samples
        Total: 876 samples
[ID02] Step 4/4: Saving processed data...
[ID02]   Saved features: /data-8tb/nvaci/dataset/dataset_Stanford/FACT_method/preprocessed_data_2class_originalFPS/features/ID02.npy
[ID02]     Shape: (876, 1024)
[ID02]     Size: 3.42 MB
[ID02]   Final label distribution:
[ID02]     - background: 438 seconds (50.0%)
[ID02]     - licking: 438 seconds (50.0%)
[ID02]   Saved labels: /data-8tb/nvaci/dataset/dataset_Stanford/FACT_method/preprocessed_data_2class_originalFPS/groundTruth/ID02.txt
[ID02] SUCCESS - Video processed successfully


================================================================================
Processing video 3/32: ID03
================================================================================
[ID03] Found label file: 25-021_ID03.csv
[ID03] Step 1/4: Extracting features (per second)...
      Opening video file...

      ═══════════════════════════════════════════════════════
      VIDEO PROPERTIES
      ═══════════════════════════════════════════════════════
      FPS detected: 25.00
      Clip length (auto): 25 frames
      Total frames: 95552
      Duration: 3822.08 seconds
      Expected seconds: 3823
      Frames per second: ~25.0
      ═══════════════════════════════════════════════════════

      Using ORIGINAL FPS with per-second aggregation
      Aggregation method: mean
      ───────────────────────────────────────────────────────
      READING ALL FRAMES FROM VIDEO
      ───────────────────────────────────────────────────────
      Progress: 500/95552 frames (0.5%)
      Progress: 1000/95552 frames (1.0%)
      Progress: 1500/95552 frames (1.6%)
      Progress: 2000/95552 frames (2.1%)
      Progress: 2500/95552 frames (2.6%)
      Progress: 3000/95552 frames (3.1%)
      Progress: 3500/95552 frames (3.7%)
      Progress: 4000/95552 frames (4.2%)
      Progress: 4500/95552 frames (4.7%)
      Progress: 5000/95552 frames (5.2%)
      Progress: 5500/95552 frames (5.8%)
      Progress: 6000/95552 frames (6.3%)
      Progress: 6500/95552 frames (6.8%)
      Progress: 7000/95552 frames (7.3%)
      Progress: 7500/95552 frames (7.8%)
      Progress: 8000/95552 frames (8.4%)
      Progress: 8500/95552 frames (8.9%)
      Progress: 9000/95552 frames (9.4%)
      Progress: 9500/95552 frames (9.9%)
      Progress: 10000/95552 frames (10.5%)
      Progress: 10500/95552 frames (11.0%)
      Progress: 11000/95552 frames (11.5%)
      Progress: 11500/95552 frames (12.0%)
      Progress: 12000/95552 frames (12.6%)
      Progress: 12500/95552 frames (13.1%)
      Progress: 13000/95552 frames (13.6%)
      Progress: 13500/95552 frames (14.1%)
      Progress: 14000/95552 frames (14.7%)
      Progress: 14500/95552 frames (15.2%)
      Progress: 15000/95552 frames (15.7%)
      Progress: 15500/95552 frames (16.2%)
      Progress: 16000/95552 frames (16.7%)
      Progress: 16500/95552 frames (17.3%)
      Progress: 17000/95552 frames (17.8%)
      Progress: 17500/95552 frames (18.3%)
      Progress: 18000/95552 frames (18.8%)
      Progress: 18500/95552 frames (19.4%)
      Progress: 19000/95552 frames (19.9%)
      Progress: 19500/95552 frames (20.4%)
      Progress: 20000/95552 frames (20.9%)
      Progress: 20500/95552 frames (21.5%)
      Progress: 21000/95552 frames (22.0%)
      Progress: 21500/95552 frames (22.5%)
      Progress: 22000/95552 frames (23.0%)
      Progress: 22500/95552 frames (23.5%)
      Progress: 23000/95552 frames (24.1%)
      Progress: 23500/95552 frames (24.6%)
      Progress: 24000/95552 frames (25.1%)
      Progress: 24500/95552 frames (25.6%)
      Progress: 25000/95552 frames (26.2%)
      Progress: 25500/95552 frames (26.7%)
      Progress: 26000/95552 frames (27.2%)
      Progress: 26500/95552 frames (27.7%)
      Progress: 27000/95552 frames (28.3%)
      Progress: 27500/95552 frames (28.8%)
      Progress: 28000/95552 frames (29.3%)
      Progress: 28500/95552 frames (29.8%)
      Progress: 29000/95552 frames (30.3%)
      Progress: 29500/95552 frames (30.9%)
      Progress: 30000/95552 frames (31.4%)
      Progress: 30500/95552 frames (31.9%)
      Progress: 31000/95552 frames (32.4%)
      Progress: 31500/95552 frames (33.0%)
      Progress: 32000/95552 frames (33.5%)
      Progress: 32500/95552 frames (34.0%)
      Progress: 33000/95552 frames (34.5%)
      Progress: 33500/95552 frames (35.1%)
      Progress: 34000/95552 frames (35.6%)
      Progress: 34500/95552 frames (36.1%)
      Progress: 35000/95552 frames (36.6%)
      Progress: 35500/95552 frames (37.2%)
      Progress: 36000/95552 frames (37.7%)
      Progress: 36500/95552 frames (38.2%)
      Progress: 37000/95552 frames (38.7%)
      Progress: 37500/95552 frames (39.2%)
      Progress: 38000/95552 frames (39.8%)
      Progress: 38500/95552 frames (40.3%)
      Progress: 39000/95552 frames (40.8%)
      Progress: 39500/95552 frames (41.3%)
      Progress: 40000/95552 frames (41.9%)
      Progress: 40500/95552 frames (42.4%)
      Progress: 41000/95552 frames (42.9%)
      Progress: 41500/95552 frames (43.4%)
      Progress: 42000/95552 frames (44.0%)
      Progress: 42500/95552 frames (44.5%)
      Progress: 43000/95552 frames (45.0%)
      Progress: 43500/95552 frames (45.5%)
      Progress: 44000/95552 frames (46.0%)
      Progress: 44500/95552 frames (46.6%)
      Progress: 45000/95552 frames (47.1%)
      Progress: 45500/95552 frames (47.6%)
      Progress: 46000/95552 frames (48.1%)
      Progress: 46500/95552 frames (48.7%)
      Progress: 47000/95552 frames (49.2%)
      Progress: 47500/95552 frames (49.7%)
      Progress: 48000/95552 frames (50.2%)
      Progress: 48500/95552 frames (50.8%)
      Progress: 49000/95552 frames (51.3%)
      Progress: 49500/95552 frames (51.8%)
      Progress: 50000/95552 frames (52.3%)
      Progress: 50500/95552 frames (52.9%)
      Progress: 51000/95552 frames (53.4%)
      Progress: 51500/95552 frames (53.9%)
      Progress: 52000/95552 frames (54.4%)
      Progress: 52500/95552 frames (54.9%)
      Progress: 53000/95552 frames (55.5%)
      Progress: 53500/95552 frames (56.0%)
      Progress: 54000/95552 frames (56.5%)
      Progress: 54500/95552 frames (57.0%)
      Progress: 55000/95552 frames (57.6%)
      Progress: 55500/95552 frames (58.1%)
      Progress: 56000/95552 frames (58.6%)
      Progress: 56500/95552 frames (59.1%)
      Progress: 57000/95552 frames (59.7%)
      Progress: 57500/95552 frames (60.2%)
      Progress: 58000/95552 frames (60.7%)
      Progress: 58500/95552 frames (61.2%)
      Progress: 59000/95552 frames (61.7%)
      Progress: 59500/95552 frames (62.3%)
      Progress: 60000/95552 frames (62.8%)
      Progress: 60500/95552 frames (63.3%)
      Progress: 61000/95552 frames (63.8%)
      Progress: 61500/95552 frames (64.4%)
      Progress: 62000/95552 frames (64.9%)
      Progress: 62500/95552 frames (65.4%)
      Progress: 63000/95552 frames (65.9%)
      Progress: 63500/95552 frames (66.5%)
      Progress: 64000/95552 frames (67.0%)
      Progress: 64500/95552 frames (67.5%)
      Progress: 65000/95552 frames (68.0%)
      Progress: 65500/95552 frames (68.5%)
      Progress: 66000/95552 frames (69.1%)
      Progress: 66500/95552 frames (69.6%)
      Progress: 67000/95552 frames (70.1%)
      Progress: 67500/95552 frames (70.6%)
      Progress: 68000/95552 frames (71.2%)
      Progress: 68500/95552 frames (71.7%)
      Progress: 69000/95552 frames (72.2%)
      Progress: 69500/95552 frames (72.7%)
      Progress: 70000/95552 frames (73.3%)
      Progress: 70500/95552 frames (73.8%)
      Progress: 71000/95552 frames (74.3%)
      Progress: 71500/95552 frames (74.8%)
      Progress: 72000/95552 frames (75.4%)
      Progress: 72500/95552 frames (75.9%)
      Progress: 73000/95552 frames (76.4%)
      Progress: 73500/95552 frames (76.9%)
      Progress: 74000/95552 frames (77.4%)
      Progress: 74500/95552 frames (78.0%)
      Progress: 75000/95552 frames (78.5%)
      Progress: 75500/95552 frames (79.0%)
      Progress: 76000/95552 frames (79.5%)
      Progress: 76500/95552 frames (80.1%)
      Progress: 77000/95552 frames (80.6%)
      Progress: 77500/95552 frames (81.1%)
      Progress: 78000/95552 frames (81.6%)
      Progress: 78500/95552 frames (82.2%)
      Progress: 79000/95552 frames (82.7%)
      Progress: 79500/95552 frames (83.2%)
      Progress: 80000/95552 frames (83.7%)
      Progress: 80500/95552 frames (84.2%)
      Progress: 81000/95552 frames (84.8%)
      Progress: 81500/95552 frames (85.3%)
      Progress: 82000/95552 frames (85.8%)
      Progress: 82500/95552 frames (86.3%)
      Progress: 83000/95552 frames (86.9%)
      Progress: 83500/95552 frames (87.4%)
      Progress: 84000/95552 frames (87.9%)
      Progress: 84500/95552 frames (88.4%)
      Progress: 85000/95552 frames (89.0%)
      Progress: 85500/95552 frames (89.5%)
      Progress: 86000/95552 frames (90.0%)
      Progress: 86500/95552 frames (90.5%)
      Progress: 87000/95552 frames (91.0%)
      Progress: 87500/95552 frames (91.6%)
      Progress: 88000/95552 frames (92.1%)
      Progress: 88500/95552 frames (92.6%)
      Progress: 89000/95552 frames (93.1%)
      Progress: 89500/95552 frames (93.7%)
      Progress: 90000/95552 frames (94.2%)
      Progress: 90500/95552 frames (94.7%)
      Progress: 91000/95552 frames (95.2%)
      Progress: 91500/95552 frames (95.8%)
      Progress: 92000/95552 frames (96.3%)
      Progress: 92500/95552 frames (96.8%)
      Progress: 93000/95552 frames (97.3%)
      Progress: 93500/95552 frames (97.9%)
      Progress: 94000/95552 frames (98.4%)
      Progress: 94500/95552 frames (98.9%)
      Progress: 95000/95552 frames (99.4%)
      ───────────────────────────────────────────────────────
      FRAME READING COMPLETE
      ───────────────────────────────────────────────────────
      Expected frames: 95552
      Frames read: 95402
      Frames missing: 150
      WARNING: 150 frames could not be read!
      ───────────────────────────────────────────────────────

      FRAMES DISTRIBUTION BY SECOND:
        Second   0:  25 frames
        Second   1:  25 frames
        Second   2:  25 frames
        Second   3:  25 frames
        Second   4:  25 frames
        Second   5:  25 frames
        Second   6:  25 frames
        Second   7:  25 frames
        Second   8:  25 frames
        Second   9:  25 frames
        ... (3813 more seconds)
      
      Frame statistics:
        Average frames/second: 25.0
        Min frames/second: 0
        Max frames/second: 25
      
      ───────────────────────────────────────────────────────
      EXTRACTING FEATURES PER SECOND
      ───────────────────────────────────────────────────────
      Total seconds to process: 3823
        Second 10/3823 - 25 frames, 1 clips
        Second 20/3823 - 25 frames, 1 clips
        Second 30/3823 - 25 frames, 1 clips
        Second 40/3823 - 25 frames, 1 clips
        Second 50/3823 - 25 frames, 1 clips
        Second 60/3823 - 25 frames, 1 clips
        Second 70/3823 - 25 frames, 1 clips
        Second 80/3823 - 25 frames, 1 clips
        Second 90/3823 - 25 frames, 1 clips
        Second 100/3823 - 25 frames, 1 clips
        Second 110/3823 - 25 frames, 1 clips
        Second 120/3823 - 25 frames, 1 clips
        Second 130/3823 - 25 frames, 1 clips
        Second 140/3823 - 25 frames, 1 clips
        Second 150/3823 - 25 frames, 1 clips
        Second 160/3823 - 25 frames, 1 clips
        Second 170/3823 - 25 frames, 1 clips
        Second 180/3823 - 25 frames, 1 clips
        Second 190/3823 - 25 frames, 1 clips
        Second 200/3823 - 25 frames, 1 clips
        Second 210/3823 - 25 frames, 1 clips
        Second 220/3823 - 25 frames, 1 clips
        Second 230/3823 - 25 frames, 1 clips
        Second 240/3823 - 25 frames, 1 clips
        Second 250/3823 - 25 frames, 1 clips
        Second 260/3823 - 25 frames, 1 clips
        Second 270/3823 - 25 frames, 1 clips
        Second 280/3823 - 25 frames, 1 clips
        Second 290/3823 - 25 frames, 1 clips
        Second 300/3823 - 25 frames, 1 clips
        Second 310/3823 - 25 frames, 1 clips
        Second 320/3823 - 25 frames, 1 clips
        Second 330/3823 - 25 frames, 1 clips
        Second 340/3823 - 25 frames, 1 clips
        Second 350/3823 - 25 frames, 1 clips
        Second 360/3823 - 25 frames, 1 clips
        Second 370/3823 - 25 frames, 1 clips
        Second 380/3823 - 25 frames, 1 clips
        Second 390/3823 - 25 frames, 1 clips
        Second 400/3823 - 25 frames, 1 clips
        Second 410/3823 - 25 frames, 1 clips
        Second 420/3823 - 25 frames, 1 clips
        Second 430/3823 - 25 frames, 1 clips
        Second 440/3823 - 25 frames, 1 clips
        Second 450/3823 - 25 frames, 1 clips
        Second 460/3823 - 25 frames, 1 clips
        Second 470/3823 - 25 frames, 1 clips
        Second 480/3823 - 25 frames, 1 clips
        Second 490/3823 - 25 frames, 1 clips
        Second 500/3823 - 25 frames, 1 clips
        Second 510/3823 - 25 frames, 1 clips
        Second 520/3823 - 25 frames, 1 clips
        Second 530/3823 - 25 frames, 1 clips
        Second 540/3823 - 25 frames, 1 clips
        Second 550/3823 - 25 frames, 1 clips
        Second 560/3823 - 25 frames, 1 clips
        Second 570/3823 - 25 frames, 1 clips
        Second 580/3823 - 25 frames, 1 clips
        Second 590/3823 - 25 frames, 1 clips
        Second 600/3823 - 25 frames, 1 clips
        Second 610/3823 - 25 frames, 1 clips
        Second 620/3823 - 25 frames, 1 clips
        Second 630/3823 - 25 frames, 1 clips
        Second 640/3823 - 25 frames, 1 clips
        Second 650/3823 - 25 frames, 1 clips
        Second 660/3823 - 25 frames, 1 clips
        Second 670/3823 - 25 frames, 1 clips
        Second 680/3823 - 25 frames, 1 clips
        Second 690/3823 - 25 frames, 1 clips
        Second 700/3823 - 25 frames, 1 clips
        Second 710/3823 - 25 frames, 1 clips
        Second 720/3823 - 25 frames, 1 clips
        Second 730/3823 - 25 frames, 1 clips
        Second 740/3823 - 25 frames, 1 clips
        Second 750/3823 - 25 frames, 1 clips
        Second 760/3823 - 25 frames, 1 clips
        Second 770/3823 - 25 frames, 1 clips
        Second 780/3823 - 25 frames, 1 clips
        Second 790/3823 - 25 frames, 1 clips
        Second 800/3823 - 25 frames, 1 clips
        Second 810/3823 - 25 frames, 1 clips
        Second 820/3823 - 25 frames, 1 clips
        Second 830/3823 - 25 frames, 1 clips
        Second 840/3823 - 25 frames, 1 clips
        Second 850/3823 - 25 frames, 1 clips
        Second 860/3823 - 25 frames, 1 clips
        Second 870/3823 - 25 frames, 1 clips
        Second 880/3823 - 25 frames, 1 clips
        Second 890/3823 - 25 frames, 1 clips
        Second 900/3823 - 25 frames, 1 clips
        Second 910/3823 - 25 frames, 1 clips
        Second 920/3823 - 25 frames, 1 clips
        Second 930/3823 - 25 frames, 1 clips
        Second 940/3823 - 25 frames, 1 clips
        Second 950/3823 - 25 frames, 1 clips
        Second 960/3823 - 25 frames, 1 clips
        Second 970/3823 - 25 frames, 1 clips
        Second 980/3823 - 25 frames, 1 clips
        Second 990/3823 - 25 frames, 1 clips
        Second 1000/3823 - 25 frames, 1 clips
        Second 1010/3823 - 25 frames, 1 clips
        Second 1020/3823 - 25 frames, 1 clips
        Second 1030/3823 - 25 frames, 1 clips
        Second 1040/3823 - 25 frames, 1 clips
        Second 1050/3823 - 25 frames, 1 clips
        Second 1060/3823 - 25 frames, 1 clips
        Second 1070/3823 - 25 frames, 1 clips
        Second 1080/3823 - 25 frames, 1 clips
        Second 1090/3823 - 25 frames, 1 clips
        Second 1100/3823 - 25 frames, 1 clips
        Second 1110/3823 - 25 frames, 1 clips
        Second 1120/3823 - 25 frames, 1 clips
        Second 1130/3823 - 25 frames, 1 clips
        Second 1140/3823 - 25 frames, 1 clips
        Second 1150/3823 - 25 frames, 1 clips
        Second 1160/3823 - 25 frames, 1 clips
        Second 1170/3823 - 25 frames, 1 clips
        Second 1180/3823 - 25 frames, 1 clips
        Second 1190/3823 - 25 frames, 1 clips
        Second 1200/3823 - 25 frames, 1 clips
        Second 1210/3823 - 25 frames, 1 clips
        Second 1220/3823 - 25 frames, 1 clips
        Second 1230/3823 - 25 frames, 1 clips
        Second 1240/3823 - 25 frames, 1 clips
        Second 1250/3823 - 25 frames, 1 clips
        Second 1260/3823 - 25 frames, 1 clips
        Second 1270/3823 - 25 frames, 1 clips
        Second 1280/3823 - 25 frames, 1 clips
        Second 1290/3823 - 25 frames, 1 clips
        Second 1300/3823 - 25 frames, 1 clips
        Second 1310/3823 - 25 frames, 1 clips
        Second 1320/3823 - 25 frames, 1 clips
        Second 1330/3823 - 25 frames, 1 clips
        Second 1340/3823 - 25 frames, 1 clips
        Second 1350/3823 - 25 frames, 1 clips
        Second 1360/3823 - 25 frames, 1 clips
        Second 1370/3823 - 25 frames, 1 clips
        Second 1380/3823 - 25 frames, 1 clips
        Second 1390/3823 - 25 frames, 1 clips
        Second 1400/3823 - 25 frames, 1 clips
        Second 1410/3823 - 25 frames, 1 clips
        Second 1420/3823 - 25 frames, 1 clips
        Second 1430/3823 - 25 frames, 1 clips
        Second 1440/3823 - 25 frames, 1 clips
        Second 1450/3823 - 25 frames, 1 clips
        Second 1460/3823 - 25 frames, 1 clips
        Second 1470/3823 - 25 frames, 1 clips
        Second 1480/3823 - 25 frames, 1 clips
        Second 1490/3823 - 25 frames, 1 clips
        Second 1500/3823 - 25 frames, 1 clips
        Second 1510/3823 - 25 frames, 1 clips
        Second 1520/3823 - 25 frames, 1 clips
        Second 1530/3823 - 25 frames, 1 clips
        Second 1540/3823 - 25 frames, 1 clips
        Second 1550/3823 - 25 frames, 1 clips
        Second 1560/3823 - 25 frames, 1 clips
        Second 1570/3823 - 25 frames, 1 clips
        Second 1580/3823 - 25 frames, 1 clips
        Second 1590/3823 - 25 frames, 1 clips
        Second 1600/3823 - 25 frames, 1 clips
        Second 1610/3823 - 25 frames, 1 clips
        Second 1620/3823 - 25 frames, 1 clips
        Second 1630/3823 - 25 frames, 1 clips
        Second 1640/3823 - 25 frames, 1 clips
        Second 1650/3823 - 25 frames, 1 clips
        Second 1660/3823 - 25 frames, 1 clips
        Second 1670/3823 - 25 frames, 1 clips
        Second 1680/3823 - 25 frames, 1 clips
        Second 1690/3823 - 25 frames, 1 clips
        Second 1700/3823 - 25 frames, 1 clips
        Second 1710/3823 - 25 frames, 1 clips
        Second 1720/3823 - 25 frames, 1 clips
        Second 1730/3823 - 25 frames, 1 clips
        Second 1740/3823 - 25 frames, 1 clips
        Second 1750/3823 - 25 frames, 1 clips
        Second 1760/3823 - 25 frames, 1 clips
        Second 1770/3823 - 25 frames, 1 clips
        Second 1780/3823 - 25 frames, 1 clips
        Second 1790/3823 - 25 frames, 1 clips
        Second 1800/3823 - 25 frames, 1 clips
        Second 1810/3823 - 25 frames, 1 clips
        Second 1820/3823 - 25 frames, 1 clips
        Second 1830/3823 - 25 frames, 1 clips
        Second 1840/3823 - 25 frames, 1 clips
        Second 1850/3823 - 25 frames, 1 clips
        Second 1860/3823 - 25 frames, 1 clips
        Second 1870/3823 - 25 frames, 1 clips
        Second 1880/3823 - 25 frames, 1 clips
        Second 1890/3823 - 25 frames, 1 clips
        Second 1900/3823 - 25 frames, 1 clips
        Second 1910/3823 - 25 frames, 1 clips
        Second 1920/3823 - 25 frames, 1 clips
        Second 1930/3823 - 25 frames, 1 clips
        Second 1940/3823 - 25 frames, 1 clips
        Second 1950/3823 - 25 frames, 1 clips
        Second 1960/3823 - 25 frames, 1 clips
        Second 1970/3823 - 25 frames, 1 clips
        Second 1980/3823 - 25 frames, 1 clips
        Second 1990/3823 - 25 frames, 1 clips
        Second 2000/3823 - 25 frames, 1 clips
        Second 2010/3823 - 25 frames, 1 clips
        Second 2020/3823 - 25 frames, 1 clips
        Second 2030/3823 - 25 frames, 1 clips
        Second 2040/3823 - 25 frames, 1 clips
        Second 2050/3823 - 25 frames, 1 clips
        Second 2060/3823 - 25 frames, 1 clips
        Second 2070/3823 - 25 frames, 1 clips
        Second 2080/3823 - 25 frames, 1 clips
        Second 2090/3823 - 25 frames, 1 clips
        Second 2100/3823 - 25 frames, 1 clips
        Second 2110/3823 - 25 frames, 1 clips
        Second 2120/3823 - 25 frames, 1 clips
        Second 2130/3823 - 25 frames, 1 clips
        Second 2140/3823 - 25 frames, 1 clips
        Second 2150/3823 - 25 frames, 1 clips
        Second 2160/3823 - 25 frames, 1 clips
        Second 2170/3823 - 25 frames, 1 clips
        Second 2180/3823 - 25 frames, 1 clips
        Second 2190/3823 - 25 frames, 1 clips
        Second 2200/3823 - 25 frames, 1 clips
        Second 2210/3823 - 25 frames, 1 clips
        Second 2220/3823 - 25 frames, 1 clips
        Second 2230/3823 - 25 frames, 1 clips
        Second 2240/3823 - 25 frames, 1 clips
        Second 2250/3823 - 25 frames, 1 clips
        Second 2260/3823 - 25 frames, 1 clips
        Second 2270/3823 - 25 frames, 1 clips
        Second 2280/3823 - 25 frames, 1 clips
        Second 2290/3823 - 25 frames, 1 clips
        Second 2300/3823 - 25 frames, 1 clips
        Second 2310/3823 - 25 frames, 1 clips
        Second 2320/3823 - 25 frames, 1 clips
        Second 2330/3823 - 25 frames, 1 clips
        Second 2340/3823 - 25 frames, 1 clips
        Second 2350/3823 - 25 frames, 1 clips
        Second 2360/3823 - 25 frames, 1 clips
        Second 2370/3823 - 25 frames, 1 clips
        Second 2380/3823 - 25 frames, 1 clips
        Second 2390/3823 - 25 frames, 1 clips
        Second 2400/3823 - 25 frames, 1 clips
        Second 2410/3823 - 25 frames, 1 clips
        Second 2420/3823 - 25 frames, 1 clips
        Second 2430/3823 - 25 frames, 1 clips
        Second 2440/3823 - 25 frames, 1 clips
        Second 2450/3823 - 25 frames, 1 clips
        Second 2460/3823 - 25 frames, 1 clips
        Second 2470/3823 - 25 frames, 1 clips
        Second 2480/3823 - 25 frames, 1 clips
        Second 2490/3823 - 25 frames, 1 clips
        Second 2500/3823 - 25 frames, 1 clips
        Second 2510/3823 - 25 frames, 1 clips
        Second 2520/3823 - 25 frames, 1 clips
        Second 2530/3823 - 25 frames, 1 clips
        Second 2540/3823 - 25 frames, 1 clips
        Second 2550/3823 - 25 frames, 1 clips
        Second 2560/3823 - 25 frames, 1 clips
        Second 2570/3823 - 25 frames, 1 clips
        Second 2580/3823 - 25 frames, 1 clips
        Second 2590/3823 - 25 frames, 1 clips
        Second 2600/3823 - 25 frames, 1 clips
        Second 2610/3823 - 25 frames, 1 clips
        Second 2620/3823 - 25 frames, 1 clips
        Second 2630/3823 - 25 frames, 1 clips
        Second 2640/3823 - 25 frames, 1 clips
        Second 2650/3823 - 25 frames, 1 clips
        Second 2660/3823 - 25 frames, 1 clips
        Second 2670/3823 - 25 frames, 1 clips
        Second 2680/3823 - 25 frames, 1 clips
        Second 2690/3823 - 25 frames, 1 clips
        Second 2700/3823 - 25 frames, 1 clips
        Second 2710/3823 - 25 frames, 1 clips
        Second 2720/3823 - 25 frames, 1 clips
        Second 2730/3823 - 25 frames, 1 clips
        Second 2740/3823 - 25 frames, 1 clips
        Second 2750/3823 - 25 frames, 1 clips
        Second 2760/3823 - 25 frames, 1 clips
        Second 2770/3823 - 25 frames, 1 clips
        Second 2780/3823 - 25 frames, 1 clips
        Second 2790/3823 - 25 frames, 1 clips
        Second 2800/3823 - 25 frames, 1 clips
        Second 2810/3823 - 25 frames, 1 clips
        Second 2820/3823 - 25 frames, 1 clips
        Second 2830/3823 - 25 frames, 1 clips
        Second 2840/3823 - 25 frames, 1 clips
        Second 2850/3823 - 25 frames, 1 clips
        Second 2860/3823 - 25 frames, 1 clips
        Second 2870/3823 - 25 frames, 1 clips
        Second 2880/3823 - 25 frames, 1 clips
        Second 2890/3823 - 25 frames, 1 clips
        Second 2900/3823 - 25 frames, 1 clips
        Second 2910/3823 - 25 frames, 1 clips
        Second 2920/3823 - 25 frames, 1 clips
        Second 2930/3823 - 25 frames, 1 clips
        Second 2940/3823 - 25 frames, 1 clips
        Second 2950/3823 - 25 frames, 1 clips
        Second 2960/3823 - 25 frames, 1 clips
        Second 2970/3823 - 25 frames, 1 clips
        Second 2980/3823 - 25 frames, 1 clips
        Second 2990/3823 - 25 frames, 1 clips
        Second 3000/3823 - 25 frames, 1 clips
        Second 3010/3823 - 25 frames, 1 clips
        Second 3020/3823 - 25 frames, 1 clips
        Second 3030/3823 - 25 frames, 1 clips
        Second 3040/3823 - 25 frames, 1 clips
        Second 3050/3823 - 25 frames, 1 clips
        Second 3060/3823 - 25 frames, 1 clips
        Second 3070/3823 - 25 frames, 1 clips
        Second 3080/3823 - 25 frames, 1 clips
        Second 3090/3823 - 25 frames, 1 clips
        Second 3100/3823 - 25 frames, 1 clips
        Second 3110/3823 - 25 frames, 1 clips
        Second 3120/3823 - 25 frames, 1 clips
        Second 3130/3823 - 25 frames, 1 clips
        Second 3140/3823 - 25 frames, 1 clips
        Second 3150/3823 - 25 frames, 1 clips
        Second 3160/3823 - 25 frames, 1 clips
        Second 3170/3823 - 25 frames, 1 clips
        Second 3180/3823 - 25 frames, 1 clips
        Second 3190/3823 - 25 frames, 1 clips
        Second 3200/3823 - 25 frames, 1 clips
        Second 3210/3823 - 25 frames, 1 clips
        Second 3220/3823 - 25 frames, 1 clips
        Second 3230/3823 - 25 frames, 1 clips
        Second 3240/3823 - 25 frames, 1 clips
        Second 3250/3823 - 25 frames, 1 clips
        Second 3260/3823 - 25 frames, 1 clips
        Second 3270/3823 - 25 frames, 1 clips
        Second 3280/3823 - 25 frames, 1 clips
        Second 3290/3823 - 25 frames, 1 clips
        Second 3300/3823 - 25 frames, 1 clips
        Second 3310/3823 - 25 frames, 1 clips
        Second 3320/3823 - 25 frames, 1 clips
        Second 3330/3823 - 25 frames, 1 clips
        Second 3340/3823 - 25 frames, 1 clips
        Second 3350/3823 - 25 frames, 1 clips
        Second 3360/3823 - 25 frames, 1 clips
        Second 3370/3823 - 25 frames, 1 clips
        Second 3380/3823 - 25 frames, 1 clips
        Second 3390/3823 - 25 frames, 1 clips
        Second 3400/3823 - 25 frames, 1 clips
        Second 3410/3823 - 25 frames, 1 clips
        Second 3420/3823 - 25 frames, 1 clips
        Second 3430/3823 - 25 frames, 1 clips
        Second 3440/3823 - 25 frames, 1 clips
        Second 3450/3823 - 25 frames, 1 clips
        Second 3460/3823 - 25 frames, 1 clips
        Second 3470/3823 - 25 frames, 1 clips
        Second 3480/3823 - 25 frames, 1 clips
        Second 3490/3823 - 25 frames, 1 clips
        Second 3500/3823 - 25 frames, 1 clips
        Second 3510/3823 - 25 frames, 1 clips
        Second 3520/3823 - 25 frames, 1 clips
        Second 3530/3823 - 25 frames, 1 clips
        Second 3540/3823 - 25 frames, 1 clips
        Second 3550/3823 - 25 frames, 1 clips
        Second 3560/3823 - 25 frames, 1 clips
        Second 3570/3823 - 25 frames, 1 clips
        Second 3580/3823 - 25 frames, 1 clips
        Second 3590/3823 - 25 frames, 1 clips
        Second 3600/3823 - 25 frames, 1 clips
        Second 3610/3823 - 25 frames, 1 clips
        Second 3620/3823 - 25 frames, 1 clips
        Second 3630/3823 - 25 frames, 1 clips
        Second 3640/3823 - 25 frames, 1 clips
        Second 3650/3823 - 25 frames, 1 clips
        Second 3660/3823 - 25 frames, 1 clips
        Second 3670/3823 - 25 frames, 1 clips
        Second 3680/3823 - 25 frames, 1 clips
        Second 3690/3823 - 25 frames, 1 clips
        Second 3700/3823 - 25 frames, 1 clips
        Second 3710/3823 - 25 frames, 1 clips
        Second 3720/3823 - 25 frames, 1 clips
        Second 3730/3823 - 25 frames, 1 clips
        Second 3740/3823 - 25 frames, 1 clips
        Second 3750/3823 - 25 frames, 1 clips
        Second 3760/3823 - 25 frames, 1 clips
        Second 3770/3823 - 25 frames, 1 clips
        Second 3780/3823 - 25 frames, 1 clips
        Second 3790/3823 - 25 frames, 1 clips
        Second 3800/3823 - 25 frames, 1 clips
        Second 3810/3823 - 25 frames, 1 clips
        Second 3820/3823 - NO FRAMES (zero feature)
      ───────────────────────────────────────────────────────
      FEATURE EXTRACTION COMPLETE
      ───────────────────────────────────────────────────────
      Final features shape: (3823, 1024)
      Features per second: 3823
      Feature dimension: 1024
      ═══════════════════════════════════════════════════════

[ID03]   Features extracted: (3823, 1024)
[ID03] Step 2/4: Converting to binary labels and removing unwanted classes...
[ID03]   Number of seconds: 3823
      CSV columns: ['start_time', 'end_time', 'licking', 'shaking']
      CSV shape: (3840, 4)
      Video seconds: 3823
      Total rows in CSV: 3840
      Valid rows (within video duration): 3823
      Rows kept after removing shaking: 3804
[ID03]   Original seconds: 3823
[ID03]   After removing shaking/licking_shaking: 3804
[ID03] Step 3/4: Balancing classes...
      Before balancing:
        Background: 2475 samples
        Licking: 1329 samples
        Ratio: 1.86:1
      After balancing:
        Background: 1329 samples
        Licking: 1329 samples
        Total: 2658 samples
[ID03] Step 4/4: Saving processed data...
[ID03]   Saved features: /data-8tb/nvaci/dataset/dataset_Stanford/FACT_method/preprocessed_data_2class_originalFPS/features/ID03.npy
[ID03]     Shape: (2658, 1024)
[ID03]     Size: 10.38 MB
[ID03]   Final label distribution:
[ID03]     - background: 1329 seconds (50.0%)
[ID03]     - licking: 1329 seconds (50.0%)
[ID03]   Saved labels: /data-8tb/nvaci/dataset/dataset_Stanford/FACT_method/preprocessed_data_2class_originalFPS/groundTruth/ID03.txt
[ID03] SUCCESS - Video processed successfully


================================================================================
Processing video 4/32: ID04
================================================================================
[ID04] Found label file: 25-021_ID04.csv
[ID04] Step 1/4: Extracting features (per second)...
      Opening video file...

      ═══════════════════════════════════════════════════════
      VIDEO PROPERTIES
      ═══════════════════════════════════════════════════════
      FPS detected: 25.00
      Clip length (auto): 25 frames
      Total frames: 94361
      Duration: 3774.44 seconds
      Expected seconds: 3775
      Frames per second: ~25.0
      ═══════════════════════════════════════════════════════

      Using ORIGINAL FPS with per-second aggregation
      Aggregation method: mean
      ───────────────────────────────────────────────────────
      READING ALL FRAMES FROM VIDEO
      ───────────────────────────────────────────────────────
      Progress: 500/94361 frames (0.5%)
      Progress: 1000/94361 frames (1.1%)
      Progress: 1500/94361 frames (1.6%)
      Progress: 2000/94361 frames (2.1%)
      Progress: 2500/94361 frames (2.6%)
      Progress: 3000/94361 frames (3.2%)
      Progress: 3500/94361 frames (3.7%)
      Progress: 4000/94361 frames (4.2%)
      Progress: 4500/94361 frames (4.8%)
      Progress: 5000/94361 frames (5.3%)
      Progress: 5500/94361 frames (5.8%)
      Progress: 6000/94361 frames (6.4%)
      Progress: 6500/94361 frames (6.9%)
      Progress: 7000/94361 frames (7.4%)
      Progress: 7500/94361 frames (7.9%)
      Progress: 8000/94361 frames (8.5%)
      Progress: 8500/94361 frames (9.0%)
      Progress: 9000/94361 frames (9.5%)
      Progress: 9500/94361 frames (10.1%)
      Progress: 10000/94361 frames (10.6%)
      Progress: 10500/94361 frames (11.1%)
      Progress: 11000/94361 frames (11.7%)
      Progress: 11500/94361 frames (12.2%)
      Progress: 12000/94361 frames (12.7%)
      Progress: 12500/94361 frames (13.2%)
      Progress: 13000/94361 frames (13.8%)
      Progress: 13500/94361 frames (14.3%)
      Progress: 14000/94361 frames (14.8%)
      Progress: 14500/94361 frames (15.4%)
      Progress: 15000/94361 frames (15.9%)
      Progress: 15500/94361 frames (16.4%)
      Progress: 16000/94361 frames (17.0%)
      Progress: 16500/94361 frames (17.5%)
      Progress: 17000/94361 frames (18.0%)
      Progress: 17500/94361 frames (18.5%)
      Progress: 18000/94361 frames (19.1%)
      Progress: 18500/94361 frames (19.6%)
      Progress: 19000/94361 frames (20.1%)
      Progress: 19500/94361 frames (20.7%)
      Progress: 20000/94361 frames (21.2%)
      Progress: 20500/94361 frames (21.7%)
      Progress: 21000/94361 frames (22.3%)
      Progress: 21500/94361 frames (22.8%)
      Progress: 22000/94361 frames (23.3%)
      Progress: 22500/94361 frames (23.8%)
      Progress: 23000/94361 frames (24.4%)
      Progress: 23500/94361 frames (24.9%)
      Progress: 24000/94361 frames (25.4%)
      Progress: 24500/94361 frames (26.0%)
      Progress: 25000/94361 frames (26.5%)
      Progress: 25500/94361 frames (27.0%)
      Progress: 26000/94361 frames (27.6%)
      Progress: 26500/94361 frames (28.1%)
      Progress: 27000/94361 frames (28.6%)
      Progress: 27500/94361 frames (29.1%)
      Progress: 28000/94361 frames (29.7%)
      Progress: 28500/94361 frames (30.2%)
      Progress: 29000/94361 frames (30.7%)
      Progress: 29500/94361 frames (31.3%)
      Progress: 30000/94361 frames (31.8%)
      Progress: 30500/94361 frames (32.3%)
      Progress: 31000/94361 frames (32.9%)
      Progress: 31500/94361 frames (33.4%)
      Progress: 32000/94361 frames (33.9%)
      Progress: 32500/94361 frames (34.4%)
      Progress: 33000/94361 frames (35.0%)
      Progress: 33500/94361 frames (35.5%)
      Progress: 34000/94361 frames (36.0%)
      Progress: 34500/94361 frames (36.6%)
      Progress: 35000/94361 frames (37.1%)
      Progress: 35500/94361 frames (37.6%)
      Progress: 36000/94361 frames (38.2%)
      Progress: 36500/94361 frames (38.7%)
      Progress: 37000/94361 frames (39.2%)
      Progress: 37500/94361 frames (39.7%)
      Progress: 38000/94361 frames (40.3%)
      Progress: 38500/94361 frames (40.8%)
      Progress: 39000/94361 frames (41.3%)
      Progress: 39500/94361 frames (41.9%)
      Progress: 40000/94361 frames (42.4%)
      Progress: 40500/94361 frames (42.9%)
      Progress: 41000/94361 frames (43.5%)
      Progress: 41500/94361 frames (44.0%)
      Progress: 42000/94361 frames (44.5%)
      Progress: 42500/94361 frames (45.0%)
      Progress: 43000/94361 frames (45.6%)
      Progress: 43500/94361 frames (46.1%)
      Progress: 44000/94361 frames (46.6%)
      Progress: 44500/94361 frames (47.2%)
      Progress: 45000/94361 frames (47.7%)
      Progress: 45500/94361 frames (48.2%)
      Progress: 46000/94361 frames (48.7%)
      Progress: 46500/94361 frames (49.3%)
      Progress: 47000/94361 frames (49.8%)
      Progress: 47500/94361 frames (50.3%)
      Progress: 48000/94361 frames (50.9%)
      Progress: 48500/94361 frames (51.4%)
      Progress: 49000/94361 frames (51.9%)
      Progress: 49500/94361 frames (52.5%)
      Progress: 50000/94361 frames (53.0%)
      Progress: 50500/94361 frames (53.5%)
      Progress: 51000/94361 frames (54.0%)
      Progress: 51500/94361 frames (54.6%)
      Progress: 52000/94361 frames (55.1%)
      Progress: 52500/94361 frames (55.6%)
      Progress: 53000/94361 frames (56.2%)
      Progress: 53500/94361 frames (56.7%)
      Progress: 54000/94361 frames (57.2%)
      Progress: 54500/94361 frames (57.8%)
      Progress: 55000/94361 frames (58.3%)
      Progress: 55500/94361 frames (58.8%)
      Progress: 56000/94361 frames (59.3%)
      Progress: 56500/94361 frames (59.9%)
      Progress: 57000/94361 frames (60.4%)
      Progress: 57500/94361 frames (60.9%)
      Progress: 58000/94361 frames (61.5%)
      Progress: 58500/94361 frames (62.0%)
      Progress: 59000/94361 frames (62.5%)
      Progress: 59500/94361 frames (63.1%)
      Progress: 60000/94361 frames (63.6%)
      Progress: 60500/94361 frames (64.1%)
      Progress: 61000/94361 frames (64.6%)
      Progress: 61500/94361 frames (65.2%)
      Progress: 62000/94361 frames (65.7%)
      Progress: 62500/94361 frames (66.2%)
      Progress: 63000/94361 frames (66.8%)
      Progress: 63500/94361 frames (67.3%)
      Progress: 64000/94361 frames (67.8%)
      Progress: 64500/94361 frames (68.4%)
      Progress: 65000/94361 frames (68.9%)
      Progress: 65500/94361 frames (69.4%)
      Progress: 66000/94361 frames (69.9%)
      Progress: 66500/94361 frames (70.5%)
      Progress: 67000/94361 frames (71.0%)
      Progress: 67500/94361 frames (71.5%)
      Progress: 68000/94361 frames (72.1%)
      Progress: 68500/94361 frames (72.6%)
      Progress: 69000/94361 frames (73.1%)
      Progress: 69500/94361 frames (73.7%)
      Progress: 70000/94361 frames (74.2%)
      Progress: 70500/94361 frames (74.7%)
      Progress: 71000/94361 frames (75.2%)
      Progress: 71500/94361 frames (75.8%)
      Progress: 72000/94361 frames (76.3%)
      Progress: 72500/94361 frames (76.8%)
      Progress: 73000/94361 frames (77.4%)
      Progress: 73500/94361 frames (77.9%)
      Progress: 74000/94361 frames (78.4%)
      Progress: 74500/94361 frames (79.0%)
      Progress: 75000/94361 frames (79.5%)
      Progress: 75500/94361 frames (80.0%)
      Progress: 76000/94361 frames (80.5%)
      Progress: 76500/94361 frames (81.1%)
      Progress: 77000/94361 frames (81.6%)
      Progress: 77500/94361 frames (82.1%)
      Progress: 78000/94361 frames (82.7%)
      Progress: 78500/94361 frames (83.2%)
      Progress: 79000/94361 frames (83.7%)
      Progress: 79500/94361 frames (84.3%)
      Progress: 80000/94361 frames (84.8%)
      Progress: 80500/94361 frames (85.3%)
      Progress: 81000/94361 frames (85.8%)
      Progress: 81500/94361 frames (86.4%)
      Progress: 82000/94361 frames (86.9%)
      Progress: 82500/94361 frames (87.4%)
      Progress: 83000/94361 frames (88.0%)
      Progress: 83500/94361 frames (88.5%)
      Progress: 84000/94361 frames (89.0%)
      Progress: 84500/94361 frames (89.5%)
      Progress: 85000/94361 frames (90.1%)
      Progress: 85500/94361 frames (90.6%)
      Progress: 86000/94361 frames (91.1%)
      Progress: 86500/94361 frames (91.7%)
      Progress: 87000/94361 frames (92.2%)
      Progress: 87500/94361 frames (92.7%)
      Progress: 88000/94361 frames (93.3%)
      Progress: 88500/94361 frames (93.8%)
      Progress: 89000/94361 frames (94.3%)
      Progress: 89500/94361 frames (94.8%)
      Progress: 90000/94361 frames (95.4%)
      Progress: 90500/94361 frames (95.9%)
      Progress: 91000/94361 frames (96.4%)
      Progress: 91500/94361 frames (97.0%)
      Progress: 92000/94361 frames (97.5%)
      Progress: 92500/94361 frames (98.0%)
      Progress: 93000/94361 frames (98.6%)
      Progress: 93500/94361 frames (99.1%)
      Progress: 94000/94361 frames (99.6%)
      ───────────────────────────────────────────────────────
      FRAME READING COMPLETE
      ───────────────────────────────────────────────────────
      Expected frames: 94361
      Frames read: 94327
      Frames missing: 34
      WARNING: 34 frames could not be read!
      ───────────────────────────────────────────────────────

      FRAMES DISTRIBUTION BY SECOND:
        Second   0:  25 frames
        Second   1:  25 frames
        Second   2:  25 frames
        Second   3:  25 frames
        Second   4:  25 frames
        Second   5:  25 frames
        Second   6:  25 frames
        Second   7:  25 frames
        Second   8:  25 frames
        Second   9:  25 frames
        ... (3765 more seconds)
      
      Frame statistics:
        Average frames/second: 25.0
        Min frames/second: 0
        Max frames/second: 25
      
      ───────────────────────────────────────────────────────
      EXTRACTING FEATURES PER SECOND
      ───────────────────────────────────────────────────────
      Total seconds to process: 3775
        Second 10/3775 - 25 frames, 1 clips
        Second 20/3775 - 25 frames, 1 clips
        Second 30/3775 - 25 frames, 1 clips
        Second 40/3775 - 25 frames, 1 clips
        Second 50/3775 - 25 frames, 1 clips
        Second 60/3775 - 25 frames, 1 clips
        Second 70/3775 - 25 frames, 1 clips
        Second 80/3775 - 25 frames, 1 clips
        Second 90/3775 - 25 frames, 1 clips
        Second 100/3775 - 25 frames, 1 clips
        Second 110/3775 - 25 frames, 1 clips
        Second 120/3775 - 25 frames, 1 clips
        Second 130/3775 - 25 frames, 1 clips
        Second 140/3775 - 25 frames, 1 clips
        Second 150/3775 - 25 frames, 1 clips
        Second 160/3775 - 25 frames, 1 clips
        Second 170/3775 - 25 frames, 1 clips
        Second 180/3775 - 25 frames, 1 clips
        Second 190/3775 - 25 frames, 1 clips
        Second 200/3775 - 25 frames, 1 clips
        Second 210/3775 - 25 frames, 1 clips
        Second 220/3775 - 25 frames, 1 clips
        Second 230/3775 - 25 frames, 1 clips
        Second 240/3775 - 25 frames, 1 clips
        Second 250/3775 - 25 frames, 1 clips
        Second 260/3775 - 25 frames, 1 clips
        Second 270/3775 - 25 frames, 1 clips
        Second 280/3775 - 25 frames, 1 clips
        Second 290/3775 - 25 frames, 1 clips
        Second 300/3775 - 25 frames, 1 clips
        Second 310/3775 - 25 frames, 1 clips
        Second 320/3775 - 25 frames, 1 clips
        Second 330/3775 - 25 frames, 1 clips
        Second 340/3775 - 25 frames, 1 clips
        Second 350/3775 - 25 frames, 1 clips
        Second 360/3775 - 25 frames, 1 clips
        Second 370/3775 - 25 frames, 1 clips
        Second 380/3775 - 25 frames, 1 clips
        Second 390/3775 - 25 frames, 1 clips
        Second 400/3775 - 25 frames, 1 clips
        Second 410/3775 - 25 frames, 1 clips
        Second 420/3775 - 25 frames, 1 clips
        Second 430/3775 - 25 frames, 1 clips
        Second 440/3775 - 25 frames, 1 clips
        Second 450/3775 - 25 frames, 1 clips
        Second 460/3775 - 25 frames, 1 clips
        Second 470/3775 - 25 frames, 1 clips
        Second 480/3775 - 25 frames, 1 clips
        Second 490/3775 - 25 frames, 1 clips
        Second 500/3775 - 25 frames, 1 clips
        Second 510/3775 - 25 frames, 1 clips
        Second 520/3775 - 25 frames, 1 clips
        Second 530/3775 - 25 frames, 1 clips
        Second 540/3775 - 25 frames, 1 clips
        Second 550/3775 - 25 frames, 1 clips
        Second 560/3775 - 25 frames, 1 clips
        Second 570/3775 - 25 frames, 1 clips
        Second 580/3775 - 25 frames, 1 clips
        Second 590/3775 - 25 frames, 1 clips
        Second 600/3775 - 25 frames, 1 clips
        Second 610/3775 - 25 frames, 1 clips
        Second 620/3775 - 25 frames, 1 clips
        Second 630/3775 - 25 frames, 1 clips
        Second 640/3775 - 25 frames, 1 clips
        Second 650/3775 - 25 frames, 1 clips
        Second 660/3775 - 25 frames, 1 clips
        Second 670/3775 - 25 frames, 1 clips
        Second 680/3775 - 25 frames, 1 clips
        Second 690/3775 - 25 frames, 1 clips
        Second 700/3775 - 25 frames, 1 clips
        Second 710/3775 - 25 frames, 1 clips
        Second 720/3775 - 25 frames, 1 clips
        Second 730/3775 - 25 frames, 1 clips
        Second 740/3775 - 25 frames, 1 clips
        Second 750/3775 - 25 frames, 1 clips
        Second 760/3775 - 25 frames, 1 clips
        Second 770/3775 - 25 frames, 1 clips
        Second 780/3775 - 25 frames, 1 clips
        Second 790/3775 - 25 frames, 1 clips
        Second 800/3775 - 25 frames, 1 clips
        Second 810/3775 - 25 frames, 1 clips
        Second 820/3775 - 25 frames, 1 clips
        Second 830/3775 - 25 frames, 1 clips
        Second 840/3775 - 25 frames, 1 clips
        Second 850/3775 - 25 frames, 1 clips
        Second 860/3775 - 25 frames, 1 clips
        Second 870/3775 - 25 frames, 1 clips
        Second 880/3775 - 25 frames, 1 clips
        Second 890/3775 - 25 frames, 1 clips
        Second 900/3775 - 25 frames, 1 clips
        Second 910/3775 - 25 frames, 1 clips
        Second 920/3775 - 25 frames, 1 clips
        Second 930/3775 - 25 frames, 1 clips
        Second 940/3775 - 25 frames, 1 clips
        Second 950/3775 - 25 frames, 1 clips
        Second 960/3775 - 25 frames, 1 clips
        Second 970/3775 - 25 frames, 1 clips
        Second 980/3775 - 25 frames, 1 clips
        Second 990/3775 - 25 frames, 1 clips
        Second 1000/3775 - 25 frames, 1 clips
        Second 1010/3775 - 25 frames, 1 clips
        Second 1020/3775 - 25 frames, 1 clips
        Second 1030/3775 - 25 frames, 1 clips
        Second 1040/3775 - 25 frames, 1 clips
        Second 1050/3775 - 25 frames, 1 clips
        Second 1060/3775 - 25 frames, 1 clips
        Second 1070/3775 - 25 frames, 1 clips
        Second 1080/3775 - 25 frames, 1 clips
        Second 1090/3775 - 25 frames, 1 clips
        Second 1100/3775 - 25 frames, 1 clips
        Second 1110/3775 - 25 frames, 1 clips
        Second 1120/3775 - 25 frames, 1 clips
        Second 1130/3775 - 25 frames, 1 clips
        Second 1140/3775 - 25 frames, 1 clips
        Second 1150/3775 - 25 frames, 1 clips
        Second 1160/3775 - 25 frames, 1 clips
        Second 1170/3775 - 25 frames, 1 clips
        Second 1180/3775 - 25 frames, 1 clips
        Second 1190/3775 - 25 frames, 1 clips
        Second 1200/3775 - 25 frames, 1 clips
        Second 1210/3775 - 25 frames, 1 clips
        Second 1220/3775 - 25 frames, 1 clips
        Second 1230/3775 - 25 frames, 1 clips
        Second 1240/3775 - 25 frames, 1 clips
        Second 1250/3775 - 25 frames, 1 clips
        Second 1260/3775 - 25 frames, 1 clips
        Second 1270/3775 - 25 frames, 1 clips
        Second 1280/3775 - 25 frames, 1 clips
        Second 1290/3775 - 25 frames, 1 clips
        Second 1300/3775 - 25 frames, 1 clips
        Second 1310/3775 - 25 frames, 1 clips
        Second 1320/3775 - 25 frames, 1 clips
        Second 1330/3775 - 25 frames, 1 clips
        Second 1340/3775 - 25 frames, 1 clips
        Second 1350/3775 - 25 frames, 1 clips
        Second 1360/3775 - 25 frames, 1 clips
        Second 1370/3775 - 25 frames, 1 clips
        Second 1380/3775 - 25 frames, 1 clips
        Second 1390/3775 - 25 frames, 1 clips
        Second 1400/3775 - 25 frames, 1 clips
        Second 1410/3775 - 25 frames, 1 clips
        Second 1420/3775 - 25 frames, 1 clips
        Second 1430/3775 - 25 frames, 1 clips
        Second 1440/3775 - 25 frames, 1 clips
        Second 1450/3775 - 25 frames, 1 clips
        Second 1460/3775 - 25 frames, 1 clips
        Second 1470/3775 - 25 frames, 1 clips
        Second 1480/3775 - 25 frames, 1 clips
        Second 1490/3775 - 25 frames, 1 clips
        Second 1500/3775 - 25 frames, 1 clips
        Second 1510/3775 - 25 frames, 1 clips
        Second 1520/3775 - 25 frames, 1 clips
        Second 1530/3775 - 25 frames, 1 clips
        Second 1540/3775 - 25 frames, 1 clips
        Second 1550/3775 - 25 frames, 1 clips
        Second 1560/3775 - 25 frames, 1 clips
        Second 1570/3775 - 25 frames, 1 clips
        Second 1580/3775 - 25 frames, 1 clips
        Second 1590/3775 - 25 frames, 1 clips
        Second 1600/3775 - 25 frames, 1 clips
        Second 1610/3775 - 25 frames, 1 clips
        Second 1620/3775 - 25 frames, 1 clips
        Second 1630/3775 - 25 frames, 1 clips
        Second 1640/3775 - 25 frames, 1 clips
        Second 1650/3775 - 25 frames, 1 clips
        Second 1660/3775 - 25 frames, 1 clips
        Second 1670/3775 - 25 frames, 1 clips
        Second 1680/3775 - 25 frames, 1 clips
        Second 1690/3775 - 25 frames, 1 clips
        Second 1700/3775 - 25 frames, 1 clips
        Second 1710/3775 - 25 frames, 1 clips
        Second 1720/3775 - 25 frames, 1 clips
        Second 1730/3775 - 25 frames, 1 clips
        Second 1740/3775 - 25 frames, 1 clips
        Second 1750/3775 - 25 frames, 1 clips
        Second 1760/3775 - 25 frames, 1 clips
        Second 1770/3775 - 25 frames, 1 clips
        Second 1780/3775 - 25 frames, 1 clips
        Second 1790/3775 - 25 frames, 1 clips
        Second 1800/3775 - 25 frames, 1 clips
        Second 1810/3775 - 25 frames, 1 clips
        Second 1820/3775 - 25 frames, 1 clips
        Second 1830/3775 - 25 frames, 1 clips
        Second 1840/3775 - 25 frames, 1 clips
        Second 1850/3775 - 25 frames, 1 clips
        Second 1860/3775 - 25 frames, 1 clips
        Second 1870/3775 - 25 frames, 1 clips
        Second 1880/3775 - 25 frames, 1 clips
        Second 1890/3775 - 25 frames, 1 clips
        Second 1900/3775 - 25 frames, 1 clips
        Second 1910/3775 - 25 frames, 1 clips
        Second 1920/3775 - 25 frames, 1 clips
        Second 1930/3775 - 25 frames, 1 clips
        Second 1940/3775 - 25 frames, 1 clips
        Second 1950/3775 - 25 frames, 1 clips
        Second 1960/3775 - 25 frames, 1 clips
        Second 1970/3775 - 25 frames, 1 clips
        Second 1980/3775 - 25 frames, 1 clips
        Second 1990/3775 - 25 frames, 1 clips
        Second 2000/3775 - 25 frames, 1 clips
        Second 2010/3775 - 25 frames, 1 clips
        Second 2020/3775 - 25 frames, 1 clips
        Second 2030/3775 - 25 frames, 1 clips
        Second 2040/3775 - 25 frames, 1 clips
        Second 2050/3775 - 25 frames, 1 clips
        Second 2060/3775 - 25 frames, 1 clips
        Second 2070/3775 - 25 frames, 1 clips
        Second 2080/3775 - 25 frames, 1 clips
        Second 2090/3775 - 25 frames, 1 clips
        Second 2100/3775 - 25 frames, 1 clips
        Second 2110/3775 - 25 frames, 1 clips
        Second 2120/3775 - 25 frames, 1 clips
        Second 2130/3775 - 25 frames, 1 clips
        Second 2140/3775 - 25 frames, 1 clips
        Second 2150/3775 - 25 frames, 1 clips
        Second 2160/3775 - 25 frames, 1 clips
        Second 2170/3775 - 25 frames, 1 clips
        Second 2180/3775 - 25 frames, 1 clips
        Second 2190/3775 - 25 frames, 1 clips
        Second 2200/3775 - 25 frames, 1 clips
        Second 2210/3775 - 25 frames, 1 clips
        Second 2220/3775 - 25 frames, 1 clips
        Second 2230/3775 - 25 frames, 1 clips
        Second 2240/3775 - 25 frames, 1 clips
        Second 2250/3775 - 25 frames, 1 clips
        Second 2260/3775 - 25 frames, 1 clips
        Second 2270/3775 - 25 frames, 1 clips
        Second 2280/3775 - 25 frames, 1 clips
        Second 2290/3775 - 25 frames, 1 clips
        Second 2300/3775 - 25 frames, 1 clips
        Second 2310/3775 - 25 frames, 1 clips
        Second 2320/3775 - 25 frames, 1 clips
        Second 2330/3775 - 25 frames, 1 clips
        Second 2340/3775 - 25 frames, 1 clips
        Second 2350/3775 - 25 frames, 1 clips
        Second 2360/3775 - 25 frames, 1 clips
        Second 2370/3775 - 25 frames, 1 clips
        Second 2380/3775 - 25 frames, 1 clips
        Second 2390/3775 - 25 frames, 1 clips
        Second 2400/3775 - 25 frames, 1 clips
        Second 2410/3775 - 25 frames, 1 clips
        Second 2420/3775 - 25 frames, 1 clips
        Second 2430/3775 - 25 frames, 1 clips
        Second 2440/3775 - 25 frames, 1 clips
        Second 2450/3775 - 25 frames, 1 clips
        Second 2460/3775 - 25 frames, 1 clips
        Second 2470/3775 - 25 frames, 1 clips
        Second 2480/3775 - 25 frames, 1 clips
        Second 2490/3775 - 25 frames, 1 clips
        Second 2500/3775 - 25 frames, 1 clips
        Second 2510/3775 - 25 frames, 1 clips
        Second 2520/3775 - 25 frames, 1 clips
        Second 2530/3775 - 25 frames, 1 clips
        Second 2540/3775 - 25 frames, 1 clips
        Second 2550/3775 - 25 frames, 1 clips
        Second 2560/3775 - 25 frames, 1 clips
        Second 2570/3775 - 25 frames, 1 clips
        Second 2580/3775 - 25 frames, 1 clips
        Second 2590/3775 - 25 frames, 1 clips
        Second 2600/3775 - 25 frames, 1 clips
        Second 2610/3775 - 25 frames, 1 clips
        Second 2620/3775 - 25 frames, 1 clips
        Second 2630/3775 - 25 frames, 1 clips
        Second 2640/3775 - 25 frames, 1 clips
        Second 2650/3775 - 25 frames, 1 clips
        Second 2660/3775 - 25 frames, 1 clips
        Second 2670/3775 - 25 frames, 1 clips
        Second 2680/3775 - 25 frames, 1 clips
        Second 2690/3775 - 25 frames, 1 clips
        Second 2700/3775 - 25 frames, 1 clips
        Second 2710/3775 - 25 frames, 1 clips
        Second 2720/3775 - 25 frames, 1 clips
        Second 2730/3775 - 25 frames, 1 clips
        Second 2740/3775 - 25 frames, 1 clips
        Second 2750/3775 - 25 frames, 1 clips
        Second 2760/3775 - 25 frames, 1 clips
        Second 2770/3775 - 25 frames, 1 clips
        Second 2780/3775 - 25 frames, 1 clips
        Second 2790/3775 - 25 frames, 1 clips
        Second 2800/3775 - 25 frames, 1 clips
        Second 2810/3775 - 25 frames, 1 clips
        Second 2820/3775 - 25 frames, 1 clips
        Second 2830/3775 - 25 frames, 1 clips
        Second 2840/3775 - 25 frames, 1 clips
        Second 2850/3775 - 25 frames, 1 clips
        Second 2860/3775 - 25 frames, 1 clips
        Second 2870/3775 - 25 frames, 1 clips
        Second 2880/3775 - 25 frames, 1 clips
        Second 2890/3775 - 25 frames, 1 clips
        Second 2900/3775 - 25 frames, 1 clips
        Second 2910/3775 - 25 frames, 1 clips
        Second 2920/3775 - 25 frames, 1 clips
        Second 2930/3775 - 25 frames, 1 clips
        Second 2940/3775 - 25 frames, 1 clips
        Second 2950/3775 - 25 frames, 1 clips
        Second 2960/3775 - 25 frames, 1 clips
        Second 2970/3775 - 25 frames, 1 clips
        Second 2980/3775 - 25 frames, 1 clips
        Second 2990/3775 - 25 frames, 1 clips
        Second 3000/3775 - 25 frames, 1 clips
        Second 3010/3775 - 25 frames, 1 clips
        Second 3020/3775 - 25 frames, 1 clips
        Second 3030/3775 - 25 frames, 1 clips
        Second 3040/3775 - 25 frames, 1 clips
        Second 3050/3775 - 25 frames, 1 clips
        Second 3060/3775 - 25 frames, 1 clips
        Second 3070/3775 - 25 frames, 1 clips
        Second 3080/3775 - 25 frames, 1 clips
        Second 3090/3775 - 25 frames, 1 clips
        Second 3100/3775 - 25 frames, 1 clips
        Second 3110/3775 - 25 frames, 1 clips
        Second 3120/3775 - 25 frames, 1 clips
        Second 3130/3775 - 25 frames, 1 clips
        Second 3140/3775 - 25 frames, 1 clips
        Second 3150/3775 - 25 frames, 1 clips
        Second 3160/3775 - 25 frames, 1 clips
        Second 3170/3775 - 25 frames, 1 clips
        Second 3180/3775 - 25 frames, 1 clips
        Second 3190/3775 - 25 frames, 1 clips
        Second 3200/3775 - 25 frames, 1 clips
        Second 3210/3775 - 25 frames, 1 clips
        Second 3220/3775 - 25 frames, 1 clips
        Second 3230/3775 - 25 frames, 1 clips
        Second 3240/3775 - 25 frames, 1 clips
        Second 3250/3775 - 25 frames, 1 clips
        Second 3260/3775 - 25 frames, 1 clips
        Second 3270/3775 - 25 frames, 1 clips
        Second 3280/3775 - 25 frames, 1 clips
        Second 3290/3775 - 25 frames, 1 clips
        Second 3300/3775 - 25 frames, 1 clips
        Second 3310/3775 - 25 frames, 1 clips
        Second 3320/3775 - 25 frames, 1 clips
        Second 3330/3775 - 25 frames, 1 clips
        Second 3340/3775 - 25 frames, 1 clips
        Second 3350/3775 - 25 frames, 1 clips
        Second 3360/3775 - 25 frames, 1 clips
        Second 3370/3775 - 25 frames, 1 clips
        Second 3380/3775 - 25 frames, 1 clips
        Second 3390/3775 - 25 frames, 1 clips
        Second 3400/3775 - 25 frames, 1 clips
        Second 3410/3775 - 25 frames, 1 clips
        Second 3420/3775 - 25 frames, 1 clips
        Second 3430/3775 - 25 frames, 1 clips
        Second 3440/3775 - 25 frames, 1 clips
        Second 3450/3775 - 25 frames, 1 clips
        Second 3460/3775 - 25 frames, 1 clips
        Second 3470/3775 - 25 frames, 1 clips
        Second 3480/3775 - 25 frames, 1 clips
        Second 3490/3775 - 25 frames, 1 clips
        Second 3500/3775 - 25 frames, 1 clips
        Second 3510/3775 - 25 frames, 1 clips
        Second 3520/3775 - 25 frames, 1 clips
        Second 3530/3775 - 25 frames, 1 clips
        Second 3540/3775 - 25 frames, 1 clips
        Second 3550/3775 - 25 frames, 1 clips
        Second 3560/3775 - 25 frames, 1 clips
        Second 3570/3775 - 25 frames, 1 clips
        Second 3580/3775 - 25 frames, 1 clips
        Second 3590/3775 - 25 frames, 1 clips
        Second 3600/3775 - 25 frames, 1 clips
        Second 3610/3775 - 25 frames, 1 clips
        Second 3620/3775 - 25 frames, 1 clips
        Second 3630/3775 - 25 frames, 1 clips
        Second 3640/3775 - 25 frames, 1 clips
        Second 3650/3775 - 25 frames, 1 clips
        Second 3660/3775 - 25 frames, 1 clips
        Second 3670/3775 - 25 frames, 1 clips
        Second 3680/3775 - 25 frames, 1 clips
        Second 3690/3775 - 25 frames, 1 clips
        Second 3700/3775 - 25 frames, 1 clips
        Second 3710/3775 - 25 frames, 1 clips
        Second 3720/3775 - 25 frames, 1 clips
        Second 3730/3775 - 25 frames, 1 clips
        Second 3740/3775 - 25 frames, 1 clips
        Second 3750/3775 - 25 frames, 1 clips
        Second 3760/3775 - 25 frames, 1 clips
        Second 3770/3775 - 25 frames, 1 clips
      ───────────────────────────────────────────────────────
      FEATURE EXTRACTION COMPLETE
      ───────────────────────────────────────────────────────
      Final features shape: (3775, 1024)
      Features per second: 3775
      Feature dimension: 1024
      ═══════════════════════════════════════════════════════

[ID04]   Features extracted: (3775, 1024)
[ID04] Step 2/4: Converting to binary labels and removing unwanted classes...
[ID04]   Number of seconds: 3775
      CSV columns: ['start_time', 'end_time', 'licking', 'shaking']
      CSV shape: (3840, 4)
      Video seconds: 3775
      Total rows in CSV: 3840
      Valid rows (within video duration): 3775
      Rows kept after removing shaking: 3764
[ID04]   Original seconds: 3775
[ID04]   After removing shaking/licking_shaking: 3764
[ID04] Step 3/4: Balancing classes...
      Before balancing:
        Background: 3268 samples
        Licking: 496 samples
        Ratio: 6.59:1
      After balancing:
        Background: 496 samples
        Licking: 496 samples
        Total: 992 samples
[ID04] Step 4/4: Saving processed data...
[ID04]   Saved features: /data-8tb/nvaci/dataset/dataset_Stanford/FACT_method/preprocessed_data_2class_originalFPS/features/ID04.npy
[ID04]     Shape: (992, 1024)
[ID04]     Size: 3.88 MB
[ID04]   Final label distribution:
[ID04]     - background: 496 seconds (50.0%)
[ID04]     - licking: 496 seconds (50.0%)
[ID04]   Saved labels: /data-8tb/nvaci/dataset/dataset_Stanford/FACT_method/preprocessed_data_2class_originalFPS/groundTruth/ID04.txt
[ID04] SUCCESS - Video processed successfully


================================================================================
Processing video 5/32: ID05
================================================================================
[ID05] Found label file: 25-021_ID05.csv
[ID05] Step 1/4: Extracting features (per second)...
      Opening video file...

      ═══════════════════════════════════════════════════════
      VIDEO PROPERTIES
      ═══════════════════════════════════════════════════════
      FPS detected: 25.00
      Clip length (auto): 25 frames
      Total frames: 97938
      Duration: 3917.52 seconds
      Expected seconds: 3918
      Frames per second: ~25.0
      ═══════════════════════════════════════════════════════

      Using ORIGINAL FPS with per-second aggregation
      Aggregation method: mean
      ───────────────────────────────────────────────────────
      READING ALL FRAMES FROM VIDEO
      ───────────────────────────────────────────────────────
      Progress: 500/97938 frames (0.5%)
      Progress: 1000/97938 frames (1.0%)
      Progress: 1500/97938 frames (1.5%)
      Progress: 2000/97938 frames (2.0%)
      Progress: 2500/97938 frames (2.6%)
      Progress: 3000/97938 frames (3.1%)
      Progress: 3500/97938 frames (3.6%)
      Progress: 4000/97938 frames (4.1%)
      Progress: 4500/97938 frames (4.6%)
      Progress: 5000/97938 frames (5.1%)
      Progress: 5500/97938 frames (5.6%)
      Progress: 6000/97938 frames (6.1%)
      Progress: 6500/97938 frames (6.6%)
      Progress: 7000/97938 frames (7.1%)
      Progress: 7500/97938 frames (7.7%)
      Progress: 8000/97938 frames (8.2%)
      Progress: 8500/97938 frames (8.7%)
      Progress: 9000/97938 frames (9.2%)
      Progress: 9500/97938 frames (9.7%)
      Progress: 10000/97938 frames (10.2%)
      Progress: 10500/97938 frames (10.7%)
      Progress: 11000/97938 frames (11.2%)
      Progress: 11500/97938 frames (11.7%)
      Progress: 12000/97938 frames (12.3%)
      Progress: 12500/97938 frames (12.8%)
      Progress: 13000/97938 frames (13.3%)
      Progress: 13500/97938 frames (13.8%)
      Progress: 14000/97938 frames (14.3%)
      Progress: 14500/97938 frames (14.8%)
      Progress: 15000/97938 frames (15.3%)
      Progress: 15500/97938 frames (15.8%)
      Progress: 16000/97938 frames (16.3%)
      Progress: 16500/97938 frames (16.8%)
      Progress: 17000/97938 frames (17.4%)
      Progress: 17500/97938 frames (17.9%)
      Progress: 18000/97938 frames (18.4%)
      Progress: 18500/97938 frames (18.9%)
      Progress: 19000/97938 frames (19.4%)
      Progress: 19500/97938 frames (19.9%)
      Progress: 20000/97938 frames (20.4%)
      Progress: 20500/97938 frames (20.9%)
      Progress: 21000/97938 frames (21.4%)
      Progress: 21500/97938 frames (22.0%)
      Progress: 22000/97938 frames (22.5%)
      Progress: 22500/97938 frames (23.0%)
      Progress: 23000/97938 frames (23.5%)
      Progress: 23500/97938 frames (24.0%)
      Progress: 24000/97938 frames (24.5%)
      Progress: 24500/97938 frames (25.0%)
      Progress: 25000/97938 frames (25.5%)
      Progress: 25500/97938 frames (26.0%)
      Progress: 26000/97938 frames (26.5%)
      Progress: 26500/97938 frames (27.1%)
      Progress: 27000/97938 frames (27.6%)
      Progress: 27500/97938 frames (28.1%)
      Progress: 28000/97938 frames (28.6%)
      Progress: 28500/97938 frames (29.1%)
      Progress: 29000/97938 frames (29.6%)
      Progress: 29500/97938 frames (30.1%)
      Progress: 30000/97938 frames (30.6%)
      Progress: 30500/97938 frames (31.1%)
      Progress: 31000/97938 frames (31.7%)
      Progress: 31500/97938 frames (32.2%)
      Progress: 32000/97938 frames (32.7%)
      Progress: 32500/97938 frames (33.2%)
      Progress: 33000/97938 frames (33.7%)
      Progress: 33500/97938 frames (34.2%)
      Progress: 34000/97938 frames (34.7%)
      Progress: 34500/97938 frames (35.2%)
      Progress: 35000/97938 frames (35.7%)
      Progress: 35500/97938 frames (36.2%)
      Progress: 36000/97938 frames (36.8%)
      Progress: 36500/97938 frames (37.3%)
      Progress: 37000/97938 frames (37.8%)
      Progress: 37500/97938 frames (38.3%)
      Progress: 38000/97938 frames (38.8%)
      Progress: 38500/97938 frames (39.3%)
      Progress: 39000/97938 frames (39.8%)
      Progress: 39500/97938 frames (40.3%)
      Progress: 40000/97938 frames (40.8%)
      Progress: 40500/97938 frames (41.4%)
      Progress: 41000/97938 frames (41.9%)
      Progress: 41500/97938 frames (42.4%)
      Progress: 42000/97938 frames (42.9%)
      Progress: 42500/97938 frames (43.4%)
      Progress: 43000/97938 frames (43.9%)
      Progress: 43500/97938 frames (44.4%)
      Progress: 44000/97938 frames (44.9%)
      Progress: 44500/97938 frames (45.4%)
      Progress: 45000/97938 frames (45.9%)
      Progress: 45500/97938 frames (46.5%)
      Progress: 46000/97938 frames (47.0%)
      Progress: 46500/97938 frames (47.5%)
      Progress: 47000/97938 frames (48.0%)
      Progress: 47500/97938 frames (48.5%)
      Progress: 48000/97938 frames (49.0%)
      Progress: 48500/97938 frames (49.5%)
      Progress: 49000/97938 frames (50.0%)
      Progress: 49500/97938 frames (50.5%)
      Progress: 50000/97938 frames (51.1%)
      Progress: 50500/97938 frames (51.6%)
      Progress: 51000/97938 frames (52.1%)
      Progress: 51500/97938 frames (52.6%)
      Progress: 52000/97938 frames (53.1%)
      Progress: 52500/97938 frames (53.6%)
      Progress: 53000/97938 frames (54.1%)
      Progress: 53500/97938 frames (54.6%)
      Progress: 54000/97938 frames (55.1%)
      Progress: 54500/97938 frames (55.6%)
      Progress: 55000/97938 frames (56.2%)
      Progress: 55500/97938 frames (56.7%)
      Progress: 56000/97938 frames (57.2%)
      Progress: 56500/97938 frames (57.7%)
      Progress: 57000/97938 frames (58.2%)
      Progress: 57500/97938 frames (58.7%)
      Progress: 58000/97938 frames (59.2%)
      Progress: 58500/97938 frames (59.7%)
      Progress: 59000/97938 frames (60.2%)
      Progress: 59500/97938 frames (60.8%)
      Progress: 60000/97938 frames (61.3%)
      Progress: 60500/97938 frames (61.8%)
      Progress: 61000/97938 frames (62.3%)
      Progress: 61500/97938 frames (62.8%)
      Progress: 62000/97938 frames (63.3%)
      Progress: 62500/97938 frames (63.8%)
      Progress: 63000/97938 frames (64.3%)
      Progress: 63500/97938 frames (64.8%)
      Progress: 64000/97938 frames (65.3%)
      Progress: 64500/97938 frames (65.9%)
      Progress: 65000/97938 frames (66.4%)
      Progress: 65500/97938 frames (66.9%)
      Progress: 66000/97938 frames (67.4%)
      Progress: 66500/97938 frames (67.9%)
      Progress: 67000/97938 frames (68.4%)
      Progress: 67500/97938 frames (68.9%)
      Progress: 68000/97938 frames (69.4%)
      Progress: 68500/97938 frames (69.9%)
      Progress: 69000/97938 frames (70.5%)
      Progress: 69500/97938 frames (71.0%)
      Progress: 70000/97938 frames (71.5%)
      Progress: 70500/97938 frames (72.0%)
      Progress: 71000/97938 frames (72.5%)
      Progress: 71500/97938 frames (73.0%)
      Progress: 72000/97938 frames (73.5%)
      Progress: 72500/97938 frames (74.0%)
      Progress: 73000/97938 frames (74.5%)
      Progress: 73500/97938 frames (75.0%)
      Progress: 74000/97938 frames (75.6%)
      Progress: 74500/97938 frames (76.1%)
      Progress: 75000/97938 frames (76.6%)
      Progress: 75500/97938 frames (77.1%)
      Progress: 76000/97938 frames (77.6%)
      Progress: 76500/97938 frames (78.1%)
      Progress: 77000/97938 frames (78.6%)
      Progress: 77500/97938 frames (79.1%)
      Progress: 78000/97938 frames (79.6%)
      Progress: 78500/97938 frames (80.2%)
      Progress: 79000/97938 frames (80.7%)
      Progress: 79500/97938 frames (81.2%)
      Progress: 80000/97938 frames (81.7%)
      Progress: 80500/97938 frames (82.2%)
      Progress: 81000/97938 frames (82.7%)
      Progress: 81500/97938 frames (83.2%)
      Progress: 82000/97938 frames (83.7%)
      Progress: 82500/97938 frames (84.2%)
      Progress: 83000/97938 frames (84.7%)
      Progress: 83500/97938 frames (85.3%)
      Progress: 84000/97938 frames (85.8%)
      Progress: 84500/97938 frames (86.3%)
      Progress: 85000/97938 frames (86.8%)
      Progress: 85500/97938 frames (87.3%)
      Progress: 86000/97938 frames (87.8%)
      Progress: 86500/97938 frames (88.3%)
      Progress: 87000/97938 frames (88.8%)
      Progress: 87500/97938 frames (89.3%)
      Progress: 88000/97938 frames (89.9%)
      Progress: 88500/97938 frames (90.4%)
      Progress: 89000/97938 frames (90.9%)
      Progress: 89500/97938 frames (91.4%)
      Progress: 90000/97938 frames (91.9%)
      Progress: 90500/97938 frames (92.4%)
      Progress: 91000/97938 frames (92.9%)
      Progress: 91500/97938 frames (93.4%)
      Progress: 92000/97938 frames (93.9%)
      Progress: 92500/97938 frames (94.4%)
      Progress: 93000/97938 frames (95.0%)
      Progress: 93500/97938 frames (95.5%)
      Progress: 94000/97938 frames (96.0%)
      Progress: 94500/97938 frames (96.5%)
      Progress: 95000/97938 frames (97.0%)
      Progress: 95500/97938 frames (97.5%)
      Progress: 96000/97938 frames (98.0%)
      Progress: 96500/97938 frames (98.5%)
      Progress: 97000/97938 frames (99.0%)
      Progress: 97500/97938 frames (99.6%)
      ───────────────────────────────────────────────────────
      FRAME READING COMPLETE
      ───────────────────────────────────────────────────────
      Expected frames: 97938
      Frames read: 97813
      Frames missing: 125
      WARNING: 125 frames could not be read!
      ───────────────────────────────────────────────────────

      FRAMES DISTRIBUTION BY SECOND:
        Second   0:  25 frames
        Second   1:  25 frames
        Second   2:  25 frames
        Second   3:  25 frames
        Second   4:  25 frames
        Second   5:  25 frames
        Second   6:  25 frames
        Second   7:  25 frames
        Second   8:  25 frames
        Second   9:  25 frames
        ... (3908 more seconds)
      
      Frame statistics:
        Average frames/second: 25.0
        Min frames/second: 0
        Max frames/second: 25
      
      ───────────────────────────────────────────────────────
      EXTRACTING FEATURES PER SECOND
      ───────────────────────────────────────────────────────
      Total seconds to process: 3918
        Second 10/3918 - 25 frames, 1 clips
        Second 20/3918 - 25 frames, 1 clips
        Second 30/3918 - 25 frames, 1 clips
        Second 40/3918 - 25 frames, 1 clips
        Second 50/3918 - 25 frames, 1 clips
        Second 60/3918 - 25 frames, 1 clips
        Second 70/3918 - 25 frames, 1 clips
        Second 80/3918 - 25 frames, 1 clips
        Second 90/3918 - 25 frames, 1 clips
        Second 100/3918 - 25 frames, 1 clips
        Second 110/3918 - 25 frames, 1 clips
        Second 120/3918 - 25 frames, 1 clips
        Second 130/3918 - 25 frames, 1 clips
        Second 140/3918 - 25 frames, 1 clips
        Second 150/3918 - 25 frames, 1 clips
        Second 160/3918 - 25 frames, 1 clips
        Second 170/3918 - 25 frames, 1 clips
        Second 180/3918 - 25 frames, 1 clips
        Second 190/3918 - 25 frames, 1 clips
        Second 200/3918 - 25 frames, 1 clips
        Second 210/3918 - 25 frames, 1 clips
        Second 220/3918 - 25 frames, 1 clips
        Second 230/3918 - 25 frames, 1 clips
        Second 240/3918 - 25 frames, 1 clips
        Second 250/3918 - 25 frames, 1 clips
        Second 260/3918 - 25 frames, 1 clips
        Second 270/3918 - 25 frames, 1 clips
        Second 280/3918 - 25 frames, 1 clips
        Second 290/3918 - 25 frames, 1 clips
        Second 300/3918 - 25 frames, 1 clips
        Second 310/3918 - 25 frames, 1 clips
        Second 320/3918 - 25 frames, 1 clips
        Second 330/3918 - 25 frames, 1 clips
        Second 340/3918 - 25 frames, 1 clips
        Second 350/3918 - 25 frames, 1 clips
        Second 360/3918 - 25 frames, 1 clips
        Second 370/3918 - 25 frames, 1 clips
        Second 380/3918 - 25 frames, 1 clips
        Second 390/3918 - 25 frames, 1 clips
        Second 400/3918 - 25 frames, 1 clips
        Second 410/3918 - 25 frames, 1 clips
        Second 420/3918 - 25 frames, 1 clips
        Second 430/3918 - 25 frames, 1 clips
        Second 440/3918 - 25 frames, 1 clips
        Second 450/3918 - 25 frames, 1 clips
        Second 460/3918 - 25 frames, 1 clips
        Second 470/3918 - 25 frames, 1 clips
        Second 480/3918 - 25 frames, 1 clips
        Second 490/3918 - 25 frames, 1 clips
        Second 500/3918 - 25 frames, 1 clips
        Second 510/3918 - 25 frames, 1 clips
        Second 520/3918 - 25 frames, 1 clips
        Second 530/3918 - 25 frames, 1 clips
        Second 540/3918 - 25 frames, 1 clips
        Second 550/3918 - 25 frames, 1 clips
        Second 560/3918 - 25 frames, 1 clips
        Second 570/3918 - 25 frames, 1 clips
        Second 580/3918 - 25 frames, 1 clips
        Second 590/3918 - 25 frames, 1 clips
        Second 600/3918 - 25 frames, 1 clips
        Second 610/3918 - 25 frames, 1 clips
        Second 620/3918 - 25 frames, 1 clips
        Second 630/3918 - 25 frames, 1 clips
        Second 640/3918 - 25 frames, 1 clips
        Second 650/3918 - 25 frames, 1 clips
        Second 660/3918 - 25 frames, 1 clips
        Second 670/3918 - 25 frames, 1 clips
        Second 680/3918 - 25 frames, 1 clips
        Second 690/3918 - 25 frames, 1 clips
        Second 700/3918 - 25 frames, 1 clips
        Second 710/3918 - 25 frames, 1 clips
        Second 720/3918 - 25 frames, 1 clips
        Second 730/3918 - 25 frames, 1 clips
        Second 740/3918 - 25 frames, 1 clips
        Second 750/3918 - 25 frames, 1 clips
        Second 760/3918 - 25 frames, 1 clips
        Second 770/3918 - 25 frames, 1 clips
        Second 780/3918 - 25 frames, 1 clips
        Second 790/3918 - 25 frames, 1 clips
        Second 800/3918 - 25 frames, 1 clips
        Second 810/3918 - 25 frames, 1 clips
        Second 820/3918 - 25 frames, 1 clips
        Second 830/3918 - 25 frames, 1 clips
        Second 840/3918 - 25 frames, 1 clips
        Second 850/3918 - 25 frames, 1 clips
        Second 860/3918 - 25 frames, 1 clips
        Second 870/3918 - 25 frames, 1 clips
        Second 880/3918 - 25 frames, 1 clips
        Second 890/3918 - 25 frames, 1 clips
        Second 900/3918 - 25 frames, 1 clips
        Second 910/3918 - 25 frames, 1 clips
        Second 920/3918 - 25 frames, 1 clips
        Second 930/3918 - 25 frames, 1 clips
        Second 940/3918 - 25 frames, 1 clips
        Second 950/3918 - 25 frames, 1 clips
        Second 960/3918 - 25 frames, 1 clips
        Second 970/3918 - 25 frames, 1 clips
        Second 980/3918 - 25 frames, 1 clips
        Second 990/3918 - 25 frames, 1 clips
        Second 1000/3918 - 25 frames, 1 clips
        Second 1010/3918 - 25 frames, 1 clips
        Second 1020/3918 - 25 frames, 1 clips
        Second 1030/3918 - 25 frames, 1 clips
        Second 1040/3918 - 25 frames, 1 clips
        Second 1050/3918 - 25 frames, 1 clips
        Second 1060/3918 - 25 frames, 1 clips
        Second 1070/3918 - 25 frames, 1 clips
        Second 1080/3918 - 25 frames, 1 clips
        Second 1090/3918 - 25 frames, 1 clips
        Second 1100/3918 - 25 frames, 1 clips
        Second 1110/3918 - 25 frames, 1 clips
        Second 1120/3918 - 25 frames, 1 clips
        Second 1130/3918 - 25 frames, 1 clips
        Second 1140/3918 - 25 frames, 1 clips
        Second 1150/3918 - 25 frames, 1 clips
        Second 1160/3918 - 25 frames, 1 clips
        Second 1170/3918 - 25 frames, 1 clips
        Second 1180/3918 - 25 frames, 1 clips
        Second 1190/3918 - 25 frames, 1 clips
        Second 1200/3918 - 25 frames, 1 clips
        Second 1210/3918 - 25 frames, 1 clips
        Second 1220/3918 - 25 frames, 1 clips
        Second 1230/3918 - 25 frames, 1 clips
        Second 1240/3918 - 25 frames, 1 clips
        Second 1250/3918 - 25 frames, 1 clips
        Second 1260/3918 - 25 frames, 1 clips
        Second 1270/3918 - 25 frames, 1 clips
        Second 1280/3918 - 25 frames, 1 clips
        Second 1290/3918 - 25 frames, 1 clips
        Second 1300/3918 - 25 frames, 1 clips
        Second 1310/3918 - 25 frames, 1 clips
        Second 1320/3918 - 25 frames, 1 clips
        Second 1330/3918 - 25 frames, 1 clips
        Second 1340/3918 - 25 frames, 1 clips
        Second 1350/3918 - 25 frames, 1 clips
        Second 1360/3918 - 25 frames, 1 clips
        Second 1370/3918 - 25 frames, 1 clips
        Second 1380/3918 - 25 frames, 1 clips
        Second 1390/3918 - 25 frames, 1 clips
        Second 1400/3918 - 25 frames, 1 clips
        Second 1410/3918 - 25 frames, 1 clips
        Second 1420/3918 - 25 frames, 1 clips
        Second 1430/3918 - 25 frames, 1 clips
        Second 1440/3918 - 25 frames, 1 clips
        Second 1450/3918 - 25 frames, 1 clips
        Second 1460/3918 - 25 frames, 1 clips
        Second 1470/3918 - 25 frames, 1 clips
        Second 1480/3918 - 25 frames, 1 clips
        Second 1490/3918 - 25 frames, 1 clips
        Second 1500/3918 - 25 frames, 1 clips
        Second 1510/3918 - 25 frames, 1 clips
        Second 1520/3918 - 25 frames, 1 clips
        Second 1530/3918 - 25 frames, 1 clips
        Second 1540/3918 - 25 frames, 1 clips
        Second 1550/3918 - 25 frames, 1 clips
        Second 1560/3918 - 25 frames, 1 clips
        Second 1570/3918 - 25 frames, 1 clips
        Second 1580/3918 - 25 frames, 1 clips
        Second 1590/3918 - 25 frames, 1 clips
        Second 1600/3918 - 25 frames, 1 clips
        Second 1610/3918 - 25 frames, 1 clips
        Second 1620/3918 - 25 frames, 1 clips
        Second 1630/3918 - 25 frames, 1 clips
        Second 1640/3918 - 25 frames, 1 clips
        Second 1650/3918 - 25 frames, 1 clips
        Second 1660/3918 - 25 frames, 1 clips
        Second 1670/3918 - 25 frames, 1 clips
        Second 1680/3918 - 25 frames, 1 clips
        Second 1690/3918 - 25 frames, 1 clips
        Second 1700/3918 - 25 frames, 1 clips
        Second 1710/3918 - 25 frames, 1 clips
        Second 1720/3918 - 25 frames, 1 clips
        Second 1730/3918 - 25 frames, 1 clips
        Second 1740/3918 - 25 frames, 1 clips
        Second 1750/3918 - 25 frames, 1 clips
        Second 1760/3918 - 25 frames, 1 clips
        Second 1770/3918 - 25 frames, 1 clips
        Second 1780/3918 - 25 frames, 1 clips
        Second 1790/3918 - 25 frames, 1 clips
        Second 1800/3918 - 25 frames, 1 clips
        Second 1810/3918 - 25 frames, 1 clips
        Second 1820/3918 - 25 frames, 1 clips
        Second 1830/3918 - 25 frames, 1 clips
        Second 1840/3918 - 25 frames, 1 clips
        Second 1850/3918 - 25 frames, 1 clips
        Second 1860/3918 - 25 frames, 1 clips
        Second 1870/3918 - 25 frames, 1 clips
        Second 1880/3918 - 25 frames, 1 clips
        Second 1890/3918 - 25 frames, 1 clips
        Second 1900/3918 - 25 frames, 1 clips
        Second 1910/3918 - 25 frames, 1 clips
        Second 1920/3918 - 25 frames, 1 clips
        Second 1930/3918 - 25 frames, 1 clips
        Second 1940/3918 - 25 frames, 1 clips
        Second 1950/3918 - 25 frames, 1 clips
        Second 1960/3918 - 25 frames, 1 clips
        Second 1970/3918 - 25 frames, 1 clips
        Second 1980/3918 - 25 frames, 1 clips
        Second 1990/3918 - 25 frames, 1 clips
        Second 2000/3918 - 25 frames, 1 clips
        Second 2010/3918 - 25 frames, 1 clips
        Second 2020/3918 - 25 frames, 1 clips
        Second 2030/3918 - 25 frames, 1 clips
        Second 2040/3918 - 25 frames, 1 clips
        Second 2050/3918 - 25 frames, 1 clips
        Second 2060/3918 - 25 frames, 1 clips
        Second 2070/3918 - 25 frames, 1 clips
        Second 2080/3918 - 25 frames, 1 clips
        Second 2090/3918 - 25 frames, 1 clips
        Second 2100/3918 - 25 frames, 1 clips
        Second 2110/3918 - 25 frames, 1 clips
        Second 2120/3918 - 25 frames, 1 clips
        Second 2130/3918 - 25 frames, 1 clips
        Second 2140/3918 - 25 frames, 1 clips
        Second 2150/3918 - 25 frames, 1 clips
        Second 2160/3918 - 25 frames, 1 clips
        Second 2170/3918 - 25 frames, 1 clips
        Second 2180/3918 - 25 frames, 1 clips
        Second 2190/3918 - 25 frames, 1 clips
        Second 2200/3918 - 25 frames, 1 clips
        Second 2210/3918 - 25 frames, 1 clips
        Second 2220/3918 - 25 frames, 1 clips
        Second 2230/3918 - 25 frames, 1 clips
        Second 2240/3918 - 25 frames, 1 clips
        Second 2250/3918 - 25 frames, 1 clips
        Second 2260/3918 - 25 frames, 1 clips
        Second 2270/3918 - 25 frames, 1 clips
        Second 2280/3918 - 25 frames, 1 clips
        Second 2290/3918 - 25 frames, 1 clips
        Second 2300/3918 - 25 frames, 1 clips
        Second 2310/3918 - 25 frames, 1 clips
        Second 2320/3918 - 25 frames, 1 clips
        Second 2330/3918 - 25 frames, 1 clips
        Second 2340/3918 - 25 frames, 1 clips
        Second 2350/3918 - 25 frames, 1 clips
        Second 2360/3918 - 25 frames, 1 clips
        Second 2370/3918 - 25 frames, 1 clips
        Second 2380/3918 - 25 frames, 1 clips
        Second 2390/3918 - 25 frames, 1 clips
        Second 2400/3918 - 25 frames, 1 clips
        Second 2410/3918 - 25 frames, 1 clips
        Second 2420/3918 - 25 frames, 1 clips
        Second 2430/3918 - 25 frames, 1 clips
        Second 2440/3918 - 25 frames, 1 clips
        Second 2450/3918 - 25 frames, 1 clips
        Second 2460/3918 - 25 frames, 1 clips
        Second 2470/3918 - 25 frames, 1 clips
        Second 2480/3918 - 25 frames, 1 clips
        Second 2490/3918 - 25 frames, 1 clips
        Second 2500/3918 - 25 frames, 1 clips
        Second 2510/3918 - 25 frames, 1 clips
        Second 2520/3918 - 25 frames, 1 clips
        Second 2530/3918 - 25 frames, 1 clips
        Second 2540/3918 - 25 frames, 1 clips
        Second 2550/3918 - 25 frames, 1 clips
        Second 2560/3918 - 25 frames, 1 clips
        Second 2570/3918 - 25 frames, 1 clips
        Second 2580/3918 - 25 frames, 1 clips
        Second 2590/3918 - 25 frames, 1 clips
        Second 2600/3918 - 25 frames, 1 clips
        Second 2610/3918 - 25 frames, 1 clips
        Second 2620/3918 - 25 frames, 1 clips
        Second 2630/3918 - 25 frames, 1 clips
        Second 2640/3918 - 25 frames, 1 clips
        Second 2650/3918 - 25 frames, 1 clips
        Second 2660/3918 - 25 frames, 1 clips
        Second 2670/3918 - 25 frames, 1 clips
        Second 2680/3918 - 25 frames, 1 clips
        Second 2690/3918 - 25 frames, 1 clips
        Second 2700/3918 - 25 frames, 1 clips
        Second 2710/3918 - 25 frames, 1 clips
        Second 2720/3918 - 25 frames, 1 clips
        Second 2730/3918 - 25 frames, 1 clips
        Second 2740/3918 - 25 frames, 1 clips
        Second 2750/3918 - 25 frames, 1 clips
        Second 2760/3918 - 25 frames, 1 clips
        Second 2770/3918 - 25 frames, 1 clips
        Second 2780/3918 - 25 frames, 1 clips
        Second 2790/3918 - 25 frames, 1 clips
        Second 2800/3918 - 25 frames, 1 clips
        Second 2810/3918 - 25 frames, 1 clips
        Second 2820/3918 - 25 frames, 1 clips
        Second 2830/3918 - 25 frames, 1 clips
        Second 2840/3918 - 25 frames, 1 clips
        Second 2850/3918 - 25 frames, 1 clips
        Second 2860/3918 - 25 frames, 1 clips
        Second 2870/3918 - 25 frames, 1 clips
        Second 2880/3918 - 25 frames, 1 clips
        Second 2890/3918 - 25 frames, 1 clips
        Second 2900/3918 - 25 frames, 1 clips
        Second 2910/3918 - 25 frames, 1 clips
        Second 2920/3918 - 25 frames, 1 clips
        Second 2930/3918 - 25 frames, 1 clips
        Second 2940/3918 - 25 frames, 1 clips
        Second 2950/3918 - 25 frames, 1 clips
        Second 2960/3918 - 25 frames, 1 clips
        Second 2970/3918 - 25 frames, 1 clips
        Second 2980/3918 - 25 frames, 1 clips
        Second 2990/3918 - 25 frames, 1 clips
        Second 3000/3918 - 25 frames, 1 clips
        Second 3010/3918 - 25 frames, 1 clips
        Second 3020/3918 - 25 frames, 1 clips
        Second 3030/3918 - 25 frames, 1 clips
        Second 3040/3918 - 25 frames, 1 clips
        Second 3050/3918 - 25 frames, 1 clips
        Second 3060/3918 - 25 frames, 1 clips
        Second 3070/3918 - 25 frames, 1 clips
        Second 3080/3918 - 25 frames, 1 clips
        Second 3090/3918 - 25 frames, 1 clips
        Second 3100/3918 - 25 frames, 1 clips
        Second 3110/3918 - 25 frames, 1 clips
        Second 3120/3918 - 25 frames, 1 clips
        Second 3130/3918 - 25 frames, 1 clips
        Second 3140/3918 - 25 frames, 1 clips
        Second 3150/3918 - 25 frames, 1 clips
        Second 3160/3918 - 25 frames, 1 clips
        Second 3170/3918 - 25 frames, 1 clips
        Second 3180/3918 - 25 frames, 1 clips
        Second 3190/3918 - 25 frames, 1 clips
        Second 3200/3918 - 25 frames, 1 clips
        Second 3210/3918 - 25 frames, 1 clips
        Second 3220/3918 - 25 frames, 1 clips
        Second 3230/3918 - 25 frames, 1 clips
        Second 3240/3918 - 25 frames, 1 clips
        Second 3250/3918 - 25 frames, 1 clips
        Second 3260/3918 - 25 frames, 1 clips
        Second 3270/3918 - 25 frames, 1 clips
        Second 3280/3918 - 25 frames, 1 clips
        Second 3290/3918 - 25 frames, 1 clips
        Second 3300/3918 - 25 frames, 1 clips
        Second 3310/3918 - 25 frames, 1 clips
        Second 3320/3918 - 25 frames, 1 clips
        Second 3330/3918 - 25 frames, 1 clips
        Second 3340/3918 - 25 frames, 1 clips
        Second 3350/3918 - 25 frames, 1 clips
        Second 3360/3918 - 25 frames, 1 clips
        Second 3370/3918 - 25 frames, 1 clips
        Second 3380/3918 - 25 frames, 1 clips
        Second 3390/3918 - 25 frames, 1 clips
        Second 3400/3918 - 25 frames, 1 clips
        Second 3410/3918 - 25 frames, 1 clips
        Second 3420/3918 - 25 frames, 1 clips
        Second 3430/3918 - 25 frames, 1 clips
        Second 3440/3918 - 25 frames, 1 clips
        Second 3450/3918 - 25 frames, 1 clips
        Second 3460/3918 - 25 frames, 1 clips
        Second 3470/3918 - 25 frames, 1 clips
        Second 3480/3918 - 25 frames, 1 clips
        Second 3490/3918 - 25 frames, 1 clips
        Second 3500/3918 - 25 frames, 1 clips
        Second 3510/3918 - 25 frames, 1 clips
        Second 3520/3918 - 25 frames, 1 clips
        Second 3530/3918 - 25 frames, 1 clips
        Second 3540/3918 - 25 frames, 1 clips
        Second 3550/3918 - 25 frames, 1 clips
        Second 3560/3918 - 25 frames, 1 clips
        Second 3570/3918 - 25 frames, 1 clips
        Second 3580/3918 - 25 frames, 1 clips
        Second 3590/3918 - 25 frames, 1 clips
        Second 3600/3918 - 25 frames, 1 clips
        Second 3610/3918 - 25 frames, 1 clips
        Second 3620/3918 - 25 frames, 1 clips
        Second 3630/3918 - 25 frames, 1 clips
        Second 3640/3918 - 25 frames, 1 clips
        Second 3650/3918 - 25 frames, 1 clips
        Second 3660/3918 - 25 frames, 1 clips
        Second 3670/3918 - 25 frames, 1 clips
        Second 3680/3918 - 25 frames, 1 clips
        Second 3690/3918 - 25 frames, 1 clips
        Second 3700/3918 - 25 frames, 1 clips
        Second 3710/3918 - 25 frames, 1 clips
        Second 3720/3918 - 25 frames, 1 clips
        Second 3730/3918 - 25 frames, 1 clips
        Second 3740/3918 - 25 frames, 1 clips
        Second 3750/3918 - 25 frames, 1 clips
        Second 3760/3918 - 25 frames, 1 clips
        Second 3770/3918 - 25 frames, 1 clips
        Second 3780/3918 - 25 frames, 1 clips
        Second 3790/3918 - 25 frames, 1 clips
        Second 3800/3918 - 25 frames, 1 clips
        Second 3810/3918 - 25 frames, 1 clips
        Second 3820/3918 - 25 frames, 1 clips
        Second 3830/3918 - 25 frames, 1 clips
        Second 3840/3918 - 25 frames, 1 clips
        Second 3850/3918 - 25 frames, 1 clips
        Second 3860/3918 - 25 frames, 1 clips
        Second 3870/3918 - 25 frames, 1 clips
        Second 3880/3918 - 25 frames, 1 clips
        Second 3890/3918 - 25 frames, 1 clips
        Second 3900/3918 - 25 frames, 1 clips
        Second 3910/3918 - 25 frames, 1 clips
      ───────────────────────────────────────────────────────
      FEATURE EXTRACTION COMPLETE
      ───────────────────────────────────────────────────────
      Final features shape: (3918, 1024)
      Features per second: 3918
      Feature dimension: 1024
      ═══════════════════════════════════════════════════════

[ID05]   Features extracted: (3918, 1024)
[ID05] Step 2/4: Converting to binary labels and removing unwanted classes...
[ID05]   Number of seconds: 3918
      CSV columns: ['start_time', 'end_time', 'licking', 'shaking']
      CSV shape: (3840, 4)
      Video seconds: 3918
      Total rows in CSV: 3840
      Valid rows (within video duration): 3840
      Rows kept after removing shaking: 3817
[ID05]   Original seconds: 3918
[ID05]   After removing shaking/licking_shaking: 3817
[ID05] Step 3/4: Balancing classes...
      Before balancing:
        Background: 3482 samples
        Licking: 335 samples
        Ratio: 10.39:1
      After balancing:
        Background: 335 samples
        Licking: 335 samples
        Total: 670 samples
[ID05] Step 4/4: Saving processed data...
[ID05]   Saved features: /data-8tb/nvaci/dataset/dataset_Stanford/FACT_method/preprocessed_data_2class_originalFPS/features/ID05.npy
[ID05]     Shape: (670, 1024)
[ID05]     Size: 2.62 MB
[ID05]   Final label distribution:
[ID05]     - background: 335 seconds (50.0%)
[ID05]     - licking: 335 seconds (50.0%)
[ID05]   Saved labels: /data-8tb/nvaci/dataset/dataset_Stanford/FACT_method/preprocessed_data_2class_originalFPS/groundTruth/ID05.txt
[ID05] SUCCESS - Video processed successfully


================================================================================
Processing video 6/32: ID06
================================================================================
[ID06] Found label file: 25-021_ID06.csv
[ID06] Step 1/4: Extracting features (per second)...
      Opening video file...

      ═══════════════════════════════════════════════════════
      VIDEO PROPERTIES
      ═══════════════════════════════════════════════════════
      FPS detected: 25.00
      Clip length (auto): 25 frames
      Total frames: 96688
      Duration: 3867.52 seconds
      Expected seconds: 3868
      Frames per second: ~25.0
      ═══════════════════════════════════════════════════════

      Using ORIGINAL FPS with per-second aggregation
      Aggregation method: mean
      ───────────────────────────────────────────────────────
      READING ALL FRAMES FROM VIDEO
      ───────────────────────────────────────────────────────
      Progress: 500/96688 frames (0.5%)
      Progress: 1000/96688 frames (1.0%)
      Progress: 1500/96688 frames (1.6%)
      Progress: 2000/96688 frames (2.1%)
      Progress: 2500/96688 frames (2.6%)
      Progress: 3000/96688 frames (3.1%)
      Progress: 3500/96688 frames (3.6%)
      Progress: 4000/96688 frames (4.1%)
      Progress: 4500/96688 frames (4.7%)
      Progress: 5000/96688 frames (5.2%)
      Progress: 5500/96688 frames (5.7%)
      Progress: 6000/96688 frames (6.2%)
      Progress: 6500/96688 frames (6.7%)
      Progress: 7000/96688 frames (7.2%)
      Progress: 7500/96688 frames (7.8%)
      Progress: 8000/96688 frames (8.3%)
      Progress: 8500/96688 frames (8.8%)
      Progress: 9000/96688 frames (9.3%)
      Progress: 9500/96688 frames (9.8%)
      Progress: 10000/96688 frames (10.3%)
      Progress: 10500/96688 frames (10.9%)
      Progress: 11000/96688 frames (11.4%)
      Progress: 11500/96688 frames (11.9%)
      Progress: 12000/96688 frames (12.4%)
      Progress: 12500/96688 frames (12.9%)
      Progress: 13000/96688 frames (13.4%)
      Progress: 13500/96688 frames (14.0%)
      Progress: 14000/96688 frames (14.5%)
      Progress: 14500/96688 frames (15.0%)
      Progress: 15000/96688 frames (15.5%)
      Progress: 15500/96688 frames (16.0%)
      Progress: 16000/96688 frames (16.5%)
      Progress: 16500/96688 frames (17.1%)
      Progress: 17000/96688 frames (17.6%)
      Progress: 17500/96688 frames (18.1%)
      Progress: 18000/96688 frames (18.6%)
      Progress: 18500/96688 frames (19.1%)
      Progress: 19000/96688 frames (19.7%)
      Progress: 19500/96688 frames (20.2%)
      Progress: 20000/96688 frames (20.7%)
      Progress: 20500/96688 frames (21.2%)
      Progress: 21000/96688 frames (21.7%)
      Progress: 21500/96688 frames (22.2%)
      Progress: 22000/96688 frames (22.8%)
      Progress: 22500/96688 frames (23.3%)
      Progress: 23000/96688 frames (23.8%)
      Progress: 23500/96688 frames (24.3%)
      Progress: 24000/96688 frames (24.8%)
      Progress: 24500/96688 frames (25.3%)
      Progress: 25000/96688 frames (25.9%)
      Progress: 25500/96688 frames (26.4%)
      Progress: 26000/96688 frames (26.9%)
      Progress: 26500/96688 frames (27.4%)
      Progress: 27000/96688 frames (27.9%)
      Progress: 27500/96688 frames (28.4%)
      Progress: 28000/96688 frames (29.0%)
      Progress: 28500/96688 frames (29.5%)
      Progress: 29000/96688 frames (30.0%)
      Progress: 29500/96688 frames (30.5%)
      Progress: 30000/96688 frames (31.0%)
      Progress: 30500/96688 frames (31.5%)
      Progress: 31000/96688 frames (32.1%)
      Progress: 31500/96688 frames (32.6%)
      Progress: 32000/96688 frames (33.1%)
      Progress: 32500/96688 frames (33.6%)
      Progress: 33000/96688 frames (34.1%)
      Progress: 33500/96688 frames (34.6%)
      Progress: 34000/96688 frames (35.2%)
      Progress: 34500/96688 frames (35.7%)
      Progress: 35000/96688 frames (36.2%)
      Progress: 35500/96688 frames (36.7%)
      Progress: 36000/96688 frames (37.2%)
      Progress: 36500/96688 frames (37.8%)
      Progress: 37000/96688 frames (38.3%)
      Progress: 37500/96688 frames (38.8%)
      Progress: 38000/96688 frames (39.3%)
      Progress: 38500/96688 frames (39.8%)
      Progress: 39000/96688 frames (40.3%)
      Progress: 39500/96688 frames (40.9%)
      Progress: 40000/96688 frames (41.4%)
      Progress: 40500/96688 frames (41.9%)
      Progress: 41000/96688 frames (42.4%)
      Progress: 41500/96688 frames (42.9%)
      Progress: 42000/96688 frames (43.4%)
      Progress: 42500/96688 frames (44.0%)
      Progress: 43000/96688 frames (44.5%)
      Progress: 43500/96688 frames (45.0%)
      Progress: 44000/96688 frames (45.5%)
      Progress: 44500/96688 frames (46.0%)
      Progress: 45000/96688 frames (46.5%)
      Progress: 45500/96688 frames (47.1%)
      Progress: 46000/96688 frames (47.6%)
      Progress: 46500/96688 frames (48.1%)
      Progress: 47000/96688 frames (48.6%)
      Progress: 47500/96688 frames (49.1%)
      Progress: 48000/96688 frames (49.6%)
      Progress: 48500/96688 frames (50.2%)
      Progress: 49000/96688 frames (50.7%)
      Progress: 49500/96688 frames (51.2%)
      Progress: 50000/96688 frames (51.7%)
      Progress: 50500/96688 frames (52.2%)
      Progress: 51000/96688 frames (52.7%)
      Progress: 51500/96688 frames (53.3%)
      Progress: 52000/96688 frames (53.8%)
      Progress: 52500/96688 frames (54.3%)
      Progress: 53000/96688 frames (54.8%)
      Progress: 53500/96688 frames (55.3%)
      Progress: 54000/96688 frames (55.8%)
      Progress: 54500/96688 frames (56.4%)
      Progress: 55000/96688 frames (56.9%)
      Progress: 55500/96688 frames (57.4%)
      Progress: 56000/96688 frames (57.9%)
      Progress: 56500/96688 frames (58.4%)
      Progress: 57000/96688 frames (59.0%)
      Progress: 57500/96688 frames (59.5%)
      Progress: 58000/96688 frames (60.0%)
      Progress: 58500/96688 frames (60.5%)
      Progress: 59000/96688 frames (61.0%)
      Progress: 59500/96688 frames (61.5%)
      Progress: 60000/96688 frames (62.1%)
      Progress: 60500/96688 frames (62.6%)
      Progress: 61000/96688 frames (63.1%)
      Progress: 61500/96688 frames (63.6%)
      Progress: 62000/96688 frames (64.1%)
      Progress: 62500/96688 frames (64.6%)
      Progress: 63000/96688 frames (65.2%)
      Progress: 63500/96688 frames (65.7%)
      Progress: 64000/96688 frames (66.2%)
      Progress: 64500/96688 frames (66.7%)
      Progress: 65000/96688 frames (67.2%)
      Progress: 65500/96688 frames (67.7%)
      Progress: 66000/96688 frames (68.3%)
      Progress: 66500/96688 frames (68.8%)
      Progress: 67000/96688 frames (69.3%)
      Progress: 67500/96688 frames (69.8%)
      Progress: 68000/96688 frames (70.3%)
      Progress: 68500/96688 frames (70.8%)
      Progress: 69000/96688 frames (71.4%)
      Progress: 69500/96688 frames (71.9%)
      Progress: 70000/96688 frames (72.4%)
      Progress: 70500/96688 frames (72.9%)
      Progress: 71000/96688 frames (73.4%)
      Progress: 71500/96688 frames (73.9%)
      Progress: 72000/96688 frames (74.5%)
      Progress: 72500/96688 frames (75.0%)
      Progress: 73000/96688 frames (75.5%)
      Progress: 73500/96688 frames (76.0%)
      Progress: 74000/96688 frames (76.5%)
      Progress: 74500/96688 frames (77.1%)
      Progress: 75000/96688 frames (77.6%)
      Progress: 75500/96688 frames (78.1%)
      Progress: 76000/96688 frames (78.6%)
      Progress: 76500/96688 frames (79.1%)
      Progress: 77000/96688 frames (79.6%)
      Progress: 77500/96688 frames (80.2%)
      Progress: 78000/96688 frames (80.7%)
      Progress: 78500/96688 frames (81.2%)
      Progress: 79000/96688 frames (81.7%)
      Progress: 79500/96688 frames (82.2%)
      Progress: 80000/96688 frames (82.7%)
      Progress: 80500/96688 frames (83.3%)
      Progress: 81000/96688 frames (83.8%)
      Progress: 81500/96688 frames (84.3%)
      Progress: 82000/96688 frames (84.8%)
      Progress: 82500/96688 frames (85.3%)
      Progress: 83000/96688 frames (85.8%)
      Progress: 83500/96688 frames (86.4%)
      Progress: 84000/96688 frames (86.9%)
      Progress: 84500/96688 frames (87.4%)
      Progress: 85000/96688 frames (87.9%)
      Progress: 85500/96688 frames (88.4%)
      Progress: 86000/96688 frames (88.9%)
      Progress: 86500/96688 frames (89.5%)
      Progress: 87000/96688 frames (90.0%)
      Progress: 87500/96688 frames (90.5%)
      Progress: 88000/96688 frames (91.0%)
      Progress: 88500/96688 frames (91.5%)
      Progress: 89000/96688 frames (92.0%)
      Progress: 89500/96688 frames (92.6%)
      Progress: 90000/96688 frames (93.1%)
      Progress: 90500/96688 frames (93.6%)
      Progress: 91000/96688 frames (94.1%)
      Progress: 91500/96688 frames (94.6%)
      Progress: 92000/96688 frames (95.2%)
      Progress: 92500/96688 frames (95.7%)
      Progress: 93000/96688 frames (96.2%)
      Progress: 93500/96688 frames (96.7%)
      Progress: 94000/96688 frames (97.2%)
      Progress: 94500/96688 frames (97.7%)
      Progress: 95000/96688 frames (98.3%)
      Progress: 95500/96688 frames (98.8%)
      Progress: 96000/96688 frames (99.3%)
      Progress: 96500/96688 frames (99.8%)
      ───────────────────────────────────────────────────────
      FRAME READING COMPLETE
      ───────────────────────────────────────────────────────
      Expected frames: 96688
      Frames read: 96688
      Frames missing: 0
      ───────────────────────────────────────────────────────

      FRAMES DISTRIBUTION BY SECOND:
        Second   0:  25 frames
        Second   1:  25 frames
        Second   2:  25 frames
        Second   3:  25 frames
        Second   4:  25 frames
        Second   5:  25 frames
        Second   6:  25 frames
        Second   7:  25 frames
        Second   8:  25 frames
        Second   9:  25 frames
        ... (3858 more seconds)
      
      Frame statistics:
        Average frames/second: 25.0
        Min frames/second: 13
        Max frames/second: 25
      
      ───────────────────────────────────────────────────────
      EXTRACTING FEATURES PER SECOND
      ───────────────────────────────────────────────────────
      Total seconds to process: 3868
        Second 10/3868 - 25 frames, 1 clips
        Second 20/3868 - 25 frames, 1 clips
        Second 30/3868 - 25 frames, 1 clips
        Second 40/3868 - 25 frames, 1 clips
        Second 50/3868 - 25 frames, 1 clips
        Second 60/3868 - 25 frames, 1 clips
        Second 70/3868 - 25 frames, 1 clips
        Second 80/3868 - 25 frames, 1 clips
        Second 90/3868 - 25 frames, 1 clips
        Second 100/3868 - 25 frames, 1 clips
        Second 110/3868 - 25 frames, 1 clips
        Second 120/3868 - 25 frames, 1 clips
        Second 130/3868 - 25 frames, 1 clips
        Second 140/3868 - 25 frames, 1 clips
        Second 150/3868 - 25 frames, 1 clips
        Second 160/3868 - 25 frames, 1 clips
        Second 170/3868 - 25 frames, 1 clips
        Second 180/3868 - 25 frames, 1 clips
        Second 190/3868 - 25 frames, 1 clips
        Second 200/3868 - 25 frames, 1 clips
        Second 210/3868 - 25 frames, 1 clips
        Second 220/3868 - 25 frames, 1 clips
        Second 230/3868 - 25 frames, 1 clips
        Second 240/3868 - 25 frames, 1 clips
        Second 250/3868 - 25 frames, 1 clips
        Second 260/3868 - 25 frames, 1 clips
        Second 270/3868 - 25 frames, 1 clips
        Second 280/3868 - 25 frames, 1 clips
        Second 290/3868 - 25 frames, 1 clips
        Second 300/3868 - 25 frames, 1 clips
        Second 310/3868 - 25 frames, 1 clips
        Second 320/3868 - 25 frames, 1 clips
        Second 330/3868 - 25 frames, 1 clips
        Second 340/3868 - 25 frames, 1 clips
        Second 350/3868 - 25 frames, 1 clips
        Second 360/3868 - 25 frames, 1 clips
        Second 370/3868 - 25 frames, 1 clips
        Second 380/3868 - 25 frames, 1 clips
        Second 390/3868 - 25 frames, 1 clips
        Second 400/3868 - 25 frames, 1 clips
        Second 410/3868 - 25 frames, 1 clips
        Second 420/3868 - 25 frames, 1 clips
        Second 430/3868 - 25 frames, 1 clips
        Second 440/3868 - 25 frames, 1 clips
        Second 450/3868 - 25 frames, 1 clips
        Second 460/3868 - 25 frames, 1 clips
        Second 470/3868 - 25 frames, 1 clips
        Second 480/3868 - 25 frames, 1 clips
        Second 490/3868 - 25 frames, 1 clips
        Second 500/3868 - 25 frames, 1 clips
        Second 510/3868 - 25 frames, 1 clips
        Second 520/3868 - 25 frames, 1 clips
        Second 530/3868 - 25 frames, 1 clips
        Second 540/3868 - 25 frames, 1 clips
        Second 550/3868 - 25 frames, 1 clips
        Second 560/3868 - 25 frames, 1 clips
        Second 570/3868 - 25 frames, 1 clips
        Second 580/3868 - 25 frames, 1 clips
        Second 590/3868 - 25 frames, 1 clips
        Second 600/3868 - 25 frames, 1 clips
        Second 610/3868 - 25 frames, 1 clips
        Second 620/3868 - 25 frames, 1 clips
        Second 630/3868 - 25 frames, 1 clips
        Second 640/3868 - 25 frames, 1 clips
        Second 650/3868 - 25 frames, 1 clips
        Second 660/3868 - 25 frames, 1 clips
        Second 670/3868 - 25 frames, 1 clips
        Second 680/3868 - 25 frames, 1 clips
        Second 690/3868 - 25 frames, 1 clips
        Second 700/3868 - 25 frames, 1 clips
        Second 710/3868 - 25 frames, 1 clips
        Second 720/3868 - 25 frames, 1 clips
        Second 730/3868 - 25 frames, 1 clips
        Second 740/3868 - 25 frames, 1 clips
        Second 750/3868 - 25 frames, 1 clips
        Second 760/3868 - 25 frames, 1 clips
        Second 770/3868 - 25 frames, 1 clips
        Second 780/3868 - 25 frames, 1 clips
        Second 790/3868 - 25 frames, 1 clips
        Second 800/3868 - 25 frames, 1 clips
        Second 810/3868 - 25 frames, 1 clips
        Second 820/3868 - 25 frames, 1 clips
        Second 830/3868 - 25 frames, 1 clips
        Second 840/3868 - 25 frames, 1 clips
        Second 850/3868 - 25 frames, 1 clips
        Second 860/3868 - 25 frames, 1 clips
        Second 870/3868 - 25 frames, 1 clips
        Second 880/3868 - 25 frames, 1 clips
        Second 890/3868 - 25 frames, 1 clips
        Second 900/3868 - 25 frames, 1 clips
        Second 910/3868 - 25 frames, 1 clips
        Second 920/3868 - 25 frames, 1 clips
        Second 930/3868 - 25 frames, 1 clips
        Second 940/3868 - 25 frames, 1 clips
        Second 950/3868 - 25 frames, 1 clips
        Second 960/3868 - 25 frames, 1 clips
        Second 970/3868 - 25 frames, 1 clips
        Second 980/3868 - 25 frames, 1 clips
        Second 990/3868 - 25 frames, 1 clips
        Second 1000/3868 - 25 frames, 1 clips
        Second 1010/3868 - 25 frames, 1 clips
        Second 1020/3868 - 25 frames, 1 clips
        Second 1030/3868 - 25 frames, 1 clips
        Second 1040/3868 - 25 frames, 1 clips
        Second 1050/3868 - 25 frames, 1 clips
        Second 1060/3868 - 25 frames, 1 clips
        Second 1070/3868 - 25 frames, 1 clips
        Second 1080/3868 - 25 frames, 1 clips
        Second 1090/3868 - 25 frames, 1 clips
        Second 1100/3868 - 25 frames, 1 clips
        Second 1110/3868 - 25 frames, 1 clips
        Second 1120/3868 - 25 frames, 1 clips
        Second 1130/3868 - 25 frames, 1 clips
        Second 1140/3868 - 25 frames, 1 clips
        Second 1150/3868 - 25 frames, 1 clips
        Second 1160/3868 - 25 frames, 1 clips
        Second 1170/3868 - 25 frames, 1 clips
        Second 1180/3868 - 25 frames, 1 clips
        Second 1190/3868 - 25 frames, 1 clips
        Second 1200/3868 - 25 frames, 1 clips
        Second 1210/3868 - 25 frames, 1 clips
        Second 1220/3868 - 25 frames, 1 clips
        Second 1230/3868 - 25 frames, 1 clips
        Second 1240/3868 - 25 frames, 1 clips
        Second 1250/3868 - 25 frames, 1 clips
        Second 1260/3868 - 25 frames, 1 clips
        Second 1270/3868 - 25 frames, 1 clips
        Second 1280/3868 - 25 frames, 1 clips
        Second 1290/3868 - 25 frames, 1 clips
        Second 1300/3868 - 25 frames, 1 clips
        Second 1310/3868 - 25 frames, 1 clips
        Second 1320/3868 - 25 frames, 1 clips
        Second 1330/3868 - 25 frames, 1 clips
        Second 1340/3868 - 25 frames, 1 clips
        Second 1350/3868 - 25 frames, 1 clips
        Second 1360/3868 - 25 frames, 1 clips
        Second 1370/3868 - 25 frames, 1 clips
        Second 1380/3868 - 25 frames, 1 clips
        Second 1390/3868 - 25 frames, 1 clips
        Second 1400/3868 - 25 frames, 1 clips
        Second 1410/3868 - 25 frames, 1 clips
        Second 1420/3868 - 25 frames, 1 clips
        Second 1430/3868 - 25 frames, 1 clips
        Second 1440/3868 - 25 frames, 1 clips
        Second 1450/3868 - 25 frames, 1 clips
        Second 1460/3868 - 25 frames, 1 clips
        Second 1470/3868 - 25 frames, 1 clips
        Second 1480/3868 - 25 frames, 1 clips
        Second 1490/3868 - 25 frames, 1 clips
        Second 1500/3868 - 25 frames, 1 clips
        Second 1510/3868 - 25 frames, 1 clips
        Second 1520/3868 - 25 frames, 1 clips
        Second 1530/3868 - 25 frames, 1 clips
        Second 1540/3868 - 25 frames, 1 clips
        Second 1550/3868 - 25 frames, 1 clips
        Second 1560/3868 - 25 frames, 1 clips
        Second 1570/3868 - 25 frames, 1 clips
        Second 1580/3868 - 25 frames, 1 clips
        Second 1590/3868 - 25 frames, 1 clips
        Second 1600/3868 - 25 frames, 1 clips
        Second 1610/3868 - 25 frames, 1 clips
        Second 1620/3868 - 25 frames, 1 clips
        Second 1630/3868 - 25 frames, 1 clips
        Second 1640/3868 - 25 frames, 1 clips
        Second 1650/3868 - 25 frames, 1 clips
        Second 1660/3868 - 25 frames, 1 clips
        Second 1670/3868 - 25 frames, 1 clips
        Second 1680/3868 - 25 frames, 1 clips
        Second 1690/3868 - 25 frames, 1 clips
        Second 1700/3868 - 25 frames, 1 clips
        Second 1710/3868 - 25 frames, 1 clips
        Second 1720/3868 - 25 frames, 1 clips
        Second 1730/3868 - 25 frames, 1 clips
        Second 1740/3868 - 25 frames, 1 clips
        Second 1750/3868 - 25 frames, 1 clips
        Second 1760/3868 - 25 frames, 1 clips
        Second 1770/3868 - 25 frames, 1 clips
        Second 1780/3868 - 25 frames, 1 clips
        Second 1790/3868 - 25 frames, 1 clips
        Second 1800/3868 - 25 frames, 1 clips
        Second 1810/3868 - 25 frames, 1 clips
        Second 1820/3868 - 25 frames, 1 clips
        Second 1830/3868 - 25 frames, 1 clips
        Second 1840/3868 - 25 frames, 1 clips
        Second 1850/3868 - 25 frames, 1 clips
        Second 1860/3868 - 25 frames, 1 clips
        Second 1870/3868 - 25 frames, 1 clips
        Second 1880/3868 - 25 frames, 1 clips
        Second 1890/3868 - 25 frames, 1 clips
        Second 1900/3868 - 25 frames, 1 clips
        Second 1910/3868 - 25 frames, 1 clips
        Second 1920/3868 - 25 frames, 1 clips
        Second 1930/3868 - 25 frames, 1 clips
        Second 1940/3868 - 25 frames, 1 clips
        Second 1950/3868 - 25 frames, 1 clips
        Second 1960/3868 - 25 frames, 1 clips
        Second 1970/3868 - 25 frames, 1 clips
        Second 1980/3868 - 25 frames, 1 clips
        Second 1990/3868 - 25 frames, 1 clips
        Second 2000/3868 - 25 frames, 1 clips
        Second 2010/3868 - 25 frames, 1 clips
        Second 2020/3868 - 25 frames, 1 clips
        Second 2030/3868 - 25 frames, 1 clips
        Second 2040/3868 - 25 frames, 1 clips
        Second 2050/3868 - 25 frames, 1 clips
        Second 2060/3868 - 25 frames, 1 clips
        Second 2070/3868 - 25 frames, 1 clips
        Second 2080/3868 - 25 frames, 1 clips
        Second 2090/3868 - 25 frames, 1 clips
        Second 2100/3868 - 25 frames, 1 clips
        Second 2110/3868 - 25 frames, 1 clips
        Second 2120/3868 - 25 frames, 1 clips
        Second 2130/3868 - 25 frames, 1 clips
        Second 2140/3868 - 25 frames, 1 clips
        Second 2150/3868 - 25 frames, 1 clips
        Second 2160/3868 - 25 frames, 1 clips
        Second 2170/3868 - 25 frames, 1 clips
        Second 2180/3868 - 25 frames, 1 clips
        Second 2190/3868 - 25 frames, 1 clips
        Second 2200/3868 - 25 frames, 1 clips
        Second 2210/3868 - 25 frames, 1 clips
        Second 2220/3868 - 25 frames, 1 clips
        Second 2230/3868 - 25 frames, 1 clips
        Second 2240/3868 - 25 frames, 1 clips
        Second 2250/3868 - 25 frames, 1 clips
        Second 2260/3868 - 25 frames, 1 clips
        Second 2270/3868 - 25 frames, 1 clips
        Second 2280/3868 - 25 frames, 1 clips
        Second 2290/3868 - 25 frames, 1 clips
        Second 2300/3868 - 25 frames, 1 clips
        Second 2310/3868 - 25 frames, 1 clips
        Second 2320/3868 - 25 frames, 1 clips
        Second 2330/3868 - 25 frames, 1 clips
        Second 2340/3868 - 25 frames, 1 clips
        Second 2350/3868 - 25 frames, 1 clips
        Second 2360/3868 - 25 frames, 1 clips
        Second 2370/3868 - 25 frames, 1 clips
        Second 2380/3868 - 25 frames, 1 clips
        Second 2390/3868 - 25 frames, 1 clips
        Second 2400/3868 - 25 frames, 1 clips
        Second 2410/3868 - 25 frames, 1 clips
        Second 2420/3868 - 25 frames, 1 clips
        Second 2430/3868 - 25 frames, 1 clips
        Second 2440/3868 - 25 frames, 1 clips
        Second 2450/3868 - 25 frames, 1 clips
        Second 2460/3868 - 25 frames, 1 clips
        Second 2470/3868 - 25 frames, 1 clips
        Second 2480/3868 - 25 frames, 1 clips
        Second 2490/3868 - 25 frames, 1 clips
        Second 2500/3868 - 25 frames, 1 clips
        Second 2510/3868 - 25 frames, 1 clips
        Second 2520/3868 - 25 frames, 1 clips
        Second 2530/3868 - 25 frames, 1 clips
        Second 2540/3868 - 25 frames, 1 clips
        Second 2550/3868 - 25 frames, 1 clips
        Second 2560/3868 - 25 frames, 1 clips
        Second 2570/3868 - 25 frames, 1 clips
        Second 2580/3868 - 25 frames, 1 clips
        Second 2590/3868 - 25 frames, 1 clips
        Second 2600/3868 - 25 frames, 1 clips
        Second 2610/3868 - 25 frames, 1 clips
        Second 2620/3868 - 25 frames, 1 clips
        Second 2630/3868 - 25 frames, 1 clips
        Second 2640/3868 - 25 frames, 1 clips
        Second 2650/3868 - 25 frames, 1 clips
        Second 2660/3868 - 25 frames, 1 clips
        Second 2670/3868 - 25 frames, 1 clips
        Second 2680/3868 - 25 frames, 1 clips
        Second 2690/3868 - 25 frames, 1 clips
        Second 2700/3868 - 25 frames, 1 clips
        Second 2710/3868 - 25 frames, 1 clips
        Second 2720/3868 - 25 frames, 1 clips
        Second 2730/3868 - 25 frames, 1 clips
        Second 2740/3868 - 25 frames, 1 clips
        Second 2750/3868 - 25 frames, 1 clips
        Second 2760/3868 - 25 frames, 1 clips
        Second 2770/3868 - 25 frames, 1 clips
        Second 2780/3868 - 25 frames, 1 clips
        Second 2790/3868 - 25 frames, 1 clips
        Second 2800/3868 - 25 frames, 1 clips
        Second 2810/3868 - 25 frames, 1 clips
        Second 2820/3868 - 25 frames, 1 clips
        Second 2830/3868 - 25 frames, 1 clips
        Second 2840/3868 - 25 frames, 1 clips
        Second 2850/3868 - 25 frames, 1 clips
        Second 2860/3868 - 25 frames, 1 clips
        Second 2870/3868 - 25 frames, 1 clips
        Second 2880/3868 - 25 frames, 1 clips
        Second 2890/3868 - 25 frames, 1 clips
        Second 2900/3868 - 25 frames, 1 clips
        Second 2910/3868 - 25 frames, 1 clips
        Second 2920/3868 - 25 frames, 1 clips
        Second 2930/3868 - 25 frames, 1 clips
        Second 2940/3868 - 25 frames, 1 clips
        Second 2950/3868 - 25 frames, 1 clips
        Second 2960/3868 - 25 frames, 1 clips
        Second 2970/3868 - 25 frames, 1 clips
        Second 2980/3868 - 25 frames, 1 clips
        Second 2990/3868 - 25 frames, 1 clips
        Second 3000/3868 - 25 frames, 1 clips
        Second 3010/3868 - 25 frames, 1 clips
        Second 3020/3868 - 25 frames, 1 clips
        Second 3030/3868 - 25 frames, 1 clips
        Second 3040/3868 - 25 frames, 1 clips
        Second 3050/3868 - 25 frames, 1 clips
        Second 3060/3868 - 25 frames, 1 clips
        Second 3070/3868 - 25 frames, 1 clips
        Second 3080/3868 - 25 frames, 1 clips
        Second 3090/3868 - 25 frames, 1 clips
        Second 3100/3868 - 25 frames, 1 clips
        Second 3110/3868 - 25 frames, 1 clips
        Second 3120/3868 - 25 frames, 1 clips
        Second 3130/3868 - 25 frames, 1 clips
        Second 3140/3868 - 25 frames, 1 clips
        Second 3150/3868 - 25 frames, 1 clips
        Second 3160/3868 - 25 frames, 1 clips
        Second 3170/3868 - 25 frames, 1 clips
        Second 3180/3868 - 25 frames, 1 clips
        Second 3190/3868 - 25 frames, 1 clips
        Second 3200/3868 - 25 frames, 1 clips
        Second 3210/3868 - 25 frames, 1 clips
        Second 3220/3868 - 25 frames, 1 clips
        Second 3230/3868 - 25 frames, 1 clips
        Second 3240/3868 - 25 frames, 1 clips
        Second 3250/3868 - 25 frames, 1 clips
        Second 3260/3868 - 25 frames, 1 clips
        Second 3270/3868 - 25 frames, 1 clips
        Second 3280/3868 - 25 frames, 1 clips
        Second 3290/3868 - 25 frames, 1 clips
        Second 3300/3868 - 25 frames, 1 clips
        Second 3310/3868 - 25 frames, 1 clips
        Second 3320/3868 - 25 frames, 1 clips
        Second 3330/3868 - 25 frames, 1 clips
        Second 3340/3868 - 25 frames, 1 clips
        Second 3350/3868 - 25 frames, 1 clips
        Second 3360/3868 - 25 frames, 1 clips
        Second 3370/3868 - 25 frames, 1 clips
        Second 3380/3868 - 25 frames, 1 clips
        Second 3390/3868 - 25 frames, 1 clips
        Second 3400/3868 - 25 frames, 1 clips
        Second 3410/3868 - 25 frames, 1 clips
        Second 3420/3868 - 25 frames, 1 clips
        Second 3430/3868 - 25 frames, 1 clips
        Second 3440/3868 - 25 frames, 1 clips
        Second 3450/3868 - 25 frames, 1 clips
        Second 3460/3868 - 25 frames, 1 clips
        Second 3470/3868 - 25 frames, 1 clips
        Second 3480/3868 - 25 frames, 1 clips
        Second 3490/3868 - 25 frames, 1 clips
        Second 3500/3868 - 25 frames, 1 clips
        Second 3510/3868 - 25 frames, 1 clips
        Second 3520/3868 - 25 frames, 1 clips
        Second 3530/3868 - 25 frames, 1 clips
        Second 3540/3868 - 25 frames, 1 clips
        Second 3550/3868 - 25 frames, 1 clips
        Second 3560/3868 - 25 frames, 1 clips
        Second 3570/3868 - 25 frames, 1 clips
        Second 3580/3868 - 25 frames, 1 clips
        Second 3590/3868 - 25 frames, 1 clips
        Second 3600/3868 - 25 frames, 1 clips
        Second 3610/3868 - 25 frames, 1 clips
        Second 3620/3868 - 25 frames, 1 clips
        Second 3630/3868 - 25 frames, 1 clips
        Second 3640/3868 - 25 frames, 1 clips
        Second 3650/3868 - 25 frames, 1 clips
        Second 3660/3868 - 25 frames, 1 clips
        Second 3670/3868 - 25 frames, 1 clips
        Second 3680/3868 - 25 frames, 1 clips
        Second 3690/3868 - 25 frames, 1 clips
        Second 3700/3868 - 25 frames, 1 clips
        Second 3710/3868 - 25 frames, 1 clips
        Second 3720/3868 - 25 frames, 1 clips
        Second 3730/3868 - 25 frames, 1 clips
        Second 3740/3868 - 25 frames, 1 clips
        Second 3750/3868 - 25 frames, 1 clips
        Second 3760/3868 - 25 frames, 1 clips
        Second 3770/3868 - 25 frames, 1 clips
        Second 3780/3868 - 25 frames, 1 clips
        Second 3790/3868 - 25 frames, 1 clips
        Second 3800/3868 - 25 frames, 1 clips
        Second 3810/3868 - 25 frames, 1 clips
        Second 3820/3868 - 25 frames, 1 clips
        Second 3830/3868 - 25 frames, 1 clips
        Second 3840/3868 - 25 frames, 1 clips
        Second 3850/3868 - 25 frames, 1 clips
        Second 3860/3868 - 25 frames, 1 clips
      ───────────────────────────────────────────────────────
      FEATURE EXTRACTION COMPLETE
      ───────────────────────────────────────────────────────
      Final features shape: (3868, 1024)
      Features per second: 3868
      Feature dimension: 1024
      ═══════════════════════════════════════════════════════

[ID06]   Features extracted: (3868, 1024)
[ID06] Step 2/4: Converting to binary labels and removing unwanted classes...
[ID06]   Number of seconds: 3868
      CSV columns: ['start_time', 'end_time', 'licking', 'shaking']
      CSV shape: (3840, 4)
      Video seconds: 3868
      Total rows in CSV: 3840
      Valid rows (within video duration): 3840
      Rows kept after removing shaking: 3822
[ID06]   Original seconds: 3868
[ID06]   After removing shaking/licking_shaking: 3822
[ID06] Step 3/4: Balancing classes...
      Before balancing:
        Background: 2772 samples
        Licking: 1050 samples
        Ratio: 2.64:1
      After balancing:
        Background: 1050 samples
        Licking: 1050 samples
        Total: 2100 samples
[ID06] Step 4/4: Saving processed data...
[ID06]   Saved features: /data-8tb/nvaci/dataset/dataset_Stanford/FACT_method/preprocessed_data_2class_originalFPS/features/ID06.npy
[ID06]     Shape: (2100, 1024)
[ID06]     Size: 8.20 MB
[ID06]   Final label distribution:
[ID06]     - background: 1050 seconds (50.0%)
[ID06]     - licking: 1050 seconds (50.0%)
[ID06]   Saved labels: /data-8tb/nvaci/dataset/dataset_Stanford/FACT_method/preprocessed_data_2class_originalFPS/groundTruth/ID06.txt
[ID06] SUCCESS - Video processed successfully


================================================================================
Processing video 7/32: ID07
================================================================================
[ID07] Found label file: 25-021_ID07.csv
[ID07] Step 1/4: Extracting features (per second)...
      Opening video file...

      ═══════════════════════════════════════════════════════
      VIDEO PROPERTIES
      ═══════════════════════════════════════════════════════
      FPS detected: 25.00
      Clip length (auto): 25 frames
      Total frames: 95555
      Duration: 3822.20 seconds
      Expected seconds: 3823
      Frames per second: ~25.0
      ═══════════════════════════════════════════════════════

      Using ORIGINAL FPS with per-second aggregation
      Aggregation method: mean
      ───────────────────────────────────────────────────────
      READING ALL FRAMES FROM VIDEO
      ───────────────────────────────────────────────────────
      Progress: 500/95555 frames (0.5%)
      Progress: 1000/95555 frames (1.0%)
      Progress: 1500/95555 frames (1.6%)
      Progress: 2000/95555 frames (2.1%)
      Progress: 2500/95555 frames (2.6%)
      Progress: 3000/95555 frames (3.1%)
      Progress: 3500/95555 frames (3.7%)
      Progress: 4000/95555 frames (4.2%)
      Progress: 4500/95555 frames (4.7%)
      Progress: 5000/95555 frames (5.2%)
      Progress: 5500/95555 frames (5.8%)
      Progress: 6000/95555 frames (6.3%)
      Progress: 6500/95555 frames (6.8%)
      Progress: 7000/95555 frames (7.3%)
      Progress: 7500/95555 frames (7.8%)
      Progress: 8000/95555 frames (8.4%)
      Progress: 8500/95555 frames (8.9%)
      Progress: 9000/95555 frames (9.4%)
      Progress: 9500/95555 frames (9.9%)
      Progress: 10000/95555 frames (10.5%)
      Progress: 10500/95555 frames (11.0%)
      Progress: 11000/95555 frames (11.5%)
      Progress: 11500/95555 frames (12.0%)
      Progress: 12000/95555 frames (12.6%)
      Progress: 12500/95555 frames (13.1%)
      Progress: 13000/95555 frames (13.6%)
      Progress: 13500/95555 frames (14.1%)
      Progress: 14000/95555 frames (14.7%)
      Progress: 14500/95555 frames (15.2%)
      Progress: 15000/95555 frames (15.7%)
      Progress: 15500/95555 frames (16.2%)
      Progress: 16000/95555 frames (16.7%)
      Progress: 16500/95555 frames (17.3%)
      Progress: 17000/95555 frames (17.8%)
      Progress: 17500/95555 frames (18.3%)
      Progress: 18000/95555 frames (18.8%)
      Progress: 18500/95555 frames (19.4%)
      Progress: 19000/95555 frames (19.9%)
      Progress: 19500/95555 frames (20.4%)
      Progress: 20000/95555 frames (20.9%)
      Progress: 20500/95555 frames (21.5%)
      Progress: 21000/95555 frames (22.0%)
      Progress: 21500/95555 frames (22.5%)
      Progress: 22000/95555 frames (23.0%)
      Progress: 22500/95555 frames (23.5%)
      Progress: 23000/95555 frames (24.1%)
      Progress: 23500/95555 frames (24.6%)
      Progress: 24000/95555 frames (25.1%)
      Progress: 24500/95555 frames (25.6%)
      Progress: 25000/95555 frames (26.2%)
      Progress: 25500/95555 frames (26.7%)
      Progress: 26000/95555 frames (27.2%)
      Progress: 26500/95555 frames (27.7%)
      Progress: 27000/95555 frames (28.3%)
      Progress: 27500/95555 frames (28.8%)
      Progress: 28000/95555 frames (29.3%)
      Progress: 28500/95555 frames (29.8%)
      Progress: 29000/95555 frames (30.3%)
      Progress: 29500/95555 frames (30.9%)
      Progress: 30000/95555 frames (31.4%)
      Progress: 30500/95555 frames (31.9%)
      Progress: 31000/95555 frames (32.4%)
      Progress: 31500/95555 frames (33.0%)
      Progress: 32000/95555 frames (33.5%)
      Progress: 32500/95555 frames (34.0%)
      Progress: 33000/95555 frames (34.5%)
      Progress: 33500/95555 frames (35.1%)
      Progress: 34000/95555 frames (35.6%)
      Progress: 34500/95555 frames (36.1%)
      Progress: 35000/95555 frames (36.6%)
      Progress: 35500/95555 frames (37.2%)
      Progress: 36000/95555 frames (37.7%)
      Progress: 36500/95555 frames (38.2%)
      Progress: 37000/95555 frames (38.7%)
      Progress: 37500/95555 frames (39.2%)
      Progress: 38000/95555 frames (39.8%)
      Progress: 38500/95555 frames (40.3%)
      Progress: 39000/95555 frames (40.8%)
      Progress: 39500/95555 frames (41.3%)
      Progress: 40000/95555 frames (41.9%)
      Progress: 40500/95555 frames (42.4%)
      Progress: 41000/95555 frames (42.9%)
      Progress: 41500/95555 frames (43.4%)
      Progress: 42000/95555 frames (44.0%)
      Progress: 42500/95555 frames (44.5%)
      Progress: 43000/95555 frames (45.0%)
      Progress: 43500/95555 frames (45.5%)
      Progress: 44000/95555 frames (46.0%)
      Progress: 44500/95555 frames (46.6%)
      Progress: 45000/95555 frames (47.1%)
      Progress: 45500/95555 frames (47.6%)
      Progress: 46000/95555 frames (48.1%)
      Progress: 46500/95555 frames (48.7%)
      Progress: 47000/95555 frames (49.2%)
      Progress: 47500/95555 frames (49.7%)
      Progress: 48000/95555 frames (50.2%)
      Progress: 48500/95555 frames (50.8%)
      Progress: 49000/95555 frames (51.3%)
      Progress: 49500/95555 frames (51.8%)
      Progress: 50000/95555 frames (52.3%)
      Progress: 50500/95555 frames (52.8%)
      Progress: 51000/95555 frames (53.4%)
      Progress: 51500/95555 frames (53.9%)
      Progress: 52000/95555 frames (54.4%)
      Progress: 52500/95555 frames (54.9%)
      Progress: 53000/95555 frames (55.5%)
      Progress: 53500/95555 frames (56.0%)
      Progress: 54000/95555 frames (56.5%)
      Progress: 54500/95555 frames (57.0%)
      Progress: 55000/95555 frames (57.6%)
      Progress: 55500/95555 frames (58.1%)
      Progress: 56000/95555 frames (58.6%)
      Progress: 56500/95555 frames (59.1%)
      Progress: 57000/95555 frames (59.7%)
      Progress: 57500/95555 frames (60.2%)
      Progress: 58000/95555 frames (60.7%)
      Progress: 58500/95555 frames (61.2%)
      Progress: 59000/95555 frames (61.7%)
      Progress: 59500/95555 frames (62.3%)
      Progress: 60000/95555 frames (62.8%)
      Progress: 60500/95555 frames (63.3%)
      Progress: 61000/95555 frames (63.8%)
      Progress: 61500/95555 frames (64.4%)
      Progress: 62000/95555 frames (64.9%)
      Progress: 62500/95555 frames (65.4%)
      Progress: 63000/95555 frames (65.9%)
      Progress: 63500/95555 frames (66.5%)
      Progress: 64000/95555 frames (67.0%)
      Progress: 64500/95555 frames (67.5%)
      Progress: 65000/95555 frames (68.0%)
      Progress: 65500/95555 frames (68.5%)
      Progress: 66000/95555 frames (69.1%)
      Progress: 66500/95555 frames (69.6%)
      Progress: 67000/95555 frames (70.1%)
      Progress: 67500/95555 frames (70.6%)
      Progress: 68000/95555 frames (71.2%)
      Progress: 68500/95555 frames (71.7%)
      Progress: 69000/95555 frames (72.2%)
      Progress: 69500/95555 frames (72.7%)
      Progress: 70000/95555 frames (73.3%)
      Progress: 70500/95555 frames (73.8%)
      Progress: 71000/95555 frames (74.3%)
      Progress: 71500/95555 frames (74.8%)
      Progress: 72000/95555 frames (75.3%)
      Progress: 72500/95555 frames (75.9%)
      Progress: 73000/95555 frames (76.4%)
      Progress: 73500/95555 frames (76.9%)
      Progress: 74000/95555 frames (77.4%)
      Progress: 74500/95555 frames (78.0%)
      Progress: 75000/95555 frames (78.5%)
      Progress: 75500/95555 frames (79.0%)
      Progress: 76000/95555 frames (79.5%)
      Progress: 76500/95555 frames (80.1%)
      Progress: 77000/95555 frames (80.6%)
      Progress: 77500/95555 frames (81.1%)
      Progress: 78000/95555 frames (81.6%)
      Progress: 78500/95555 frames (82.2%)
      Progress: 79000/95555 frames (82.7%)
      Progress: 79500/95555 frames (83.2%)
      Progress: 80000/95555 frames (83.7%)
      Progress: 80500/95555 frames (84.2%)
      Progress: 81000/95555 frames (84.8%)
      Progress: 81500/95555 frames (85.3%)
      Progress: 82000/95555 frames (85.8%)
      Progress: 82500/95555 frames (86.3%)
      Progress: 83000/95555 frames (86.9%)
      Progress: 83500/95555 frames (87.4%)
      Progress: 84000/95555 frames (87.9%)
      Progress: 84500/95555 frames (88.4%)
      Progress: 85000/95555 frames (89.0%)
      Progress: 85500/95555 frames (89.5%)
      Progress: 86000/95555 frames (90.0%)
      Progress: 86500/95555 frames (90.5%)
      Progress: 87000/95555 frames (91.0%)
      Progress: 87500/95555 frames (91.6%)
      Progress: 88000/95555 frames (92.1%)
      Progress: 88500/95555 frames (92.6%)
      Progress: 89000/95555 frames (93.1%)
      Progress: 89500/95555 frames (93.7%)
      Progress: 90000/95555 frames (94.2%)
      Progress: 90500/95555 frames (94.7%)
      Progress: 91000/95555 frames (95.2%)
      Progress: 91500/95555 frames (95.8%)
      Progress: 92000/95555 frames (96.3%)
      Progress: 92500/95555 frames (96.8%)
      Progress: 93000/95555 frames (97.3%)
      Progress: 93500/95555 frames (97.8%)
      Progress: 94000/95555 frames (98.4%)
      Progress: 94500/95555 frames (98.9%)
      Progress: 95000/95555 frames (99.4%)
      Progress: 95500/95555 frames (99.9%)
      ───────────────────────────────────────────────────────
      FRAME READING COMPLETE
      ───────────────────────────────────────────────────────
      Expected frames: 95555
      Frames read: 95538
      Frames missing: 17
      WARNING: 17 frames could not be read!
      ───────────────────────────────────────────────────────

      FRAMES DISTRIBUTION BY SECOND:
        Second   0:  25 frames
        Second   1:  25 frames
        Second   2:  25 frames
        Second   3:  25 frames
        Second   4:  25 frames
        Second   5:  25 frames
        Second   6:  25 frames
        Second   7:  25 frames
        Second   8:  25 frames
        Second   9:  25 frames
        ... (3813 more seconds)
      
      Frame statistics:
        Average frames/second: 25.0
        Min frames/second: 0
        Max frames/second: 25
      
      ───────────────────────────────────────────────────────
      EXTRACTING FEATURES PER SECOND
      ───────────────────────────────────────────────────────
      Total seconds to process: 3823
        Second 10/3823 - 25 frames, 1 clips
        Second 20/3823 - 25 frames, 1 clips
        Second 30/3823 - 25 frames, 1 clips
        Second 40/3823 - 25 frames, 1 clips
        Second 50/3823 - 25 frames, 1 clips
        Second 60/3823 - 25 frames, 1 clips
        Second 70/3823 - 25 frames, 1 clips
        Second 80/3823 - 25 frames, 1 clips
        Second 90/3823 - 25 frames, 1 clips
        Second 100/3823 - 25 frames, 1 clips
        Second 110/3823 - 25 frames, 1 clips
        Second 120/3823 - 25 frames, 1 clips
        Second 130/3823 - 25 frames, 1 clips
        Second 140/3823 - 25 frames, 1 clips
        Second 150/3823 - 25 frames, 1 clips
        Second 160/3823 - 25 frames, 1 clips
        Second 170/3823 - 25 frames, 1 clips
        Second 180/3823 - 25 frames, 1 clips
        Second 190/3823 - 25 frames, 1 clips
        Second 200/3823 - 25 frames, 1 clips
        Second 210/3823 - 25 frames, 1 clips
        Second 220/3823 - 25 frames, 1 clips
        Second 230/3823 - 25 frames, 1 clips
        Second 240/3823 - 25 frames, 1 clips
        Second 250/3823 - 25 frames, 1 clips
        Second 260/3823 - 25 frames, 1 clips
        Second 270/3823 - 25 frames, 1 clips
        Second 280/3823 - 25 frames, 1 clips
        Second 290/3823 - 25 frames, 1 clips
        Second 300/3823 - 25 frames, 1 clips
        Second 310/3823 - 25 frames, 1 clips
        Second 320/3823 - 25 frames, 1 clips
        Second 330/3823 - 25 frames, 1 clips
        Second 340/3823 - 25 frames, 1 clips
        Second 350/3823 - 25 frames, 1 clips
        Second 360/3823 - 25 frames, 1 clips
        Second 370/3823 - 25 frames, 1 clips
        Second 380/3823 - 25 frames, 1 clips
        Second 390/3823 - 25 frames, 1 clips
        Second 400/3823 - 25 frames, 1 clips
        Second 410/3823 - 25 frames, 1 clips
        Second 420/3823 - 25 frames, 1 clips
        Second 430/3823 - 25 frames, 1 clips
        Second 440/3823 - 25 frames, 1 clips
        Second 450/3823 - 25 frames, 1 clips
        Second 460/3823 - 25 frames, 1 clips
        Second 470/3823 - 25 frames, 1 clips
        Second 480/3823 - 25 frames, 1 clips
        Second 490/3823 - 25 frames, 1 clips
        Second 500/3823 - 25 frames, 1 clips
        Second 510/3823 - 25 frames, 1 clips
        Second 520/3823 - 25 frames, 1 clips
        Second 530/3823 - 25 frames, 1 clips
        Second 540/3823 - 25 frames, 1 clips
        Second 550/3823 - 25 frames, 1 clips
        Second 560/3823 - 25 frames, 1 clips
        Second 570/3823 - 25 frames, 1 clips
        Second 580/3823 - 25 frames, 1 clips
        Second 590/3823 - 25 frames, 1 clips
        Second 600/3823 - 25 frames, 1 clips
        Second 610/3823 - 25 frames, 1 clips
        Second 620/3823 - 25 frames, 1 clips
        Second 630/3823 - 25 frames, 1 clips
        Second 640/3823 - 25 frames, 1 clips
        Second 650/3823 - 25 frames, 1 clips
        Second 660/3823 - 25 frames, 1 clips
        Second 670/3823 - 25 frames, 1 clips
        Second 680/3823 - 25 frames, 1 clips
        Second 690/3823 - 25 frames, 1 clips
        Second 700/3823 - 25 frames, 1 clips
        Second 710/3823 - 25 frames, 1 clips
        Second 720/3823 - 25 frames, 1 clips
        Second 730/3823 - 25 frames, 1 clips
        Second 740/3823 - 25 frames, 1 clips
        Second 750/3823 - 25 frames, 1 clips
        Second 760/3823 - 25 frames, 1 clips
        Second 770/3823 - 25 frames, 1 clips
        Second 780/3823 - 25 frames, 1 clips
        Second 790/3823 - 25 frames, 1 clips
        Second 800/3823 - 25 frames, 1 clips
        Second 810/3823 - 25 frames, 1 clips
        Second 820/3823 - 25 frames, 1 clips
        Second 830/3823 - 25 frames, 1 clips
        Second 840/3823 - 25 frames, 1 clips
        Second 850/3823 - 25 frames, 1 clips
        Second 860/3823 - 25 frames, 1 clips
        Second 870/3823 - 25 frames, 1 clips
        Second 880/3823 - 25 frames, 1 clips
        Second 890/3823 - 25 frames, 1 clips
        Second 900/3823 - 25 frames, 1 clips
        Second 910/3823 - 25 frames, 1 clips
        Second 920/3823 - 25 frames, 1 clips
        Second 930/3823 - 25 frames, 1 clips
        Second 940/3823 - 25 frames, 1 clips
        Second 950/3823 - 25 frames, 1 clips
        Second 960/3823 - 25 frames, 1 clips
        Second 970/3823 - 25 frames, 1 clips
        Second 980/3823 - 25 frames, 1 clips
        Second 990/3823 - 25 frames, 1 clips
        Second 1000/3823 - 25 frames, 1 clips
        Second 1010/3823 - 25 frames, 1 clips
        Second 1020/3823 - 25 frames, 1 clips
        Second 1030/3823 - 25 frames, 1 clips
        Second 1040/3823 - 25 frames, 1 clips
        Second 1050/3823 - 25 frames, 1 clips
        Second 1060/3823 - 25 frames, 1 clips
        Second 1070/3823 - 25 frames, 1 clips
        Second 1080/3823 - 25 frames, 1 clips
        Second 1090/3823 - 25 frames, 1 clips
        Second 1100/3823 - 25 frames, 1 clips
        Second 1110/3823 - 25 frames, 1 clips
        Second 1120/3823 - 25 frames, 1 clips
        Second 1130/3823 - 25 frames, 1 clips
        Second 1140/3823 - 25 frames, 1 clips
        Second 1150/3823 - 25 frames, 1 clips
        Second 1160/3823 - 25 frames, 1 clips
        Second 1170/3823 - 25 frames, 1 clips
        Second 1180/3823 - 25 frames, 1 clips
        Second 1190/3823 - 25 frames, 1 clips
        Second 1200/3823 - 25 frames, 1 clips
        Second 1210/3823 - 25 frames, 1 clips
        Second 1220/3823 - 25 frames, 1 clips
        Second 1230/3823 - 25 frames, 1 clips
        Second 1240/3823 - 25 frames, 1 clips
        Second 1250/3823 - 25 frames, 1 clips
        Second 1260/3823 - 25 frames, 1 clips
        Second 1270/3823 - 25 frames, 1 clips
        Second 1280/3823 - 25 frames, 1 clips
        Second 1290/3823 - 25 frames, 1 clips
        Second 1300/3823 - 25 frames, 1 clips
        Second 1310/3823 - 25 frames, 1 clips
        Second 1320/3823 - 25 frames, 1 clips
        Second 1330/3823 - 25 frames, 1 clips
        Second 1340/3823 - 25 frames, 1 clips
        Second 1350/3823 - 25 frames, 1 clips
        Second 1360/3823 - 25 frames, 1 clips
        Second 1370/3823 - 25 frames, 1 clips
        Second 1380/3823 - 25 frames, 1 clips
        Second 1390/3823 - 25 frames, 1 clips
        Second 1400/3823 - 25 frames, 1 clips
        Second 1410/3823 - 25 frames, 1 clips
        Second 1420/3823 - 25 frames, 1 clips
        Second 1430/3823 - 25 frames, 1 clips
        Second 1440/3823 - 25 frames, 1 clips
        Second 1450/3823 - 25 frames, 1 clips
        Second 1460/3823 - 25 frames, 1 clips
        Second 1470/3823 - 25 frames, 1 clips
        Second 1480/3823 - 25 frames, 1 clips
        Second 1490/3823 - 25 frames, 1 clips
        Second 1500/3823 - 25 frames, 1 clips
        Second 1510/3823 - 25 frames, 1 clips
        Second 1520/3823 - 25 frames, 1 clips
        Second 1530/3823 - 25 frames, 1 clips
        Second 1540/3823 - 25 frames, 1 clips
        Second 1550/3823 - 25 frames, 1 clips
        Second 1560/3823 - 25 frames, 1 clips
        Second 1570/3823 - 25 frames, 1 clips
        Second 1580/3823 - 25 frames, 1 clips
        Second 1590/3823 - 25 frames, 1 clips
        Second 1600/3823 - 25 frames, 1 clips
        Second 1610/3823 - 25 frames, 1 clips
        Second 1620/3823 - 25 frames, 1 clips
        Second 1630/3823 - 25 frames, 1 clips
        Second 1640/3823 - 25 frames, 1 clips
        Second 1650/3823 - 25 frames, 1 clips
        Second 1660/3823 - 25 frames, 1 clips
        Second 1670/3823 - 25 frames, 1 clips
        Second 1680/3823 - 25 frames, 1 clips
        Second 1690/3823 - 25 frames, 1 clips
        Second 1700/3823 - 25 frames, 1 clips
        Second 1710/3823 - 25 frames, 1 clips
        Second 1720/3823 - 25 frames, 1 clips
        Second 1730/3823 - 25 frames, 1 clips
        Second 1740/3823 - 25 frames, 1 clips
        Second 1750/3823 - 25 frames, 1 clips
        Second 1760/3823 - 25 frames, 1 clips
        Second 1770/3823 - 25 frames, 1 clips
        Second 1780/3823 - 25 frames, 1 clips
        Second 1790/3823 - 25 frames, 1 clips
        Second 1800/3823 - 25 frames, 1 clips
        Second 1810/3823 - 25 frames, 1 clips
        Second 1820/3823 - 25 frames, 1 clips
        Second 1830/3823 - 25 frames, 1 clips
        Second 1840/3823 - 25 frames, 1 clips
        Second 1850/3823 - 25 frames, 1 clips
        Second 1860/3823 - 25 frames, 1 clips
        Second 1870/3823 - 25 frames, 1 clips
        Second 1880/3823 - 25 frames, 1 clips
        Second 1890/3823 - 25 frames, 1 clips
        Second 1900/3823 - 25 frames, 1 clips
        Second 1910/3823 - 25 frames, 1 clips
        Second 1920/3823 - 25 frames, 1 clips
        Second 1930/3823 - 25 frames, 1 clips
        Second 1940/3823 - 25 frames, 1 clips
        Second 1950/3823 - 25 frames, 1 clips
        Second 1960/3823 - 25 frames, 1 clips
        Second 1970/3823 - 25 frames, 1 clips
        Second 1980/3823 - 25 frames, 1 clips
        Second 1990/3823 - 25 frames, 1 clips
        Second 2000/3823 - 25 frames, 1 clips
        Second 2010/3823 - 25 frames, 1 clips
        Second 2020/3823 - 25 frames, 1 clips
        Second 2030/3823 - 25 frames, 1 clips
        Second 2040/3823 - 25 frames, 1 clips
        Second 2050/3823 - 25 frames, 1 clips
        Second 2060/3823 - 25 frames, 1 clips
        Second 2070/3823 - 25 frames, 1 clips
        Second 2080/3823 - 25 frames, 1 clips
        Second 2090/3823 - 25 frames, 1 clips
        Second 2100/3823 - 25 frames, 1 clips
        Second 2110/3823 - 25 frames, 1 clips
        Second 2120/3823 - 25 frames, 1 clips
        Second 2130/3823 - 25 frames, 1 clips
        Second 2140/3823 - 25 frames, 1 clips
        Second 2150/3823 - 25 frames, 1 clips
        Second 2160/3823 - 25 frames, 1 clips
        Second 2170/3823 - 25 frames, 1 clips
        Second 2180/3823 - 25 frames, 1 clips
        Second 2190/3823 - 25 frames, 1 clips
        Second 2200/3823 - 25 frames, 1 clips
        Second 2210/3823 - 25 frames, 1 clips
        Second 2220/3823 - 25 frames, 1 clips
        Second 2230/3823 - 25 frames, 1 clips
        Second 2240/3823 - 25 frames, 1 clips
        Second 2250/3823 - 25 frames, 1 clips
        Second 2260/3823 - 25 frames, 1 clips
        Second 2270/3823 - 25 frames, 1 clips
        Second 2280/3823 - 25 frames, 1 clips
        Second 2290/3823 - 25 frames, 1 clips
        Second 2300/3823 - 25 frames, 1 clips
        Second 2310/3823 - 25 frames, 1 clips
        Second 2320/3823 - 25 frames, 1 clips
        Second 2330/3823 - 25 frames, 1 clips
        Second 2340/3823 - 25 frames, 1 clips
        Second 2350/3823 - 25 frames, 1 clips
        Second 2360/3823 - 25 frames, 1 clips
        Second 2370/3823 - 25 frames, 1 clips
        Second 2380/3823 - 25 frames, 1 clips
        Second 2390/3823 - 25 frames, 1 clips
        Second 2400/3823 - 25 frames, 1 clips
        Second 2410/3823 - 25 frames, 1 clips
        Second 2420/3823 - 25 frames, 1 clips
        Second 2430/3823 - 25 frames, 1 clips
        Second 2440/3823 - 25 frames, 1 clips
        Second 2450/3823 - 25 frames, 1 clips
        Second 2460/3823 - 25 frames, 1 clips
        Second 2470/3823 - 25 frames, 1 clips
        Second 2480/3823 - 25 frames, 1 clips
        Second 2490/3823 - 25 frames, 1 clips
        Second 2500/3823 - 25 frames, 1 clips
        Second 2510/3823 - 25 frames, 1 clips
        Second 2520/3823 - 25 frames, 1 clips
        Second 2530/3823 - 25 frames, 1 clips
        Second 2540/3823 - 25 frames, 1 clips
        Second 2550/3823 - 25 frames, 1 clips
        Second 2560/3823 - 25 frames, 1 clips
        Second 2570/3823 - 25 frames, 1 clips
        Second 2580/3823 - 25 frames, 1 clips
        Second 2590/3823 - 25 frames, 1 clips
        Second 2600/3823 - 25 frames, 1 clips
        Second 2610/3823 - 25 frames, 1 clips
        Second 2620/3823 - 25 frames, 1 clips
        Second 2630/3823 - 25 frames, 1 clips
        Second 2640/3823 - 25 frames, 1 clips
        Second 2650/3823 - 25 frames, 1 clips
        Second 2660/3823 - 25 frames, 1 clips
        Second 2670/3823 - 25 frames, 1 clips
        Second 2680/3823 - 25 frames, 1 clips
        Second 2690/3823 - 25 frames, 1 clips
        Second 2700/3823 - 25 frames, 1 clips
        Second 2710/3823 - 25 frames, 1 clips
        Second 2720/3823 - 25 frames, 1 clips
        Second 2730/3823 - 25 frames, 1 clips
        Second 2740/3823 - 25 frames, 1 clips
        Second 2750/3823 - 25 frames, 1 clips
        Second 2760/3823 - 25 frames, 1 clips
        Second 2770/3823 - 25 frames, 1 clips
        Second 2780/3823 - 25 frames, 1 clips
        Second 2790/3823 - 25 frames, 1 clips
        Second 2800/3823 - 25 frames, 1 clips
        Second 2810/3823 - 25 frames, 1 clips
        Second 2820/3823 - 25 frames, 1 clips
        Second 2830/3823 - 25 frames, 1 clips
        Second 2840/3823 - 25 frames, 1 clips
        Second 2850/3823 - 25 frames, 1 clips
        Second 2860/3823 - 25 frames, 1 clips
        Second 2870/3823 - 25 frames, 1 clips
        Second 2880/3823 - 25 frames, 1 clips
        Second 2890/3823 - 25 frames, 1 clips
        Second 2900/3823 - 25 frames, 1 clips
        Second 2910/3823 - 25 frames, 1 clips
        Second 2920/3823 - 25 frames, 1 clips
        Second 2930/3823 - 25 frames, 1 clips
        Second 2940/3823 - 25 frames, 1 clips
        Second 2950/3823 - 25 frames, 1 clips
        Second 2960/3823 - 25 frames, 1 clips
        Second 2970/3823 - 25 frames, 1 clips
        Second 2980/3823 - 25 frames, 1 clips
        Second 2990/3823 - 25 frames, 1 clips
        Second 3000/3823 - 25 frames, 1 clips
        Second 3010/3823 - 25 frames, 1 clips
        Second 3020/3823 - 25 frames, 1 clips
        Second 3030/3823 - 25 frames, 1 clips
        Second 3040/3823 - 25 frames, 1 clips
        Second 3050/3823 - 25 frames, 1 clips
        Second 3060/3823 - 25 frames, 1 clips
        Second 3070/3823 - 25 frames, 1 clips
        Second 3080/3823 - 25 frames, 1 clips
        Second 3090/3823 - 25 frames, 1 clips
        Second 3100/3823 - 25 frames, 1 clips
        Second 3110/3823 - 25 frames, 1 clips
        Second 3120/3823 - 25 frames, 1 clips
        Second 3130/3823 - 25 frames, 1 clips
        Second 3140/3823 - 25 frames, 1 clips
        Second 3150/3823 - 25 frames, 1 clips
        Second 3160/3823 - 25 frames, 1 clips
        Second 3170/3823 - 25 frames, 1 clips
        Second 3180/3823 - 25 frames, 1 clips
        Second 3190/3823 - 25 frames, 1 clips
        Second 3200/3823 - 25 frames, 1 clips
        Second 3210/3823 - 25 frames, 1 clips
        Second 3220/3823 - 25 frames, 1 clips
        Second 3230/3823 - 25 frames, 1 clips
        Second 3240/3823 - 25 frames, 1 clips
        Second 3250/3823 - 25 frames, 1 clips
        Second 3260/3823 - 25 frames, 1 clips
        Second 3270/3823 - 25 frames, 1 clips
        Second 3280/3823 - 25 frames, 1 clips
        Second 3290/3823 - 25 frames, 1 clips
        Second 3300/3823 - 25 frames, 1 clips
        Second 3310/3823 - 25 frames, 1 clips
        Second 3320/3823 - 25 frames, 1 clips
        Second 3330/3823 - 25 frames, 1 clips
        Second 3340/3823 - 25 frames, 1 clips
        Second 3350/3823 - 25 frames, 1 clips
        Second 3360/3823 - 25 frames, 1 clips
        Second 3370/3823 - 25 frames, 1 clips
        Second 3380/3823 - 25 frames, 1 clips
        Second 3390/3823 - 25 frames, 1 clips
        Second 3400/3823 - 25 frames, 1 clips
        Second 3410/3823 - 25 frames, 1 clips
        Second 3420/3823 - 25 frames, 1 clips
        Second 3430/3823 - 25 frames, 1 clips
        Second 3440/3823 - 25 frames, 1 clips
        Second 3450/3823 - 25 frames, 1 clips
        Second 3460/3823 - 25 frames, 1 clips
        Second 3470/3823 - 25 frames, 1 clips
        Second 3480/3823 - 25 frames, 1 clips
        Second 3490/3823 - 25 frames, 1 clips
        Second 3500/3823 - 25 frames, 1 clips
        Second 3510/3823 - 25 frames, 1 clips
        Second 3520/3823 - 25 frames, 1 clips
        Second 3530/3823 - 25 frames, 1 clips
        Second 3540/3823 - 25 frames, 1 clips
        Second 3550/3823 - 25 frames, 1 clips
        Second 3560/3823 - 25 frames, 1 clips
        Second 3570/3823 - 25 frames, 1 clips
        Second 3580/3823 - 25 frames, 1 clips
        Second 3590/3823 - 25 frames, 1 clips
        Second 3600/3823 - 25 frames, 1 clips
        Second 3610/3823 - 25 frames, 1 clips
        Second 3620/3823 - 25 frames, 1 clips
        Second 3630/3823 - 25 frames, 1 clips
        Second 3640/3823 - 25 frames, 1 clips
        Second 3650/3823 - 25 frames, 1 clips
        Second 3660/3823 - 25 frames, 1 clips
        Second 3670/3823 - 25 frames, 1 clips
        Second 3680/3823 - 25 frames, 1 clips
        Second 3690/3823 - 25 frames, 1 clips
        Second 3700/3823 - 25 frames, 1 clips
        Second 3710/3823 - 25 frames, 1 clips
        Second 3720/3823 - 25 frames, 1 clips
        Second 3730/3823 - 25 frames, 1 clips
        Second 3740/3823 - 25 frames, 1 clips
        Second 3750/3823 - 25 frames, 1 clips
        Second 3760/3823 - 25 frames, 1 clips
        Second 3770/3823 - 25 frames, 1 clips
        Second 3780/3823 - 25 frames, 1 clips
        Second 3790/3823 - 25 frames, 1 clips
        Second 3800/3823 - 25 frames, 1 clips
        Second 3810/3823 - 25 frames, 1 clips
        Second 3820/3823 - 25 frames, 1 clips
      ───────────────────────────────────────────────────────
      FEATURE EXTRACTION COMPLETE
      ───────────────────────────────────────────────────────
      Final features shape: (3823, 1024)
      Features per second: 3823
      Feature dimension: 1024
      ═══════════════════════════════════════════════════════

[ID07]   Features extracted: (3823, 1024)
[ID07] Step 2/4: Converting to binary labels and removing unwanted classes...
[ID07]   Number of seconds: 3823
      CSV columns: ['start_time', 'end_time', 'licking', 'shaking']
      CSV shape: (3840, 4)
      Video seconds: 3823
      Total rows in CSV: 3840
      Valid rows (within video duration): 3823
      Rows kept after removing shaking: 3794
[ID07]   Original seconds: 3823
[ID07]   After removing shaking/licking_shaking: 3794
[ID07] Step 3/4: Balancing classes...
      Before balancing:
        Background: 2758 samples
        Licking: 1036 samples
        Ratio: 2.66:1
      After balancing:
        Background: 1036 samples
        Licking: 1036 samples
        Total: 2072 samples
[ID07] Step 4/4: Saving processed data...
[ID07]   Saved features: /data-8tb/nvaci/dataset/dataset_Stanford/FACT_method/preprocessed_data_2class_originalFPS/features/ID07.npy
[ID07]     Shape: (2072, 1024)
[ID07]     Size: 8.09 MB
[ID07]   Final label distribution:
[ID07]     - background: 1036 seconds (50.0%)
[ID07]     - licking: 1036 seconds (50.0%)
[ID07]   Saved labels: /data-8tb/nvaci/dataset/dataset_Stanford/FACT_method/preprocessed_data_2class_originalFPS/groundTruth/ID07.txt
[ID07] SUCCESS - Video processed successfully


================================================================================
Processing video 8/32: ID08
================================================================================
[ID08] Found label file: 25-021_ID08.csv
[ID08] Step 1/4: Extracting features (per second)...
      Opening video file...

      ═══════════════════════════════════════════════════════
      VIDEO PROPERTIES
      ═══════════════════════════════════════════════════════
      FPS detected: 25.00
      Clip length (auto): 25 frames
      Total frames: 94691
      Duration: 3787.64 seconds
      Expected seconds: 3788
      Frames per second: ~25.0
      ═══════════════════════════════════════════════════════

      Using ORIGINAL FPS with per-second aggregation
      Aggregation method: mean
      ───────────────────────────────────────────────────────
      READING ALL FRAMES FROM VIDEO
      ───────────────────────────────────────────────────────
      Progress: 500/94691 frames (0.5%)
      Progress: 1000/94691 frames (1.1%)
      Progress: 1500/94691 frames (1.6%)
      Progress: 2000/94691 frames (2.1%)
      Progress: 2500/94691 frames (2.6%)
      Progress: 3000/94691 frames (3.2%)
      Progress: 3500/94691 frames (3.7%)
      Progress: 4000/94691 frames (4.2%)
      Progress: 4500/94691 frames (4.8%)
      Progress: 5000/94691 frames (5.3%)
      Progress: 5500/94691 frames (5.8%)
      Progress: 6000/94691 frames (6.3%)
      Progress: 6500/94691 frames (6.9%)
      Progress: 7000/94691 frames (7.4%)
      Progress: 7500/94691 frames (7.9%)
      Progress: 8000/94691 frames (8.4%)
      Progress: 8500/94691 frames (9.0%)
      Progress: 9000/94691 frames (9.5%)
      Progress: 9500/94691 frames (10.0%)
      Progress: 10000/94691 frames (10.6%)
      Progress: 10500/94691 frames (11.1%)
      Progress: 11000/94691 frames (11.6%)
      Progress: 11500/94691 frames (12.1%)
      Progress: 12000/94691 frames (12.7%)
      Progress: 12500/94691 frames (13.2%)
      Progress: 13000/94691 frames (13.7%)
      Progress: 13500/94691 frames (14.3%)
      Progress: 14000/94691 frames (14.8%)
      Progress: 14500/94691 frames (15.3%)
      Progress: 15000/94691 frames (15.8%)
      Progress: 15500/94691 frames (16.4%)
      Progress: 16000/94691 frames (16.9%)
      Progress: 16500/94691 frames (17.4%)
      Progress: 17000/94691 frames (18.0%)
      Progress: 17500/94691 frames (18.5%)
      Progress: 18000/94691 frames (19.0%)
      Progress: 18500/94691 frames (19.5%)
      Progress: 19000/94691 frames (20.1%)
      Progress: 19500/94691 frames (20.6%)
      Progress: 20000/94691 frames (21.1%)
      Progress: 20500/94691 frames (21.6%)
      Progress: 21000/94691 frames (22.2%)
      Progress: 21500/94691 frames (22.7%)
      Progress: 22000/94691 frames (23.2%)
      Progress: 22500/94691 frames (23.8%)
      Progress: 23000/94691 frames (24.3%)
      Progress: 23500/94691 frames (24.8%)
      Progress: 24000/94691 frames (25.3%)
      Progress: 24500/94691 frames (25.9%)
      Progress: 25000/94691 frames (26.4%)
      Progress: 25500/94691 frames (26.9%)
      Progress: 26000/94691 frames (27.5%)
      Progress: 26500/94691 frames (28.0%)
      Progress: 27000/94691 frames (28.5%)
      Progress: 27500/94691 frames (29.0%)
      Progress: 28000/94691 frames (29.6%)
      Progress: 28500/94691 frames (30.1%)
      Progress: 29000/94691 frames (30.6%)
      Progress: 29500/94691 frames (31.2%)
      Progress: 30000/94691 frames (31.7%)
      Progress: 30500/94691 frames (32.2%)
      Progress: 31000/94691 frames (32.7%)
      Progress: 31500/94691 frames (33.3%)
      Progress: 32000/94691 frames (33.8%)
      Progress: 32500/94691 frames (34.3%)
      Progress: 33000/94691 frames (34.9%)
      Progress: 33500/94691 frames (35.4%)
      Progress: 34000/94691 frames (35.9%)
      Progress: 34500/94691 frames (36.4%)
      Progress: 35000/94691 frames (37.0%)
      Progress: 35500/94691 frames (37.5%)
      Progress: 36000/94691 frames (38.0%)
      Progress: 36500/94691 frames (38.5%)
      Progress: 37000/94691 frames (39.1%)
      Progress: 37500/94691 frames (39.6%)
      Progress: 38000/94691 frames (40.1%)
      Progress: 38500/94691 frames (40.7%)
      Progress: 39000/94691 frames (41.2%)
      Progress: 39500/94691 frames (41.7%)
      Progress: 40000/94691 frames (42.2%)
      Progress: 40500/94691 frames (42.8%)
      Progress: 41000/94691 frames (43.3%)
      Progress: 41500/94691 frames (43.8%)
      Progress: 42000/94691 frames (44.4%)
      Progress: 42500/94691 frames (44.9%)
      Progress: 43000/94691 frames (45.4%)
      Progress: 43500/94691 frames (45.9%)
      Progress: 44000/94691 frames (46.5%)
      Progress: 44500/94691 frames (47.0%)
      Progress: 45000/94691 frames (47.5%)
      Progress: 45500/94691 frames (48.1%)
      Progress: 46000/94691 frames (48.6%)
      Progress: 46500/94691 frames (49.1%)
      Progress: 47000/94691 frames (49.6%)
      Progress: 47500/94691 frames (50.2%)
      Progress: 48000/94691 frames (50.7%)
      Progress: 48500/94691 frames (51.2%)
      Progress: 49000/94691 frames (51.7%)
      Progress: 49500/94691 frames (52.3%)
      Progress: 50000/94691 frames (52.8%)
      Progress: 50500/94691 frames (53.3%)
      Progress: 51000/94691 frames (53.9%)
      Progress: 51500/94691 frames (54.4%)
      Progress: 52000/94691 frames (54.9%)
      Progress: 52500/94691 frames (55.4%)
      Progress: 53000/94691 frames (56.0%)
      Progress: 53500/94691 frames (56.5%)
      Progress: 54000/94691 frames (57.0%)
      Progress: 54500/94691 frames (57.6%)
      Progress: 55000/94691 frames (58.1%)
      Progress: 55500/94691 frames (58.6%)
      Progress: 56000/94691 frames (59.1%)
      Progress: 56500/94691 frames (59.7%)
      Progress: 57000/94691 frames (60.2%)
      Progress: 57500/94691 frames (60.7%)
      Progress: 58000/94691 frames (61.3%)
      Progress: 58500/94691 frames (61.8%)
      Progress: 59000/94691 frames (62.3%)
      Progress: 59500/94691 frames (62.8%)
      Progress: 60000/94691 frames (63.4%)
      Progress: 60500/94691 frames (63.9%)
      Progress: 61000/94691 frames (64.4%)
      Progress: 61500/94691 frames (64.9%)
      Progress: 62000/94691 frames (65.5%)
      Progress: 62500/94691 frames (66.0%)
      Progress: 63000/94691 frames (66.5%)
      Progress: 63500/94691 frames (67.1%)
      Progress: 64000/94691 frames (67.6%)
      Progress: 64500/94691 frames (68.1%)
      Progress: 65000/94691 frames (68.6%)
      Progress: 65500/94691 frames (69.2%)
      Progress: 66000/94691 frames (69.7%)
      Progress: 66500/94691 frames (70.2%)
      Progress: 67000/94691 frames (70.8%)
      Progress: 67500/94691 frames (71.3%)
      Progress: 68000/94691 frames (71.8%)
      Progress: 68500/94691 frames (72.3%)
      Progress: 69000/94691 frames (72.9%)
      Progress: 69500/94691 frames (73.4%)
      Progress: 70000/94691 frames (73.9%)
      Progress: 70500/94691 frames (74.5%)
      Progress: 71000/94691 frames (75.0%)
      Progress: 71500/94691 frames (75.5%)
      Progress: 72000/94691 frames (76.0%)
      Progress: 72500/94691 frames (76.6%)
      Progress: 73000/94691 frames (77.1%)
      Progress: 73500/94691 frames (77.6%)
      Progress: 74000/94691 frames (78.1%)
      Progress: 74500/94691 frames (78.7%)
      Progress: 75000/94691 frames (79.2%)
      Progress: 75500/94691 frames (79.7%)
      Progress: 76000/94691 frames (80.3%)
      Progress: 76500/94691 frames (80.8%)
      Progress: 77000/94691 frames (81.3%)
      Progress: 77500/94691 frames (81.8%)
      Progress: 78000/94691 frames (82.4%)
      Progress: 78500/94691 frames (82.9%)
      Progress: 79000/94691 frames (83.4%)
      Progress: 79500/94691 frames (84.0%)
      Progress: 80000/94691 frames (84.5%)
      Progress: 80500/94691 frames (85.0%)
      Progress: 81000/94691 frames (85.5%)
      Progress: 81500/94691 frames (86.1%)
      Progress: 82000/94691 frames (86.6%)
      Progress: 82500/94691 frames (87.1%)
      Progress: 83000/94691 frames (87.7%)
      Progress: 83500/94691 frames (88.2%)
      Progress: 84000/94691 frames (88.7%)
      Progress: 84500/94691 frames (89.2%)
      Progress: 85000/94691 frames (89.8%)
      Progress: 85500/94691 frames (90.3%)
      Progress: 86000/94691 frames (90.8%)
      Progress: 86500/94691 frames (91.3%)
      Progress: 87000/94691 frames (91.9%)
      Progress: 87500/94691 frames (92.4%)
      Progress: 88000/94691 frames (92.9%)
      Progress: 88500/94691 frames (93.5%)
      Progress: 89000/94691 frames (94.0%)
      Progress: 89500/94691 frames (94.5%)
      Progress: 90000/94691 frames (95.0%)
      Progress: 90500/94691 frames (95.6%)
      Progress: 91000/94691 frames (96.1%)
      Progress: 91500/94691 frames (96.6%)
      Progress: 92000/94691 frames (97.2%)
      Progress: 92500/94691 frames (97.7%)
      Progress: 93000/94691 frames (98.2%)
      Progress: 93500/94691 frames (98.7%)
      Progress: 94000/94691 frames (99.3%)
      Progress: 94500/94691 frames (99.8%)
      ───────────────────────────────────────────────────────
      FRAME READING COMPLETE
      ───────────────────────────────────────────────────────
      Expected frames: 94691
      Frames read: 94688
      Frames missing: 3
      WARNING: 3 frames could not be read!
      ───────────────────────────────────────────────────────

      FRAMES DISTRIBUTION BY SECOND:
        Second   0:  25 frames
        Second   1:  25 frames
        Second   2:  25 frames
        Second   3:  25 frames
        Second   4:  25 frames
        Second   5:  25 frames
        Second   6:  25 frames
        Second   7:  25 frames
        Second   8:  25 frames
        Second   9:  25 frames
        ... (3778 more seconds)
      
      Frame statistics:
        Average frames/second: 25.0
        Min frames/second: 13
        Max frames/second: 25
      
      ───────────────────────────────────────────────────────
      EXTRACTING FEATURES PER SECOND
      ───────────────────────────────────────────────────────
      Total seconds to process: 3788
        Second 10/3788 - 25 frames, 1 clips
        Second 20/3788 - 25 frames, 1 clips
        Second 30/3788 - 25 frames, 1 clips
        Second 40/3788 - 25 frames, 1 clips
        Second 50/3788 - 25 frames, 1 clips
        Second 60/3788 - 25 frames, 1 clips
        Second 70/3788 - 25 frames, 1 clips
        Second 80/3788 - 25 frames, 1 clips
        Second 90/3788 - 25 frames, 1 clips
        Second 100/3788 - 25 frames, 1 clips
        Second 110/3788 - 25 frames, 1 clips
        Second 120/3788 - 25 frames, 1 clips
        Second 130/3788 - 25 frames, 1 clips
        Second 140/3788 - 25 frames, 1 clips
        Second 150/3788 - 25 frames, 1 clips
        Second 160/3788 - 25 frames, 1 clips
        Second 170/3788 - 25 frames, 1 clips
        Second 180/3788 - 25 frames, 1 clips
        Second 190/3788 - 25 frames, 1 clips
        Second 200/3788 - 25 frames, 1 clips
        Second 210/3788 - 25 frames, 1 clips
        Second 220/3788 - 25 frames, 1 clips
        Second 230/3788 - 25 frames, 1 clips
        Second 240/3788 - 25 frames, 1 clips
        Second 250/3788 - 25 frames, 1 clips
        Second 260/3788 - 25 frames, 1 clips
        Second 270/3788 - 25 frames, 1 clips
        Second 280/3788 - 25 frames, 1 clips
        Second 290/3788 - 25 frames, 1 clips
        Second 300/3788 - 25 frames, 1 clips
        Second 310/3788 - 25 frames, 1 clips
        Second 320/3788 - 25 frames, 1 clips
        Second 330/3788 - 25 frames, 1 clips
        Second 340/3788 - 25 frames, 1 clips
        Second 350/3788 - 25 frames, 1 clips
        Second 360/3788 - 25 frames, 1 clips
        Second 370/3788 - 25 frames, 1 clips
        Second 380/3788 - 25 frames, 1 clips
        Second 390/3788 - 25 frames, 1 clips
        Second 400/3788 - 25 frames, 1 clips
        Second 410/3788 - 25 frames, 1 clips
        Second 420/3788 - 25 frames, 1 clips
        Second 430/3788 - 25 frames, 1 clips
        Second 440/3788 - 25 frames, 1 clips
        Second 450/3788 - 25 frames, 1 clips
        Second 460/3788 - 25 frames, 1 clips
        Second 470/3788 - 25 frames, 1 clips
        Second 480/3788 - 25 frames, 1 clips
        Second 490/3788 - 25 frames, 1 clips
        Second 500/3788 - 25 frames, 1 clips
        Second 510/3788 - 25 frames, 1 clips
        Second 520/3788 - 25 frames, 1 clips
        Second 530/3788 - 25 frames, 1 clips
        Second 540/3788 - 25 frames, 1 clips
        Second 550/3788 - 25 frames, 1 clips
        Second 560/3788 - 25 frames, 1 clips
        Second 570/3788 - 25 frames, 1 clips
        Second 580/3788 - 25 frames, 1 clips
        Second 590/3788 - 25 frames, 1 clips
        Second 600/3788 - 25 frames, 1 clips
        Second 610/3788 - 25 frames, 1 clips
        Second 620/3788 - 25 frames, 1 clips
        Second 630/3788 - 25 frames, 1 clips
        Second 640/3788 - 25 frames, 1 clips
        Second 650/3788 - 25 frames, 1 clips
        Second 660/3788 - 25 frames, 1 clips
        Second 670/3788 - 25 frames, 1 clips
        Second 680/3788 - 25 frames, 1 clips
        Second 690/3788 - 25 frames, 1 clips
        Second 700/3788 - 25 frames, 1 clips
        Second 710/3788 - 25 frames, 1 clips
        Second 720/3788 - 25 frames, 1 clips
        Second 730/3788 - 25 frames, 1 clips
        Second 740/3788 - 25 frames, 1 clips
        Second 750/3788 - 25 frames, 1 clips
        Second 760/3788 - 25 frames, 1 clips
        Second 770/3788 - 25 frames, 1 clips
        Second 780/3788 - 25 frames, 1 clips
        Second 790/3788 - 25 frames, 1 clips
        Second 800/3788 - 25 frames, 1 clips
        Second 810/3788 - 25 frames, 1 clips
        Second 820/3788 - 25 frames, 1 clips
        Second 830/3788 - 25 frames, 1 clips
        Second 840/3788 - 25 frames, 1 clips
        Second 850/3788 - 25 frames, 1 clips
        Second 860/3788 - 25 frames, 1 clips
        Second 870/3788 - 25 frames, 1 clips
        Second 880/3788 - 25 frames, 1 clips
        Second 890/3788 - 25 frames, 1 clips
        Second 900/3788 - 25 frames, 1 clips
        Second 910/3788 - 25 frames, 1 clips
        Second 920/3788 - 25 frames, 1 clips
        Second 930/3788 - 25 frames, 1 clips
        Second 940/3788 - 25 frames, 1 clips
        Second 950/3788 - 25 frames, 1 clips
        Second 960/3788 - 25 frames, 1 clips
        Second 970/3788 - 25 frames, 1 clips
        Second 980/3788 - 25 frames, 1 clips
        Second 990/3788 - 25 frames, 1 clips
        Second 1000/3788 - 25 frames, 1 clips
        Second 1010/3788 - 25 frames, 1 clips
        Second 1020/3788 - 25 frames, 1 clips
        Second 1030/3788 - 25 frames, 1 clips
        Second 1040/3788 - 25 frames, 1 clips
        Second 1050/3788 - 25 frames, 1 clips
        Second 1060/3788 - 25 frames, 1 clips
        Second 1070/3788 - 25 frames, 1 clips
        Second 1080/3788 - 25 frames, 1 clips
        Second 1090/3788 - 25 frames, 1 clips
        Second 1100/3788 - 25 frames, 1 clips
        Second 1110/3788 - 25 frames, 1 clips
        Second 1120/3788 - 25 frames, 1 clips
        Second 1130/3788 - 25 frames, 1 clips
        Second 1140/3788 - 25 frames, 1 clips
        Second 1150/3788 - 25 frames, 1 clips
        Second 1160/3788 - 25 frames, 1 clips
        Second 1170/3788 - 25 frames, 1 clips
        Second 1180/3788 - 25 frames, 1 clips
        Second 1190/3788 - 25 frames, 1 clips
        Second 1200/3788 - 25 frames, 1 clips
        Second 1210/3788 - 25 frames, 1 clips
        Second 1220/3788 - 25 frames, 1 clips
        Second 1230/3788 - 25 frames, 1 clips
        Second 1240/3788 - 25 frames, 1 clips
        Second 1250/3788 - 25 frames, 1 clips
        Second 1260/3788 - 25 frames, 1 clips
        Second 1270/3788 - 25 frames, 1 clips
        Second 1280/3788 - 25 frames, 1 clips
        Second 1290/3788 - 25 frames, 1 clips
        Second 1300/3788 - 25 frames, 1 clips
        Second 1310/3788 - 25 frames, 1 clips
        Second 1320/3788 - 25 frames, 1 clips
        Second 1330/3788 - 25 frames, 1 clips
        Second 1340/3788 - 25 frames, 1 clips
        Second 1350/3788 - 25 frames, 1 clips
        Second 1360/3788 - 25 frames, 1 clips
        Second 1370/3788 - 25 frames, 1 clips
        Second 1380/3788 - 25 frames, 1 clips
        Second 1390/3788 - 25 frames, 1 clips
        Second 1400/3788 - 25 frames, 1 clips
        Second 1410/3788 - 25 frames, 1 clips
        Second 1420/3788 - 25 frames, 1 clips
        Second 1430/3788 - 25 frames, 1 clips
        Second 1440/3788 - 25 frames, 1 clips
        Second 1450/3788 - 25 frames, 1 clips
        Second 1460/3788 - 25 frames, 1 clips
        Second 1470/3788 - 25 frames, 1 clips
        Second 1480/3788 - 25 frames, 1 clips
        Second 1490/3788 - 25 frames, 1 clips
        Second 1500/3788 - 25 frames, 1 clips
        Second 1510/3788 - 25 frames, 1 clips
        Second 1520/3788 - 25 frames, 1 clips
        Second 1530/3788 - 25 frames, 1 clips
        Second 1540/3788 - 25 frames, 1 clips
        Second 1550/3788 - 25 frames, 1 clips
        Second 1560/3788 - 25 frames, 1 clips
        Second 1570/3788 - 25 frames, 1 clips
        Second 1580/3788 - 25 frames, 1 clips
        Second 1590/3788 - 25 frames, 1 clips
        Second 1600/3788 - 25 frames, 1 clips
        Second 1610/3788 - 25 frames, 1 clips
        Second 1620/3788 - 25 frames, 1 clips
        Second 1630/3788 - 25 frames, 1 clips
        Second 1640/3788 - 25 frames, 1 clips
        Second 1650/3788 - 25 frames, 1 clips
        Second 1660/3788 - 25 frames, 1 clips
        Second 1670/3788 - 25 frames, 1 clips
        Second 1680/3788 - 25 frames, 1 clips
        Second 1690/3788 - 25 frames, 1 clips
        Second 1700/3788 - 25 frames, 1 clips
        Second 1710/3788 - 25 frames, 1 clips
        Second 1720/3788 - 25 frames, 1 clips
        Second 1730/3788 - 25 frames, 1 clips
        Second 1740/3788 - 25 frames, 1 clips
        Second 1750/3788 - 25 frames, 1 clips
        Second 1760/3788 - 25 frames, 1 clips
        Second 1770/3788 - 25 frames, 1 clips
        Second 1780/3788 - 25 frames, 1 clips
        Second 1790/3788 - 25 frames, 1 clips
        Second 1800/3788 - 25 frames, 1 clips
        Second 1810/3788 - 25 frames, 1 clips
        Second 1820/3788 - 25 frames, 1 clips
        Second 1830/3788 - 25 frames, 1 clips
        Second 1840/3788 - 25 frames, 1 clips
        Second 1850/3788 - 25 frames, 1 clips
        Second 1860/3788 - 25 frames, 1 clips
        Second 1870/3788 - 25 frames, 1 clips
        Second 1880/3788 - 25 frames, 1 clips
        Second 1890/3788 - 25 frames, 1 clips
        Second 1900/3788 - 25 frames, 1 clips
        Second 1910/3788 - 25 frames, 1 clips
        Second 1920/3788 - 25 frames, 1 clips
        Second 1930/3788 - 25 frames, 1 clips
        Second 1940/3788 - 25 frames, 1 clips
        Second 1950/3788 - 25 frames, 1 clips
        Second 1960/3788 - 25 frames, 1 clips
        Second 1970/3788 - 25 frames, 1 clips
        Second 1980/3788 - 25 frames, 1 clips
        Second 1990/3788 - 25 frames, 1 clips
        Second 2000/3788 - 25 frames, 1 clips
        Second 2010/3788 - 25 frames, 1 clips
        Second 2020/3788 - 25 frames, 1 clips
        Second 2030/3788 - 25 frames, 1 clips
        Second 2040/3788 - 25 frames, 1 clips
        Second 2050/3788 - 25 frames, 1 clips
        Second 2060/3788 - 25 frames, 1 clips
        Second 2070/3788 - 25 frames, 1 clips
        Second 2080/3788 - 25 frames, 1 clips
        Second 2090/3788 - 25 frames, 1 clips
        Second 2100/3788 - 25 frames, 1 clips
        Second 2110/3788 - 25 frames, 1 clips
        Second 2120/3788 - 25 frames, 1 clips
        Second 2130/3788 - 25 frames, 1 clips
        Second 2140/3788 - 25 frames, 1 clips
        Second 2150/3788 - 25 frames, 1 clips
        Second 2160/3788 - 25 frames, 1 clips
        Second 2170/3788 - 25 frames, 1 clips
        Second 2180/3788 - 25 frames, 1 clips
        Second 2190/3788 - 25 frames, 1 clips
        Second 2200/3788 - 25 frames, 1 clips
        Second 2210/3788 - 25 frames, 1 clips
        Second 2220/3788 - 25 frames, 1 clips
        Second 2230/3788 - 25 frames, 1 clips
        Second 2240/3788 - 25 frames, 1 clips
        Second 2250/3788 - 25 frames, 1 clips
        Second 2260/3788 - 25 frames, 1 clips
        Second 2270/3788 - 25 frames, 1 clips
        Second 2280/3788 - 25 frames, 1 clips
        Second 2290/3788 - 25 frames, 1 clips
        Second 2300/3788 - 25 frames, 1 clips
        Second 2310/3788 - 25 frames, 1 clips
        Second 2320/3788 - 25 frames, 1 clips
        Second 2330/3788 - 25 frames, 1 clips
        Second 2340/3788 - 25 frames, 1 clips
        Second 2350/3788 - 25 frames, 1 clips
        Second 2360/3788 - 25 frames, 1 clips
        Second 2370/3788 - 25 frames, 1 clips
        Second 2380/3788 - 25 frames, 1 clips
        Second 2390/3788 - 25 frames, 1 clips
        Second 2400/3788 - 25 frames, 1 clips
        Second 2410/3788 - 25 frames, 1 clips
        Second 2420/3788 - 25 frames, 1 clips
        Second 2430/3788 - 25 frames, 1 clips
        Second 2440/3788 - 25 frames, 1 clips
        Second 2450/3788 - 25 frames, 1 clips
        Second 2460/3788 - 25 frames, 1 clips
        Second 2470/3788 - 25 frames, 1 clips
        Second 2480/3788 - 25 frames, 1 clips
        Second 2490/3788 - 25 frames, 1 clips
        Second 2500/3788 - 25 frames, 1 clips
        Second 2510/3788 - 25 frames, 1 clips
        Second 2520/3788 - 25 frames, 1 clips
        Second 2530/3788 - 25 frames, 1 clips
        Second 2540/3788 - 25 frames, 1 clips
        Second 2550/3788 - 25 frames, 1 clips
        Second 2560/3788 - 25 frames, 1 clips
        Second 2570/3788 - 25 frames, 1 clips
        Second 2580/3788 - 25 frames, 1 clips
        Second 2590/3788 - 25 frames, 1 clips
        Second 2600/3788 - 25 frames, 1 clips
        Second 2610/3788 - 25 frames, 1 clips
        Second 2620/3788 - 25 frames, 1 clips
        Second 2630/3788 - 25 frames, 1 clips
        Second 2640/3788 - 25 frames, 1 clips
        Second 2650/3788 - 25 frames, 1 clips
        Second 2660/3788 - 25 frames, 1 clips
        Second 2670/3788 - 25 frames, 1 clips
        Second 2680/3788 - 25 frames, 1 clips
        Second 2690/3788 - 25 frames, 1 clips
        Second 2700/3788 - 25 frames, 1 clips
        Second 2710/3788 - 25 frames, 1 clips
        Second 2720/3788 - 25 frames, 1 clips
        Second 2730/3788 - 25 frames, 1 clips
        Second 2740/3788 - 25 frames, 1 clips
        Second 2750/3788 - 25 frames, 1 clips
        Second 2760/3788 - 25 frames, 1 clips
        Second 2770/3788 - 25 frames, 1 clips
        Second 2780/3788 - 25 frames, 1 clips
        Second 2790/3788 - 25 frames, 1 clips
        Second 2800/3788 - 25 frames, 1 clips
        Second 2810/3788 - 25 frames, 1 clips
        Second 2820/3788 - 25 frames, 1 clips
        Second 2830/3788 - 25 frames, 1 clips
        Second 2840/3788 - 25 frames, 1 clips
        Second 2850/3788 - 25 frames, 1 clips
        Second 2860/3788 - 25 frames, 1 clips
        Second 2870/3788 - 25 frames, 1 clips
        Second 2880/3788 - 25 frames, 1 clips
        Second 2890/3788 - 25 frames, 1 clips
        Second 2900/3788 - 25 frames, 1 clips
        Second 2910/3788 - 25 frames, 1 clips
        Second 2920/3788 - 25 frames, 1 clips
        Second 2930/3788 - 25 frames, 1 clips
        Second 2940/3788 - 25 frames, 1 clips
        Second 2950/3788 - 25 frames, 1 clips
        Second 2960/3788 - 25 frames, 1 clips
        Second 2970/3788 - 25 frames, 1 clips
        Second 2980/3788 - 25 frames, 1 clips
        Second 2990/3788 - 25 frames, 1 clips
        Second 3000/3788 - 25 frames, 1 clips
        Second 3010/3788 - 25 frames, 1 clips
        Second 3020/3788 - 25 frames, 1 clips
        Second 3030/3788 - 25 frames, 1 clips
        Second 3040/3788 - 25 frames, 1 clips
        Second 3050/3788 - 25 frames, 1 clips
        Second 3060/3788 - 25 frames, 1 clips
        Second 3070/3788 - 25 frames, 1 clips
        Second 3080/3788 - 25 frames, 1 clips
        Second 3090/3788 - 25 frames, 1 clips
        Second 3100/3788 - 25 frames, 1 clips
        Second 3110/3788 - 25 frames, 1 clips
        Second 3120/3788 - 25 frames, 1 clips
        Second 3130/3788 - 25 frames, 1 clips
        Second 3140/3788 - 25 frames, 1 clips
        Second 3150/3788 - 25 frames, 1 clips
        Second 3160/3788 - 25 frames, 1 clips
        Second 3170/3788 - 25 frames, 1 clips
        Second 3180/3788 - 25 frames, 1 clips
        Second 3190/3788 - 25 frames, 1 clips
        Second 3200/3788 - 25 frames, 1 clips
        Second 3210/3788 - 25 frames, 1 clips
        Second 3220/3788 - 25 frames, 1 clips
        Second 3230/3788 - 25 frames, 1 clips
        Second 3240/3788 - 25 frames, 1 clips
        Second 3250/3788 - 25 frames, 1 clips
        Second 3260/3788 - 25 frames, 1 clips
        Second 3270/3788 - 25 frames, 1 clips
        Second 3280/3788 - 25 frames, 1 clips
        Second 3290/3788 - 25 frames, 1 clips
        Second 3300/3788 - 25 frames, 1 clips
        Second 3310/3788 - 25 frames, 1 clips
        Second 3320/3788 - 25 frames, 1 clips
        Second 3330/3788 - 25 frames, 1 clips
        Second 3340/3788 - 25 frames, 1 clips
        Second 3350/3788 - 25 frames, 1 clips
        Second 3360/3788 - 25 frames, 1 clips
        Second 3370/3788 - 25 frames, 1 clips
        Second 3380/3788 - 25 frames, 1 clips
        Second 3390/3788 - 25 frames, 1 clips
        Second 3400/3788 - 25 frames, 1 clips
        Second 3410/3788 - 25 frames, 1 clips
        Second 3420/3788 - 25 frames, 1 clips
        Second 3430/3788 - 25 frames, 1 clips
        Second 3440/3788 - 25 frames, 1 clips
        Second 3450/3788 - 25 frames, 1 clips
        Second 3460/3788 - 25 frames, 1 clips
        Second 3470/3788 - 25 frames, 1 clips
        Second 3480/3788 - 25 frames, 1 clips
        Second 3490/3788 - 25 frames, 1 clips
        Second 3500/3788 - 25 frames, 1 clips
        Second 3510/3788 - 25 frames, 1 clips
        Second 3520/3788 - 25 frames, 1 clips
        Second 3530/3788 - 25 frames, 1 clips
        Second 3540/3788 - 25 frames, 1 clips
        Second 3550/3788 - 25 frames, 1 clips
        Second 3560/3788 - 25 frames, 1 clips
        Second 3570/3788 - 25 frames, 1 clips
        Second 3580/3788 - 25 frames, 1 clips
        Second 3590/3788 - 25 frames, 1 clips
        Second 3600/3788 - 25 frames, 1 clips
        Second 3610/3788 - 25 frames, 1 clips
        Second 3620/3788 - 25 frames, 1 clips
        Second 3630/3788 - 25 frames, 1 clips
        Second 3640/3788 - 25 frames, 1 clips
        Second 3650/3788 - 25 frames, 1 clips
        Second 3660/3788 - 25 frames, 1 clips
        Second 3670/3788 - 25 frames, 1 clips
        Second 3680/3788 - 25 frames, 1 clips
        Second 3690/3788 - 25 frames, 1 clips
        Second 3700/3788 - 25 frames, 1 clips
        Second 3710/3788 - 25 frames, 1 clips
        Second 3720/3788 - 25 frames, 1 clips
        Second 3730/3788 - 25 frames, 1 clips
        Second 3740/3788 - 25 frames, 1 clips
        Second 3750/3788 - 25 frames, 1 clips
        Second 3760/3788 - 25 frames, 1 clips
        Second 3770/3788 - 25 frames, 1 clips
        Second 3780/3788 - 25 frames, 1 clips
      ───────────────────────────────────────────────────────
      FEATURE EXTRACTION COMPLETE
      ───────────────────────────────────────────────────────
      Final features shape: (3788, 1024)
      Features per second: 3788
      Feature dimension: 1024
      ═══════════════════════════════════════════════════════

[ID08]   Features extracted: (3788, 1024)
[ID08] Step 2/4: Converting to binary labels and removing unwanted classes...
[ID08]   Number of seconds: 3788
      CSV columns: ['start_time', 'end_time', 'licking', 'shaking']
      CSV shape: (3840, 4)
      Video seconds: 3788
      Total rows in CSV: 3840
      Valid rows (within video duration): 3788
      Rows kept after removing shaking: 3788
[ID08]   Original seconds: 3788
[ID08]   After removing shaking/licking_shaking: 3788
[ID08] Step 3/4: Balancing classes...
      Before balancing:
        Background: 3707 samples
        Licking: 81 samples
        Ratio: 45.77:1
      After balancing:
        Background: 81 samples
        Licking: 81 samples
        Total: 162 samples
[ID08] Step 4/4: Saving processed data...
[ID08]   Saved features: /data-8tb/nvaci/dataset/dataset_Stanford/FACT_method/preprocessed_data_2class_originalFPS/features/ID08.npy
[ID08]     Shape: (162, 1024)
[ID08]     Size: 0.63 MB
[ID08]   Final label distribution:
[ID08]     - background: 81 seconds (50.0%)
[ID08]     - licking: 81 seconds (50.0%)
[ID08]   Saved labels: /data-8tb/nvaci/dataset/dataset_Stanford/FACT_method/preprocessed_data_2class_originalFPS/groundTruth/ID08.txt
[ID08] SUCCESS - Video processed successfully


================================================================================
Processing video 9/32: ID09
================================================================================
[ID09] Found label file: 25-021_ID09.csv
[ID09] Step 1/4: Extracting features (per second)...
      Opening video file...

      ═══════════════════════════════════════════════════════
      VIDEO PROPERTIES
      ═══════════════════════════════════════════════════════
      FPS detected: 25.00
      Clip length (auto): 25 frames
      Total frames: 93688
      Duration: 3747.52 seconds
      Expected seconds: 3748
      Frames per second: ~25.0
      ═══════════════════════════════════════════════════════

      Using ORIGINAL FPS with per-second aggregation
      Aggregation method: mean
      ───────────────────────────────────────────────────────
      READING ALL FRAMES FROM VIDEO
      ───────────────────────────────────────────────────────
      Progress: 500/93688 frames (0.5%)
      Progress: 1000/93688 frames (1.1%)
      Progress: 1500/93688 frames (1.6%)
      Progress: 2000/93688 frames (2.1%)
      Progress: 2500/93688 frames (2.7%)
      Progress: 3000/93688 frames (3.2%)
      Progress: 3500/93688 frames (3.7%)
      Progress: 4000/93688 frames (4.3%)
      Progress: 4500/93688 frames (4.8%)
      Progress: 5000/93688 frames (5.3%)
      Progress: 5500/93688 frames (5.9%)
      Progress: 6000/93688 frames (6.4%)
      Progress: 6500/93688 frames (6.9%)
      Progress: 7000/93688 frames (7.5%)
      Progress: 7500/93688 frames (8.0%)
      Progress: 8000/93688 frames (8.5%)
      Progress: 8500/93688 frames (9.1%)
      Progress: 9000/93688 frames (9.6%)
      Progress: 9500/93688 frames (10.1%)
      Progress: 10000/93688 frames (10.7%)
      Progress: 10500/93688 frames (11.2%)
      Progress: 11000/93688 frames (11.7%)
      Progress: 11500/93688 frames (12.3%)
      Progress: 12000/93688 frames (12.8%)
      Progress: 12500/93688 frames (13.3%)
      Progress: 13000/93688 frames (13.9%)
      Progress: 13500/93688 frames (14.4%)
      Progress: 14000/93688 frames (14.9%)
      Progress: 14500/93688 frames (15.5%)
      Progress: 15000/93688 frames (16.0%)
      Progress: 15500/93688 frames (16.5%)
      Progress: 16000/93688 frames (17.1%)
      Progress: 16500/93688 frames (17.6%)
      Progress: 17000/93688 frames (18.1%)
      Progress: 17500/93688 frames (18.7%)
      Progress: 18000/93688 frames (19.2%)
      Progress: 18500/93688 frames (19.7%)
      Progress: 19000/93688 frames (20.3%)
      Progress: 19500/93688 frames (20.8%)
      Progress: 20000/93688 frames (21.3%)
      Progress: 20500/93688 frames (21.9%)
      Progress: 21000/93688 frames (22.4%)
      Progress: 21500/93688 frames (22.9%)
      Progress: 22000/93688 frames (23.5%)
      Progress: 22500/93688 frames (24.0%)
      Progress: 23000/93688 frames (24.5%)
      Progress: 23500/93688 frames (25.1%)
      Progress: 24000/93688 frames (25.6%)
      Progress: 24500/93688 frames (26.2%)
      Progress: 25000/93688 frames (26.7%)
      Progress: 25500/93688 frames (27.2%)
      Progress: 26000/93688 frames (27.8%)
      Progress: 26500/93688 frames (28.3%)
      Progress: 27000/93688 frames (28.8%)
      Progress: 27500/93688 frames (29.4%)
      Progress: 28000/93688 frames (29.9%)
      Progress: 28500/93688 frames (30.4%)
      Progress: 29000/93688 frames (31.0%)
      Progress: 29500/93688 frames (31.5%)
      Progress: 30000/93688 frames (32.0%)
      Progress: 30500/93688 frames (32.6%)
      Progress: 31000/93688 frames (33.1%)
      Progress: 31500/93688 frames (33.6%)
      Progress: 32000/93688 frames (34.2%)
      Progress: 32500/93688 frames (34.7%)
      Progress: 33000/93688 frames (35.2%)
      Progress: 33500/93688 frames (35.8%)
      Progress: 34000/93688 frames (36.3%)
      Progress: 34500/93688 frames (36.8%)
      Progress: 35000/93688 frames (37.4%)
      Progress: 35500/93688 frames (37.9%)
      Progress: 36000/93688 frames (38.4%)
      Progress: 36500/93688 frames (39.0%)
      Progress: 37000/93688 frames (39.5%)
      Progress: 37500/93688 frames (40.0%)
      Progress: 38000/93688 frames (40.6%)
      Progress: 38500/93688 frames (41.1%)
      Progress: 39000/93688 frames (41.6%)
      Progress: 39500/93688 frames (42.2%)
      Progress: 40000/93688 frames (42.7%)
      Progress: 40500/93688 frames (43.2%)
      Progress: 41000/93688 frames (43.8%)
      Progress: 41500/93688 frames (44.3%)
      Progress: 42000/93688 frames (44.8%)
      Progress: 42500/93688 frames (45.4%)
      Progress: 43000/93688 frames (45.9%)
      Progress: 43500/93688 frames (46.4%)
      Progress: 44000/93688 frames (47.0%)
      Progress: 44500/93688 frames (47.5%)
      Progress: 45000/93688 frames (48.0%)
      Progress: 45500/93688 frames (48.6%)
      Progress: 46000/93688 frames (49.1%)
      Progress: 46500/93688 frames (49.6%)
      Progress: 47000/93688 frames (50.2%)
      Progress: 47500/93688 frames (50.7%)
      Progress: 48000/93688 frames (51.2%)
      Progress: 48500/93688 frames (51.8%)
      Progress: 49000/93688 frames (52.3%)
      Progress: 49500/93688 frames (52.8%)
      Progress: 50000/93688 frames (53.4%)
      Progress: 50500/93688 frames (53.9%)
      Progress: 51000/93688 frames (54.4%)
      Progress: 51500/93688 frames (55.0%)
      Progress: 52000/93688 frames (55.5%)
      Progress: 52500/93688 frames (56.0%)
      Progress: 53000/93688 frames (56.6%)
      Progress: 53500/93688 frames (57.1%)
      Progress: 54000/93688 frames (57.6%)
      Progress: 54500/93688 frames (58.2%)
      Progress: 55000/93688 frames (58.7%)
      Progress: 55500/93688 frames (59.2%)
      Progress: 56000/93688 frames (59.8%)
      Progress: 56500/93688 frames (60.3%)
      Progress: 57000/93688 frames (60.8%)
      Progress: 57500/93688 frames (61.4%)
      Progress: 58000/93688 frames (61.9%)
      Progress: 58500/93688 frames (62.4%)
      Progress: 59000/93688 frames (63.0%)
      Progress: 59500/93688 frames (63.5%)
      Progress: 60000/93688 frames (64.0%)
      Progress: 60500/93688 frames (64.6%)
      Progress: 61000/93688 frames (65.1%)
      Progress: 61500/93688 frames (65.6%)
      Progress: 62000/93688 frames (66.2%)
      Progress: 62500/93688 frames (66.7%)
      Progress: 63000/93688 frames (67.2%)
      Progress: 63500/93688 frames (67.8%)
      Progress: 64000/93688 frames (68.3%)
      Progress: 64500/93688 frames (68.8%)
      Progress: 65000/93688 frames (69.4%)
      Progress: 65500/93688 frames (69.9%)
      Progress: 66000/93688 frames (70.4%)
      Progress: 66500/93688 frames (71.0%)
      Progress: 67000/93688 frames (71.5%)
      Progress: 67500/93688 frames (72.0%)
      Progress: 68000/93688 frames (72.6%)
      Progress: 68500/93688 frames (73.1%)
      Progress: 69000/93688 frames (73.6%)
      Progress: 69500/93688 frames (74.2%)
      Progress: 70000/93688 frames (74.7%)
      Progress: 70500/93688 frames (75.2%)
      Progress: 71000/93688 frames (75.8%)
      Progress: 71500/93688 frames (76.3%)
      Progress: 72000/93688 frames (76.9%)
      Progress: 72500/93688 frames (77.4%)
      Progress: 73000/93688 frames (77.9%)
      Progress: 73500/93688 frames (78.5%)
      Progress: 74000/93688 frames (79.0%)
      Progress: 74500/93688 frames (79.5%)
      Progress: 75000/93688 frames (80.1%)
      Progress: 75500/93688 frames (80.6%)
      Progress: 76000/93688 frames (81.1%)
      Progress: 76500/93688 frames (81.7%)
      Progress: 77000/93688 frames (82.2%)
      Progress: 77500/93688 frames (82.7%)
      Progress: 78000/93688 frames (83.3%)
      Progress: 78500/93688 frames (83.8%)
      Progress: 79000/93688 frames (84.3%)
      Progress: 79500/93688 frames (84.9%)
      Progress: 80000/93688 frames (85.4%)
      Progress: 80500/93688 frames (85.9%)
      Progress: 81000/93688 frames (86.5%)
      Progress: 81500/93688 frames (87.0%)
      Progress: 82000/93688 frames (87.5%)
      Progress: 82500/93688 frames (88.1%)
      Progress: 83000/93688 frames (88.6%)
      Progress: 83500/93688 frames (89.1%)
      Progress: 84000/93688 frames (89.7%)
      Progress: 84500/93688 frames (90.2%)
      Progress: 85000/93688 frames (90.7%)
      Progress: 85500/93688 frames (91.3%)
      Progress: 86000/93688 frames (91.8%)
      Progress: 86500/93688 frames (92.3%)
      Progress: 87000/93688 frames (92.9%)
      Progress: 87500/93688 frames (93.4%)
      Progress: 88000/93688 frames (93.9%)
      Progress: 88500/93688 frames (94.5%)
      Progress: 89000/93688 frames (95.0%)
      Progress: 89500/93688 frames (95.5%)
      Progress: 90000/93688 frames (96.1%)
      Progress: 90500/93688 frames (96.6%)
      Progress: 91000/93688 frames (97.1%)
      Progress: 91500/93688 frames (97.7%)
      Progress: 92000/93688 frames (98.2%)
      Progress: 92500/93688 frames (98.7%)
      Progress: 93000/93688 frames (99.3%)
      Progress: 93500/93688 frames (99.8%)
      ───────────────────────────────────────────────────────
      FRAME READING COMPLETE
      ───────────────────────────────────────────────────────
      Expected frames: 93688
      Frames read: 93538
      Frames missing: 150
      WARNING: 150 frames could not be read!
      ───────────────────────────────────────────────────────

      FRAMES DISTRIBUTION BY SECOND:
        Second   0:  25 frames
        Second   1:  25 frames
        Second   2:  25 frames
        Second   3:  25 frames
        Second   4:  25 frames
        Second   5:  25 frames
        Second   6:  25 frames
        Second   7:  25 frames
        Second   8:  25 frames
        Second   9:  25 frames
        ... (3738 more seconds)
      
      Frame statistics:
        Average frames/second: 25.0
        Min frames/second: 0
        Max frames/second: 25
      
      ───────────────────────────────────────────────────────
      EXTRACTING FEATURES PER SECOND
      ───────────────────────────────────────────────────────
      Total seconds to process: 3748
        Second 10/3748 - 25 frames, 1 clips
        Second 20/3748 - 25 frames, 1 clips
        Second 30/3748 - 25 frames, 1 clips
        Second 40/3748 - 25 frames, 1 clips
        Second 50/3748 - 25 frames, 1 clips
        Second 60/3748 - 25 frames, 1 clips
        Second 70/3748 - 25 frames, 1 clips
        Second 80/3748 - 25 frames, 1 clips
        Second 90/3748 - 25 frames, 1 clips
        Second 100/3748 - 25 frames, 1 clips
        Second 110/3748 - 25 frames, 1 clips
        Second 120/3748 - 25 frames, 1 clips
        Second 130/3748 - 25 frames, 1 clips
        Second 140/3748 - 25 frames, 1 clips
        Second 150/3748 - 25 frames, 1 clips
        Second 160/3748 - 25 frames, 1 clips
        Second 170/3748 - 25 frames, 1 clips
        Second 180/3748 - 25 frames, 1 clips
        Second 190/3748 - 25 frames, 1 clips
        Second 200/3748 - 25 frames, 1 clips
        Second 210/3748 - 25 frames, 1 clips
        Second 220/3748 - 25 frames, 1 clips
        Second 230/3748 - 25 frames, 1 clips
        Second 240/3748 - 25 frames, 1 clips
        Second 250/3748 - 25 frames, 1 clips
        Second 260/3748 - 25 frames, 1 clips
        Second 270/3748 - 25 frames, 1 clips
        Second 280/3748 - 25 frames, 1 clips
        Second 290/3748 - 25 frames, 1 clips
        Second 300/3748 - 25 frames, 1 clips
        Second 310/3748 - 25 frames, 1 clips
        Second 320/3748 - 25 frames, 1 clips
        Second 330/3748 - 25 frames, 1 clips
        Second 340/3748 - 25 frames, 1 clips
        Second 350/3748 - 25 frames, 1 clips
        Second 360/3748 - 25 frames, 1 clips
        Second 370/3748 - 25 frames, 1 clips
        Second 380/3748 - 25 frames, 1 clips
        Second 390/3748 - 25 frames, 1 clips
        Second 400/3748 - 25 frames, 1 clips
        Second 410/3748 - 25 frames, 1 clips
        Second 420/3748 - 25 frames, 1 clips
        Second 430/3748 - 25 frames, 1 clips
        Second 440/3748 - 25 frames, 1 clips
        Second 450/3748 - 25 frames, 1 clips
        Second 460/3748 - 25 frames, 1 clips
        Second 470/3748 - 25 frames, 1 clips
        Second 480/3748 - 25 frames, 1 clips
        Second 490/3748 - 25 frames, 1 clips
        Second 500/3748 - 25 frames, 1 clips
        Second 510/3748 - 25 frames, 1 clips
        Second 520/3748 - 25 frames, 1 clips
        Second 530/3748 - 25 frames, 1 clips
        Second 540/3748 - 25 frames, 1 clips
        Second 550/3748 - 25 frames, 1 clips
        Second 560/3748 - 25 frames, 1 clips
        Second 570/3748 - 25 frames, 1 clips
        Second 580/3748 - 25 frames, 1 clips
        Second 590/3748 - 25 frames, 1 clips
        Second 600/3748 - 25 frames, 1 clips
        Second 610/3748 - 25 frames, 1 clips
        Second 620/3748 - 25 frames, 1 clips
        Second 630/3748 - 25 frames, 1 clips
        Second 640/3748 - 25 frames, 1 clips
        Second 650/3748 - 25 frames, 1 clips
        Second 660/3748 - 25 frames, 1 clips
        Second 670/3748 - 25 frames, 1 clips
        Second 680/3748 - 25 frames, 1 clips
        Second 690/3748 - 25 frames, 1 clips
        Second 700/3748 - 25 frames, 1 clips
        Second 710/3748 - 25 frames, 1 clips
        Second 720/3748 - 25 frames, 1 clips
        Second 730/3748 - 25 frames, 1 clips
        Second 740/3748 - 25 frames, 1 clips
        Second 750/3748 - 25 frames, 1 clips
        Second 760/3748 - 25 frames, 1 clips
        Second 770/3748 - 25 frames, 1 clips
        Second 780/3748 - 25 frames, 1 clips
        Second 790/3748 - 25 frames, 1 clips
        Second 800/3748 - 25 frames, 1 clips
        Second 810/3748 - 25 frames, 1 clips
        Second 820/3748 - 25 frames, 1 clips
        Second 830/3748 - 25 frames, 1 clips
        Second 840/3748 - 25 frames, 1 clips
        Second 850/3748 - 25 frames, 1 clips
        Second 860/3748 - 25 frames, 1 clips
        Second 870/3748 - 25 frames, 1 clips
        Second 880/3748 - 25 frames, 1 clips
        Second 890/3748 - 25 frames, 1 clips
        Second 900/3748 - 25 frames, 1 clips
        Second 910/3748 - 25 frames, 1 clips
        Second 920/3748 - 25 frames, 1 clips
        Second 930/3748 - 25 frames, 1 clips
        Second 940/3748 - 25 frames, 1 clips
        Second 950/3748 - 25 frames, 1 clips
        Second 960/3748 - 25 frames, 1 clips
        Second 970/3748 - 25 frames, 1 clips
        Second 980/3748 - 25 frames, 1 clips
        Second 990/3748 - 25 frames, 1 clips
        Second 1000/3748 - 25 frames, 1 clips
        Second 1010/3748 - 25 frames, 1 clips
        Second 1020/3748 - 25 frames, 1 clips
        Second 1030/3748 - 25 frames, 1 clips
        Second 1040/3748 - 25 frames, 1 clips
        Second 1050/3748 - 25 frames, 1 clips
        Second 1060/3748 - 25 frames, 1 clips
        Second 1070/3748 - 25 frames, 1 clips
        Second 1080/3748 - 25 frames, 1 clips
        Second 1090/3748 - 25 frames, 1 clips
        Second 1100/3748 - 25 frames, 1 clips
        Second 1110/3748 - 25 frames, 1 clips
        Second 1120/3748 - 25 frames, 1 clips
        Second 1130/3748 - 25 frames, 1 clips
        Second 1140/3748 - 25 frames, 1 clips
        Second 1150/3748 - 25 frames, 1 clips
        Second 1160/3748 - 25 frames, 1 clips
        Second 1170/3748 - 25 frames, 1 clips
        Second 1180/3748 - 25 frames, 1 clips
        Second 1190/3748 - 25 frames, 1 clips
        Second 1200/3748 - 25 frames, 1 clips
        Second 1210/3748 - 25 frames, 1 clips
        Second 1220/3748 - 25 frames, 1 clips
        Second 1230/3748 - 25 frames, 1 clips
        Second 1240/3748 - 25 frames, 1 clips
        Second 1250/3748 - 25 frames, 1 clips
        Second 1260/3748 - 25 frames, 1 clips
        Second 1270/3748 - 25 frames, 1 clips
        Second 1280/3748 - 25 frames, 1 clips
        Second 1290/3748 - 25 frames, 1 clips
        Second 1300/3748 - 25 frames, 1 clips
        Second 1310/3748 - 25 frames, 1 clips
        Second 1320/3748 - 25 frames, 1 clips
        Second 1330/3748 - 25 frames, 1 clips
        Second 1340/3748 - 25 frames, 1 clips
        Second 1350/3748 - 25 frames, 1 clips
        Second 1360/3748 - 25 frames, 1 clips
        Second 1370/3748 - 25 frames, 1 clips
        Second 1380/3748 - 25 frames, 1 clips
        Second 1390/3748 - 25 frames, 1 clips
        Second 1400/3748 - 25 frames, 1 clips
        Second 1410/3748 - 25 frames, 1 clips
        Second 1420/3748 - 25 frames, 1 clips
        Second 1430/3748 - 25 frames, 1 clips
        Second 1440/3748 - 25 frames, 1 clips
        Second 1450/3748 - 25 frames, 1 clips
        Second 1460/3748 - 25 frames, 1 clips
        Second 1470/3748 - 25 frames, 1 clips
        Second 1480/3748 - 25 frames, 1 clips
        Second 1490/3748 - 25 frames, 1 clips
        Second 1500/3748 - 25 frames, 1 clips
        Second 1510/3748 - 25 frames, 1 clips
        Second 1520/3748 - 25 frames, 1 clips
        Second 1530/3748 - 25 frames, 1 clips
        Second 1540/3748 - 25 frames, 1 clips
        Second 1550/3748 - 25 frames, 1 clips
        Second 1560/3748 - 25 frames, 1 clips
        Second 1570/3748 - 25 frames, 1 clips
        Second 1580/3748 - 25 frames, 1 clips
        Second 1590/3748 - 25 frames, 1 clips
        Second 1600/3748 - 25 frames, 1 clips
        Second 1610/3748 - 25 frames, 1 clips
        Second 1620/3748 - 25 frames, 1 clips
        Second 1630/3748 - 25 frames, 1 clips
        Second 1640/3748 - 25 frames, 1 clips
        Second 1650/3748 - 25 frames, 1 clips
        Second 1660/3748 - 25 frames, 1 clips
        Second 1670/3748 - 25 frames, 1 clips
        Second 1680/3748 - 25 frames, 1 clips
        Second 1690/3748 - 25 frames, 1 clips
        Second 1700/3748 - 25 frames, 1 clips
        Second 1710/3748 - 25 frames, 1 clips
        Second 1720/3748 - 25 frames, 1 clips
        Second 1730/3748 - 25 frames, 1 clips
        Second 1740/3748 - 25 frames, 1 clips
        Second 1750/3748 - 25 frames, 1 clips
        Second 1760/3748 - 25 frames, 1 clips
        Second 1770/3748 - 25 frames, 1 clips
        Second 1780/3748 - 25 frames, 1 clips
        Second 1790/3748 - 25 frames, 1 clips
        Second 1800/3748 - 25 frames, 1 clips
        Second 1810/3748 - 25 frames, 1 clips
        Second 1820/3748 - 25 frames, 1 clips
        Second 1830/3748 - 25 frames, 1 clips
        Second 1840/3748 - 25 frames, 1 clips
        Second 1850/3748 - 25 frames, 1 clips
        Second 1860/3748 - 25 frames, 1 clips
        Second 1870/3748 - 25 frames, 1 clips
        Second 1880/3748 - 25 frames, 1 clips
        Second 1890/3748 - 25 frames, 1 clips
        Second 1900/3748 - 25 frames, 1 clips
        Second 1910/3748 - 25 frames, 1 clips
        Second 1920/3748 - 25 frames, 1 clips
        Second 1930/3748 - 25 frames, 1 clips
        Second 1940/3748 - 25 frames, 1 clips
        Second 1950/3748 - 25 frames, 1 clips
        Second 1960/3748 - 25 frames, 1 clips
        Second 1970/3748 - 25 frames, 1 clips
        Second 1980/3748 - 25 frames, 1 clips
        Second 1990/3748 - 25 frames, 1 clips
        Second 2000/3748 - 25 frames, 1 clips
        Second 2010/3748 - 25 frames, 1 clips
        Second 2020/3748 - 25 frames, 1 clips
        Second 2030/3748 - 25 frames, 1 clips
        Second 2040/3748 - 25 frames, 1 clips
        Second 2050/3748 - 25 frames, 1 clips
        Second 2060/3748 - 25 frames, 1 clips
        Second 2070/3748 - 25 frames, 1 clips
        Second 2080/3748 - 25 frames, 1 clips
        Second 2090/3748 - 25 frames, 1 clips
        Second 2100/3748 - 25 frames, 1 clips
        Second 2110/3748 - 25 frames, 1 clips
        Second 2120/3748 - 25 frames, 1 clips
        Second 2130/3748 - 25 frames, 1 clips
        Second 2140/3748 - 25 frames, 1 clips
        Second 2150/3748 - 25 frames, 1 clips
        Second 2160/3748 - 25 frames, 1 clips
        Second 2170/3748 - 25 frames, 1 clips
        Second 2180/3748 - 25 frames, 1 clips
        Second 2190/3748 - 25 frames, 1 clips
        Second 2200/3748 - 25 frames, 1 clips
        Second 2210/3748 - 25 frames, 1 clips
        Second 2220/3748 - 25 frames, 1 clips
        Second 2230/3748 - 25 frames, 1 clips
        Second 2240/3748 - 25 frames, 1 clips
        Second 2250/3748 - 25 frames, 1 clips
        Second 2260/3748 - 25 frames, 1 clips
        Second 2270/3748 - 25 frames, 1 clips
        Second 2280/3748 - 25 frames, 1 clips
        Second 2290/3748 - 25 frames, 1 clips
        Second 2300/3748 - 25 frames, 1 clips
        Second 2310/3748 - 25 frames, 1 clips
        Second 2320/3748 - 25 frames, 1 clips
        Second 2330/3748 - 25 frames, 1 clips
        Second 2340/3748 - 25 frames, 1 clips
        Second 2350/3748 - 25 frames, 1 clips
        Second 2360/3748 - 25 frames, 1 clips
        Second 2370/3748 - 25 frames, 1 clips
        Second 2380/3748 - 25 frames, 1 clips
        Second 2390/3748 - 25 frames, 1 clips
        Second 2400/3748 - 25 frames, 1 clips
        Second 2410/3748 - 25 frames, 1 clips
        Second 2420/3748 - 25 frames, 1 clips
        Second 2430/3748 - 25 frames, 1 clips
        Second 2440/3748 - 25 frames, 1 clips
        Second 2450/3748 - 25 frames, 1 clips
        Second 2460/3748 - 25 frames, 1 clips
        Second 2470/3748 - 25 frames, 1 clips
        Second 2480/3748 - 25 frames, 1 clips
        Second 2490/3748 - 25 frames, 1 clips
        Second 2500/3748 - 25 frames, 1 clips
        Second 2510/3748 - 25 frames, 1 clips
        Second 2520/3748 - 25 frames, 1 clips
        Second 2530/3748 - 25 frames, 1 clips
        Second 2540/3748 - 25 frames, 1 clips
        Second 2550/3748 - 25 frames, 1 clips
        Second 2560/3748 - 25 frames, 1 clips
        Second 2570/3748 - 25 frames, 1 clips
        Second 2580/3748 - 25 frames, 1 clips
        Second 2590/3748 - 25 frames, 1 clips
        Second 2600/3748 - 25 frames, 1 clips
        Second 2610/3748 - 25 frames, 1 clips
        Second 2620/3748 - 25 frames, 1 clips
        Second 2630/3748 - 25 frames, 1 clips
        Second 2640/3748 - 25 frames, 1 clips
        Second 2650/3748 - 25 frames, 1 clips
        Second 2660/3748 - 25 frames, 1 clips
        Second 2670/3748 - 25 frames, 1 clips
        Second 2680/3748 - 25 frames, 1 clips
        Second 2690/3748 - 25 frames, 1 clips
        Second 2700/3748 - 25 frames, 1 clips
        Second 2710/3748 - 25 frames, 1 clips
        Second 2720/3748 - 25 frames, 1 clips
        Second 2730/3748 - 25 frames, 1 clips
        Second 2740/3748 - 25 frames, 1 clips
        Second 2750/3748 - 25 frames, 1 clips
        Second 2760/3748 - 25 frames, 1 clips
        Second 2770/3748 - 25 frames, 1 clips
        Second 2780/3748 - 25 frames, 1 clips
        Second 2790/3748 - 25 frames, 1 clips
        Second 2800/3748 - 25 frames, 1 clips
        Second 2810/3748 - 25 frames, 1 clips
        Second 2820/3748 - 25 frames, 1 clips
        Second 2830/3748 - 25 frames, 1 clips
        Second 2840/3748 - 25 frames, 1 clips
        Second 2850/3748 - 25 frames, 1 clips
        Second 2860/3748 - 25 frames, 1 clips
        Second 2870/3748 - 25 frames, 1 clips
        Second 2880/3748 - 25 frames, 1 clips
        Second 2890/3748 - 25 frames, 1 clips
        Second 2900/3748 - 25 frames, 1 clips
        Second 2910/3748 - 25 frames, 1 clips
        Second 2920/3748 - 25 frames, 1 clips
        Second 2930/3748 - 25 frames, 1 clips
        Second 2940/3748 - 25 frames, 1 clips
        Second 2950/3748 - 25 frames, 1 clips
        Second 2960/3748 - 25 frames, 1 clips
        Second 2970/3748 - 25 frames, 1 clips
        Second 2980/3748 - 25 frames, 1 clips
        Second 2990/3748 - 25 frames, 1 clips
        Second 3000/3748 - 25 frames, 1 clips
        Second 3010/3748 - 25 frames, 1 clips
        Second 3020/3748 - 25 frames, 1 clips
        Second 3030/3748 - 25 frames, 1 clips
        Second 3040/3748 - 25 frames, 1 clips
        Second 3050/3748 - 25 frames, 1 clips
        Second 3060/3748 - 25 frames, 1 clips
        Second 3070/3748 - 25 frames, 1 clips
        Second 3080/3748 - 25 frames, 1 clips
        Second 3090/3748 - 25 frames, 1 clips
        Second 3100/3748 - 25 frames, 1 clips
        Second 3110/3748 - 25 frames, 1 clips
        Second 3120/3748 - 25 frames, 1 clips
        Second 3130/3748 - 25 frames, 1 clips
        Second 3140/3748 - 25 frames, 1 clips
        Second 3150/3748 - 25 frames, 1 clips
        Second 3160/3748 - 25 frames, 1 clips
        Second 3170/3748 - 25 frames, 1 clips
        Second 3180/3748 - 25 frames, 1 clips
        Second 3190/3748 - 25 frames, 1 clips
        Second 3200/3748 - 25 frames, 1 clips
        Second 3210/3748 - 25 frames, 1 clips
        Second 3220/3748 - 25 frames, 1 clips
        Second 3230/3748 - 25 frames, 1 clips
        Second 3240/3748 - 25 frames, 1 clips
        Second 3250/3748 - 25 frames, 1 clips
        Second 3260/3748 - 25 frames, 1 clips
        Second 3270/3748 - 25 frames, 1 clips
        Second 3280/3748 - 25 frames, 1 clips
        Second 3290/3748 - 25 frames, 1 clips
        Second 3300/3748 - 25 frames, 1 clips
        Second 3310/3748 - 25 frames, 1 clips
        Second 3320/3748 - 25 frames, 1 clips
        Second 3330/3748 - 25 frames, 1 clips
        Second 3340/3748 - 25 frames, 1 clips
        Second 3350/3748 - 25 frames, 1 clips
        Second 3360/3748 - 25 frames, 1 clips
        Second 3370/3748 - 25 frames, 1 clips
        Second 3380/3748 - 25 frames, 1 clips
        Second 3390/3748 - 25 frames, 1 clips
        Second 3400/3748 - 25 frames, 1 clips
        Second 3410/3748 - 25 frames, 1 clips
        Second 3420/3748 - 25 frames, 1 clips
        Second 3430/3748 - 25 frames, 1 clips
        Second 3440/3748 - 25 frames, 1 clips
        Second 3450/3748 - 25 frames, 1 clips
        Second 3460/3748 - 25 frames, 1 clips
        Second 3470/3748 - 25 frames, 1 clips
        Second 3480/3748 - 25 frames, 1 clips
        Second 3490/3748 - 25 frames, 1 clips
        Second 3500/3748 - 25 frames, 1 clips
        Second 3510/3748 - 25 frames, 1 clips
        Second 3520/3748 - 25 frames, 1 clips
        Second 3530/3748 - 25 frames, 1 clips
        Second 3540/3748 - 25 frames, 1 clips
        Second 3550/3748 - 25 frames, 1 clips
        Second 3560/3748 - 25 frames, 1 clips
        Second 3570/3748 - 25 frames, 1 clips
        Second 3580/3748 - 25 frames, 1 clips
        Second 3590/3748 - 25 frames, 1 clips
        Second 3600/3748 - 25 frames, 1 clips
        Second 3610/3748 - 25 frames, 1 clips
        Second 3620/3748 - 25 frames, 1 clips
        Second 3630/3748 - 25 frames, 1 clips
        Second 3640/3748 - 25 frames, 1 clips
        Second 3650/3748 - 25 frames, 1 clips
        Second 3660/3748 - 25 frames, 1 clips
        Second 3670/3748 - 25 frames, 1 clips
        Second 3680/3748 - 25 frames, 1 clips
        Second 3690/3748 - 25 frames, 1 clips
        Second 3700/3748 - 25 frames, 1 clips
        Second 3710/3748 - 25 frames, 1 clips
        Second 3720/3748 - 25 frames, 1 clips
        Second 3730/3748 - 25 frames, 1 clips
        Second 3740/3748 - 25 frames, 1 clips
      ───────────────────────────────────────────────────────
      FEATURE EXTRACTION COMPLETE
      ───────────────────────────────────────────────────────
      Final features shape: (3748, 1024)
      Features per second: 3748
      Feature dimension: 1024
      ═══════════════════════════════════════════════════════

[ID09]   Features extracted: (3748, 1024)
[ID09] Step 2/4: Converting to binary labels and removing unwanted classes...
[ID09]   Number of seconds: 3748
      CSV columns: ['start_time', 'end_time', 'licking', 'shaking']
      CSV shape: (3840, 4)
      Video seconds: 3748
      Total rows in CSV: 3840
      Valid rows (within video duration): 3748
      Rows kept after removing shaking: 3726
[ID09]   Original seconds: 3748
[ID09]   After removing shaking/licking_shaking: 3726
[ID09] Step 3/4: Balancing classes...
      Before balancing:
        Background: 2970 samples
        Licking: 756 samples
        Ratio: 3.93:1
      After balancing:
        Background: 756 samples
        Licking: 756 samples
        Total: 1512 samples
[ID09] Step 4/4: Saving processed data...
[ID09]   Saved features: /data-8tb/nvaci/dataset/dataset_Stanford/FACT_method/preprocessed_data_2class_originalFPS/features/ID09.npy
[ID09]     Shape: (1512, 1024)
[ID09]     Size: 5.91 MB
[ID09]   Final label distribution:
[ID09]     - background: 756 seconds (50.0%)
[ID09]     - licking: 756 seconds (50.0%)
[ID09]   Saved labels: /data-8tb/nvaci/dataset/dataset_Stanford/FACT_method/preprocessed_data_2class_originalFPS/groundTruth/ID09.txt
[ID09] SUCCESS - Video processed successfully


================================================================================
Processing video 10/32: ID10
================================================================================
[ID10] Found label file: 25-021_ID10.csv
[ID10] Step 1/4: Extracting features (per second)...
      Opening video file...

      ═══════════════════════════════════════════════════════
      VIDEO PROPERTIES
      ═══════════════════════════════════════════════════════
      FPS detected: 25.00
      Clip length (auto): 25 frames
      Total frames: 92431
      Duration: 3697.24 seconds
      Expected seconds: 3698
      Frames per second: ~25.0
      ═══════════════════════════════════════════════════════

      Using ORIGINAL FPS with per-second aggregation
      Aggregation method: mean
      ───────────────────────────────────────────────────────
      READING ALL FRAMES FROM VIDEO
      ───────────────────────────────────────────────────────
      Progress: 500/92431 frames (0.5%)
      Progress: 1000/92431 frames (1.1%)
      Progress: 1500/92431 frames (1.6%)
      Progress: 2000/92431 frames (2.2%)
      Progress: 2500/92431 frames (2.7%)
      Progress: 3000/92431 frames (3.2%)
      Progress: 3500/92431 frames (3.8%)
      Progress: 4000/92431 frames (4.3%)
      Progress: 4500/92431 frames (4.9%)
      Progress: 5000/92431 frames (5.4%)
      Progress: 5500/92431 frames (6.0%)
      Progress: 6000/92431 frames (6.5%)
      Progress: 6500/92431 frames (7.0%)
      Progress: 7000/92431 frames (7.6%)
      Progress: 7500/92431 frames (8.1%)
      Progress: 8000/92431 frames (8.7%)
      Progress: 8500/92431 frames (9.2%)
      Progress: 9000/92431 frames (9.7%)
      Progress: 9500/92431 frames (10.3%)
      Progress: 10000/92431 frames (10.8%)
      Progress: 10500/92431 frames (11.4%)
      Progress: 11000/92431 frames (11.9%)
      Progress: 11500/92431 frames (12.4%)
      Progress: 12000/92431 frames (13.0%)
      Progress: 12500/92431 frames (13.5%)
      Progress: 13000/92431 frames (14.1%)
      Progress: 13500/92431 frames (14.6%)
      Progress: 14000/92431 frames (15.1%)
      Progress: 14500/92431 frames (15.7%)
      Progress: 15000/92431 frames (16.2%)
      Progress: 15500/92431 frames (16.8%)
      Progress: 16000/92431 frames (17.3%)
      Progress: 16500/92431 frames (17.9%)
      Progress: 17000/92431 frames (18.4%)
      Progress: 17500/92431 frames (18.9%)
      Progress: 18000/92431 frames (19.5%)
      Progress: 18500/92431 frames (20.0%)
      Progress: 19000/92431 frames (20.6%)
      Progress: 19500/92431 frames (21.1%)
      Progress: 20000/92431 frames (21.6%)
      Progress: 20500/92431 frames (22.2%)
      Progress: 21000/92431 frames (22.7%)
      Progress: 21500/92431 frames (23.3%)
      Progress: 22000/92431 frames (23.8%)
      Progress: 22500/92431 frames (24.3%)
      Progress: 23000/92431 frames (24.9%)
      Progress: 23500/92431 frames (25.4%)
      Progress: 24000/92431 frames (26.0%)
      Progress: 24500/92431 frames (26.5%)
      Progress: 25000/92431 frames (27.0%)
      Progress: 25500/92431 frames (27.6%)
      Progress: 26000/92431 frames (28.1%)
      Progress: 26500/92431 frames (28.7%)
      Progress: 27000/92431 frames (29.2%)
      Progress: 27500/92431 frames (29.8%)
      Progress: 28000/92431 frames (30.3%)
      Progress: 28500/92431 frames (30.8%)
      Progress: 29000/92431 frames (31.4%)
      Progress: 29500/92431 frames (31.9%)
      Progress: 30000/92431 frames (32.5%)
      Progress: 30500/92431 frames (33.0%)
      Progress: 31000/92431 frames (33.5%)
      Progress: 31500/92431 frames (34.1%)
      Progress: 32000/92431 frames (34.6%)
      Progress: 32500/92431 frames (35.2%)
      Progress: 33000/92431 frames (35.7%)
      Progress: 33500/92431 frames (36.2%)
      Progress: 34000/92431 frames (36.8%)
      Progress: 34500/92431 frames (37.3%)
      Progress: 35000/92431 frames (37.9%)
      Progress: 35500/92431 frames (38.4%)
      Progress: 36000/92431 frames (38.9%)
      Progress: 36500/92431 frames (39.5%)
      Progress: 37000/92431 frames (40.0%)
      Progress: 37500/92431 frames (40.6%)
      Progress: 38000/92431 frames (41.1%)
      Progress: 38500/92431 frames (41.7%)
      Progress: 39000/92431 frames (42.2%)
      Progress: 39500/92431 frames (42.7%)
      Progress: 40000/92431 frames (43.3%)
      Progress: 40500/92431 frames (43.8%)
      Progress: 41000/92431 frames (44.4%)
      Progress: 41500/92431 frames (44.9%)
      Progress: 42000/92431 frames (45.4%)
      Progress: 42500/92431 frames (46.0%)
      Progress: 43000/92431 frames (46.5%)
      Progress: 43500/92431 frames (47.1%)
      Progress: 44000/92431 frames (47.6%)
      Progress: 44500/92431 frames (48.1%)
      Progress: 45000/92431 frames (48.7%)
      Progress: 45500/92431 frames (49.2%)
      Progress: 46000/92431 frames (49.8%)
      Progress: 46500/92431 frames (50.3%)
      Progress: 47000/92431 frames (50.8%)
      Progress: 47500/92431 frames (51.4%)
      Progress: 48000/92431 frames (51.9%)
      Progress: 48500/92431 frames (52.5%)
      Progress: 49000/92431 frames (53.0%)
      Progress: 49500/92431 frames (53.6%)
      Progress: 50000/92431 frames (54.1%)
      Progress: 50500/92431 frames (54.6%)
      Progress: 51000/92431 frames (55.2%)
      Progress: 51500/92431 frames (55.7%)
      Progress: 52000/92431 frames (56.3%)
      Progress: 52500/92431 frames (56.8%)
      Progress: 53000/92431 frames (57.3%)
      Progress: 53500/92431 frames (57.9%)
      Progress: 54000/92431 frames (58.4%)
      Progress: 54500/92431 frames (59.0%)
      Progress: 55000/92431 frames (59.5%)
      Progress: 55500/92431 frames (60.0%)
      Progress: 56000/92431 frames (60.6%)
      Progress: 56500/92431 frames (61.1%)
      Progress: 57000/92431 frames (61.7%)
      Progress: 57500/92431 frames (62.2%)
      Progress: 58000/92431 frames (62.7%)
      Progress: 58500/92431 frames (63.3%)
      Progress: 59000/92431 frames (63.8%)
      Progress: 59500/92431 frames (64.4%)
      Progress: 60000/92431 frames (64.9%)
      Progress: 60500/92431 frames (65.5%)
      Progress: 61000/92431 frames (66.0%)
      Progress: 61500/92431 frames (66.5%)
      Progress: 62000/92431 frames (67.1%)
      Progress: 62500/92431 frames (67.6%)
      Progress: 63000/92431 frames (68.2%)
      Progress: 63500/92431 frames (68.7%)
      Progress: 64000/92431 frames (69.2%)
      Progress: 64500/92431 frames (69.8%)
      Progress: 65000/92431 frames (70.3%)
      Progress: 65500/92431 frames (70.9%)
      Progress: 66000/92431 frames (71.4%)
      Progress: 66500/92431 frames (71.9%)
      Progress: 67000/92431 frames (72.5%)
      Progress: 67500/92431 frames (73.0%)
      Progress: 68000/92431 frames (73.6%)
      Progress: 68500/92431 frames (74.1%)
      Progress: 69000/92431 frames (74.7%)
      Progress: 69500/92431 frames (75.2%)
      Progress: 70000/92431 frames (75.7%)
      Progress: 70500/92431 frames (76.3%)
      Progress: 71000/92431 frames (76.8%)
      Progress: 71500/92431 frames (77.4%)
      Progress: 72000/92431 frames (77.9%)
      Progress: 72500/92431 frames (78.4%)
      Progress: 73000/92431 frames (79.0%)
      Progress: 73500/92431 frames (79.5%)
      Progress: 74000/92431 frames (80.1%)
      Progress: 74500/92431 frames (80.6%)
      Progress: 75000/92431 frames (81.1%)
      Progress: 75500/92431 frames (81.7%)
      Progress: 76000/92431 frames (82.2%)
      Progress: 76500/92431 frames (82.8%)
      Progress: 77000/92431 frames (83.3%)
      Progress: 77500/92431 frames (83.8%)
      Progress: 78000/92431 frames (84.4%)
      Progress: 78500/92431 frames (84.9%)
      Progress: 79000/92431 frames (85.5%)
      Progress: 79500/92431 frames (86.0%)
      Progress: 80000/92431 frames (86.6%)
      Progress: 80500/92431 frames (87.1%)
      Progress: 81000/92431 frames (87.6%)
      Progress: 81500/92431 frames (88.2%)
      Progress: 82000/92431 frames (88.7%)
      Progress: 82500/92431 frames (89.3%)
      Progress: 83000/92431 frames (89.8%)
      Progress: 83500/92431 frames (90.3%)
      Progress: 84000/92431 frames (90.9%)
      Progress: 84500/92431 frames (91.4%)
      Progress: 85000/92431 frames (92.0%)
      Progress: 85500/92431 frames (92.5%)
      Progress: 86000/92431 frames (93.0%)
      Progress: 86500/92431 frames (93.6%)
      Progress: 87000/92431 frames (94.1%)
      Progress: 87500/92431 frames (94.7%)
      Progress: 88000/92431 frames (95.2%)
      Progress: 88500/92431 frames (95.7%)
      Progress: 89000/92431 frames (96.3%)
      Progress: 89500/92431 frames (96.8%)
      Progress: 90000/92431 frames (97.4%)
      Progress: 90500/92431 frames (97.9%)
      Progress: 91000/92431 frames (98.5%)
      Progress: 91500/92431 frames (99.0%)
      Progress: 92000/92431 frames (99.5%)
      ───────────────────────────────────────────────────────
      FRAME READING COMPLETE
      ───────────────────────────────────────────────────────
      Expected frames: 92431
      Frames read: 92413
      Frames missing: 18
      WARNING: 18 frames could not be read!
      ───────────────────────────────────────────────────────

      FRAMES DISTRIBUTION BY SECOND:
        Second   0:  25 frames
        Second   1:  25 frames
        Second   2:  25 frames
        Second   3:  25 frames
        Second   4:  25 frames
        Second   5:  25 frames
        Second   6:  25 frames
        Second   7:  25 frames
        Second   8:  25 frames
        Second   9:  25 frames
        ... (3688 more seconds)
      
      Frame statistics:
        Average frames/second: 25.0
        Min frames/second: 0
        Max frames/second: 25
      
      ───────────────────────────────────────────────────────
      EXTRACTING FEATURES PER SECOND
      ───────────────────────────────────────────────────────
      Total seconds to process: 3698
        Second 10/3698 - 25 frames, 1 clips
        Second 20/3698 - 25 frames, 1 clips
        Second 30/3698 - 25 frames, 1 clips
        Second 40/3698 - 25 frames, 1 clips
        Second 50/3698 - 25 frames, 1 clips
        Second 60/3698 - 25 frames, 1 clips
        Second 70/3698 - 25 frames, 1 clips
        Second 80/3698 - 25 frames, 1 clips
        Second 90/3698 - 25 frames, 1 clips
        Second 100/3698 - 25 frames, 1 clips
        Second 110/3698 - 25 frames, 1 clips
        Second 120/3698 - 25 frames, 1 clips
        Second 130/3698 - 25 frames, 1 clips
        Second 140/3698 - 25 frames, 1 clips
        Second 150/3698 - 25 frames, 1 clips
        Second 160/3698 - 25 frames, 1 clips
        Second 170/3698 - 25 frames, 1 clips
        Second 180/3698 - 25 frames, 1 clips
        Second 190/3698 - 25 frames, 1 clips
        Second 200/3698 - 25 frames, 1 clips
        Second 210/3698 - 25 frames, 1 clips
        Second 220/3698 - 25 frames, 1 clips
        Second 230/3698 - 25 frames, 1 clips
        Second 240/3698 - 25 frames, 1 clips
        Second 250/3698 - 25 frames, 1 clips
        Second 260/3698 - 25 frames, 1 clips
        Second 270/3698 - 25 frames, 1 clips
        Second 280/3698 - 25 frames, 1 clips
        Second 290/3698 - 25 frames, 1 clips
        Second 300/3698 - 25 frames, 1 clips
        Second 310/3698 - 25 frames, 1 clips
        Second 320/3698 - 25 frames, 1 clips
        Second 330/3698 - 25 frames, 1 clips
        Second 340/3698 - 25 frames, 1 clips
        Second 350/3698 - 25 frames, 1 clips
        Second 360/3698 - 25 frames, 1 clips
        Second 370/3698 - 25 frames, 1 clips
        Second 380/3698 - 25 frames, 1 clips
        Second 390/3698 - 25 frames, 1 clips
        Second 400/3698 - 25 frames, 1 clips
        Second 410/3698 - 25 frames, 1 clips
        Second 420/3698 - 25 frames, 1 clips
        Second 430/3698 - 25 frames, 1 clips
        Second 440/3698 - 25 frames, 1 clips
        Second 450/3698 - 25 frames, 1 clips
        Second 460/3698 - 25 frames, 1 clips
        Second 470/3698 - 25 frames, 1 clips
        Second 480/3698 - 25 frames, 1 clips
        Second 490/3698 - 25 frames, 1 clips
        Second 500/3698 - 25 frames, 1 clips
        Second 510/3698 - 25 frames, 1 clips
        Second 520/3698 - 25 frames, 1 clips
        Second 530/3698 - 25 frames, 1 clips
        Second 540/3698 - 25 frames, 1 clips
        Second 550/3698 - 25 frames, 1 clips
        Second 560/3698 - 25 frames, 1 clips
        Second 570/3698 - 25 frames, 1 clips
        Second 580/3698 - 25 frames, 1 clips
        Second 590/3698 - 25 frames, 1 clips
        Second 600/3698 - 25 frames, 1 clips
        Second 610/3698 - 25 frames, 1 clips
        Second 620/3698 - 25 frames, 1 clips
        Second 630/3698 - 25 frames, 1 clips
        Second 640/3698 - 25 frames, 1 clips
        Second 650/3698 - 25 frames, 1 clips
        Second 660/3698 - 25 frames, 1 clips
        Second 670/3698 - 25 frames, 1 clips
        Second 680/3698 - 25 frames, 1 clips
        Second 690/3698 - 25 frames, 1 clips
        Second 700/3698 - 25 frames, 1 clips
        Second 710/3698 - 25 frames, 1 clips
        Second 720/3698 - 25 frames, 1 clips
        Second 730/3698 - 25 frames, 1 clips
        Second 740/3698 - 25 frames, 1 clips
        Second 750/3698 - 25 frames, 1 clips
        Second 760/3698 - 25 frames, 1 clips
        Second 770/3698 - 25 frames, 1 clips
        Second 780/3698 - 25 frames, 1 clips
        Second 790/3698 - 25 frames, 1 clips
        Second 800/3698 - 25 frames, 1 clips
        Second 810/3698 - 25 frames, 1 clips
        Second 820/3698 - 25 frames, 1 clips
        Second 830/3698 - 25 frames, 1 clips
        Second 840/3698 - 25 frames, 1 clips
        Second 850/3698 - 25 frames, 1 clips
        Second 860/3698 - 25 frames, 1 clips
        Second 870/3698 - 25 frames, 1 clips
        Second 880/3698 - 25 frames, 1 clips
        Second 890/3698 - 25 frames, 1 clips
        Second 900/3698 - 25 frames, 1 clips
        Second 910/3698 - 25 frames, 1 clips
        Second 920/3698 - 25 frames, 1 clips
        Second 930/3698 - 25 frames, 1 clips
        Second 940/3698 - 25 frames, 1 clips
        Second 950/3698 - 25 frames, 1 clips
        Second 960/3698 - 25 frames, 1 clips
        Second 970/3698 - 25 frames, 1 clips
        Second 980/3698 - 25 frames, 1 clips
        Second 990/3698 - 25 frames, 1 clips
        Second 1000/3698 - 25 frames, 1 clips
        Second 1010/3698 - 25 frames, 1 clips
        Second 1020/3698 - 25 frames, 1 clips
        Second 1030/3698 - 25 frames, 1 clips
        Second 1040/3698 - 25 frames, 1 clips
        Second 1050/3698 - 25 frames, 1 clips
        Second 1060/3698 - 25 frames, 1 clips
        Second 1070/3698 - 25 frames, 1 clips
        Second 1080/3698 - 25 frames, 1 clips
        Second 1090/3698 - 25 frames, 1 clips
        Second 1100/3698 - 25 frames, 1 clips
        Second 1110/3698 - 25 frames, 1 clips
        Second 1120/3698 - 25 frames, 1 clips
        Second 1130/3698 - 25 frames, 1 clips
        Second 1140/3698 - 25 frames, 1 clips
        Second 1150/3698 - 25 frames, 1 clips
        Second 1160/3698 - 25 frames, 1 clips
        Second 1170/3698 - 25 frames, 1 clips
        Second 1180/3698 - 25 frames, 1 clips
        Second 1190/3698 - 25 frames, 1 clips
        Second 1200/3698 - 25 frames, 1 clips
        Second 1210/3698 - 25 frames, 1 clips
        Second 1220/3698 - 25 frames, 1 clips
        Second 1230/3698 - 25 frames, 1 clips
        Second 1240/3698 - 25 frames, 1 clips
        Second 1250/3698 - 25 frames, 1 clips
        Second 1260/3698 - 25 frames, 1 clips
        Second 1270/3698 - 25 frames, 1 clips
        Second 1280/3698 - 25 frames, 1 clips
        Second 1290/3698 - 25 frames, 1 clips
        Second 1300/3698 - 25 frames, 1 clips
        Second 1310/3698 - 25 frames, 1 clips
        Second 1320/3698 - 25 frames, 1 clips
        Second 1330/3698 - 25 frames, 1 clips
        Second 1340/3698 - 25 frames, 1 clips
        Second 1350/3698 - 25 frames, 1 clips
        Second 1360/3698 - 25 frames, 1 clips
        Second 1370/3698 - 25 frames, 1 clips
        Second 1380/3698 - 25 frames, 1 clips
        Second 1390/3698 - 25 frames, 1 clips
        Second 1400/3698 - 25 frames, 1 clips
        Second 1410/3698 - 25 frames, 1 clips
        Second 1420/3698 - 25 frames, 1 clips
        Second 1430/3698 - 25 frames, 1 clips
        Second 1440/3698 - 25 frames, 1 clips
        Second 1450/3698 - 25 frames, 1 clips
        Second 1460/3698 - 25 frames, 1 clips
        Second 1470/3698 - 25 frames, 1 clips
        Second 1480/3698 - 25 frames, 1 clips
        Second 1490/3698 - 25 frames, 1 clips
        Second 1500/3698 - 25 frames, 1 clips
        Second 1510/3698 - 25 frames, 1 clips
        Second 1520/3698 - 25 frames, 1 clips
        Second 1530/3698 - 25 frames, 1 clips
        Second 1540/3698 - 25 frames, 1 clips
        Second 1550/3698 - 25 frames, 1 clips
        Second 1560/3698 - 25 frames, 1 clips
        Second 1570/3698 - 25 frames, 1 clips
        Second 1580/3698 - 25 frames, 1 clips
        Second 1590/3698 - 25 frames, 1 clips
        Second 1600/3698 - 25 frames, 1 clips
        Second 1610/3698 - 25 frames, 1 clips
        Second 1620/3698 - 25 frames, 1 clips
        Second 1630/3698 - 25 frames, 1 clips
        Second 1640/3698 - 25 frames, 1 clips
        Second 1650/3698 - 25 frames, 1 clips
        Second 1660/3698 - 25 frames, 1 clips
        Second 1670/3698 - 25 frames, 1 clips
        Second 1680/3698 - 25 frames, 1 clips
        Second 1690/3698 - 25 frames, 1 clips
        Second 1700/3698 - 25 frames, 1 clips
        Second 1710/3698 - 25 frames, 1 clips
        Second 1720/3698 - 25 frames, 1 clips
        Second 1730/3698 - 25 frames, 1 clips
        Second 1740/3698 - 25 frames, 1 clips
        Second 1750/3698 - 25 frames, 1 clips
        Second 1760/3698 - 25 frames, 1 clips
        Second 1770/3698 - 25 frames, 1 clips
        Second 1780/3698 - 25 frames, 1 clips
        Second 1790/3698 - 25 frames, 1 clips
        Second 1800/3698 - 25 frames, 1 clips
        Second 1810/3698 - 25 frames, 1 clips
        Second 1820/3698 - 25 frames, 1 clips
        Second 1830/3698 - 25 frames, 1 clips
        Second 1840/3698 - 25 frames, 1 clips
        Second 1850/3698 - 25 frames, 1 clips
        Second 1860/3698 - 25 frames, 1 clips
        Second 1870/3698 - 25 frames, 1 clips
        Second 1880/3698 - 25 frames, 1 clips
        Second 1890/3698 - 25 frames, 1 clips
        Second 1900/3698 - 25 frames, 1 clips
        Second 1910/3698 - 25 frames, 1 clips
        Second 1920/3698 - 25 frames, 1 clips
        Second 1930/3698 - 25 frames, 1 clips
        Second 1940/3698 - 25 frames, 1 clips
        Second 1950/3698 - 25 frames, 1 clips
        Second 1960/3698 - 25 frames, 1 clips
        Second 1970/3698 - 25 frames, 1 clips
        Second 1980/3698 - 25 frames, 1 clips
        Second 1990/3698 - 25 frames, 1 clips
        Second 2000/3698 - 25 frames, 1 clips
        Second 2010/3698 - 25 frames, 1 clips
        Second 2020/3698 - 25 frames, 1 clips
        Second 2030/3698 - 25 frames, 1 clips
        Second 2040/3698 - 25 frames, 1 clips
        Second 2050/3698 - 25 frames, 1 clips
        Second 2060/3698 - 25 frames, 1 clips
        Second 2070/3698 - 25 frames, 1 clips
        Second 2080/3698 - 25 frames, 1 clips
        Second 2090/3698 - 25 frames, 1 clips
        Second 2100/3698 - 25 frames, 1 clips
        Second 2110/3698 - 25 frames, 1 clips
        Second 2120/3698 - 25 frames, 1 clips
        Second 2130/3698 - 25 frames, 1 clips
        Second 2140/3698 - 25 frames, 1 clips
        Second 2150/3698 - 25 frames, 1 clips
        Second 2160/3698 - 25 frames, 1 clips
        Second 2170/3698 - 25 frames, 1 clips
        Second 2180/3698 - 25 frames, 1 clips
        Second 2190/3698 - 25 frames, 1 clips
        Second 2200/3698 - 25 frames, 1 clips
        Second 2210/3698 - 25 frames, 1 clips
        Second 2220/3698 - 25 frames, 1 clips
        Second 2230/3698 - 25 frames, 1 clips
        Second 2240/3698 - 25 frames, 1 clips
        Second 2250/3698 - 25 frames, 1 clips
        Second 2260/3698 - 25 frames, 1 clips
        Second 2270/3698 - 25 frames, 1 clips
        Second 2280/3698 - 25 frames, 1 clips
        Second 2290/3698 - 25 frames, 1 clips
        Second 2300/3698 - 25 frames, 1 clips
        Second 2310/3698 - 25 frames, 1 clips
        Second 2320/3698 - 25 frames, 1 clips
        Second 2330/3698 - 25 frames, 1 clips
        Second 2340/3698 - 25 frames, 1 clips
        Second 2350/3698 - 25 frames, 1 clips
        Second 2360/3698 - 25 frames, 1 clips
        Second 2370/3698 - 25 frames, 1 clips
        Second 2380/3698 - 25 frames, 1 clips
        Second 2390/3698 - 25 frames, 1 clips
        Second 2400/3698 - 25 frames, 1 clips
        Second 2410/3698 - 25 frames, 1 clips
        Second 2420/3698 - 25 frames, 1 clips
        Second 2430/3698 - 25 frames, 1 clips
        Second 2440/3698 - 25 frames, 1 clips
        Second 2450/3698 - 25 frames, 1 clips
        Second 2460/3698 - 25 frames, 1 clips
        Second 2470/3698 - 25 frames, 1 clips
        Second 2480/3698 - 25 frames, 1 clips
        Second 2490/3698 - 25 frames, 1 clips
        Second 2500/3698 - 25 frames, 1 clips
        Second 2510/3698 - 25 frames, 1 clips
        Second 2520/3698 - 25 frames, 1 clips
        Second 2530/3698 - 25 frames, 1 clips
        Second 2540/3698 - 25 frames, 1 clips
        Second 2550/3698 - 25 frames, 1 clips
        Second 2560/3698 - 25 frames, 1 clips
        Second 2570/3698 - 25 frames, 1 clips
        Second 2580/3698 - 25 frames, 1 clips
        Second 2590/3698 - 25 frames, 1 clips
        Second 2600/3698 - 25 frames, 1 clips
        Second 2610/3698 - 25 frames, 1 clips
        Second 2620/3698 - 25 frames, 1 clips
        Second 2630/3698 - 25 frames, 1 clips
        Second 2640/3698 - 25 frames, 1 clips
        Second 2650/3698 - 25 frames, 1 clips
        Second 2660/3698 - 25 frames, 1 clips
        Second 2670/3698 - 25 frames, 1 clips
        Second 2680/3698 - 25 frames, 1 clips
        Second 2690/3698 - 25 frames, 1 clips
        Second 2700/3698 - 25 frames, 1 clips
        Second 2710/3698 - 25 frames, 1 clips
        Second 2720/3698 - 25 frames, 1 clips
        Second 2730/3698 - 25 frames, 1 clips
        Second 2740/3698 - 25 frames, 1 clips
        Second 2750/3698 - 25 frames, 1 clips
        Second 2760/3698 - 25 frames, 1 clips
        Second 2770/3698 - 25 frames, 1 clips
        Second 2780/3698 - 25 frames, 1 clips
        Second 2790/3698 - 25 frames, 1 clips
        Second 2800/3698 - 25 frames, 1 clips
        Second 2810/3698 - 25 frames, 1 clips
        Second 2820/3698 - 25 frames, 1 clips
        Second 2830/3698 - 25 frames, 1 clips
        Second 2840/3698 - 25 frames, 1 clips
        Second 2850/3698 - 25 frames, 1 clips
        Second 2860/3698 - 25 frames, 1 clips
        Second 2870/3698 - 25 frames, 1 clips
        Second 2880/3698 - 25 frames, 1 clips
        Second 2890/3698 - 25 frames, 1 clips
        Second 2900/3698 - 25 frames, 1 clips
        Second 2910/3698 - 25 frames, 1 clips
        Second 2920/3698 - 25 frames, 1 clips
        Second 2930/3698 - 25 frames, 1 clips
        Second 2940/3698 - 25 frames, 1 clips
        Second 2950/3698 - 25 frames, 1 clips
        Second 2960/3698 - 25 frames, 1 clips
        Second 2970/3698 - 25 frames, 1 clips
        Second 2980/3698 - 25 frames, 1 clips
        Second 2990/3698 - 25 frames, 1 clips
        Second 3000/3698 - 25 frames, 1 clips
        Second 3010/3698 - 25 frames, 1 clips
        Second 3020/3698 - 25 frames, 1 clips
        Second 3030/3698 - 25 frames, 1 clips
        Second 3040/3698 - 25 frames, 1 clips
        Second 3050/3698 - 25 frames, 1 clips
        Second 3060/3698 - 25 frames, 1 clips
        Second 3070/3698 - 25 frames, 1 clips
        Second 3080/3698 - 25 frames, 1 clips
        Second 3090/3698 - 25 frames, 1 clips
        Second 3100/3698 - 25 frames, 1 clips
        Second 3110/3698 - 25 frames, 1 clips
        Second 3120/3698 - 25 frames, 1 clips
        Second 3130/3698 - 25 frames, 1 clips
        Second 3140/3698 - 25 frames, 1 clips
        Second 3150/3698 - 25 frames, 1 clips
        Second 3160/3698 - 25 frames, 1 clips
        Second 3170/3698 - 25 frames, 1 clips
        Second 3180/3698 - 25 frames, 1 clips
        Second 3190/3698 - 25 frames, 1 clips
        Second 3200/3698 - 25 frames, 1 clips
        Second 3210/3698 - 25 frames, 1 clips
        Second 3220/3698 - 25 frames, 1 clips
        Second 3230/3698 - 25 frames, 1 clips
        Second 3240/3698 - 25 frames, 1 clips
        Second 3250/3698 - 25 frames, 1 clips
        Second 3260/3698 - 25 frames, 1 clips
        Second 3270/3698 - 25 frames, 1 clips
        Second 3280/3698 - 25 frames, 1 clips
        Second 3290/3698 - 25 frames, 1 clips
        Second 3300/3698 - 25 frames, 1 clips
        Second 3310/3698 - 25 frames, 1 clips
        Second 3320/3698 - 25 frames, 1 clips
        Second 3330/3698 - 25 frames, 1 clips
        Second 3340/3698 - 25 frames, 1 clips
        Second 3350/3698 - 25 frames, 1 clips
        Second 3360/3698 - 25 frames, 1 clips
        Second 3370/3698 - 25 frames, 1 clips
        Second 3380/3698 - 25 frames, 1 clips
        Second 3390/3698 - 25 frames, 1 clips
        Second 3400/3698 - 25 frames, 1 clips
        Second 3410/3698 - 25 frames, 1 clips
        Second 3420/3698 - 25 frames, 1 clips
        Second 3430/3698 - 25 frames, 1 clips
        Second 3440/3698 - 25 frames, 1 clips
        Second 3450/3698 - 25 frames, 1 clips
        Second 3460/3698 - 25 frames, 1 clips
        Second 3470/3698 - 25 frames, 1 clips
        Second 3480/3698 - 25 frames, 1 clips
        Second 3490/3698 - 25 frames, 1 clips
        Second 3500/3698 - 25 frames, 1 clips
        Second 3510/3698 - 25 frames, 1 clips
        Second 3520/3698 - 25 frames, 1 clips
        Second 3530/3698 - 25 frames, 1 clips
        Second 3540/3698 - 25 frames, 1 clips
        Second 3550/3698 - 25 frames, 1 clips
        Second 3560/3698 - 25 frames, 1 clips
        Second 3570/3698 - 25 frames, 1 clips
        Second 3580/3698 - 25 frames, 1 clips
        Second 3590/3698 - 25 frames, 1 clips
        Second 3600/3698 - 25 frames, 1 clips
        Second 3610/3698 - 25 frames, 1 clips
        Second 3620/3698 - 25 frames, 1 clips
        Second 3630/3698 - 25 frames, 1 clips
        Second 3640/3698 - 25 frames, 1 clips
        Second 3650/3698 - 25 frames, 1 clips
        Second 3660/3698 - 25 frames, 1 clips
        Second 3670/3698 - 25 frames, 1 clips
        Second 3680/3698 - 25 frames, 1 clips
        Second 3690/3698 - 25 frames, 1 clips
      ───────────────────────────────────────────────────────
      FEATURE EXTRACTION COMPLETE
      ───────────────────────────────────────────────────────
      Final features shape: (3698, 1024)
      Features per second: 3698
      Feature dimension: 1024
      ═══════════════════════════════════════════════════════

[ID10]   Features extracted: (3698, 1024)
[ID10] Step 2/4: Converting to binary labels and removing unwanted classes...
[ID10]   Number of seconds: 3698
      CSV columns: ['start_time', 'end_time', 'licking', 'shaking']
      CSV shape: (3840, 4)
      Video seconds: 3698
      Total rows in CSV: 3840
      Valid rows (within video duration): 3698
      Rows kept after removing shaking: 3677
[ID10]   Original seconds: 3698
[ID10]   After removing shaking/licking_shaking: 3677
[ID10] Step 3/4: Balancing classes...
      Before balancing:
        Background: 3044 samples
        Licking: 633 samples
        Ratio: 4.81:1
      After balancing:
        Background: 633 samples
        Licking: 633 samples
        Total: 1266 samples
[ID10] Step 4/4: Saving processed data...
[ID10]   Saved features: /data-8tb/nvaci/dataset/dataset_Stanford/FACT_method/preprocessed_data_2class_originalFPS/features/ID10.npy
[ID10]     Shape: (1266, 1024)
[ID10]     Size: 4.95 MB
[ID10]   Final label distribution:
[ID10]     - background: 633 seconds (50.0%)
[ID10]     - licking: 633 seconds (50.0%)
[ID10]   Saved labels: /data-8tb/nvaci/dataset/dataset_Stanford/FACT_method/preprocessed_data_2class_originalFPS/groundTruth/ID10.txt
[ID10] SUCCESS - Video processed successfully


================================================================================
Processing video 11/32: ID11
================================================================================
[ID11] Found label file: 25-021_ID11.csv
[ID11] Step 1/4: Extracting features (per second)...
      Opening video file...

      ═══════════════════════════════════════════════════════
      VIDEO PROPERTIES
      ═══════════════════════════════════════════════════════
      FPS detected: 25.00
      Clip length (auto): 25 frames
      Total frames: 98201
      Duration: 3928.04 seconds
      Expected seconds: 3929
      Frames per second: ~25.0
      ═══════════════════════════════════════════════════════

      Using ORIGINAL FPS with per-second aggregation
      Aggregation method: mean
      ───────────────────────────────────────────────────────
      READING ALL FRAMES FROM VIDEO
      ───────────────────────────────────────────────────────
      Progress: 500/98201 frames (0.5%)
      Progress: 1000/98201 frames (1.0%)
      Progress: 1500/98201 frames (1.5%)
      Progress: 2000/98201 frames (2.0%)
      Progress: 2500/98201 frames (2.5%)
      Progress: 3000/98201 frames (3.1%)
      Progress: 3500/98201 frames (3.6%)
      Progress: 4000/98201 frames (4.1%)
      Progress: 4500/98201 frames (4.6%)
      Progress: 5000/98201 frames (5.1%)
      Progress: 5500/98201 frames (5.6%)
      Progress: 6000/98201 frames (6.1%)
      Progress: 6500/98201 frames (6.6%)
      Progress: 7000/98201 frames (7.1%)
      Progress: 7500/98201 frames (7.6%)
      Progress: 8000/98201 frames (8.1%)
      Progress: 8500/98201 frames (8.7%)
      Progress: 9000/98201 frames (9.2%)
      Progress: 9500/98201 frames (9.7%)
      Progress: 10000/98201 frames (10.2%)
      Progress: 10500/98201 frames (10.7%)
      Progress: 11000/98201 frames (11.2%)
      Progress: 11500/98201 frames (11.7%)
      Progress: 12000/98201 frames (12.2%)
      Progress: 12500/98201 frames (12.7%)
      Progress: 13000/98201 frames (13.2%)
      Progress: 13500/98201 frames (13.7%)
      Progress: 14000/98201 frames (14.3%)
      Progress: 14500/98201 frames (14.8%)
      Progress: 15000/98201 frames (15.3%)
      Progress: 15500/98201 frames (15.8%)
      Progress: 16000/98201 frames (16.3%)
      Progress: 16500/98201 frames (16.8%)
      Progress: 17000/98201 frames (17.3%)
      Progress: 17500/98201 frames (17.8%)
      Progress: 18000/98201 frames (18.3%)
      Progress: 18500/98201 frames (18.8%)
      Progress: 19000/98201 frames (19.3%)
      Progress: 19500/98201 frames (19.9%)
      Progress: 20000/98201 frames (20.4%)
      Progress: 20500/98201 frames (20.9%)
      Progress: 21000/98201 frames (21.4%)
      Progress: 21500/98201 frames (21.9%)
      Progress: 22000/98201 frames (22.4%)
      Progress: 22500/98201 frames (22.9%)
      Progress: 23000/98201 frames (23.4%)
      Progress: 23500/98201 frames (23.9%)
      Progress: 24000/98201 frames (24.4%)
      Progress: 24500/98201 frames (24.9%)
      Progress: 25000/98201 frames (25.5%)
      Progress: 25500/98201 frames (26.0%)
      Progress: 26000/98201 frames (26.5%)
      Progress: 26500/98201 frames (27.0%)
      Progress: 27000/98201 frames (27.5%)
      Progress: 27500/98201 frames (28.0%)
      Progress: 28000/98201 frames (28.5%)
      Progress: 28500/98201 frames (29.0%)
      Progress: 29000/98201 frames (29.5%)
      Progress: 29500/98201 frames (30.0%)
      Progress: 30000/98201 frames (30.5%)
      Progress: 30500/98201 frames (31.1%)
      Progress: 31000/98201 frames (31.6%)
      Progress: 31500/98201 frames (32.1%)
      Progress: 32000/98201 frames (32.6%)
      Progress: 32500/98201 frames (33.1%)
      Progress: 33000/98201 frames (33.6%)
      Progress: 33500/98201 frames (34.1%)
      Progress: 34000/98201 frames (34.6%)
      Progress: 34500/98201 frames (35.1%)
      Progress: 35000/98201 frames (35.6%)
      Progress: 35500/98201 frames (36.2%)
      Progress: 36000/98201 frames (36.7%)
      Progress: 36500/98201 frames (37.2%)
      Progress: 37000/98201 frames (37.7%)
      Progress: 37500/98201 frames (38.2%)
      Progress: 38000/98201 frames (38.7%)
      Progress: 38500/98201 frames (39.2%)
      Progress: 39000/98201 frames (39.7%)
      Progress: 39500/98201 frames (40.2%)
      Progress: 40000/98201 frames (40.7%)
      Progress: 40500/98201 frames (41.2%)
      Progress: 41000/98201 frames (41.8%)
      Progress: 41500/98201 frames (42.3%)
      Progress: 42000/98201 frames (42.8%)
      Progress: 42500/98201 frames (43.3%)
      Progress: 43000/98201 frames (43.8%)
      Progress: 43500/98201 frames (44.3%)
      Progress: 44000/98201 frames (44.8%)
      Progress: 44500/98201 frames (45.3%)
      Progress: 45000/98201 frames (45.8%)
      Progress: 45500/98201 frames (46.3%)
      Progress: 46000/98201 frames (46.8%)
      Progress: 46500/98201 frames (47.4%)
      Progress: 47000/98201 frames (47.9%)
      Progress: 47500/98201 frames (48.4%)
      Progress: 48000/98201 frames (48.9%)
      Progress: 48500/98201 frames (49.4%)
      Progress: 49000/98201 frames (49.9%)
      Progress: 49500/98201 frames (50.4%)
      Progress: 50000/98201 frames (50.9%)
      Progress: 50500/98201 frames (51.4%)
      Progress: 51000/98201 frames (51.9%)
      Progress: 51500/98201 frames (52.4%)
      Progress: 52000/98201 frames (53.0%)
      Progress: 52500/98201 frames (53.5%)
      Progress: 53000/98201 frames (54.0%)
      Progress: 53500/98201 frames (54.5%)
      Progress: 54000/98201 frames (55.0%)
      Progress: 54500/98201 frames (55.5%)
      Progress: 55000/98201 frames (56.0%)
      Progress: 55500/98201 frames (56.5%)
      Progress: 56000/98201 frames (57.0%)
      Progress: 56500/98201 frames (57.5%)
      Progress: 57000/98201 frames (58.0%)
      Progress: 57500/98201 frames (58.6%)
      Progress: 58000/98201 frames (59.1%)
      Progress: 58500/98201 frames (59.6%)
      Progress: 59000/98201 frames (60.1%)
      Progress: 59500/98201 frames (60.6%)
      Progress: 60000/98201 frames (61.1%)
      Progress: 60500/98201 frames (61.6%)
      Progress: 61000/98201 frames (62.1%)
      Progress: 61500/98201 frames (62.6%)
      Progress: 62000/98201 frames (63.1%)
      Progress: 62500/98201 frames (63.6%)
      Progress: 63000/98201 frames (64.2%)
      Progress: 63500/98201 frames (64.7%)
      Progress: 64000/98201 frames (65.2%)
      Progress: 64500/98201 frames (65.7%)
      Progress: 65000/98201 frames (66.2%)
      Progress: 65500/98201 frames (66.7%)
      Progress: 66000/98201 frames (67.2%)
      Progress: 66500/98201 frames (67.7%)
      Progress: 67000/98201 frames (68.2%)
      Progress: 67500/98201 frames (68.7%)
      Progress: 68000/98201 frames (69.2%)
      Progress: 68500/98201 frames (69.8%)
      Progress: 69000/98201 frames (70.3%)
      Progress: 69500/98201 frames (70.8%)
      Progress: 70000/98201 frames (71.3%)
      Progress: 70500/98201 frames (71.8%)
      Progress: 71000/98201 frames (72.3%)
      Progress: 71500/98201 frames (72.8%)
      Progress: 72000/98201 frames (73.3%)
      Progress: 72500/98201 frames (73.8%)
      Progress: 73000/98201 frames (74.3%)
      Progress: 73500/98201 frames (74.8%)
      Progress: 74000/98201 frames (75.4%)
      Progress: 74500/98201 frames (75.9%)
      Progress: 75000/98201 frames (76.4%)
      Progress: 75500/98201 frames (76.9%)
      Progress: 76000/98201 frames (77.4%)
      Progress: 76500/98201 frames (77.9%)
      Progress: 77000/98201 frames (78.4%)
      Progress: 77500/98201 frames (78.9%)
      Progress: 78000/98201 frames (79.4%)
      Progress: 78500/98201 frames (79.9%)
      Progress: 79000/98201 frames (80.4%)
      Progress: 79500/98201 frames (81.0%)
      Progress: 80000/98201 frames (81.5%)
      Progress: 80500/98201 frames (82.0%)
      Progress: 81000/98201 frames (82.5%)
      Progress: 81500/98201 frames (83.0%)
      Progress: 82000/98201 frames (83.5%)
      Progress: 82500/98201 frames (84.0%)
      Progress: 83000/98201 frames (84.5%)
      Progress: 83500/98201 frames (85.0%)
      Progress: 84000/98201 frames (85.5%)
      Progress: 84500/98201 frames (86.0%)
      Progress: 85000/98201 frames (86.6%)
      Progress: 85500/98201 frames (87.1%)
      Progress: 86000/98201 frames (87.6%)
      Progress: 86500/98201 frames (88.1%)
      Progress: 87000/98201 frames (88.6%)
      Progress: 87500/98201 frames (89.1%)
      Progress: 88000/98201 frames (89.6%)
      Progress: 88500/98201 frames (90.1%)
      Progress: 89000/98201 frames (90.6%)
      Progress: 89500/98201 frames (91.1%)
      Progress: 90000/98201 frames (91.6%)
      Progress: 90500/98201 frames (92.2%)
      Progress: 91000/98201 frames (92.7%)
      Progress: 91500/98201 frames (93.2%)
      Progress: 92000/98201 frames (93.7%)
      Progress: 92500/98201 frames (94.2%)
      Progress: 93000/98201 frames (94.7%)
      Progress: 93500/98201 frames (95.2%)
      Progress: 94000/98201 frames (95.7%)
      Progress: 94500/98201 frames (96.2%)
      Progress: 95000/98201 frames (96.7%)
      Progress: 95500/98201 frames (97.2%)
      Progress: 96000/98201 frames (97.8%)
      Progress: 96500/98201 frames (98.3%)
      Progress: 97000/98201 frames (98.8%)
      Progress: 97500/98201 frames (99.3%)
      Progress: 98000/98201 frames (99.8%)
      ───────────────────────────────────────────────────────
      FRAME READING COMPLETE
      ───────────────────────────────────────────────────────
      Expected frames: 98201
      Frames read: 98026
      Frames missing: 175
      WARNING: 175 frames could not be read!
      ───────────────────────────────────────────────────────

      FRAMES DISTRIBUTION BY SECOND:
        Second   0:  25 frames
        Second   1:  25 frames
        Second   2:  25 frames
        Second   3:  25 frames
        Second   4:  25 frames
        Second   5:  25 frames
        Second   6:  25 frames
        Second   7:  25 frames
        Second   8:  25 frames
        Second   9:  25 frames
        ... (3919 more seconds)
      
      Frame statistics:
        Average frames/second: 24.9
        Min frames/second: 0
        Max frames/second: 25
      
      ───────────────────────────────────────────────────────
      EXTRACTING FEATURES PER SECOND
      ───────────────────────────────────────────────────────
      Total seconds to process: 3929
        Second 10/3929 - 25 frames, 1 clips
        Second 20/3929 - 25 frames, 1 clips
        Second 30/3929 - 25 frames, 1 clips
        Second 40/3929 - 25 frames, 1 clips
        Second 50/3929 - 25 frames, 1 clips
        Second 60/3929 - 25 frames, 1 clips
        Second 70/3929 - 25 frames, 1 clips
        Second 80/3929 - 25 frames, 1 clips
        Second 90/3929 - 25 frames, 1 clips
        Second 100/3929 - 25 frames, 1 clips
        Second 110/3929 - 25 frames, 1 clips
        Second 120/3929 - 25 frames, 1 clips
        Second 130/3929 - 25 frames, 1 clips
        Second 140/3929 - 25 frames, 1 clips
        Second 150/3929 - 25 frames, 1 clips
        Second 160/3929 - 25 frames, 1 clips
        Second 170/3929 - 25 frames, 1 clips
        Second 180/3929 - 25 frames, 1 clips
        Second 190/3929 - 25 frames, 1 clips
        Second 200/3929 - 25 frames, 1 clips
        Second 210/3929 - 25 frames, 1 clips
        Second 220/3929 - 25 frames, 1 clips
        Second 230/3929 - 25 frames, 1 clips
        Second 240/3929 - 25 frames, 1 clips
        Second 250/3929 - 25 frames, 1 clips
        Second 260/3929 - 25 frames, 1 clips
        Second 270/3929 - 25 frames, 1 clips
        Second 280/3929 - 25 frames, 1 clips
        Second 290/3929 - 25 frames, 1 clips
        Second 300/3929 - 25 frames, 1 clips
        Second 310/3929 - 25 frames, 1 clips
        Second 320/3929 - 25 frames, 1 clips
        Second 330/3929 - 25 frames, 1 clips
        Second 340/3929 - 25 frames, 1 clips
        Second 350/3929 - 25 frames, 1 clips
        Second 360/3929 - 25 frames, 1 clips
        Second 370/3929 - 25 frames, 1 clips
        Second 380/3929 - 25 frames, 1 clips
        Second 390/3929 - 25 frames, 1 clips
        Second 400/3929 - 25 frames, 1 clips
        Second 410/3929 - 25 frames, 1 clips
        Second 420/3929 - 25 frames, 1 clips
        Second 430/3929 - 25 frames, 1 clips
        Second 440/3929 - 25 frames, 1 clips
        Second 450/3929 - 25 frames, 1 clips
        Second 460/3929 - 25 frames, 1 clips
        Second 470/3929 - 25 frames, 1 clips
        Second 480/3929 - 25 frames, 1 clips
        Second 490/3929 - 25 frames, 1 clips
        Second 500/3929 - 25 frames, 1 clips
        Second 510/3929 - 25 frames, 1 clips
        Second 520/3929 - 25 frames, 1 clips
        Second 530/3929 - 25 frames, 1 clips
        Second 540/3929 - 25 frames, 1 clips
        Second 550/3929 - 25 frames, 1 clips
        Second 560/3929 - 25 frames, 1 clips
        Second 570/3929 - 25 frames, 1 clips
        Second 580/3929 - 25 frames, 1 clips
        Second 590/3929 - 25 frames, 1 clips
        Second 600/3929 - 25 frames, 1 clips
        Second 610/3929 - 25 frames, 1 clips
        Second 620/3929 - 25 frames, 1 clips
        Second 630/3929 - 25 frames, 1 clips
        Second 640/3929 - 25 frames, 1 clips
        Second 650/3929 - 25 frames, 1 clips
        Second 660/3929 - 25 frames, 1 clips
        Second 670/3929 - 25 frames, 1 clips
        Second 680/3929 - 25 frames, 1 clips
        Second 690/3929 - 25 frames, 1 clips
        Second 700/3929 - 25 frames, 1 clips
        Second 710/3929 - 25 frames, 1 clips
        Second 720/3929 - 25 frames, 1 clips
        Second 730/3929 - 25 frames, 1 clips
        Second 740/3929 - 25 frames, 1 clips
        Second 750/3929 - 25 frames, 1 clips
        Second 760/3929 - 25 frames, 1 clips
        Second 770/3929 - 25 frames, 1 clips
        Second 780/3929 - 25 frames, 1 clips
        Second 790/3929 - 25 frames, 1 clips
        Second 800/3929 - 25 frames, 1 clips
        Second 810/3929 - 25 frames, 1 clips
        Second 820/3929 - 25 frames, 1 clips
        Second 830/3929 - 25 frames, 1 clips
        Second 840/3929 - 25 frames, 1 clips
        Second 850/3929 - 25 frames, 1 clips
        Second 860/3929 - 25 frames, 1 clips
        Second 870/3929 - 25 frames, 1 clips
        Second 880/3929 - 25 frames, 1 clips
        Second 890/3929 - 25 frames, 1 clips
        Second 900/3929 - 25 frames, 1 clips
        Second 910/3929 - 25 frames, 1 clips
        Second 920/3929 - 25 frames, 1 clips
        Second 930/3929 - 25 frames, 1 clips
        Second 940/3929 - 25 frames, 1 clips
        Second 950/3929 - 25 frames, 1 clips
        Second 960/3929 - 25 frames, 1 clips
        Second 970/3929 - 25 frames, 1 clips
        Second 980/3929 - 25 frames, 1 clips
        Second 990/3929 - 25 frames, 1 clips
        Second 1000/3929 - 25 frames, 1 clips
        Second 1010/3929 - 25 frames, 1 clips
        Second 1020/3929 - 25 frames, 1 clips
        Second 1030/3929 - 25 frames, 1 clips
        Second 1040/3929 - 25 frames, 1 clips
        Second 1050/3929 - 25 frames, 1 clips
        Second 1060/3929 - 25 frames, 1 clips
        Second 1070/3929 - 25 frames, 1 clips
        Second 1080/3929 - 25 frames, 1 clips
        Second 1090/3929 - 25 frames, 1 clips
        Second 1100/3929 - 25 frames, 1 clips
        Second 1110/3929 - 25 frames, 1 clips
        Second 1120/3929 - 25 frames, 1 clips
        Second 1130/3929 - 25 frames, 1 clips
        Second 1140/3929 - 25 frames, 1 clips
        Second 1150/3929 - 25 frames, 1 clips
        Second 1160/3929 - 25 frames, 1 clips
        Second 1170/3929 - 25 frames, 1 clips
        Second 1180/3929 - 25 frames, 1 clips
        Second 1190/3929 - 25 frames, 1 clips
        Second 1200/3929 - 25 frames, 1 clips
        Second 1210/3929 - 25 frames, 1 clips
        Second 1220/3929 - 25 frames, 1 clips
        Second 1230/3929 - 25 frames, 1 clips
        Second 1240/3929 - 25 frames, 1 clips
        Second 1250/3929 - 25 frames, 1 clips
        Second 1260/3929 - 25 frames, 1 clips
        Second 1270/3929 - 25 frames, 1 clips
        Second 1280/3929 - 25 frames, 1 clips
        Second 1290/3929 - 25 frames, 1 clips
        Second 1300/3929 - 25 frames, 1 clips
        Second 1310/3929 - 25 frames, 1 clips
        Second 1320/3929 - 25 frames, 1 clips
        Second 1330/3929 - 25 frames, 1 clips
        Second 1340/3929 - 25 frames, 1 clips
        Second 1350/3929 - 25 frames, 1 clips
        Second 1360/3929 - 25 frames, 1 clips
        Second 1370/3929 - 25 frames, 1 clips
        Second 1380/3929 - 25 frames, 1 clips
        Second 1390/3929 - 25 frames, 1 clips
        Second 1400/3929 - 25 frames, 1 clips
        Second 1410/3929 - 25 frames, 1 clips
        Second 1420/3929 - 25 frames, 1 clips
        Second 1430/3929 - 25 frames, 1 clips
        Second 1440/3929 - 25 frames, 1 clips
        Second 1450/3929 - 25 frames, 1 clips
        Second 1460/3929 - 25 frames, 1 clips
        Second 1470/3929 - 25 frames, 1 clips
        Second 1480/3929 - 25 frames, 1 clips
        Second 1490/3929 - 25 frames, 1 clips
        Second 1500/3929 - 25 frames, 1 clips
        Second 1510/3929 - 25 frames, 1 clips
        Second 1520/3929 - 25 frames, 1 clips
        Second 1530/3929 - 25 frames, 1 clips
        Second 1540/3929 - 25 frames, 1 clips
        Second 1550/3929 - 25 frames, 1 clips
        Second 1560/3929 - 25 frames, 1 clips
        Second 1570/3929 - 25 frames, 1 clips
        Second 1580/3929 - 25 frames, 1 clips
        Second 1590/3929 - 25 frames, 1 clips
        Second 1600/3929 - 25 frames, 1 clips
        Second 1610/3929 - 25 frames, 1 clips
        Second 1620/3929 - 25 frames, 1 clips
        Second 1630/3929 - 25 frames, 1 clips
        Second 1640/3929 - 25 frames, 1 clips
        Second 1650/3929 - 25 frames, 1 clips
        Second 1660/3929 - 25 frames, 1 clips
        Second 1670/3929 - 25 frames, 1 clips
        Second 1680/3929 - 25 frames, 1 clips
        Second 1690/3929 - 25 frames, 1 clips
        Second 1700/3929 - 25 frames, 1 clips
        Second 1710/3929 - 25 frames, 1 clips
        Second 1720/3929 - 25 frames, 1 clips
        Second 1730/3929 - 25 frames, 1 clips
        Second 1740/3929 - 25 frames, 1 clips
        Second 1750/3929 - 25 frames, 1 clips
        Second 1760/3929 - 25 frames, 1 clips
        Second 1770/3929 - 25 frames, 1 clips
        Second 1780/3929 - 25 frames, 1 clips
        Second 1790/3929 - 25 frames, 1 clips
        Second 1800/3929 - 25 frames, 1 clips
        Second 1810/3929 - 25 frames, 1 clips
        Second 1820/3929 - 25 frames, 1 clips
        Second 1830/3929 - 25 frames, 1 clips
        Second 1840/3929 - 25 frames, 1 clips
        Second 1850/3929 - 25 frames, 1 clips
        Second 1860/3929 - 25 frames, 1 clips
        Second 1870/3929 - 25 frames, 1 clips
        Second 1880/3929 - 25 frames, 1 clips
        Second 1890/3929 - 25 frames, 1 clips
        Second 1900/3929 - 25 frames, 1 clips
        Second 1910/3929 - 25 frames, 1 clips
        Second 1920/3929 - 25 frames, 1 clips
        Second 1930/3929 - 25 frames, 1 clips
        Second 1940/3929 - 25 frames, 1 clips
        Second 1950/3929 - 25 frames, 1 clips
        Second 1960/3929 - 25 frames, 1 clips
        Second 1970/3929 - 25 frames, 1 clips
        Second 1980/3929 - 25 frames, 1 clips
        Second 1990/3929 - 25 frames, 1 clips
        Second 2000/3929 - 25 frames, 1 clips
        Second 2010/3929 - 25 frames, 1 clips
        Second 2020/3929 - 25 frames, 1 clips
        Second 2030/3929 - 25 frames, 1 clips
        Second 2040/3929 - 25 frames, 1 clips
        Second 2050/3929 - 25 frames, 1 clips
        Second 2060/3929 - 25 frames, 1 clips
        Second 2070/3929 - 25 frames, 1 clips
        Second 2080/3929 - 25 frames, 1 clips
        Second 2090/3929 - 25 frames, 1 clips
        Second 2100/3929 - 25 frames, 1 clips
        Second 2110/3929 - 25 frames, 1 clips
        Second 2120/3929 - 25 frames, 1 clips
        Second 2130/3929 - 25 frames, 1 clips
        Second 2140/3929 - 25 frames, 1 clips
        Second 2150/3929 - 25 frames, 1 clips
        Second 2160/3929 - 25 frames, 1 clips
        Second 2170/3929 - 25 frames, 1 clips
        Second 2180/3929 - 25 frames, 1 clips
        Second 2190/3929 - 25 frames, 1 clips
        Second 2200/3929 - 25 frames, 1 clips
        Second 2210/3929 - 25 frames, 1 clips
        Second 2220/3929 - 25 frames, 1 clips
        Second 2230/3929 - 25 frames, 1 clips
        Second 2240/3929 - 25 frames, 1 clips
        Second 2250/3929 - 25 frames, 1 clips
        Second 2260/3929 - 25 frames, 1 clips
        Second 2270/3929 - 25 frames, 1 clips
        Second 2280/3929 - 25 frames, 1 clips
        Second 2290/3929 - 25 frames, 1 clips
        Second 2300/3929 - 25 frames, 1 clips
        Second 2310/3929 - 25 frames, 1 clips
        Second 2320/3929 - 25 frames, 1 clips
        Second 2330/3929 - 25 frames, 1 clips
        Second 2340/3929 - 25 frames, 1 clips
        Second 2350/3929 - 25 frames, 1 clips
        Second 2360/3929 - 25 frames, 1 clips
        Second 2370/3929 - 25 frames, 1 clips
        Second 2380/3929 - 25 frames, 1 clips
        Second 2390/3929 - 25 frames, 1 clips
        Second 2400/3929 - 25 frames, 1 clips
        Second 2410/3929 - 25 frames, 1 clips
        Second 2420/3929 - 25 frames, 1 clips
        Second 2430/3929 - 25 frames, 1 clips
        Second 2440/3929 - 25 frames, 1 clips
        Second 2450/3929 - 25 frames, 1 clips
        Second 2460/3929 - 25 frames, 1 clips
        Second 2470/3929 - 25 frames, 1 clips
        Second 2480/3929 - 25 frames, 1 clips
        Second 2490/3929 - 25 frames, 1 clips
        Second 2500/3929 - 25 frames, 1 clips
        Second 2510/3929 - 25 frames, 1 clips
        Second 2520/3929 - 25 frames, 1 clips
        Second 2530/3929 - 25 frames, 1 clips
        Second 2540/3929 - 25 frames, 1 clips
        Second 2550/3929 - 25 frames, 1 clips
        Second 2560/3929 - 25 frames, 1 clips
        Second 2570/3929 - 25 frames, 1 clips
        Second 2580/3929 - 25 frames, 1 clips
        Second 2590/3929 - 25 frames, 1 clips
        Second 2600/3929 - 25 frames, 1 clips
        Second 2610/3929 - 25 frames, 1 clips
        Second 2620/3929 - 25 frames, 1 clips
        Second 2630/3929 - 25 frames, 1 clips
        Second 2640/3929 - 25 frames, 1 clips
        Second 2650/3929 - 25 frames, 1 clips
        Second 2660/3929 - 25 frames, 1 clips
        Second 2670/3929 - 25 frames, 1 clips
        Second 2680/3929 - 25 frames, 1 clips
        Second 2690/3929 - 25 frames, 1 clips
        Second 2700/3929 - 25 frames, 1 clips
        Second 2710/3929 - 25 frames, 1 clips
        Second 2720/3929 - 25 frames, 1 clips
        Second 2730/3929 - 25 frames, 1 clips
        Second 2740/3929 - 25 frames, 1 clips
        Second 2750/3929 - 25 frames, 1 clips
        Second 2760/3929 - 25 frames, 1 clips
        Second 2770/3929 - 25 frames, 1 clips
        Second 2780/3929 - 25 frames, 1 clips
        Second 2790/3929 - 25 frames, 1 clips
        Second 2800/3929 - 25 frames, 1 clips
        Second 2810/3929 - 25 frames, 1 clips
        Second 2820/3929 - 25 frames, 1 clips
        Second 2830/3929 - 25 frames, 1 clips
        Second 2840/3929 - 25 frames, 1 clips
        Second 2850/3929 - 25 frames, 1 clips
        Second 2860/3929 - 25 frames, 1 clips
        Second 2870/3929 - 25 frames, 1 clips
        Second 2880/3929 - 25 frames, 1 clips
        Second 2890/3929 - 25 frames, 1 clips
        Second 2900/3929 - 25 frames, 1 clips
        Second 2910/3929 - 25 frames, 1 clips
        Second 2920/3929 - 25 frames, 1 clips
        Second 2930/3929 - 25 frames, 1 clips
        Second 2940/3929 - 25 frames, 1 clips
        Second 2950/3929 - 25 frames, 1 clips
        Second 2960/3929 - 25 frames, 1 clips
        Second 2970/3929 - 25 frames, 1 clips
        Second 2980/3929 - 25 frames, 1 clips
        Second 2990/3929 - 25 frames, 1 clips
        Second 3000/3929 - 25 frames, 1 clips
        Second 3010/3929 - 25 frames, 1 clips
        Second 3020/3929 - 25 frames, 1 clips
        Second 3030/3929 - 25 frames, 1 clips
        Second 3040/3929 - 25 frames, 1 clips
        Second 3050/3929 - 25 frames, 1 clips
        Second 3060/3929 - 25 frames, 1 clips
        Second 3070/3929 - 25 frames, 1 clips
        Second 3080/3929 - 25 frames, 1 clips
        Second 3090/3929 - 25 frames, 1 clips
        Second 3100/3929 - 25 frames, 1 clips
        Second 3110/3929 - 25 frames, 1 clips
        Second 3120/3929 - 25 frames, 1 clips
        Second 3130/3929 - 25 frames, 1 clips
        Second 3140/3929 - 25 frames, 1 clips
        Second 3150/3929 - 25 frames, 1 clips
        Second 3160/3929 - 25 frames, 1 clips
        Second 3170/3929 - 25 frames, 1 clips
        Second 3180/3929 - 25 frames, 1 clips
        Second 3190/3929 - 25 frames, 1 clips
        Second 3200/3929 - 25 frames, 1 clips
        Second 3210/3929 - 25 frames, 1 clips
        Second 3220/3929 - 25 frames, 1 clips
        Second 3230/3929 - 25 frames, 1 clips
        Second 3240/3929 - 25 frames, 1 clips
        Second 3250/3929 - 25 frames, 1 clips
        Second 3260/3929 - 25 frames, 1 clips
        Second 3270/3929 - 25 frames, 1 clips
        Second 3280/3929 - 25 frames, 1 clips
        Second 3290/3929 - 25 frames, 1 clips
        Second 3300/3929 - 25 frames, 1 clips
        Second 3310/3929 - 25 frames, 1 clips
        Second 3320/3929 - 25 frames, 1 clips
        Second 3330/3929 - 25 frames, 1 clips
        Second 3340/3929 - 25 frames, 1 clips
        Second 3350/3929 - 25 frames, 1 clips
        Second 3360/3929 - 25 frames, 1 clips
        Second 3370/3929 - 25 frames, 1 clips
        Second 3380/3929 - 25 frames, 1 clips
        Second 3390/3929 - 25 frames, 1 clips
        Second 3400/3929 - 25 frames, 1 clips
        Second 3410/3929 - 25 frames, 1 clips
        Second 3420/3929 - 25 frames, 1 clips
        Second 3430/3929 - 25 frames, 1 clips
        Second 3440/3929 - 25 frames, 1 clips
        Second 3450/3929 - 25 frames, 1 clips
        Second 3460/3929 - 25 frames, 1 clips
        Second 3470/3929 - 25 frames, 1 clips
        Second 3480/3929 - 25 frames, 1 clips
        Second 3490/3929 - 25 frames, 1 clips
        Second 3500/3929 - 25 frames, 1 clips
        Second 3510/3929 - 25 frames, 1 clips
        Second 3520/3929 - 25 frames, 1 clips
        Second 3530/3929 - 25 frames, 1 clips
        Second 3540/3929 - 25 frames, 1 clips
        Second 3550/3929 - 25 frames, 1 clips
        Second 3560/3929 - 25 frames, 1 clips
        Second 3570/3929 - 25 frames, 1 clips
        Second 3580/3929 - 25 frames, 1 clips
        Second 3590/3929 - 25 frames, 1 clips
        Second 3600/3929 - 25 frames, 1 clips
        Second 3610/3929 - 25 frames, 1 clips
        Second 3620/3929 - 25 frames, 1 clips
        Second 3630/3929 - 25 frames, 1 clips
        Second 3640/3929 - 25 frames, 1 clips
        Second 3650/3929 - 25 frames, 1 clips
        Second 3660/3929 - 25 frames, 1 clips
        Second 3670/3929 - 25 frames, 1 clips
        Second 3680/3929 - 25 frames, 1 clips
        Second 3690/3929 - 25 frames, 1 clips
        Second 3700/3929 - 25 frames, 1 clips
        Second 3710/3929 - 25 frames, 1 clips
        Second 3720/3929 - 25 frames, 1 clips
        Second 3730/3929 - 25 frames, 1 clips
        Second 3740/3929 - 25 frames, 1 clips
        Second 3750/3929 - 25 frames, 1 clips
        Second 3760/3929 - 25 frames, 1 clips
        Second 3770/3929 - 25 frames, 1 clips
        Second 3780/3929 - 25 frames, 1 clips
        Second 3790/3929 - 25 frames, 1 clips
        Second 3800/3929 - 25 frames, 1 clips
        Second 3810/3929 - 25 frames, 1 clips
        Second 3820/3929 - 25 frames, 1 clips
        Second 3830/3929 - 25 frames, 1 clips
        Second 3840/3929 - 25 frames, 1 clips
        Second 3850/3929 - 25 frames, 1 clips
        Second 3860/3929 - 25 frames, 1 clips
        Second 3870/3929 - 25 frames, 1 clips
        Second 3880/3929 - 25 frames, 1 clips
        Second 3890/3929 - 25 frames, 1 clips
        Second 3900/3929 - 25 frames, 1 clips
        Second 3910/3929 - 25 frames, 1 clips
        Second 3920/3929 - 25 frames, 1 clips
      ───────────────────────────────────────────────────────
      FEATURE EXTRACTION COMPLETE
      ───────────────────────────────────────────────────────
      Final features shape: (3929, 1024)
      Features per second: 3929
      Feature dimension: 1024
      ═══════════════════════════════════════════════════════

[ID11]   Features extracted: (3929, 1024)
[ID11] Step 2/4: Converting to binary labels and removing unwanted classes...
[ID11]   Number of seconds: 3929
      CSV columns: ['start_time', 'end_time', 'licking', 'shaking']
      CSV shape: (3840, 4)
      Video seconds: 3929
      Total rows in CSV: 3840
      Valid rows (within video duration): 3840
      Rows kept after removing shaking: 3828
[ID11]   Original seconds: 3929
[ID11]   After removing shaking/licking_shaking: 3828
[ID11] Step 3/4: Balancing classes...
      Before balancing:
        Background: 3480 samples
        Licking: 348 samples
        Ratio: 10.00:1
      After balancing:
        Background: 348 samples
        Licking: 348 samples
        Total: 696 samples
[ID11] Step 4/4: Saving processed data...
[ID11]   Saved features: /data-8tb/nvaci/dataset/dataset_Stanford/FACT_method/preprocessed_data_2class_originalFPS/features/ID11.npy
[ID11]     Shape: (696, 1024)
[ID11]     Size: 2.72 MB
[ID11]   Final label distribution:
[ID11]     - background: 348 seconds (50.0%)
[ID11]     - licking: 348 seconds (50.0%)
[ID11]   Saved labels: /data-8tb/nvaci/dataset/dataset_Stanford/FACT_method/preprocessed_data_2class_originalFPS/groundTruth/ID11.txt
[ID11] SUCCESS - Video processed successfully


================================================================================
Processing video 12/32: ID12
================================================================================
[ID12] Found label file: 25-021_ID12.csv
[ID12] Step 1/4: Extracting features (per second)...
      Opening video file...

      ═══════════════════════════════════════════════════════
      VIDEO PROPERTIES
      ═══════════════════════════════════════════════════════
      FPS detected: 25.00
      Clip length (auto): 25 frames
      Total frames: 97201
      Duration: 3888.04 seconds
      Expected seconds: 3889
      Frames per second: ~25.0
      ═══════════════════════════════════════════════════════

      Using ORIGINAL FPS with per-second aggregation
      Aggregation method: mean
      ───────────────────────────────────────────────────────
      READING ALL FRAMES FROM VIDEO
      ───────────────────────────────────────────────────────
      Progress: 500/97201 frames (0.5%)
      Progress: 1000/97201 frames (1.0%)
      Progress: 1500/97201 frames (1.5%)
      Progress: 2000/97201 frames (2.1%)
      Progress: 2500/97201 frames (2.6%)
      Progress: 3000/97201 frames (3.1%)
      Progress: 3500/97201 frames (3.6%)
      Progress: 4000/97201 frames (4.1%)
      Progress: 4500/97201 frames (4.6%)
      Progress: 5000/97201 frames (5.1%)
      Progress: 5500/97201 frames (5.7%)
      Progress: 6000/97201 frames (6.2%)
      Progress: 6500/97201 frames (6.7%)
      Progress: 7000/97201 frames (7.2%)
      Progress: 7500/97201 frames (7.7%)
      Progress: 8000/97201 frames (8.2%)
      Progress: 8500/97201 frames (8.7%)
      Progress: 9000/97201 frames (9.3%)
      Progress: 9500/97201 frames (9.8%)
      Progress: 10000/97201 frames (10.3%)
      Progress: 10500/97201 frames (10.8%)
      Progress: 11000/97201 frames (11.3%)
      Progress: 11500/97201 frames (11.8%)
      Progress: 12000/97201 frames (12.3%)
      Progress: 12500/97201 frames (12.9%)
      Progress: 13000/97201 frames (13.4%)
      Progress: 13500/97201 frames (13.9%)
      Progress: 14000/97201 frames (14.4%)
      Progress: 14500/97201 frames (14.9%)
      Progress: 15000/97201 frames (15.4%)
      Progress: 15500/97201 frames (15.9%)
      Progress: 16000/97201 frames (16.5%)
      Progress: 16500/97201 frames (17.0%)
      Progress: 17000/97201 frames (17.5%)
      Progress: 17500/97201 frames (18.0%)
      Progress: 18000/97201 frames (18.5%)
      Progress: 18500/97201 frames (19.0%)
      Progress: 19000/97201 frames (19.5%)
      Progress: 19500/97201 frames (20.1%)
      Progress: 20000/97201 frames (20.6%)
      Progress: 20500/97201 frames (21.1%)
      Progress: 21000/97201 frames (21.6%)
      Progress: 21500/97201 frames (22.1%)
      Progress: 22000/97201 frames (22.6%)
      Progress: 22500/97201 frames (23.1%)
      Progress: 23000/97201 frames (23.7%)
      Progress: 23500/97201 frames (24.2%)
      Progress: 24000/97201 frames (24.7%)
      Progress: 24500/97201 frames (25.2%)
      Progress: 25000/97201 frames (25.7%)
      Progress: 25500/97201 frames (26.2%)
      Progress: 26000/97201 frames (26.7%)
      Progress: 26500/97201 frames (27.3%)
      Progress: 27000/97201 frames (27.8%)
      Progress: 27500/97201 frames (28.3%)
      Progress: 28000/97201 frames (28.8%)
      Progress: 28500/97201 frames (29.3%)
      Progress: 29000/97201 frames (29.8%)
      Progress: 29500/97201 frames (30.3%)
      Progress: 30000/97201 frames (30.9%)
      Progress: 30500/97201 frames (31.4%)
      Progress: 31000/97201 frames (31.9%)
      Progress: 31500/97201 frames (32.4%)
      Progress: 32000/97201 frames (32.9%)
      Progress: 32500/97201 frames (33.4%)
      Progress: 33000/97201 frames (34.0%)
      Progress: 33500/97201 frames (34.5%)
      Progress: 34000/97201 frames (35.0%)
      Progress: 34500/97201 frames (35.5%)
      Progress: 35000/97201 frames (36.0%)
      Progress: 35500/97201 frames (36.5%)
      Progress: 36000/97201 frames (37.0%)
      Progress: 36500/97201 frames (37.6%)
      Progress: 37000/97201 frames (38.1%)
      Progress: 37500/97201 frames (38.6%)
      Progress: 38000/97201 frames (39.1%)
      Progress: 38500/97201 frames (39.6%)
      Progress: 39000/97201 frames (40.1%)
      Progress: 39500/97201 frames (40.6%)
      Progress: 40000/97201 frames (41.2%)
      Progress: 40500/97201 frames (41.7%)
      Progress: 41000/97201 frames (42.2%)
      Progress: 41500/97201 frames (42.7%)
      Progress: 42000/97201 frames (43.2%)
      Progress: 42500/97201 frames (43.7%)
      Progress: 43000/97201 frames (44.2%)
      Progress: 43500/97201 frames (44.8%)
      Progress: 44000/97201 frames (45.3%)
      Progress: 44500/97201 frames (45.8%)
      Progress: 45000/97201 frames (46.3%)
      Progress: 45500/97201 frames (46.8%)
      Progress: 46000/97201 frames (47.3%)
      Progress: 46500/97201 frames (47.8%)
      Progress: 47000/97201 frames (48.4%)
      Progress: 47500/97201 frames (48.9%)
      Progress: 48000/97201 frames (49.4%)
      Progress: 48500/97201 frames (49.9%)
      Progress: 49000/97201 frames (50.4%)
      Progress: 49500/97201 frames (50.9%)
      Progress: 50000/97201 frames (51.4%)
      Progress: 50500/97201 frames (52.0%)
      Progress: 51000/97201 frames (52.5%)
      Progress: 51500/97201 frames (53.0%)
      Progress: 52000/97201 frames (53.5%)
      Progress: 52500/97201 frames (54.0%)
      Progress: 53000/97201 frames (54.5%)
      Progress: 53500/97201 frames (55.0%)
      Progress: 54000/97201 frames (55.6%)
      Progress: 54500/97201 frames (56.1%)
      Progress: 55000/97201 frames (56.6%)
      Progress: 55500/97201 frames (57.1%)
      Progress: 56000/97201 frames (57.6%)
      Progress: 56500/97201 frames (58.1%)
      Progress: 57000/97201 frames (58.6%)
      Progress: 57500/97201 frames (59.2%)
      Progress: 58000/97201 frames (59.7%)
      Progress: 58500/97201 frames (60.2%)
      Progress: 59000/97201 frames (60.7%)
      Progress: 59500/97201 frames (61.2%)
      Progress: 60000/97201 frames (61.7%)
      Progress: 60500/97201 frames (62.2%)
      Progress: 61000/97201 frames (62.8%)
      Progress: 61500/97201 frames (63.3%)
      Progress: 62000/97201 frames (63.8%)
      Progress: 62500/97201 frames (64.3%)
      Progress: 63000/97201 frames (64.8%)
      Progress: 63500/97201 frames (65.3%)
      Progress: 64000/97201 frames (65.8%)
      Progress: 64500/97201 frames (66.4%)
      Progress: 65000/97201 frames (66.9%)
      Progress: 65500/97201 frames (67.4%)
      Progress: 66000/97201 frames (67.9%)
      Progress: 66500/97201 frames (68.4%)
      Progress: 67000/97201 frames (68.9%)
      Progress: 67500/97201 frames (69.4%)
      Progress: 68000/97201 frames (70.0%)
      Progress: 68500/97201 frames (70.5%)
      Progress: 69000/97201 frames (71.0%)
      Progress: 69500/97201 frames (71.5%)
      Progress: 70000/97201 frames (72.0%)
      Progress: 70500/97201 frames (72.5%)
      Progress: 71000/97201 frames (73.0%)
      Progress: 71500/97201 frames (73.6%)
      Progress: 72000/97201 frames (74.1%)
      Progress: 72500/97201 frames (74.6%)
      Progress: 73000/97201 frames (75.1%)
      Progress: 73500/97201 frames (75.6%)
      Progress: 74000/97201 frames (76.1%)
      Progress: 74500/97201 frames (76.6%)
      Progress: 75000/97201 frames (77.2%)
      Progress: 75500/97201 frames (77.7%)
      Progress: 76000/97201 frames (78.2%)
      Progress: 76500/97201 frames (78.7%)
      Progress: 77000/97201 frames (79.2%)
      Progress: 77500/97201 frames (79.7%)
      Progress: 78000/97201 frames (80.2%)
      Progress: 78500/97201 frames (80.8%)
      Progress: 79000/97201 frames (81.3%)
      Progress: 79500/97201 frames (81.8%)
      Progress: 80000/97201 frames (82.3%)
      Progress: 80500/97201 frames (82.8%)
      Progress: 81000/97201 frames (83.3%)
      Progress: 81500/97201 frames (83.8%)
      Progress: 82000/97201 frames (84.4%)
      Progress: 82500/97201 frames (84.9%)
      Progress: 83000/97201 frames (85.4%)
      Progress: 83500/97201 frames (85.9%)
      Progress: 84000/97201 frames (86.4%)
      Progress: 84500/97201 frames (86.9%)
      Progress: 85000/97201 frames (87.4%)
      Progress: 85500/97201 frames (88.0%)
      Progress: 86000/97201 frames (88.5%)
      Progress: 86500/97201 frames (89.0%)
      Progress: 87000/97201 frames (89.5%)
      Progress: 87500/97201 frames (90.0%)
      Progress: 88000/97201 frames (90.5%)
      Progress: 88500/97201 frames (91.0%)
      Progress: 89000/97201 frames (91.6%)
      Progress: 89500/97201 frames (92.1%)
      Progress: 90000/97201 frames (92.6%)
      Progress: 90500/97201 frames (93.1%)
      Progress: 91000/97201 frames (93.6%)
      Progress: 91500/97201 frames (94.1%)
      Progress: 92000/97201 frames (94.6%)
      Progress: 92500/97201 frames (95.2%)
      Progress: 93000/97201 frames (95.7%)
      Progress: 93500/97201 frames (96.2%)
      Progress: 94000/97201 frames (96.7%)
      Progress: 94500/97201 frames (97.2%)
      Progress: 95000/97201 frames (97.7%)
      Progress: 95500/97201 frames (98.3%)
      Progress: 96000/97201 frames (98.8%)
      Progress: 96500/97201 frames (99.3%)
      Progress: 97000/97201 frames (99.8%)
      ───────────────────────────────────────────────────────
      FRAME READING COMPLETE
      ───────────────────────────────────────────────────────
      Expected frames: 97201
      Frames read: 97126
      Frames missing: 75
      WARNING: 75 frames could not be read!
      ───────────────────────────────────────────────────────

      FRAMES DISTRIBUTION BY SECOND:
        Second   0:  25 frames
        Second   1:  25 frames
        Second   2:  25 frames
        Second   3:  25 frames
        Second   4:  25 frames
        Second   5:  25 frames
        Second   6:  25 frames
        Second   7:  25 frames
        Second   8:  25 frames
        Second   9:  25 frames
        ... (3879 more seconds)
      
      Frame statistics:
        Average frames/second: 25.0
        Min frames/second: 0
        Max frames/second: 25
      
      ───────────────────────────────────────────────────────
      EXTRACTING FEATURES PER SECOND
      ───────────────────────────────────────────────────────
      Total seconds to process: 3889
        Second 10/3889 - 25 frames, 1 clips
        Second 20/3889 - 25 frames, 1 clips
        Second 30/3889 - 25 frames, 1 clips
        Second 40/3889 - 25 frames, 1 clips
        Second 50/3889 - 25 frames, 1 clips
        Second 60/3889 - 25 frames, 1 clips
        Second 70/3889 - 25 frames, 1 clips
        Second 80/3889 - 25 frames, 1 clips
        Second 90/3889 - 25 frames, 1 clips
        Second 100/3889 - 25 frames, 1 clips
        Second 110/3889 - 25 frames, 1 clips
        Second 120/3889 - 25 frames, 1 clips
        Second 130/3889 - 25 frames, 1 clips
        Second 140/3889 - 25 frames, 1 clips
        Second 150/3889 - 25 frames, 1 clips
        Second 160/3889 - 25 frames, 1 clips
        Second 170/3889 - 25 frames, 1 clips
        Second 180/3889 - 25 frames, 1 clips
        Second 190/3889 - 25 frames, 1 clips
        Second 200/3889 - 25 frames, 1 clips
        Second 210/3889 - 25 frames, 1 clips
        Second 220/3889 - 25 frames, 1 clips
        Second 230/3889 - 25 frames, 1 clips
        Second 240/3889 - 25 frames, 1 clips
        Second 250/3889 - 25 frames, 1 clips
        Second 260/3889 - 25 frames, 1 clips
        Second 270/3889 - 25 frames, 1 clips
        Second 280/3889 - 25 frames, 1 clips
        Second 290/3889 - 25 frames, 1 clips
        Second 300/3889 - 25 frames, 1 clips
        Second 310/3889 - 25 frames, 1 clips
        Second 320/3889 - 25 frames, 1 clips
        Second 330/3889 - 25 frames, 1 clips
        Second 340/3889 - 25 frames, 1 clips
        Second 350/3889 - 25 frames, 1 clips
        Second 360/3889 - 25 frames, 1 clips
        Second 370/3889 - 25 frames, 1 clips
        Second 380/3889 - 25 frames, 1 clips
        Second 390/3889 - 25 frames, 1 clips
        Second 400/3889 - 25 frames, 1 clips
        Second 410/3889 - 25 frames, 1 clips
        Second 420/3889 - 25 frames, 1 clips
        Second 430/3889 - 25 frames, 1 clips
        Second 440/3889 - 25 frames, 1 clips
        Second 450/3889 - 25 frames, 1 clips
        Second 460/3889 - 25 frames, 1 clips
        Second 470/3889 - 25 frames, 1 clips
        Second 480/3889 - 25 frames, 1 clips
        Second 490/3889 - 25 frames, 1 clips
        Second 500/3889 - 25 frames, 1 clips
        Second 510/3889 - 25 frames, 1 clips
        Second 520/3889 - 25 frames, 1 clips
        Second 530/3889 - 25 frames, 1 clips
        Second 540/3889 - 25 frames, 1 clips
        Second 550/3889 - 25 frames, 1 clips
        Second 560/3889 - 25 frames, 1 clips
        Second 570/3889 - 25 frames, 1 clips
        Second 580/3889 - 25 frames, 1 clips
        Second 590/3889 - 25 frames, 1 clips
        Second 600/3889 - 25 frames, 1 clips
        Second 610/3889 - 25 frames, 1 clips
        Second 620/3889 - 25 frames, 1 clips
        Second 630/3889 - 25 frames, 1 clips
        Second 640/3889 - 25 frames, 1 clips
        Second 650/3889 - 25 frames, 1 clips
        Second 660/3889 - 25 frames, 1 clips
        Second 670/3889 - 25 frames, 1 clips
        Second 680/3889 - 25 frames, 1 clips
        Second 690/3889 - 25 frames, 1 clips
        Second 700/3889 - 25 frames, 1 clips
        Second 710/3889 - 25 frames, 1 clips
        Second 720/3889 - 25 frames, 1 clips
        Second 730/3889 - 25 frames, 1 clips
        Second 740/3889 - 25 frames, 1 clips
        Second 750/3889 - 25 frames, 1 clips
        Second 760/3889 - 25 frames, 1 clips
        Second 770/3889 - 25 frames, 1 clips
        Second 780/3889 - 25 frames, 1 clips
        Second 790/3889 - 25 frames, 1 clips
        Second 800/3889 - 25 frames, 1 clips
        Second 810/3889 - 25 frames, 1 clips
        Second 820/3889 - 25 frames, 1 clips
        Second 830/3889 - 25 frames, 1 clips
        Second 840/3889 - 25 frames, 1 clips
        Second 850/3889 - 25 frames, 1 clips
        Second 860/3889 - 25 frames, 1 clips
        Second 870/3889 - 25 frames, 1 clips
        Second 880/3889 - 25 frames, 1 clips
        Second 890/3889 - 25 frames, 1 clips
        Second 900/3889 - 25 frames, 1 clips
        Second 910/3889 - 25 frames, 1 clips
        Second 920/3889 - 25 frames, 1 clips
        Second 930/3889 - 25 frames, 1 clips
        Second 940/3889 - 25 frames, 1 clips
        Second 950/3889 - 25 frames, 1 clips
        Second 960/3889 - 25 frames, 1 clips
        Second 970/3889 - 25 frames, 1 clips
        Second 980/3889 - 25 frames, 1 clips
        Second 990/3889 - 25 frames, 1 clips
        Second 1000/3889 - 25 frames, 1 clips
        Second 1010/3889 - 25 frames, 1 clips
        Second 1020/3889 - 25 frames, 1 clips
        Second 1030/3889 - 25 frames, 1 clips
        Second 1040/3889 - 25 frames, 1 clips
        Second 1050/3889 - 25 frames, 1 clips
        Second 1060/3889 - 25 frames, 1 clips
        Second 1070/3889 - 25 frames, 1 clips
        Second 1080/3889 - 25 frames, 1 clips
        Second 1090/3889 - 25 frames, 1 clips
        Second 1100/3889 - 25 frames, 1 clips
        Second 1110/3889 - 25 frames, 1 clips
        Second 1120/3889 - 25 frames, 1 clips
        Second 1130/3889 - 25 frames, 1 clips
        Second 1140/3889 - 25 frames, 1 clips
        Second 1150/3889 - 25 frames, 1 clips
        Second 1160/3889 - 25 frames, 1 clips
        Second 1170/3889 - 25 frames, 1 clips
        Second 1180/3889 - 25 frames, 1 clips
        Second 1190/3889 - 25 frames, 1 clips
        Second 1200/3889 - 25 frames, 1 clips
        Second 1210/3889 - 25 frames, 1 clips
        Second 1220/3889 - 25 frames, 1 clips
        Second 1230/3889 - 25 frames, 1 clips
        Second 1240/3889 - 25 frames, 1 clips
        Second 1250/3889 - 25 frames, 1 clips
        Second 1260/3889 - 25 frames, 1 clips
        Second 1270/3889 - 25 frames, 1 clips
        Second 1280/3889 - 25 frames, 1 clips
        Second 1290/3889 - 25 frames, 1 clips
        Second 1300/3889 - 25 frames, 1 clips
        Second 1310/3889 - 25 frames, 1 clips
        Second 1320/3889 - 25 frames, 1 clips
        Second 1330/3889 - 25 frames, 1 clips
        Second 1340/3889 - 25 frames, 1 clips
        Second 1350/3889 - 25 frames, 1 clips
        Second 1360/3889 - 25 frames, 1 clips
        Second 1370/3889 - 25 frames, 1 clips
        Second 1380/3889 - 25 frames, 1 clips
        Second 1390/3889 - 25 frames, 1 clips
        Second 1400/3889 - 25 frames, 1 clips
        Second 1410/3889 - 25 frames, 1 clips
        Second 1420/3889 - 25 frames, 1 clips
        Second 1430/3889 - 25 frames, 1 clips
        Second 1440/3889 - 25 frames, 1 clips
        Second 1450/3889 - 25 frames, 1 clips
        Second 1460/3889 - 25 frames, 1 clips
        Second 1470/3889 - 25 frames, 1 clips
        Second 1480/3889 - 25 frames, 1 clips
        Second 1490/3889 - 25 frames, 1 clips
        Second 1500/3889 - 25 frames, 1 clips
        Second 1510/3889 - 25 frames, 1 clips
        Second 1520/3889 - 25 frames, 1 clips
        Second 1530/3889 - 25 frames, 1 clips
        Second 1540/3889 - 25 frames, 1 clips
        Second 1550/3889 - 25 frames, 1 clips
        Second 1560/3889 - 25 frames, 1 clips
        Second 1570/3889 - 25 frames, 1 clips
        Second 1580/3889 - 25 frames, 1 clips
        Second 1590/3889 - 25 frames, 1 clips
        Second 1600/3889 - 25 frames, 1 clips
        Second 1610/3889 - 25 frames, 1 clips
        Second 1620/3889 - 25 frames, 1 clips
        Second 1630/3889 - 25 frames, 1 clips
        Second 1640/3889 - 25 frames, 1 clips
        Second 1650/3889 - 25 frames, 1 clips
        Second 1660/3889 - 25 frames, 1 clips
        Second 1670/3889 - 25 frames, 1 clips
        Second 1680/3889 - 25 frames, 1 clips
        Second 1690/3889 - 25 frames, 1 clips
        Second 1700/3889 - 25 frames, 1 clips
        Second 1710/3889 - 25 frames, 1 clips
        Second 1720/3889 - 25 frames, 1 clips
        Second 1730/3889 - 25 frames, 1 clips
        Second 1740/3889 - 25 frames, 1 clips
        Second 1750/3889 - 25 frames, 1 clips
        Second 1760/3889 - 25 frames, 1 clips
        Second 1770/3889 - 25 frames, 1 clips
        Second 1780/3889 - 25 frames, 1 clips
        Second 1790/3889 - 25 frames, 1 clips
        Second 1800/3889 - 25 frames, 1 clips
        Second 1810/3889 - 25 frames, 1 clips
        Second 1820/3889 - 25 frames, 1 clips
        Second 1830/3889 - 25 frames, 1 clips
        Second 1840/3889 - 25 frames, 1 clips
        Second 1850/3889 - 25 frames, 1 clips
        Second 1860/3889 - 25 frames, 1 clips
        Second 1870/3889 - 25 frames, 1 clips
        Second 1880/3889 - 25 frames, 1 clips
        Second 1890/3889 - 25 frames, 1 clips
        Second 1900/3889 - 25 frames, 1 clips
        Second 1910/3889 - 25 frames, 1 clips
        Second 1920/3889 - 25 frames, 1 clips
        Second 1930/3889 - 25 frames, 1 clips
        Second 1940/3889 - 25 frames, 1 clips
        Second 1950/3889 - 25 frames, 1 clips
        Second 1960/3889 - 25 frames, 1 clips
        Second 1970/3889 - 25 frames, 1 clips
        Second 1980/3889 - 25 frames, 1 clips
        Second 1990/3889 - 25 frames, 1 clips
        Second 2000/3889 - 25 frames, 1 clips
        Second 2010/3889 - 25 frames, 1 clips
        Second 2020/3889 - 25 frames, 1 clips
        Second 2030/3889 - 25 frames, 1 clips
        Second 2040/3889 - 25 frames, 1 clips
        Second 2050/3889 - 25 frames, 1 clips
        Second 2060/3889 - 25 frames, 1 clips
        Second 2070/3889 - 25 frames, 1 clips
        Second 2080/3889 - 25 frames, 1 clips
        Second 2090/3889 - 25 frames, 1 clips
        Second 2100/3889 - 25 frames, 1 clips
        Second 2110/3889 - 25 frames, 1 clips
        Second 2120/3889 - 25 frames, 1 clips
        Second 2130/3889 - 25 frames, 1 clips
        Second 2140/3889 - 25 frames, 1 clips
        Second 2150/3889 - 25 frames, 1 clips
        Second 2160/3889 - 25 frames, 1 clips
        Second 2170/3889 - 25 frames, 1 clips
        Second 2180/3889 - 25 frames, 1 clips
        Second 2190/3889 - 25 frames, 1 clips
        Second 2200/3889 - 25 frames, 1 clips
        Second 2210/3889 - 25 frames, 1 clips
        Second 2220/3889 - 25 frames, 1 clips
        Second 2230/3889 - 25 frames, 1 clips
        Second 2240/3889 - 25 frames, 1 clips
        Second 2250/3889 - 25 frames, 1 clips
        Second 2260/3889 - 25 frames, 1 clips
        Second 2270/3889 - 25 frames, 1 clips
        Second 2280/3889 - 25 frames, 1 clips
        Second 2290/3889 - 25 frames, 1 clips
        Second 2300/3889 - 25 frames, 1 clips
        Second 2310/3889 - 25 frames, 1 clips
        Second 2320/3889 - 25 frames, 1 clips
        Second 2330/3889 - 25 frames, 1 clips
        Second 2340/3889 - 25 frames, 1 clips
        Second 2350/3889 - 25 frames, 1 clips
        Second 2360/3889 - 25 frames, 1 clips
        Second 2370/3889 - 25 frames, 1 clips
        Second 2380/3889 - 25 frames, 1 clips
        Second 2390/3889 - 25 frames, 1 clips
        Second 2400/3889 - 25 frames, 1 clips
        Second 2410/3889 - 25 frames, 1 clips
        Second 2420/3889 - 25 frames, 1 clips
        Second 2430/3889 - 25 frames, 1 clips
        Second 2440/3889 - 25 frames, 1 clips
        Second 2450/3889 - 25 frames, 1 clips
        Second 2460/3889 - 25 frames, 1 clips
        Second 2470/3889 - 25 frames, 1 clips
        Second 2480/3889 - 25 frames, 1 clips
        Second 2490/3889 - 25 frames, 1 clips
        Second 2500/3889 - 25 frames, 1 clips
        Second 2510/3889 - 25 frames, 1 clips
        Second 2520/3889 - 25 frames, 1 clips
        Second 2530/3889 - 25 frames, 1 clips
        Second 2540/3889 - 25 frames, 1 clips
        Second 2550/3889 - 25 frames, 1 clips
        Second 2560/3889 - 25 frames, 1 clips
        Second 2570/3889 - 25 frames, 1 clips
        Second 2580/3889 - 25 frames, 1 clips
        Second 2590/3889 - 25 frames, 1 clips
        Second 2600/3889 - 25 frames, 1 clips
        Second 2610/3889 - 25 frames, 1 clips
        Second 2620/3889 - 25 frames, 1 clips
        Second 2630/3889 - 25 frames, 1 clips
        Second 2640/3889 - 25 frames, 1 clips
        Second 2650/3889 - 25 frames, 1 clips
        Second 2660/3889 - 25 frames, 1 clips
        Second 2670/3889 - 25 frames, 1 clips
        Second 2680/3889 - 25 frames, 1 clips
        Second 2690/3889 - 25 frames, 1 clips
        Second 2700/3889 - 25 frames, 1 clips
        Second 2710/3889 - 25 frames, 1 clips
        Second 2720/3889 - 25 frames, 1 clips
        Second 2730/3889 - 25 frames, 1 clips
        Second 2740/3889 - 25 frames, 1 clips
        Second 2750/3889 - 25 frames, 1 clips
        Second 2760/3889 - 25 frames, 1 clips
        Second 2770/3889 - 25 frames, 1 clips
        Second 2780/3889 - 25 frames, 1 clips
        Second 2790/3889 - 25 frames, 1 clips
        Second 2800/3889 - 25 frames, 1 clips
        Second 2810/3889 - 25 frames, 1 clips
        Second 2820/3889 - 25 frames, 1 clips
        Second 2830/3889 - 25 frames, 1 clips
        Second 2840/3889 - 25 frames, 1 clips
        Second 2850/3889 - 25 frames, 1 clips
        Second 2860/3889 - 25 frames, 1 clips
        Second 2870/3889 - 25 frames, 1 clips
        Second 2880/3889 - 25 frames, 1 clips
        Second 2890/3889 - 25 frames, 1 clips
        Second 2900/3889 - 25 frames, 1 clips
        Second 2910/3889 - 25 frames, 1 clips
        Second 2920/3889 - 25 frames, 1 clips
        Second 2930/3889 - 25 frames, 1 clips
        Second 2940/3889 - 25 frames, 1 clips
        Second 2950/3889 - 25 frames, 1 clips
        Second 2960/3889 - 25 frames, 1 clips
        Second 2970/3889 - 25 frames, 1 clips
        Second 2980/3889 - 25 frames, 1 clips
        Second 2990/3889 - 25 frames, 1 clips
        Second 3000/3889 - 25 frames, 1 clips
        Second 3010/3889 - 25 frames, 1 clips
        Second 3020/3889 - 25 frames, 1 clips
        Second 3030/3889 - 25 frames, 1 clips
        Second 3040/3889 - 25 frames, 1 clips
        Second 3050/3889 - 25 frames, 1 clips
        Second 3060/3889 - 25 frames, 1 clips
        Second 3070/3889 - 25 frames, 1 clips
        Second 3080/3889 - 25 frames, 1 clips
        Second 3090/3889 - 25 frames, 1 clips
        Second 3100/3889 - 25 frames, 1 clips
        Second 3110/3889 - 25 frames, 1 clips
        Second 3120/3889 - 25 frames, 1 clips
        Second 3130/3889 - 25 frames, 1 clips
        Second 3140/3889 - 25 frames, 1 clips
        Second 3150/3889 - 25 frames, 1 clips
        Second 3160/3889 - 25 frames, 1 clips
        Second 3170/3889 - 25 frames, 1 clips
        Second 3180/3889 - 25 frames, 1 clips
        Second 3190/3889 - 25 frames, 1 clips
        Second 3200/3889 - 25 frames, 1 clips
        Second 3210/3889 - 25 frames, 1 clips
        Second 3220/3889 - 25 frames, 1 clips
        Second 3230/3889 - 25 frames, 1 clips
        Second 3240/3889 - 25 frames, 1 clips
        Second 3250/3889 - 25 frames, 1 clips
        Second 3260/3889 - 25 frames, 1 clips
        Second 3270/3889 - 25 frames, 1 clips
        Second 3280/3889 - 25 frames, 1 clips
        Second 3290/3889 - 25 frames, 1 clips
        Second 3300/3889 - 25 frames, 1 clips
        Second 3310/3889 - 25 frames, 1 clips
        Second 3320/3889 - 25 frames, 1 clips
        Second 3330/3889 - 25 frames, 1 clips
        Second 3340/3889 - 25 frames, 1 clips
        Second 3350/3889 - 25 frames, 1 clips
        Second 3360/3889 - 25 frames, 1 clips
        Second 3370/3889 - 25 frames, 1 clips
        Second 3380/3889 - 25 frames, 1 clips
        Second 3390/3889 - 25 frames, 1 clips
        Second 3400/3889 - 25 frames, 1 clips
        Second 3410/3889 - 25 frames, 1 clips
        Second 3420/3889 - 25 frames, 1 clips
        Second 3430/3889 - 25 frames, 1 clips
        Second 3440/3889 - 25 frames, 1 clips
        Second 3450/3889 - 25 frames, 1 clips
        Second 3460/3889 - 25 frames, 1 clips
        Second 3470/3889 - 25 frames, 1 clips
        Second 3480/3889 - 25 frames, 1 clips
        Second 3490/3889 - 25 frames, 1 clips
        Second 3500/3889 - 25 frames, 1 clips
        Second 3510/3889 - 25 frames, 1 clips
        Second 3520/3889 - 25 frames, 1 clips
        Second 3530/3889 - 25 frames, 1 clips
        Second 3540/3889 - 25 frames, 1 clips
        Second 3550/3889 - 25 frames, 1 clips
        Second 3560/3889 - 25 frames, 1 clips
        Second 3570/3889 - 25 frames, 1 clips
        Second 3580/3889 - 25 frames, 1 clips
        Second 3590/3889 - 25 frames, 1 clips
        Second 3600/3889 - 25 frames, 1 clips
        Second 3610/3889 - 25 frames, 1 clips
        Second 3620/3889 - 25 frames, 1 clips
        Second 3630/3889 - 25 frames, 1 clips
        Second 3640/3889 - 25 frames, 1 clips
        Second 3650/3889 - 25 frames, 1 clips
        Second 3660/3889 - 25 frames, 1 clips
        Second 3670/3889 - 25 frames, 1 clips
        Second 3680/3889 - 25 frames, 1 clips
        Second 3690/3889 - 25 frames, 1 clips
        Second 3700/3889 - 25 frames, 1 clips
        Second 3710/3889 - 25 frames, 1 clips
        Second 3720/3889 - 25 frames, 1 clips
        Second 3730/3889 - 25 frames, 1 clips
        Second 3740/3889 - 25 frames, 1 clips
        Second 3750/3889 - 25 frames, 1 clips
        Second 3760/3889 - 25 frames, 1 clips
        Second 3770/3889 - 25 frames, 1 clips
        Second 3780/3889 - 25 frames, 1 clips
        Second 3790/3889 - 25 frames, 1 clips
        Second 3800/3889 - 25 frames, 1 clips
        Second 3810/3889 - 25 frames, 1 clips
        Second 3820/3889 - 25 frames, 1 clips
        Second 3830/3889 - 25 frames, 1 clips
        Second 3840/3889 - 25 frames, 1 clips
        Second 3850/3889 - 25 frames, 1 clips
        Second 3860/3889 - 25 frames, 1 clips
        Second 3870/3889 - 25 frames, 1 clips
        Second 3880/3889 - 25 frames, 1 clips
      ───────────────────────────────────────────────────────
      FEATURE EXTRACTION COMPLETE
      ───────────────────────────────────────────────────────
      Final features shape: (3889, 1024)
      Features per second: 3889
      Feature dimension: 1024
      ═══════════════════════════════════════════════════════

[ID12]   Features extracted: (3889, 1024)
[ID12] Step 2/4: Converting to binary labels and removing unwanted classes...
[ID12]   Number of seconds: 3889
      CSV columns: ['start_time', 'end_time', 'licking', 'shaking']
      CSV shape: (3840, 4)
      Video seconds: 3889
      Total rows in CSV: 3840
      Valid rows (within video duration): 3840
      Rows kept after removing shaking: 3772
[ID12]   Original seconds: 3889
[ID12]   After removing shaking/licking_shaking: 3772
[ID12] Step 3/4: Balancing classes...
      Before balancing:
        Background: 3212 samples
        Licking: 560 samples
        Ratio: 5.74:1
      After balancing:
        Background: 560 samples
        Licking: 560 samples
        Total: 1120 samples
[ID12] Step 4/4: Saving processed data...
[ID12]   Saved features: /data-8tb/nvaci/dataset/dataset_Stanford/FACT_method/preprocessed_data_2class_originalFPS/features/ID12.npy
[ID12]     Shape: (1120, 1024)
[ID12]     Size: 4.38 MB
[ID12]   Final label distribution:
[ID12]     - background: 560 seconds (50.0%)
[ID12]     - licking: 560 seconds (50.0%)
[ID12]   Saved labels: /data-8tb/nvaci/dataset/dataset_Stanford/FACT_method/preprocessed_data_2class_originalFPS/groundTruth/ID12.txt
[ID12] SUCCESS - Video processed successfully


================================================================================
Processing video 13/32: ID13
================================================================================
[ID13] Found label file: 25-021_ID13.csv
[ID13] Step 1/4: Extracting features (per second)...
      Opening video file...

      ═══════════════════════════════════════════════════════
      VIDEO PROPERTIES
      ═══════════════════════════════════════════════════════
      FPS detected: 25.00
      Clip length (auto): 25 frames
      Total frames: 95806
      Duration: 3832.24 seconds
      Expected seconds: 3833
      Frames per second: ~25.0
      ═══════════════════════════════════════════════════════

      Using ORIGINAL FPS with per-second aggregation
      Aggregation method: mean
      ───────────────────────────────────────────────────────
      READING ALL FRAMES FROM VIDEO
      ───────────────────────────────────────────────────────
      Progress: 500/95806 frames (0.5%)
      Progress: 1000/95806 frames (1.0%)
      Progress: 1500/95806 frames (1.6%)
      Progress: 2000/95806 frames (2.1%)
      Progress: 2500/95806 frames (2.6%)
      Progress: 3000/95806 frames (3.1%)
      Progress: 3500/95806 frames (3.7%)
      Progress: 4000/95806 frames (4.2%)
      Progress: 4500/95806 frames (4.7%)
      Progress: 5000/95806 frames (5.2%)
      Progress: 5500/95806 frames (5.7%)
      Progress: 6000/95806 frames (6.3%)
      Progress: 6500/95806 frames (6.8%)
      Progress: 7000/95806 frames (7.3%)
      Progress: 7500/95806 frames (7.8%)
      Progress: 8000/95806 frames (8.4%)
      Progress: 8500/95806 frames (8.9%)
      Progress: 9000/95806 frames (9.4%)
      Progress: 9500/95806 frames (9.9%)
      Progress: 10000/95806 frames (10.4%)
      Progress: 10500/95806 frames (11.0%)
      Progress: 11000/95806 frames (11.5%)
      Progress: 11500/95806 frames (12.0%)
      Progress: 12000/95806 frames (12.5%)
      Progress: 12500/95806 frames (13.0%)
      Progress: 13000/95806 frames (13.6%)
      Progress: 13500/95806 frames (14.1%)
      Progress: 14000/95806 frames (14.6%)
      Progress: 14500/95806 frames (15.1%)
      Progress: 15000/95806 frames (15.7%)
      Progress: 15500/95806 frames (16.2%)
      Progress: 16000/95806 frames (16.7%)
      Progress: 16500/95806 frames (17.2%)
      Progress: 17000/95806 frames (17.7%)
      Progress: 17500/95806 frames (18.3%)
      Progress: 18000/95806 frames (18.8%)
      Progress: 18500/95806 frames (19.3%)
      Progress: 19000/95806 frames (19.8%)
      Progress: 19500/95806 frames (20.4%)
      Progress: 20000/95806 frames (20.9%)
      Progress: 20500/95806 frames (21.4%)
      Progress: 21000/95806 frames (21.9%)
      Progress: 21500/95806 frames (22.4%)
      Progress: 22000/95806 frames (23.0%)
      Progress: 22500/95806 frames (23.5%)
      Progress: 23000/95806 frames (24.0%)
      Progress: 23500/95806 frames (24.5%)
      Progress: 24000/95806 frames (25.1%)
      Progress: 24500/95806 frames (25.6%)
      Progress: 25000/95806 frames (26.1%)
      Progress: 25500/95806 frames (26.6%)
      Progress: 26000/95806 frames (27.1%)
      Progress: 26500/95806 frames (27.7%)
      Progress: 27000/95806 frames (28.2%)
      Progress: 27500/95806 frames (28.7%)
      Progress: 28000/95806 frames (29.2%)
      Progress: 28500/95806 frames (29.7%)
      Progress: 29000/95806 frames (30.3%)
      Progress: 29500/95806 frames (30.8%)
      Progress: 30000/95806 frames (31.3%)
      Progress: 30500/95806 frames (31.8%)
      Progress: 31000/95806 frames (32.4%)
      Progress: 31500/95806 frames (32.9%)
      Progress: 32000/95806 frames (33.4%)
      Progress: 32500/95806 frames (33.9%)
      Progress: 33000/95806 frames (34.4%)
      Progress: 33500/95806 frames (35.0%)
      Progress: 34000/95806 frames (35.5%)
      Progress: 34500/95806 frames (36.0%)
      Progress: 35000/95806 frames (36.5%)
      Progress: 35500/95806 frames (37.1%)
      Progress: 36000/95806 frames (37.6%)
      Progress: 36500/95806 frames (38.1%)
      Progress: 37000/95806 frames (38.6%)
      Progress: 37500/95806 frames (39.1%)
      Progress: 38000/95806 frames (39.7%)
      Progress: 38500/95806 frames (40.2%)
      Progress: 39000/95806 frames (40.7%)
      Progress: 39500/95806 frames (41.2%)
      Progress: 40000/95806 frames (41.8%)
      Progress: 40500/95806 frames (42.3%)
      Progress: 41000/95806 frames (42.8%)
      Progress: 41500/95806 frames (43.3%)
      Progress: 42000/95806 frames (43.8%)
      Progress: 42500/95806 frames (44.4%)
      Progress: 43000/95806 frames (44.9%)
      Progress: 43500/95806 frames (45.4%)
      Progress: 44000/95806 frames (45.9%)
      Progress: 44500/95806 frames (46.4%)
      Progress: 45000/95806 frames (47.0%)
      Progress: 45500/95806 frames (47.5%)
      Progress: 46000/95806 frames (48.0%)
      Progress: 46500/95806 frames (48.5%)
      Progress: 47000/95806 frames (49.1%)
      Progress: 47500/95806 frames (49.6%)
      Progress: 48000/95806 frames (50.1%)
      Progress: 48500/95806 frames (50.6%)
      Progress: 49000/95806 frames (51.1%)
      Progress: 49500/95806 frames (51.7%)
      Progress: 50000/95806 frames (52.2%)
      Progress: 50500/95806 frames (52.7%)
      Progress: 51000/95806 frames (53.2%)
      Progress: 51500/95806 frames (53.8%)
      Progress: 52000/95806 frames (54.3%)
      Progress: 52500/95806 frames (54.8%)
      Progress: 53000/95806 frames (55.3%)
      Progress: 53500/95806 frames (55.8%)
      Progress: 54000/95806 frames (56.4%)
      Progress: 54500/95806 frames (56.9%)
      Progress: 55000/95806 frames (57.4%)
      Progress: 55500/95806 frames (57.9%)
      Progress: 56000/95806 frames (58.5%)
      Progress: 56500/95806 frames (59.0%)
      Progress: 57000/95806 frames (59.5%)
      Progress: 57500/95806 frames (60.0%)
      Progress: 58000/95806 frames (60.5%)
      Progress: 58500/95806 frames (61.1%)
      Progress: 59000/95806 frames (61.6%)
      Progress: 59500/95806 frames (62.1%)
      Progress: 60000/95806 frames (62.6%)
      Progress: 60500/95806 frames (63.1%)
      Progress: 61000/95806 frames (63.7%)
      Progress: 61500/95806 frames (64.2%)
      Progress: 62000/95806 frames (64.7%)
      Progress: 62500/95806 frames (65.2%)
      Progress: 63000/95806 frames (65.8%)
      Progress: 63500/95806 frames (66.3%)
      Progress: 64000/95806 frames (66.8%)
      Progress: 64500/95806 frames (67.3%)
      Progress: 65000/95806 frames (67.8%)
      Progress: 65500/95806 frames (68.4%)
      Progress: 66000/95806 frames (68.9%)
      Progress: 66500/95806 frames (69.4%)
      Progress: 67000/95806 frames (69.9%)
      Progress: 67500/95806 frames (70.5%)
      Progress: 68000/95806 frames (71.0%)
      Progress: 68500/95806 frames (71.5%)
      Progress: 69000/95806 frames (72.0%)
      Progress: 69500/95806 frames (72.5%)
      Progress: 70000/95806 frames (73.1%)
      Progress: 70500/95806 frames (73.6%)
      Progress: 71000/95806 frames (74.1%)
      Progress: 71500/95806 frames (74.6%)
      Progress: 72000/95806 frames (75.2%)
      Progress: 72500/95806 frames (75.7%)
      Progress: 73000/95806 frames (76.2%)
      Progress: 73500/95806 frames (76.7%)
      Progress: 74000/95806 frames (77.2%)
      Progress: 74500/95806 frames (77.8%)
      Progress: 75000/95806 frames (78.3%)
      Progress: 75500/95806 frames (78.8%)
      Progress: 76000/95806 frames (79.3%)
      Progress: 76500/95806 frames (79.8%)
      Progress: 77000/95806 frames (80.4%)
      Progress: 77500/95806 frames (80.9%)
      Progress: 78000/95806 frames (81.4%)
      Progress: 78500/95806 frames (81.9%)
      Progress: 79000/95806 frames (82.5%)
      Progress: 79500/95806 frames (83.0%)
      Progress: 80000/95806 frames (83.5%)
      Progress: 80500/95806 frames (84.0%)
      Progress: 81000/95806 frames (84.5%)
      Progress: 81500/95806 frames (85.1%)
      Progress: 82000/95806 frames (85.6%)
      Progress: 82500/95806 frames (86.1%)
      Progress: 83000/95806 frames (86.6%)
      Progress: 83500/95806 frames (87.2%)
      Progress: 84000/95806 frames (87.7%)
      Progress: 84500/95806 frames (88.2%)
      Progress: 85000/95806 frames (88.7%)
      Progress: 85500/95806 frames (89.2%)
      Progress: 86000/95806 frames (89.8%)
      Progress: 86500/95806 frames (90.3%)
      Progress: 87000/95806 frames (90.8%)
      Progress: 87500/95806 frames (91.3%)
      Progress: 88000/95806 frames (91.9%)
      Progress: 88500/95806 frames (92.4%)
      Progress: 89000/95806 frames (92.9%)
      Progress: 89500/95806 frames (93.4%)
      Progress: 90000/95806 frames (93.9%)
      Progress: 90500/95806 frames (94.5%)
      Progress: 91000/95806 frames (95.0%)
      Progress: 91500/95806 frames (95.5%)
      Progress: 92000/95806 frames (96.0%)
      Progress: 92500/95806 frames (96.5%)
      Progress: 93000/95806 frames (97.1%)
      Progress: 93500/95806 frames (97.6%)
      Progress: 94000/95806 frames (98.1%)
      Progress: 94500/95806 frames (98.6%)
      Progress: 95000/95806 frames (99.2%)
      Progress: 95500/95806 frames (99.7%)
      ───────────────────────────────────────────────────────
      FRAME READING COMPLETE
      ───────────────────────────────────────────────────────
      Expected frames: 95806
      Frames read: 95776
      Frames missing: 30
      WARNING: 30 frames could not be read!
      ───────────────────────────────────────────────────────

      FRAMES DISTRIBUTION BY SECOND:
        Second   0:  25 frames
        Second   1:  25 frames
        Second   2:  25 frames
        Second   3:  25 frames
        Second   4:  25 frames
        Second   5:  25 frames
        Second   6:  25 frames
        Second   7:  25 frames
        Second   8:  25 frames
        Second   9:  25 frames
        ... (3823 more seconds)
      
      Frame statistics:
        Average frames/second: 25.0
        Min frames/second: 0
        Max frames/second: 25
      
      ───────────────────────────────────────────────────────
      EXTRACTING FEATURES PER SECOND
      ───────────────────────────────────────────────────────
      Total seconds to process: 3833
        Second 10/3833 - 25 frames, 1 clips
        Second 20/3833 - 25 frames, 1 clips
        Second 30/3833 - 25 frames, 1 clips
        Second 40/3833 - 25 frames, 1 clips
        Second 50/3833 - 25 frames, 1 clips
        Second 60/3833 - 25 frames, 1 clips
        Second 70/3833 - 25 frames, 1 clips
        Second 80/3833 - 25 frames, 1 clips
        Second 90/3833 - 25 frames, 1 clips
        Second 100/3833 - 25 frames, 1 clips
        Second 110/3833 - 25 frames, 1 clips
        Second 120/3833 - 25 frames, 1 clips
        Second 130/3833 - 25 frames, 1 clips
        Second 140/3833 - 25 frames, 1 clips
        Second 150/3833 - 25 frames, 1 clips
        Second 160/3833 - 25 frames, 1 clips
        Second 170/3833 - 25 frames, 1 clips
        Second 180/3833 - 25 frames, 1 clips
        Second 190/3833 - 25 frames, 1 clips
        Second 200/3833 - 25 frames, 1 clips
        Second 210/3833 - 25 frames, 1 clips
        Second 220/3833 - 25 frames, 1 clips
        Second 230/3833 - 25 frames, 1 clips
        Second 240/3833 - 25 frames, 1 clips
        Second 250/3833 - 25 frames, 1 clips
        Second 260/3833 - 25 frames, 1 clips
        Second 270/3833 - 25 frames, 1 clips
        Second 280/3833 - 25 frames, 1 clips
        Second 290/3833 - 25 frames, 1 clips
        Second 300/3833 - 25 frames, 1 clips
        Second 310/3833 - 25 frames, 1 clips
        Second 320/3833 - 25 frames, 1 clips
        Second 330/3833 - 25 frames, 1 clips
        Second 340/3833 - 25 frames, 1 clips
        Second 350/3833 - 25 frames, 1 clips
        Second 360/3833 - 25 frames, 1 clips
        Second 370/3833 - 25 frames, 1 clips
        Second 380/3833 - 25 frames, 1 clips
        Second 390/3833 - 25 frames, 1 clips
        Second 400/3833 - 25 frames, 1 clips
        Second 410/3833 - 25 frames, 1 clips
        Second 420/3833 - 25 frames, 1 clips
        Second 430/3833 - 25 frames, 1 clips
        Second 440/3833 - 25 frames, 1 clips
        Second 450/3833 - 25 frames, 1 clips
        Second 460/3833 - 25 frames, 1 clips
        Second 470/3833 - 25 frames, 1 clips
        Second 480/3833 - 25 frames, 1 clips
        Second 490/3833 - 25 frames, 1 clips
        Second 500/3833 - 25 frames, 1 clips
        Second 510/3833 - 25 frames, 1 clips
        Second 520/3833 - 25 frames, 1 clips
        Second 530/3833 - 25 frames, 1 clips
        Second 540/3833 - 25 frames, 1 clips
        Second 550/3833 - 25 frames, 1 clips
        Second 560/3833 - 25 frames, 1 clips
        Second 570/3833 - 25 frames, 1 clips
        Second 580/3833 - 25 frames, 1 clips
        Second 590/3833 - 25 frames, 1 clips
        Second 600/3833 - 25 frames, 1 clips
        Second 610/3833 - 25 frames, 1 clips
        Second 620/3833 - 25 frames, 1 clips
        Second 630/3833 - 25 frames, 1 clips
        Second 640/3833 - 25 frames, 1 clips
        Second 650/3833 - 25 frames, 1 clips
        Second 660/3833 - 25 frames, 1 clips
        Second 670/3833 - 25 frames, 1 clips
        Second 680/3833 - 25 frames, 1 clips
        Second 690/3833 - 25 frames, 1 clips
        Second 700/3833 - 25 frames, 1 clips
        Second 710/3833 - 25 frames, 1 clips
        Second 720/3833 - 25 frames, 1 clips
        Second 730/3833 - 25 frames, 1 clips
        Second 740/3833 - 25 frames, 1 clips
        Second 750/3833 - 25 frames, 1 clips
        Second 760/3833 - 25 frames, 1 clips
        Second 770/3833 - 25 frames, 1 clips
        Second 780/3833 - 25 frames, 1 clips
        Second 790/3833 - 25 frames, 1 clips
        Second 800/3833 - 25 frames, 1 clips
        Second 810/3833 - 25 frames, 1 clips
        Second 820/3833 - 25 frames, 1 clips
        Second 830/3833 - 25 frames, 1 clips
        Second 840/3833 - 25 frames, 1 clips
        Second 850/3833 - 25 frames, 1 clips
        Second 860/3833 - 25 frames, 1 clips
        Second 870/3833 - 25 frames, 1 clips
        Second 880/3833 - 25 frames, 1 clips
        Second 890/3833 - 25 frames, 1 clips
        Second 900/3833 - 25 frames, 1 clips
        Second 910/3833 - 25 frames, 1 clips
        Second 920/3833 - 25 frames, 1 clips
        Second 930/3833 - 25 frames, 1 clips
        Second 940/3833 - 25 frames, 1 clips
        Second 950/3833 - 25 frames, 1 clips
        Second 960/3833 - 25 frames, 1 clips
        Second 970/3833 - 25 frames, 1 clips
        Second 980/3833 - 25 frames, 1 clips
        Second 990/3833 - 25 frames, 1 clips
        Second 1000/3833 - 25 frames, 1 clips
        Second 1010/3833 - 25 frames, 1 clips
        Second 1020/3833 - 25 frames, 1 clips
        Second 1030/3833 - 25 frames, 1 clips
        Second 1040/3833 - 25 frames, 1 clips
        Second 1050/3833 - 25 frames, 1 clips
        Second 1060/3833 - 25 frames, 1 clips
        Second 1070/3833 - 25 frames, 1 clips
        Second 1080/3833 - 25 frames, 1 clips
        Second 1090/3833 - 25 frames, 1 clips
        Second 1100/3833 - 25 frames, 1 clips
        Second 1110/3833 - 25 frames, 1 clips
        Second 1120/3833 - 25 frames, 1 clips
        Second 1130/3833 - 25 frames, 1 clips
        Second 1140/3833 - 25 frames, 1 clips
        Second 1150/3833 - 25 frames, 1 clips
        Second 1160/3833 - 25 frames, 1 clips
        Second 1170/3833 - 25 frames, 1 clips
        Second 1180/3833 - 25 frames, 1 clips
        Second 1190/3833 - 25 frames, 1 clips
        Second 1200/3833 - 25 frames, 1 clips
        Second 1210/3833 - 25 frames, 1 clips
        Second 1220/3833 - 25 frames, 1 clips
        Second 1230/3833 - 25 frames, 1 clips
        Second 1240/3833 - 25 frames, 1 clips
        Second 1250/3833 - 25 frames, 1 clips
        Second 1260/3833 - 25 frames, 1 clips
        Second 1270/3833 - 25 frames, 1 clips
        Second 1280/3833 - 25 frames, 1 clips
        Second 1290/3833 - 25 frames, 1 clips
        Second 1300/3833 - 25 frames, 1 clips
        Second 1310/3833 - 25 frames, 1 clips
        Second 1320/3833 - 25 frames, 1 clips
        Second 1330/3833 - 25 frames, 1 clips
        Second 1340/3833 - 25 frames, 1 clips
        Second 1350/3833 - 25 frames, 1 clips
        Second 1360/3833 - 25 frames, 1 clips
        Second 1370/3833 - 25 frames, 1 clips
        Second 1380/3833 - 25 frames, 1 clips
        Second 1390/3833 - 25 frames, 1 clips
        Second 1400/3833 - 25 frames, 1 clips
        Second 1410/3833 - 25 frames, 1 clips
        Second 1420/3833 - 25 frames, 1 clips
        Second 1430/3833 - 25 frames, 1 clips
        Second 1440/3833 - 25 frames, 1 clips
        Second 1450/3833 - 25 frames, 1 clips
        Second 1460/3833 - 25 frames, 1 clips
        Second 1470/3833 - 25 frames, 1 clips
        Second 1480/3833 - 25 frames, 1 clips
        Second 1490/3833 - 25 frames, 1 clips
        Second 1500/3833 - 25 frames, 1 clips
        Second 1510/3833 - 25 frames, 1 clips
        Second 1520/3833 - 25 frames, 1 clips
        Second 1530/3833 - 25 frames, 1 clips
        Second 1540/3833 - 25 frames, 1 clips
        Second 1550/3833 - 25 frames, 1 clips
        Second 1560/3833 - 25 frames, 1 clips
        Second 1570/3833 - 25 frames, 1 clips
        Second 1580/3833 - 25 frames, 1 clips
        Second 1590/3833 - 25 frames, 1 clips
        Second 1600/3833 - 25 frames, 1 clips
        Second 1610/3833 - 25 frames, 1 clips
        Second 1620/3833 - 25 frames, 1 clips
        Second 1630/3833 - 25 frames, 1 clips
        Second 1640/3833 - 25 frames, 1 clips
        Second 1650/3833 - 25 frames, 1 clips
        Second 1660/3833 - 25 frames, 1 clips
        Second 1670/3833 - 25 frames, 1 clips
        Second 1680/3833 - 25 frames, 1 clips
        Second 1690/3833 - 25 frames, 1 clips
        Second 1700/3833 - 25 frames, 1 clips
        Second 1710/3833 - 25 frames, 1 clips
        Second 1720/3833 - 25 frames, 1 clips
        Second 1730/3833 - 25 frames, 1 clips
        Second 1740/3833 - 25 frames, 1 clips
        Second 1750/3833 - 25 frames, 1 clips
        Second 1760/3833 - 25 frames, 1 clips
        Second 1770/3833 - 25 frames, 1 clips
        Second 1780/3833 - 25 frames, 1 clips
        Second 1790/3833 - 25 frames, 1 clips
        Second 1800/3833 - 25 frames, 1 clips
        Second 1810/3833 - 25 frames, 1 clips
        Second 1820/3833 - 25 frames, 1 clips
        Second 1830/3833 - 25 frames, 1 clips
        Second 1840/3833 - 25 frames, 1 clips
        Second 1850/3833 - 25 frames, 1 clips
        Second 1860/3833 - 25 frames, 1 clips
        Second 1870/3833 - 25 frames, 1 clips
        Second 1880/3833 - 25 frames, 1 clips
        Second 1890/3833 - 25 frames, 1 clips
        Second 1900/3833 - 25 frames, 1 clips
        Second 1910/3833 - 25 frames, 1 clips
        Second 1920/3833 - 25 frames, 1 clips
        Second 1930/3833 - 25 frames, 1 clips
        Second 1940/3833 - 25 frames, 1 clips
        Second 1950/3833 - 25 frames, 1 clips
        Second 1960/3833 - 25 frames, 1 clips
        Second 1970/3833 - 25 frames, 1 clips
        Second 1980/3833 - 25 frames, 1 clips
        Second 1990/3833 - 25 frames, 1 clips
        Second 2000/3833 - 25 frames, 1 clips
        Second 2010/3833 - 25 frames, 1 clips
        Second 2020/3833 - 25 frames, 1 clips
        Second 2030/3833 - 25 frames, 1 clips
        Second 2040/3833 - 25 frames, 1 clips
        Second 2050/3833 - 25 frames, 1 clips
        Second 2060/3833 - 25 frames, 1 clips
        Second 2070/3833 - 25 frames, 1 clips
        Second 2080/3833 - 25 frames, 1 clips
        Second 2090/3833 - 25 frames, 1 clips
        Second 2100/3833 - 25 frames, 1 clips
        Second 2110/3833 - 25 frames, 1 clips
        Second 2120/3833 - 25 frames, 1 clips
        Second 2130/3833 - 25 frames, 1 clips
        Second 2140/3833 - 25 frames, 1 clips
        Second 2150/3833 - 25 frames, 1 clips
        Second 2160/3833 - 25 frames, 1 clips
        Second 2170/3833 - 25 frames, 1 clips
        Second 2180/3833 - 25 frames, 1 clips
        Second 2190/3833 - 25 frames, 1 clips
        Second 2200/3833 - 25 frames, 1 clips
        Second 2210/3833 - 25 frames, 1 clips
        Second 2220/3833 - 25 frames, 1 clips
        Second 2230/3833 - 25 frames, 1 clips
        Second 2240/3833 - 25 frames, 1 clips
        Second 2250/3833 - 25 frames, 1 clips
        Second 2260/3833 - 25 frames, 1 clips
        Second 2270/3833 - 25 frames, 1 clips
        Second 2280/3833 - 25 frames, 1 clips
        Second 2290/3833 - 25 frames, 1 clips
        Second 2300/3833 - 25 frames, 1 clips
        Second 2310/3833 - 25 frames, 1 clips
        Second 2320/3833 - 25 frames, 1 clips
        Second 2330/3833 - 25 frames, 1 clips
        Second 2340/3833 - 25 frames, 1 clips
        Second 2350/3833 - 25 frames, 1 clips
        Second 2360/3833 - 25 frames, 1 clips
        Second 2370/3833 - 25 frames, 1 clips
        Second 2380/3833 - 25 frames, 1 clips
        Second 2390/3833 - 25 frames, 1 clips
        Second 2400/3833 - 25 frames, 1 clips
        Second 2410/3833 - 25 frames, 1 clips
        Second 2420/3833 - 25 frames, 1 clips
        Second 2430/3833 - 25 frames, 1 clips
        Second 2440/3833 - 25 frames, 1 clips
        Second 2450/3833 - 25 frames, 1 clips
        Second 2460/3833 - 25 frames, 1 clips
        Second 2470/3833 - 25 frames, 1 clips
        Second 2480/3833 - 25 frames, 1 clips
        Second 2490/3833 - 25 frames, 1 clips
        Second 2500/3833 - 25 frames, 1 clips
        Second 2510/3833 - 25 frames, 1 clips
        Second 2520/3833 - 25 frames, 1 clips
        Second 2530/3833 - 25 frames, 1 clips
        Second 2540/3833 - 25 frames, 1 clips
        Second 2550/3833 - 25 frames, 1 clips
        Second 2560/3833 - 25 frames, 1 clips
        Second 2570/3833 - 25 frames, 1 clips
        Second 2580/3833 - 25 frames, 1 clips
        Second 2590/3833 - 25 frames, 1 clips
        Second 2600/3833 - 25 frames, 1 clips
        Second 2610/3833 - 25 frames, 1 clips
        Second 2620/3833 - 25 frames, 1 clips
        Second 2630/3833 - 25 frames, 1 clips
        Second 2640/3833 - 25 frames, 1 clips
        Second 2650/3833 - 25 frames, 1 clips
        Second 2660/3833 - 25 frames, 1 clips
        Second 2670/3833 - 25 frames, 1 clips
        Second 2680/3833 - 25 frames, 1 clips
        Second 2690/3833 - 25 frames, 1 clips
        Second 2700/3833 - 25 frames, 1 clips
        Second 2710/3833 - 25 frames, 1 clips
        Second 2720/3833 - 25 frames, 1 clips
        Second 2730/3833 - 25 frames, 1 clips
        Second 2740/3833 - 25 frames, 1 clips
        Second 2750/3833 - 25 frames, 1 clips
        Second 2760/3833 - 25 frames, 1 clips
        Second 2770/3833 - 25 frames, 1 clips
        Second 2780/3833 - 25 frames, 1 clips
        Second 2790/3833 - 25 frames, 1 clips
        Second 2800/3833 - 25 frames, 1 clips
        Second 2810/3833 - 25 frames, 1 clips
        Second 2820/3833 - 25 frames, 1 clips
        Second 2830/3833 - 25 frames, 1 clips
        Second 2840/3833 - 25 frames, 1 clips
        Second 2850/3833 - 25 frames, 1 clips
        Second 2860/3833 - 25 frames, 1 clips
        Second 2870/3833 - 25 frames, 1 clips
        Second 2880/3833 - 25 frames, 1 clips
        Second 2890/3833 - 25 frames, 1 clips
        Second 2900/3833 - 25 frames, 1 clips
        Second 2910/3833 - 25 frames, 1 clips
        Second 2920/3833 - 25 frames, 1 clips
        Second 2930/3833 - 25 frames, 1 clips
        Second 2940/3833 - 25 frames, 1 clips
        Second 2950/3833 - 25 frames, 1 clips
        Second 2960/3833 - 25 frames, 1 clips
        Second 2970/3833 - 25 frames, 1 clips
        Second 2980/3833 - 25 frames, 1 clips
        Second 2990/3833 - 25 frames, 1 clips
        Second 3000/3833 - 25 frames, 1 clips
        Second 3010/3833 - 25 frames, 1 clips
        Second 3020/3833 - 25 frames, 1 clips
        Second 3030/3833 - 25 frames, 1 clips
        Second 3040/3833 - 25 frames, 1 clips
        Second 3050/3833 - 25 frames, 1 clips
        Second 3060/3833 - 25 frames, 1 clips
        Second 3070/3833 - 25 frames, 1 clips
        Second 3080/3833 - 25 frames, 1 clips
        Second 3090/3833 - 25 frames, 1 clips
        Second 3100/3833 - 25 frames, 1 clips
        Second 3110/3833 - 25 frames, 1 clips
        Second 3120/3833 - 25 frames, 1 clips
        Second 3130/3833 - 25 frames, 1 clips
        Second 3140/3833 - 25 frames, 1 clips
        Second 3150/3833 - 25 frames, 1 clips
        Second 3160/3833 - 25 frames, 1 clips
        Second 3170/3833 - 25 frames, 1 clips
        Second 3180/3833 - 25 frames, 1 clips
        Second 3190/3833 - 25 frames, 1 clips
        Second 3200/3833 - 25 frames, 1 clips
        Second 3210/3833 - 25 frames, 1 clips
        Second 3220/3833 - 25 frames, 1 clips
        Second 3230/3833 - 25 frames, 1 clips
        Second 3240/3833 - 25 frames, 1 clips
        Second 3250/3833 - 25 frames, 1 clips
        Second 3260/3833 - 25 frames, 1 clips
        Second 3270/3833 - 25 frames, 1 clips
        Second 3280/3833 - 25 frames, 1 clips
        Second 3290/3833 - 25 frames, 1 clips
        Second 3300/3833 - 25 frames, 1 clips
        Second 3310/3833 - 25 frames, 1 clips
        Second 3320/3833 - 25 frames, 1 clips
        Second 3330/3833 - 25 frames, 1 clips
        Second 3340/3833 - 25 frames, 1 clips
        Second 3350/3833 - 25 frames, 1 clips
        Second 3360/3833 - 25 frames, 1 clips
        Second 3370/3833 - 25 frames, 1 clips
        Second 3380/3833 - 25 frames, 1 clips
        Second 3390/3833 - 25 frames, 1 clips
        Second 3400/3833 - 25 frames, 1 clips
        Second 3410/3833 - 25 frames, 1 clips
        Second 3420/3833 - 25 frames, 1 clips
        Second 3430/3833 - 25 frames, 1 clips
        Second 3440/3833 - 25 frames, 1 clips
        Second 3450/3833 - 25 frames, 1 clips
        Second 3460/3833 - 25 frames, 1 clips
        Second 3470/3833 - 25 frames, 1 clips
        Second 3480/3833 - 25 frames, 1 clips
        Second 3490/3833 - 25 frames, 1 clips
        Second 3500/3833 - 25 frames, 1 clips
        Second 3510/3833 - 25 frames, 1 clips
        Second 3520/3833 - 25 frames, 1 clips
        Second 3530/3833 - 25 frames, 1 clips
        Second 3540/3833 - 25 frames, 1 clips
        Second 3550/3833 - 25 frames, 1 clips
        Second 3560/3833 - 25 frames, 1 clips
        Second 3570/3833 - 25 frames, 1 clips
        Second 3580/3833 - 25 frames, 1 clips
        Second 3590/3833 - 25 frames, 1 clips
        Second 3600/3833 - 25 frames, 1 clips
        Second 3610/3833 - 25 frames, 1 clips
        Second 3620/3833 - 25 frames, 1 clips
        Second 3630/3833 - 25 frames, 1 clips
        Second 3640/3833 - 25 frames, 1 clips
        Second 3650/3833 - 25 frames, 1 clips
        Second 3660/3833 - 25 frames, 1 clips
        Second 3670/3833 - 25 frames, 1 clips
        Second 3680/3833 - 25 frames, 1 clips
        Second 3690/3833 - 25 frames, 1 clips
        Second 3700/3833 - 25 frames, 1 clips
        Second 3710/3833 - 25 frames, 1 clips
        Second 3720/3833 - 25 frames, 1 clips
        Second 3730/3833 - 25 frames, 1 clips
        Second 3740/3833 - 25 frames, 1 clips
        Second 3750/3833 - 25 frames, 1 clips
        Second 3760/3833 - 25 frames, 1 clips
        Second 3770/3833 - 25 frames, 1 clips
        Second 3780/3833 - 25 frames, 1 clips
        Second 3790/3833 - 25 frames, 1 clips
        Second 3800/3833 - 25 frames, 1 clips
        Second 3810/3833 - 25 frames, 1 clips
        Second 3820/3833 - 25 frames, 1 clips
        Second 3830/3833 - 25 frames, 1 clips
      ───────────────────────────────────────────────────────
      FEATURE EXTRACTION COMPLETE
      ───────────────────────────────────────────────────────
      Final features shape: (3833, 1024)
      Features per second: 3833
      Feature dimension: 1024
      ═══════════════════════════════════════════════════════

[ID13]   Features extracted: (3833, 1024)
[ID13] Step 2/4: Converting to binary labels and removing unwanted classes...
[ID13]   Number of seconds: 3833
      CSV columns: ['start_time', 'end_time', 'licking', 'shaking']
      CSV shape: (3840, 4)
      Video seconds: 3833
      Total rows in CSV: 3840
      Valid rows (within video duration): 3833
      Rows kept after removing shaking: 3814
[ID13]   Original seconds: 3833
[ID13]   After removing shaking/licking_shaking: 3814
[ID13] Step 3/4: Balancing classes...
      Before balancing:
        Background: 3134 samples
        Licking: 680 samples
        Ratio: 4.61:1
      After balancing:
        Background: 680 samples
        Licking: 680 samples
        Total: 1360 samples
[ID13] Step 4/4: Saving processed data...
[ID13]   Saved features: /data-8tb/nvaci/dataset/dataset_Stanford/FACT_method/preprocessed_data_2class_originalFPS/features/ID13.npy
[ID13]     Shape: (1360, 1024)
[ID13]     Size: 5.31 MB
[ID13]   Final label distribution:
[ID13]     - background: 680 seconds (50.0%)
[ID13]     - licking: 680 seconds (50.0%)
[ID13]   Saved labels: /data-8tb/nvaci/dataset/dataset_Stanford/FACT_method/preprocessed_data_2class_originalFPS/groundTruth/ID13.txt
[ID13] SUCCESS - Video processed successfully


================================================================================
Processing video 14/32: ID14
================================================================================
[ID14] Found label file: 25-021_ID14.csv
[ID14] Step 1/4: Extracting features (per second)...
      Opening video file...

      ═══════════════════════════════════════════════════════
      VIDEO PROPERTIES
      ═══════════════════════════════════════════════════════
      FPS detected: 25.00
      Clip length (auto): 25 frames
      Total frames: 95201
      Duration: 3808.04 seconds
      Expected seconds: 3809
      Frames per second: ~25.0
      ═══════════════════════════════════════════════════════

      Using ORIGINAL FPS with per-second aggregation
      Aggregation method: mean
      ───────────────────────────────────────────────────────
      READING ALL FRAMES FROM VIDEO
      ───────────────────────────────────────────────────────
      Progress: 500/95201 frames (0.5%)
      Progress: 1000/95201 frames (1.1%)
      Progress: 1500/95201 frames (1.6%)
      Progress: 2000/95201 frames (2.1%)
      Progress: 2500/95201 frames (2.6%)
      Progress: 3000/95201 frames (3.2%)
      Progress: 3500/95201 frames (3.7%)
      Progress: 4000/95201 frames (4.2%)
      Progress: 4500/95201 frames (4.7%)
      Progress: 5000/95201 frames (5.3%)
      Progress: 5500/95201 frames (5.8%)
      Progress: 6000/95201 frames (6.3%)
      Progress: 6500/95201 frames (6.8%)
      Progress: 7000/95201 frames (7.4%)
      Progress: 7500/95201 frames (7.9%)
      Progress: 8000/95201 frames (8.4%)
      Progress: 8500/95201 frames (8.9%)
      Progress: 9000/95201 frames (9.5%)
      Progress: 9500/95201 frames (10.0%)
      Progress: 10000/95201 frames (10.5%)
      Progress: 10500/95201 frames (11.0%)
      Progress: 11000/95201 frames (11.6%)
      Progress: 11500/95201 frames (12.1%)
      Progress: 12000/95201 frames (12.6%)
      Progress: 12500/95201 frames (13.1%)
      Progress: 13000/95201 frames (13.7%)
      Progress: 13500/95201 frames (14.2%)
      Progress: 14000/95201 frames (14.7%)
      Progress: 14500/95201 frames (15.2%)
      Progress: 15000/95201 frames (15.8%)
      Progress: 15500/95201 frames (16.3%)
      Progress: 16000/95201 frames (16.8%)
      Progress: 16500/95201 frames (17.3%)
      Progress: 17000/95201 frames (17.9%)
      Progress: 17500/95201 frames (18.4%)
      Progress: 18000/95201 frames (18.9%)
      Progress: 18500/95201 frames (19.4%)
      Progress: 19000/95201 frames (20.0%)
      Progress: 19500/95201 frames (20.5%)
      Progress: 20000/95201 frames (21.0%)
      Progress: 20500/95201 frames (21.5%)
      Progress: 21000/95201 frames (22.1%)
      Progress: 21500/95201 frames (22.6%)
      Progress: 22000/95201 frames (23.1%)
      Progress: 22500/95201 frames (23.6%)
      Progress: 23000/95201 frames (24.2%)
      Progress: 23500/95201 frames (24.7%)
      Progress: 24000/95201 frames (25.2%)
      Progress: 24500/95201 frames (25.7%)
      Progress: 25000/95201 frames (26.3%)
      Progress: 25500/95201 frames (26.8%)
      Progress: 26000/95201 frames (27.3%)
      Progress: 26500/95201 frames (27.8%)
      Progress: 27000/95201 frames (28.4%)
      Progress: 27500/95201 frames (28.9%)
      Progress: 28000/95201 frames (29.4%)
      Progress: 28500/95201 frames (29.9%)
      Progress: 29000/95201 frames (30.5%)
      Progress: 29500/95201 frames (31.0%)
      Progress: 30000/95201 frames (31.5%)
      Progress: 30500/95201 frames (32.0%)
      Progress: 31000/95201 frames (32.6%)
      Progress: 31500/95201 frames (33.1%)
      Progress: 32000/95201 frames (33.6%)
      Progress: 32500/95201 frames (34.1%)
      Progress: 33000/95201 frames (34.7%)
      Progress: 33500/95201 frames (35.2%)
      Progress: 34000/95201 frames (35.7%)
      Progress: 34500/95201 frames (36.2%)
      Progress: 35000/95201 frames (36.8%)
      Progress: 35500/95201 frames (37.3%)
      Progress: 36000/95201 frames (37.8%)
      Progress: 36500/95201 frames (38.3%)
      Progress: 37000/95201 frames (38.9%)
      Progress: 37500/95201 frames (39.4%)
      Progress: 38000/95201 frames (39.9%)
      Progress: 38500/95201 frames (40.4%)
      Progress: 39000/95201 frames (41.0%)
      Progress: 39500/95201 frames (41.5%)
      Progress: 40000/95201 frames (42.0%)
      Progress: 40500/95201 frames (42.5%)
      Progress: 41000/95201 frames (43.1%)
      Progress: 41500/95201 frames (43.6%)
      Progress: 42000/95201 frames (44.1%)
      Progress: 42500/95201 frames (44.6%)
      Progress: 43000/95201 frames (45.2%)
      Progress: 43500/95201 frames (45.7%)
      Progress: 44000/95201 frames (46.2%)
      Progress: 44500/95201 frames (46.7%)
      Progress: 45000/95201 frames (47.3%)
      Progress: 45500/95201 frames (47.8%)
      Progress: 46000/95201 frames (48.3%)
      Progress: 46500/95201 frames (48.8%)
      Progress: 47000/95201 frames (49.4%)
      Progress: 47500/95201 frames (49.9%)
      Progress: 48000/95201 frames (50.4%)
      Progress: 48500/95201 frames (50.9%)
      Progress: 49000/95201 frames (51.5%)
      Progress: 49500/95201 frames (52.0%)
      Progress: 50000/95201 frames (52.5%)
      Progress: 50500/95201 frames (53.0%)
      Progress: 51000/95201 frames (53.6%)
      Progress: 51500/95201 frames (54.1%)
      Progress: 52000/95201 frames (54.6%)
      Progress: 52500/95201 frames (55.1%)
      Progress: 53000/95201 frames (55.7%)
      Progress: 53500/95201 frames (56.2%)
      Progress: 54000/95201 frames (56.7%)
      Progress: 54500/95201 frames (57.2%)
      Progress: 55000/95201 frames (57.8%)
      Progress: 55500/95201 frames (58.3%)
      Progress: 56000/95201 frames (58.8%)
      Progress: 56500/95201 frames (59.3%)
      Progress: 57000/95201 frames (59.9%)
      Progress: 57500/95201 frames (60.4%)
      Progress: 58000/95201 frames (60.9%)
      Progress: 58500/95201 frames (61.4%)
      Progress: 59000/95201 frames (62.0%)
      Progress: 59500/95201 frames (62.5%)
      Progress: 60000/95201 frames (63.0%)
      Progress: 60500/95201 frames (63.5%)
      Progress: 61000/95201 frames (64.1%)
      Progress: 61500/95201 frames (64.6%)
      Progress: 62000/95201 frames (65.1%)
      Progress: 62500/95201 frames (65.7%)
      Progress: 63000/95201 frames (66.2%)
      Progress: 63500/95201 frames (66.7%)
      Progress: 64000/95201 frames (67.2%)
      Progress: 64500/95201 frames (67.8%)
      Progress: 65000/95201 frames (68.3%)
      Progress: 65500/95201 frames (68.8%)
      Progress: 66000/95201 frames (69.3%)
      Progress: 66500/95201 frames (69.9%)
      Progress: 67000/95201 frames (70.4%)
      Progress: 67500/95201 frames (70.9%)
      Progress: 68000/95201 frames (71.4%)
      Progress: 68500/95201 frames (72.0%)
      Progress: 69000/95201 frames (72.5%)
      Progress: 69500/95201 frames (73.0%)
      Progress: 70000/95201 frames (73.5%)
      Progress: 70500/95201 frames (74.1%)
      Progress: 71000/95201 frames (74.6%)
      Progress: 71500/95201 frames (75.1%)
      Progress: 72000/95201 frames (75.6%)
      Progress: 72500/95201 frames (76.2%)
      Progress: 73000/95201 frames (76.7%)
      Progress: 73500/95201 frames (77.2%)
      Progress: 74000/95201 frames (77.7%)
      Progress: 74500/95201 frames (78.3%)
      Progress: 75000/95201 frames (78.8%)
      Progress: 75500/95201 frames (79.3%)
      Progress: 76000/95201 frames (79.8%)
      Progress: 76500/95201 frames (80.4%)
      Progress: 77000/95201 frames (80.9%)
      Progress: 77500/95201 frames (81.4%)
      Progress: 78000/95201 frames (81.9%)
      Progress: 78500/95201 frames (82.5%)
      Progress: 79000/95201 frames (83.0%)
      Progress: 79500/95201 frames (83.5%)
      Progress: 80000/95201 frames (84.0%)
      Progress: 80500/95201 frames (84.6%)
      Progress: 81000/95201 frames (85.1%)
      Progress: 81500/95201 frames (85.6%)
      Progress: 82000/95201 frames (86.1%)
      Progress: 82500/95201 frames (86.7%)
      Progress: 83000/95201 frames (87.2%)
      Progress: 83500/95201 frames (87.7%)
      Progress: 84000/95201 frames (88.2%)
      Progress: 84500/95201 frames (88.8%)
      Progress: 85000/95201 frames (89.3%)
      Progress: 85500/95201 frames (89.8%)
      Progress: 86000/95201 frames (90.3%)
      Progress: 86500/95201 frames (90.9%)
      Progress: 87000/95201 frames (91.4%)
      Progress: 87500/95201 frames (91.9%)
      Progress: 88000/95201 frames (92.4%)
      Progress: 88500/95201 frames (93.0%)
      Progress: 89000/95201 frames (93.5%)
      Progress: 89500/95201 frames (94.0%)
      Progress: 90000/95201 frames (94.5%)
      Progress: 90500/95201 frames (95.1%)
      Progress: 91000/95201 frames (95.6%)
      Progress: 91500/95201 frames (96.1%)
      Progress: 92000/95201 frames (96.6%)
      Progress: 92500/95201 frames (97.2%)
      Progress: 93000/95201 frames (97.7%)
      Progress: 93500/95201 frames (98.2%)
      Progress: 94000/95201 frames (98.7%)
      Progress: 94500/95201 frames (99.3%)
      Progress: 95000/95201 frames (99.8%)
      ───────────────────────────────────────────────────────
      FRAME READING COMPLETE
      ───────────────────────────────────────────────────────
      Expected frames: 95201
      Frames read: 95051
      Frames missing: 150
      WARNING: 150 frames could not be read!
      ───────────────────────────────────────────────────────

      FRAMES DISTRIBUTION BY SECOND:
        Second   0:  25 frames
        Second   1:  25 frames
        Second   2:  25 frames
        Second   3:  25 frames
        Second   4:  25 frames
        Second   5:  25 frames
        Second   6:  25 frames
        Second   7:  25 frames
        Second   8:  25 frames
        Second   9:  25 frames
        ... (3799 more seconds)
      
      Frame statistics:
        Average frames/second: 25.0
        Min frames/second: 0
        Max frames/second: 25
      
      ───────────────────────────────────────────────────────
      EXTRACTING FEATURES PER SECOND
      ───────────────────────────────────────────────────────
      Total seconds to process: 3809
        Second 10/3809 - 25 frames, 1 clips
        Second 20/3809 - 25 frames, 1 clips
        Second 30/3809 - 25 frames, 1 clips
        Second 40/3809 - 25 frames, 1 clips
        Second 50/3809 - 25 frames, 1 clips
        Second 60/3809 - 25 frames, 1 clips
        Second 70/3809 - 25 frames, 1 clips
        Second 80/3809 - 25 frames, 1 clips
        Second 90/3809 - 25 frames, 1 clips
        Second 100/3809 - 25 frames, 1 clips
        Second 110/3809 - 25 frames, 1 clips
        Second 120/3809 - 25 frames, 1 clips
        Second 130/3809 - 25 frames, 1 clips
        Second 140/3809 - 25 frames, 1 clips
        Second 150/3809 - 25 frames, 1 clips
        Second 160/3809 - 25 frames, 1 clips
        Second 170/3809 - 25 frames, 1 clips
        Second 180/3809 - 25 frames, 1 clips
        Second 190/3809 - 25 frames, 1 clips
        Second 200/3809 - 25 frames, 1 clips
        Second 210/3809 - 25 frames, 1 clips
        Second 220/3809 - 25 frames, 1 clips
        Second 230/3809 - 25 frames, 1 clips
        Second 240/3809 - 25 frames, 1 clips
        Second 250/3809 - 25 frames, 1 clips
        Second 260/3809 - 25 frames, 1 clips
        Second 270/3809 - 25 frames, 1 clips
        Second 280/3809 - 25 frames, 1 clips
        Second 290/3809 - 25 frames, 1 clips
        Second 300/3809 - 25 frames, 1 clips
        Second 310/3809 - 25 frames, 1 clips
        Second 320/3809 - 25 frames, 1 clips
        Second 330/3809 - 25 frames, 1 clips
        Second 340/3809 - 25 frames, 1 clips
        Second 350/3809 - 25 frames, 1 clips
        Second 360/3809 - 25 frames, 1 clips
        Second 370/3809 - 25 frames, 1 clips
        Second 380/3809 - 25 frames, 1 clips
        Second 390/3809 - 25 frames, 1 clips
        Second 400/3809 - 25 frames, 1 clips
        Second 410/3809 - 25 frames, 1 clips
        Second 420/3809 - 25 frames, 1 clips
        Second 430/3809 - 25 frames, 1 clips
        Second 440/3809 - 25 frames, 1 clips
        Second 450/3809 - 25 frames, 1 clips
        Second 460/3809 - 25 frames, 1 clips
        Second 470/3809 - 25 frames, 1 clips
        Second 480/3809 - 25 frames, 1 clips
        Second 490/3809 - 25 frames, 1 clips
        Second 500/3809 - 25 frames, 1 clips
        Second 510/3809 - 25 frames, 1 clips
        Second 520/3809 - 25 frames, 1 clips
        Second 530/3809 - 25 frames, 1 clips
        Second 540/3809 - 25 frames, 1 clips
        Second 550/3809 - 25 frames, 1 clips
        Second 560/3809 - 25 frames, 1 clips
        Second 570/3809 - 25 frames, 1 clips
        Second 580/3809 - 25 frames, 1 clips
        Second 590/3809 - 25 frames, 1 clips
        Second 600/3809 - 25 frames, 1 clips
        Second 610/3809 - 25 frames, 1 clips
        Second 620/3809 - 25 frames, 1 clips
        Second 630/3809 - 25 frames, 1 clips
        Second 640/3809 - 25 frames, 1 clips
        Second 650/3809 - 25 frames, 1 clips
        Second 660/3809 - 25 frames, 1 clips
        Second 670/3809 - 25 frames, 1 clips
        Second 680/3809 - 25 frames, 1 clips
        Second 690/3809 - 25 frames, 1 clips
        Second 700/3809 - 25 frames, 1 clips
        Second 710/3809 - 25 frames, 1 clips
        Second 720/3809 - 25 frames, 1 clips
        Second 730/3809 - 25 frames, 1 clips
        Second 740/3809 - 25 frames, 1 clips
        Second 750/3809 - 25 frames, 1 clips
        Second 760/3809 - 25 frames, 1 clips
        Second 770/3809 - 25 frames, 1 clips
        Second 780/3809 - 25 frames, 1 clips
        Second 790/3809 - 25 frames, 1 clips
        Second 800/3809 - 25 frames, 1 clips
        Second 810/3809 - 25 frames, 1 clips
        Second 820/3809 - 25 frames, 1 clips
        Second 830/3809 - 25 frames, 1 clips
        Second 840/3809 - 25 frames, 1 clips
        Second 850/3809 - 25 frames, 1 clips
        Second 860/3809 - 25 frames, 1 clips
        Second 870/3809 - 25 frames, 1 clips
        Second 880/3809 - 25 frames, 1 clips
        Second 890/3809 - 25 frames, 1 clips
        Second 900/3809 - 25 frames, 1 clips
        Second 910/3809 - 25 frames, 1 clips
        Second 920/3809 - 25 frames, 1 clips
        Second 930/3809 - 25 frames, 1 clips
        Second 940/3809 - 25 frames, 1 clips
        Second 950/3809 - 25 frames, 1 clips
        Second 960/3809 - 25 frames, 1 clips
        Second 970/3809 - 25 frames, 1 clips
        Second 980/3809 - 25 frames, 1 clips
        Second 990/3809 - 25 frames, 1 clips
        Second 1000/3809 - 25 frames, 1 clips
        Second 1010/3809 - 25 frames, 1 clips
        Second 1020/3809 - 25 frames, 1 clips
        Second 1030/3809 - 25 frames, 1 clips
        Second 1040/3809 - 25 frames, 1 clips
        Second 1050/3809 - 25 frames, 1 clips
        Second 1060/3809 - 25 frames, 1 clips
        Second 1070/3809 - 25 frames, 1 clips
        Second 1080/3809 - 25 frames, 1 clips
        Second 1090/3809 - 25 frames, 1 clips
        Second 1100/3809 - 25 frames, 1 clips
        Second 1110/3809 - 25 frames, 1 clips
        Second 1120/3809 - 25 frames, 1 clips
        Second 1130/3809 - 25 frames, 1 clips
        Second 1140/3809 - 25 frames, 1 clips
        Second 1150/3809 - 25 frames, 1 clips
        Second 1160/3809 - 25 frames, 1 clips
        Second 1170/3809 - 25 frames, 1 clips
        Second 1180/3809 - 25 frames, 1 clips
        Second 1190/3809 - 25 frames, 1 clips
        Second 1200/3809 - 25 frames, 1 clips
        Second 1210/3809 - 25 frames, 1 clips
        Second 1220/3809 - 25 frames, 1 clips
        Second 1230/3809 - 25 frames, 1 clips
        Second 1240/3809 - 25 frames, 1 clips
        Second 1250/3809 - 25 frames, 1 clips
        Second 1260/3809 - 25 frames, 1 clips
        Second 1270/3809 - 25 frames, 1 clips
        Second 1280/3809 - 25 frames, 1 clips
        Second 1290/3809 - 25 frames, 1 clips
        Second 1300/3809 - 25 frames, 1 clips
        Second 1310/3809 - 25 frames, 1 clips
        Second 1320/3809 - 25 frames, 1 clips
        Second 1330/3809 - 25 frames, 1 clips
        Second 1340/3809 - 25 frames, 1 clips
        Second 1350/3809 - 25 frames, 1 clips
        Second 1360/3809 - 25 frames, 1 clips
        Second 1370/3809 - 25 frames, 1 clips
        Second 1380/3809 - 25 frames, 1 clips
        Second 1390/3809 - 25 frames, 1 clips
        Second 1400/3809 - 25 frames, 1 clips
        Second 1410/3809 - 25 frames, 1 clips
        Second 1420/3809 - 25 frames, 1 clips
        Second 1430/3809 - 25 frames, 1 clips
        Second 1440/3809 - 25 frames, 1 clips
        Second 1450/3809 - 25 frames, 1 clips
        Second 1460/3809 - 25 frames, 1 clips
        Second 1470/3809 - 25 frames, 1 clips
        Second 1480/3809 - 25 frames, 1 clips
        Second 1490/3809 - 25 frames, 1 clips
        Second 1500/3809 - 25 frames, 1 clips
        Second 1510/3809 - 25 frames, 1 clips
        Second 1520/3809 - 25 frames, 1 clips
        Second 1530/3809 - 25 frames, 1 clips
        Second 1540/3809 - 25 frames, 1 clips
        Second 1550/3809 - 25 frames, 1 clips
        Second 1560/3809 - 25 frames, 1 clips
        Second 1570/3809 - 25 frames, 1 clips
        Second 1580/3809 - 25 frames, 1 clips
        Second 1590/3809 - 25 frames, 1 clips
        Second 1600/3809 - 25 frames, 1 clips
        Second 1610/3809 - 25 frames, 1 clips
        Second 1620/3809 - 25 frames, 1 clips
        Second 1630/3809 - 25 frames, 1 clips
        Second 1640/3809 - 25 frames, 1 clips
        Second 1650/3809 - 25 frames, 1 clips
        Second 1660/3809 - 25 frames, 1 clips
        Second 1670/3809 - 25 frames, 1 clips
        Second 1680/3809 - 25 frames, 1 clips
        Second 1690/3809 - 25 frames, 1 clips
        Second 1700/3809 - 25 frames, 1 clips
        Second 1710/3809 - 25 frames, 1 clips
        Second 1720/3809 - 25 frames, 1 clips
        Second 1730/3809 - 25 frames, 1 clips
        Second 1740/3809 - 25 frames, 1 clips
        Second 1750/3809 - 25 frames, 1 clips
        Second 1760/3809 - 25 frames, 1 clips
        Second 1770/3809 - 25 frames, 1 clips
        Second 1780/3809 - 25 frames, 1 clips
        Second 1790/3809 - 25 frames, 1 clips
        Second 1800/3809 - 25 frames, 1 clips
        Second 1810/3809 - 25 frames, 1 clips
        Second 1820/3809 - 25 frames, 1 clips
        Second 1830/3809 - 25 frames, 1 clips
        Second 1840/3809 - 25 frames, 1 clips
        Second 1850/3809 - 25 frames, 1 clips
        Second 1860/3809 - 25 frames, 1 clips
        Second 1870/3809 - 25 frames, 1 clips
        Second 1880/3809 - 25 frames, 1 clips
        Second 1890/3809 - 25 frames, 1 clips
        Second 1900/3809 - 25 frames, 1 clips
        Second 1910/3809 - 25 frames, 1 clips
        Second 1920/3809 - 25 frames, 1 clips
        Second 1930/3809 - 25 frames, 1 clips
        Second 1940/3809 - 25 frames, 1 clips
        Second 1950/3809 - 25 frames, 1 clips
        Second 1960/3809 - 25 frames, 1 clips
        Second 1970/3809 - 25 frames, 1 clips
        Second 1980/3809 - 25 frames, 1 clips
        Second 1990/3809 - 25 frames, 1 clips
        Second 2000/3809 - 25 frames, 1 clips
        Second 2010/3809 - 25 frames, 1 clips
        Second 2020/3809 - 25 frames, 1 clips
        Second 2030/3809 - 25 frames, 1 clips
        Second 2040/3809 - 25 frames, 1 clips
        Second 2050/3809 - 25 frames, 1 clips
        Second 2060/3809 - 25 frames, 1 clips
        Second 2070/3809 - 25 frames, 1 clips
        Second 2080/3809 - 25 frames, 1 clips
        Second 2090/3809 - 25 frames, 1 clips
        Second 2100/3809 - 25 frames, 1 clips
        Second 2110/3809 - 25 frames, 1 clips
        Second 2120/3809 - 25 frames, 1 clips
        Second 2130/3809 - 25 frames, 1 clips
        Second 2140/3809 - 25 frames, 1 clips
        Second 2150/3809 - 25 frames, 1 clips
        Second 2160/3809 - 25 frames, 1 clips
        Second 2170/3809 - 25 frames, 1 clips
        Second 2180/3809 - 25 frames, 1 clips
        Second 2190/3809 - 25 frames, 1 clips
        Second 2200/3809 - 25 frames, 1 clips
        Second 2210/3809 - 25 frames, 1 clips
        Second 2220/3809 - 25 frames, 1 clips
        Second 2230/3809 - 25 frames, 1 clips
        Second 2240/3809 - 25 frames, 1 clips
        Second 2250/3809 - 25 frames, 1 clips
        Second 2260/3809 - 25 frames, 1 clips
        Second 2270/3809 - 25 frames, 1 clips
        Second 2280/3809 - 25 frames, 1 clips
        Second 2290/3809 - 25 frames, 1 clips
        Second 2300/3809 - 25 frames, 1 clips
        Second 2310/3809 - 25 frames, 1 clips
        Second 2320/3809 - 25 frames, 1 clips
        Second 2330/3809 - 25 frames, 1 clips
        Second 2340/3809 - 25 frames, 1 clips
        Second 2350/3809 - 25 frames, 1 clips
        Second 2360/3809 - 25 frames, 1 clips
        Second 2370/3809 - 25 frames, 1 clips
        Second 2380/3809 - 25 frames, 1 clips
        Second 2390/3809 - 25 frames, 1 clips
        Second 2400/3809 - 25 frames, 1 clips
        Second 2410/3809 - 25 frames, 1 clips
        Second 2420/3809 - 25 frames, 1 clips
        Second 2430/3809 - 25 frames, 1 clips
        Second 2440/3809 - 25 frames, 1 clips
        Second 2450/3809 - 25 frames, 1 clips
        Second 2460/3809 - 25 frames, 1 clips
        Second 2470/3809 - 25 frames, 1 clips
        Second 2480/3809 - 25 frames, 1 clips
        Second 2490/3809 - 25 frames, 1 clips
        Second 2500/3809 - 25 frames, 1 clips
        Second 2510/3809 - 25 frames, 1 clips
        Second 2520/3809 - 25 frames, 1 clips
        Second 2530/3809 - 25 frames, 1 clips
        Second 2540/3809 - 25 frames, 1 clips
        Second 2550/3809 - 25 frames, 1 clips
        Second 2560/3809 - 25 frames, 1 clips
        Second 2570/3809 - 25 frames, 1 clips
        Second 2580/3809 - 25 frames, 1 clips
        Second 2590/3809 - 25 frames, 1 clips
        Second 2600/3809 - 25 frames, 1 clips
        Second 2610/3809 - 25 frames, 1 clips
        Second 2620/3809 - 25 frames, 1 clips
        Second 2630/3809 - 25 frames, 1 clips
        Second 2640/3809 - 25 frames, 1 clips
        Second 2650/3809 - 25 frames, 1 clips
        Second 2660/3809 - 25 frames, 1 clips
        Second 2670/3809 - 25 frames, 1 clips
        Second 2680/3809 - 25 frames, 1 clips
        Second 2690/3809 - 25 frames, 1 clips
        Second 2700/3809 - 25 frames, 1 clips
        Second 2710/3809 - 25 frames, 1 clips
        Second 2720/3809 - 25 frames, 1 clips
        Second 2730/3809 - 25 frames, 1 clips
        Second 2740/3809 - 25 frames, 1 clips
        Second 2750/3809 - 25 frames, 1 clips
        Second 2760/3809 - 25 frames, 1 clips
        Second 2770/3809 - 25 frames, 1 clips
        Second 2780/3809 - 25 frames, 1 clips
        Second 2790/3809 - 25 frames, 1 clips
        Second 2800/3809 - 25 frames, 1 clips
        Second 2810/3809 - 25 frames, 1 clips
        Second 2820/3809 - 25 frames, 1 clips
        Second 2830/3809 - 25 frames, 1 clips
        Second 2840/3809 - 25 frames, 1 clips
        Second 2850/3809 - 25 frames, 1 clips
        Second 2860/3809 - 25 frames, 1 clips
        Second 2870/3809 - 25 frames, 1 clips
        Second 2880/3809 - 25 frames, 1 clips
        Second 2890/3809 - 25 frames, 1 clips
        Second 2900/3809 - 25 frames, 1 clips
        Second 2910/3809 - 25 frames, 1 clips
        Second 2920/3809 - 25 frames, 1 clips
        Second 2930/3809 - 25 frames, 1 clips
        Second 2940/3809 - 25 frames, 1 clips
        Second 2950/3809 - 25 frames, 1 clips
        Second 2960/3809 - 25 frames, 1 clips
        Second 2970/3809 - 25 frames, 1 clips
        Second 2980/3809 - 25 frames, 1 clips
        Second 2990/3809 - 25 frames, 1 clips
        Second 3000/3809 - 25 frames, 1 clips
        Second 3010/3809 - 25 frames, 1 clips
        Second 3020/3809 - 25 frames, 1 clips
        Second 3030/3809 - 25 frames, 1 clips
        Second 3040/3809 - 25 frames, 1 clips
        Second 3050/3809 - 25 frames, 1 clips
        Second 3060/3809 - 25 frames, 1 clips
        Second 3070/3809 - 25 frames, 1 clips
        Second 3080/3809 - 25 frames, 1 clips
        Second 3090/3809 - 25 frames, 1 clips
        Second 3100/3809 - 25 frames, 1 clips
        Second 3110/3809 - 25 frames, 1 clips
        Second 3120/3809 - 25 frames, 1 clips
        Second 3130/3809 - 25 frames, 1 clips
        Second 3140/3809 - 25 frames, 1 clips
        Second 3150/3809 - 25 frames, 1 clips
        Second 3160/3809 - 25 frames, 1 clips
        Second 3170/3809 - 25 frames, 1 clips
        Second 3180/3809 - 25 frames, 1 clips
        Second 3190/3809 - 25 frames, 1 clips
        Second 3200/3809 - 25 frames, 1 clips
        Second 3210/3809 - 25 frames, 1 clips
        Second 3220/3809 - 25 frames, 1 clips
        Second 3230/3809 - 25 frames, 1 clips
        Second 3240/3809 - 25 frames, 1 clips
        Second 3250/3809 - 25 frames, 1 clips
        Second 3260/3809 - 25 frames, 1 clips
        Second 3270/3809 - 25 frames, 1 clips
        Second 3280/3809 - 25 frames, 1 clips
        Second 3290/3809 - 25 frames, 1 clips
        Second 3300/3809 - 25 frames, 1 clips
        Second 3310/3809 - 25 frames, 1 clips
        Second 3320/3809 - 25 frames, 1 clips
        Second 3330/3809 - 25 frames, 1 clips
        Second 3340/3809 - 25 frames, 1 clips
        Second 3350/3809 - 25 frames, 1 clips
        Second 3360/3809 - 25 frames, 1 clips
        Second 3370/3809 - 25 frames, 1 clips
        Second 3380/3809 - 25 frames, 1 clips
        Second 3390/3809 - 25 frames, 1 clips
        Second 3400/3809 - 25 frames, 1 clips
        Second 3410/3809 - 25 frames, 1 clips
        Second 3420/3809 - 25 frames, 1 clips
        Second 3430/3809 - 25 frames, 1 clips
        Second 3440/3809 - 25 frames, 1 clips
        Second 3450/3809 - 25 frames, 1 clips
        Second 3460/3809 - 25 frames, 1 clips
        Second 3470/3809 - 25 frames, 1 clips
        Second 3480/3809 - 25 frames, 1 clips
        Second 3490/3809 - 25 frames, 1 clips
        Second 3500/3809 - 25 frames, 1 clips
        Second 3510/3809 - 25 frames, 1 clips
        Second 3520/3809 - 25 frames, 1 clips
        Second 3530/3809 - 25 frames, 1 clips
        Second 3540/3809 - 25 frames, 1 clips
        Second 3550/3809 - 25 frames, 1 clips
        Second 3560/3809 - 25 frames, 1 clips
        Second 3570/3809 - 25 frames, 1 clips
        Second 3580/3809 - 25 frames, 1 clips
        Second 3590/3809 - 25 frames, 1 clips
        Second 3600/3809 - 25 frames, 1 clips
        Second 3610/3809 - 25 frames, 1 clips
        Second 3620/3809 - 25 frames, 1 clips
        Second 3630/3809 - 25 frames, 1 clips
        Second 3640/3809 - 25 frames, 1 clips
        Second 3650/3809 - 25 frames, 1 clips
        Second 3660/3809 - 25 frames, 1 clips
        Second 3670/3809 - 25 frames, 1 clips
        Second 3680/3809 - 25 frames, 1 clips
        Second 3690/3809 - 25 frames, 1 clips
        Second 3700/3809 - 25 frames, 1 clips
        Second 3710/3809 - 25 frames, 1 clips
        Second 3720/3809 - 25 frames, 1 clips
        Second 3730/3809 - 25 frames, 1 clips
        Second 3740/3809 - 25 frames, 1 clips
        Second 3750/3809 - 25 frames, 1 clips
        Second 3760/3809 - 25 frames, 1 clips
        Second 3770/3809 - 25 frames, 1 clips
        Second 3780/3809 - 25 frames, 1 clips
        Second 3790/3809 - 25 frames, 1 clips
        Second 3800/3809 - 25 frames, 1 clips
      ───────────────────────────────────────────────────────
      FEATURE EXTRACTION COMPLETE
      ───────────────────────────────────────────────────────
      Final features shape: (3809, 1024)
      Features per second: 3809
      Feature dimension: 1024
      ═══════════════════════════════════════════════════════

[ID14]   Features extracted: (3809, 1024)
[ID14] Step 2/4: Converting to binary labels and removing unwanted classes...
[ID14]   Number of seconds: 3809
      CSV columns: ['start_time', 'end_time', 'licking', 'shaking']
      CSV shape: (3840, 4)
      Video seconds: 3809
      Total rows in CSV: 3840
      Valid rows (within video duration): 3809
      Rows kept after removing shaking: 3772
[ID14]   Original seconds: 3809
[ID14]   After removing shaking/licking_shaking: 3772
[ID14] Step 3/4: Balancing classes...
      Before balancing:
        Background: 2927 samples
        Licking: 845 samples
        Ratio: 3.46:1
      After balancing:
        Background: 845 samples
        Licking: 845 samples
        Total: 1690 samples
[ID14] Step 4/4: Saving processed data...
[ID14]   Saved features: /data-8tb/nvaci/dataset/dataset_Stanford/FACT_method/preprocessed_data_2class_originalFPS/features/ID14.npy
[ID14]     Shape: (1690, 1024)
[ID14]     Size: 6.60 MB
[ID14]   Final label distribution:
[ID14]     - background: 845 seconds (50.0%)
[ID14]     - licking: 845 seconds (50.0%)
[ID14]   Saved labels: /data-8tb/nvaci/dataset/dataset_Stanford/FACT_method/preprocessed_data_2class_originalFPS/groundTruth/ID14.txt
[ID14] SUCCESS - Video processed successfully


================================================================================
Processing video 15/32: ID15
================================================================================
[ID15] Found label file: 25-021_ID15.csv
[ID15] Step 1/4: Extracting features (per second)...
      Opening video file...

      ═══════════════════════════════════════════════════════
      VIDEO PROPERTIES
      ═══════════════════════════════════════════════════════
      FPS detected: 25.00
      Clip length (auto): 25 frames
      Total frames: 101243
      Duration: 4049.72 seconds
      Expected seconds: 4050
      Frames per second: ~25.0
      ═══════════════════════════════════════════════════════

      Using ORIGINAL FPS with per-second aggregation
      Aggregation method: mean
      ───────────────────────────────────────────────────────
      READING ALL FRAMES FROM VIDEO
      ───────────────────────────────────────────────────────
      Progress: 500/101243 frames (0.5%)
      Progress: 1000/101243 frames (1.0%)
      Progress: 1500/101243 frames (1.5%)
      Progress: 2000/101243 frames (2.0%)
      Progress: 2500/101243 frames (2.5%)
      Progress: 3000/101243 frames (3.0%)
      Progress: 3500/101243 frames (3.5%)
      Progress: 4000/101243 frames (4.0%)
      Progress: 4500/101243 frames (4.4%)
      Progress: 5000/101243 frames (4.9%)
      Progress: 5500/101243 frames (5.4%)
      Progress: 6000/101243 frames (5.9%)
      Progress: 6500/101243 frames (6.4%)
      Progress: 7000/101243 frames (6.9%)
      Progress: 7500/101243 frames (7.4%)
      Progress: 8000/101243 frames (7.9%)
      Progress: 8500/101243 frames (8.4%)
      Progress: 9000/101243 frames (8.9%)
      Progress: 9500/101243 frames (9.4%)
      Progress: 10000/101243 frames (9.9%)
      Progress: 10500/101243 frames (10.4%)
      Progress: 11000/101243 frames (10.9%)
      Progress: 11500/101243 frames (11.4%)
      Progress: 12000/101243 frames (11.9%)
      Progress: 12500/101243 frames (12.3%)
      Progress: 13000/101243 frames (12.8%)
      Progress: 13500/101243 frames (13.3%)
      Progress: 14000/101243 frames (13.8%)
      Progress: 14500/101243 frames (14.3%)
      Progress: 15000/101243 frames (14.8%)
      Progress: 15500/101243 frames (15.3%)
      Progress: 16000/101243 frames (15.8%)
      Progress: 16500/101243 frames (16.3%)
      Progress: 17000/101243 frames (16.8%)
      Progress: 17500/101243 frames (17.3%)
      Progress: 18000/101243 frames (17.8%)
      Progress: 18500/101243 frames (18.3%)
      Progress: 19000/101243 frames (18.8%)
      Progress: 19500/101243 frames (19.3%)
      Progress: 20000/101243 frames (19.8%)
      Progress: 20500/101243 frames (20.2%)
      Progress: 21000/101243 frames (20.7%)
      Progress: 21500/101243 frames (21.2%)
      Progress: 22000/101243 frames (21.7%)
      Progress: 22500/101243 frames (22.2%)
      Progress: 23000/101243 frames (22.7%)
      Progress: 23500/101243 frames (23.2%)
      Progress: 24000/101243 frames (23.7%)
      Progress: 24500/101243 frames (24.2%)
      Progress: 25000/101243 frames (24.7%)
      Progress: 25500/101243 frames (25.2%)
      Progress: 26000/101243 frames (25.7%)
      Progress: 26500/101243 frames (26.2%)
      Progress: 27000/101243 frames (26.7%)
      Progress: 27500/101243 frames (27.2%)
      Progress: 28000/101243 frames (27.7%)
      Progress: 28500/101243 frames (28.2%)
      Progress: 29000/101243 frames (28.6%)
      Progress: 29500/101243 frames (29.1%)
      Progress: 30000/101243 frames (29.6%)
      Progress: 30500/101243 frames (30.1%)
      Progress: 31000/101243 frames (30.6%)
      Progress: 31500/101243 frames (31.1%)
      Progress: 32000/101243 frames (31.6%)
      Progress: 32500/101243 frames (32.1%)
      Progress: 33000/101243 frames (32.6%)
      Progress: 33500/101243 frames (33.1%)
      Progress: 34000/101243 frames (33.6%)
      Progress: 34500/101243 frames (34.1%)
      Progress: 35000/101243 frames (34.6%)
      Progress: 35500/101243 frames (35.1%)
      Progress: 36000/101243 frames (35.6%)
      Progress: 36500/101243 frames (36.1%)
      Progress: 37000/101243 frames (36.5%)
      Progress: 37500/101243 frames (37.0%)
      Progress: 38000/101243 frames (37.5%)
      Progress: 38500/101243 frames (38.0%)
      Progress: 39000/101243 frames (38.5%)
      Progress: 39500/101243 frames (39.0%)
      Progress: 40000/101243 frames (39.5%)
      Progress: 40500/101243 frames (40.0%)
      Progress: 41000/101243 frames (40.5%)
      Progress: 41500/101243 frames (41.0%)
      Progress: 42000/101243 frames (41.5%)
      Progress: 42500/101243 frames (42.0%)
      Progress: 43000/101243 frames (42.5%)
      Progress: 43500/101243 frames (43.0%)
      Progress: 44000/101243 frames (43.5%)
      Progress: 44500/101243 frames (44.0%)
      Progress: 45000/101243 frames (44.4%)
      Progress: 45500/101243 frames (44.9%)
      Progress: 46000/101243 frames (45.4%)
      Progress: 46500/101243 frames (45.9%)
      Progress: 47000/101243 frames (46.4%)
      Progress: 47500/101243 frames (46.9%)
      Progress: 48000/101243 frames (47.4%)
      Progress: 48500/101243 frames (47.9%)
      Progress: 49000/101243 frames (48.4%)
      Progress: 49500/101243 frames (48.9%)
      Progress: 50000/101243 frames (49.4%)
      Progress: 50500/101243 frames (49.9%)
      Progress: 51000/101243 frames (50.4%)
      Progress: 51500/101243 frames (50.9%)
      Progress: 52000/101243 frames (51.4%)
      Progress: 52500/101243 frames (51.9%)
      Progress: 53000/101243 frames (52.3%)
      Progress: 53500/101243 frames (52.8%)
      Progress: 54000/101243 frames (53.3%)
      Progress: 54500/101243 frames (53.8%)
      Progress: 55000/101243 frames (54.3%)
      Progress: 55500/101243 frames (54.8%)
      Progress: 56000/101243 frames (55.3%)
      Progress: 56500/101243 frames (55.8%)
      Progress: 57000/101243 frames (56.3%)
      Progress: 57500/101243 frames (56.8%)
      Progress: 58000/101243 frames (57.3%)
      Progress: 58500/101243 frames (57.8%)
      Progress: 59000/101243 frames (58.3%)
      Progress: 59500/101243 frames (58.8%)
      Progress: 60000/101243 frames (59.3%)
      Progress: 60500/101243 frames (59.8%)
      Progress: 61000/101243 frames (60.3%)
      Progress: 61500/101243 frames (60.7%)
      Progress: 62000/101243 frames (61.2%)
      Progress: 62500/101243 frames (61.7%)
      Progress: 63000/101243 frames (62.2%)
      Progress: 63500/101243 frames (62.7%)
      Progress: 64000/101243 frames (63.2%)
      Progress: 64500/101243 frames (63.7%)
      Progress: 65000/101243 frames (64.2%)
      Progress: 65500/101243 frames (64.7%)
      Progress: 66000/101243 frames (65.2%)
      Progress: 66500/101243 frames (65.7%)
      Progress: 67000/101243 frames (66.2%)
      Progress: 67500/101243 frames (66.7%)
      Progress: 68000/101243 frames (67.2%)
      Progress: 68500/101243 frames (67.7%)
      Progress: 69000/101243 frames (68.2%)
      Progress: 69500/101243 frames (68.6%)
      Progress: 70000/101243 frames (69.1%)
      Progress: 70500/101243 frames (69.6%)
      Progress: 71000/101243 frames (70.1%)
      Progress: 71500/101243 frames (70.6%)
      Progress: 72000/101243 frames (71.1%)
      Progress: 72500/101243 frames (71.6%)
      Progress: 73000/101243 frames (72.1%)
      Progress: 73500/101243 frames (72.6%)
      Progress: 74000/101243 frames (73.1%)
      Progress: 74500/101243 frames (73.6%)
      Progress: 75000/101243 frames (74.1%)
      Progress: 75500/101243 frames (74.6%)
      Progress: 76000/101243 frames (75.1%)
      Progress: 76500/101243 frames (75.6%)
      Progress: 77000/101243 frames (76.1%)
      Progress: 77500/101243 frames (76.5%)
      Progress: 78000/101243 frames (77.0%)
      Progress: 78500/101243 frames (77.5%)
      Progress: 79000/101243 frames (78.0%)
      Progress: 79500/101243 frames (78.5%)
      Progress: 80000/101243 frames (79.0%)
      Progress: 80500/101243 frames (79.5%)
      Progress: 81000/101243 frames (80.0%)
      Progress: 81500/101243 frames (80.5%)
      Progress: 82000/101243 frames (81.0%)
      Progress: 82500/101243 frames (81.5%)
      Progress: 83000/101243 frames (82.0%)
      Progress: 83500/101243 frames (82.5%)
      Progress: 84000/101243 frames (83.0%)
      Progress: 84500/101243 frames (83.5%)
      Progress: 85000/101243 frames (84.0%)
      Progress: 85500/101243 frames (84.5%)
      Progress: 86000/101243 frames (84.9%)
      Progress: 86500/101243 frames (85.4%)
      Progress: 87000/101243 frames (85.9%)
      Progress: 87500/101243 frames (86.4%)
      Progress: 88000/101243 frames (86.9%)
      Progress: 88500/101243 frames (87.4%)
      Progress: 89000/101243 frames (87.9%)
      Progress: 89500/101243 frames (88.4%)
      Progress: 90000/101243 frames (88.9%)
      Progress: 90500/101243 frames (89.4%)
      Progress: 91000/101243 frames (89.9%)
      Progress: 91500/101243 frames (90.4%)
      Progress: 92000/101243 frames (90.9%)
      Progress: 92500/101243 frames (91.4%)
      Progress: 93000/101243 frames (91.9%)
      Progress: 93500/101243 frames (92.4%)
      Progress: 94000/101243 frames (92.8%)
      Progress: 94500/101243 frames (93.3%)
      Progress: 95000/101243 frames (93.8%)
      Progress: 95500/101243 frames (94.3%)
      Progress: 96000/101243 frames (94.8%)
      Progress: 96500/101243 frames (95.3%)
      Progress: 97000/101243 frames (95.8%)
      Progress: 97500/101243 frames (96.3%)
      Progress: 98000/101243 frames (96.8%)
      Progress: 98500/101243 frames (97.3%)
      Progress: 99000/101243 frames (97.8%)
      Progress: 99500/101243 frames (98.3%)
      Progress: 100000/101243 frames (98.8%)
      Progress: 100500/101243 frames (99.3%)
      Progress: 101000/101243 frames (99.8%)
      ───────────────────────────────────────────────────────
      FRAME READING COMPLETE
      ───────────────────────────────────────────────────────
      Expected frames: 101243
      Frames read: 101118
      Frames missing: 125
      WARNING: 125 frames could not be read!
      ───────────────────────────────────────────────────────

      FRAMES DISTRIBUTION BY SECOND:
        Second   0:  25 frames
        Second   1:  25 frames
        Second   2:  25 frames
        Second   3:  25 frames
        Second   4:  25 frames
        Second   5:  25 frames
        Second   6:  25 frames
        Second   7:  25 frames
        Second   8:  25 frames
        Second   9:  25 frames
        ... (4040 more seconds)
      
      Frame statistics:
        Average frames/second: 25.0
        Min frames/second: 0
        Max frames/second: 25
      
      ───────────────────────────────────────────────────────
      EXTRACTING FEATURES PER SECOND
      ───────────────────────────────────────────────────────
      Total seconds to process: 4050
        Second 10/4050 - 25 frames, 1 clips
        Second 20/4050 - 25 frames, 1 clips
        Second 30/4050 - 25 frames, 1 clips
        Second 40/4050 - 25 frames, 1 clips
        Second 50/4050 - 25 frames, 1 clips
        Second 60/4050 - 25 frames, 1 clips
        Second 70/4050 - 25 frames, 1 clips
        Second 80/4050 - 25 frames, 1 clips
        Second 90/4050 - 25 frames, 1 clips
        Second 100/4050 - 25 frames, 1 clips
        Second 110/4050 - 25 frames, 1 clips
        Second 120/4050 - 25 frames, 1 clips
        Second 130/4050 - 25 frames, 1 clips
        Second 140/4050 - 25 frames, 1 clips
        Second 150/4050 - 25 frames, 1 clips
        Second 160/4050 - 25 frames, 1 clips
        Second 170/4050 - 25 frames, 1 clips
        Second 180/4050 - 25 frames, 1 clips
        Second 190/4050 - 25 frames, 1 clips
        Second 200/4050 - 25 frames, 1 clips
        Second 210/4050 - 25 frames, 1 clips
        Second 220/4050 - 25 frames, 1 clips
        Second 230/4050 - 25 frames, 1 clips
        Second 240/4050 - 25 frames, 1 clips
        Second 250/4050 - 25 frames, 1 clips
        Second 260/4050 - 25 frames, 1 clips
        Second 270/4050 - 25 frames, 1 clips
        Second 280/4050 - 25 frames, 1 clips
        Second 290/4050 - 25 frames, 1 clips
        Second 300/4050 - 25 frames, 1 clips
        Second 310/4050 - 25 frames, 1 clips
        Second 320/4050 - 25 frames, 1 clips
        Second 330/4050 - 25 frames, 1 clips
        Second 340/4050 - 25 frames, 1 clips
        Second 350/4050 - 25 frames, 1 clips
        Second 360/4050 - 25 frames, 1 clips
        Second 370/4050 - 25 frames, 1 clips
        Second 380/4050 - 25 frames, 1 clips
        Second 390/4050 - 25 frames, 1 clips
        Second 400/4050 - 25 frames, 1 clips
        Second 410/4050 - 25 frames, 1 clips
        Second 420/4050 - 25 frames, 1 clips
        Second 430/4050 - 25 frames, 1 clips
        Second 440/4050 - 25 frames, 1 clips
        Second 450/4050 - 25 frames, 1 clips
        Second 460/4050 - 25 frames, 1 clips
        Second 470/4050 - 25 frames, 1 clips
        Second 480/4050 - 25 frames, 1 clips
        Second 490/4050 - 25 frames, 1 clips
        Second 500/4050 - 25 frames, 1 clips
        Second 510/4050 - 25 frames, 1 clips
        Second 520/4050 - 25 frames, 1 clips
        Second 530/4050 - 25 frames, 1 clips
        Second 540/4050 - 25 frames, 1 clips
        Second 550/4050 - 25 frames, 1 clips
        Second 560/4050 - 25 frames, 1 clips
        Second 570/4050 - 25 frames, 1 clips
        Second 580/4050 - 25 frames, 1 clips
        Second 590/4050 - 25 frames, 1 clips
        Second 600/4050 - 25 frames, 1 clips
        Second 610/4050 - 25 frames, 1 clips
        Second 620/4050 - 25 frames, 1 clips
        Second 630/4050 - 25 frames, 1 clips
        Second 640/4050 - 25 frames, 1 clips
        Second 650/4050 - 25 frames, 1 clips
        Second 660/4050 - 25 frames, 1 clips
        Second 670/4050 - 25 frames, 1 clips
        Second 680/4050 - 25 frames, 1 clips
        Second 690/4050 - 25 frames, 1 clips
        Second 700/4050 - 25 frames, 1 clips
        Second 710/4050 - 25 frames, 1 clips
        Second 720/4050 - 25 frames, 1 clips
        Second 730/4050 - 25 frames, 1 clips
        Second 740/4050 - 25 frames, 1 clips
        Second 750/4050 - 25 frames, 1 clips
        Second 760/4050 - 25 frames, 1 clips
        Second 770/4050 - 25 frames, 1 clips
        Second 780/4050 - 25 frames, 1 clips
        Second 790/4050 - 25 frames, 1 clips
        Second 800/4050 - 25 frames, 1 clips
        Second 810/4050 - 25 frames, 1 clips
        Second 820/4050 - 25 frames, 1 clips
        Second 830/4050 - 25 frames, 1 clips
        Second 840/4050 - 25 frames, 1 clips
        Second 850/4050 - 25 frames, 1 clips
        Second 860/4050 - 25 frames, 1 clips
        Second 870/4050 - 25 frames, 1 clips
        Second 880/4050 - 25 frames, 1 clips
        Second 890/4050 - 25 frames, 1 clips
        Second 900/4050 - 25 frames, 1 clips
        Second 910/4050 - 25 frames, 1 clips
        Second 920/4050 - 25 frames, 1 clips
        Second 930/4050 - 25 frames, 1 clips
        Second 940/4050 - 25 frames, 1 clips
        Second 950/4050 - 25 frames, 1 clips
        Second 960/4050 - 25 frames, 1 clips
        Second 970/4050 - 25 frames, 1 clips
        Second 980/4050 - 25 frames, 1 clips
        Second 990/4050 - 25 frames, 1 clips
        Second 1000/4050 - 25 frames, 1 clips
        Second 1010/4050 - 25 frames, 1 clips
        Second 1020/4050 - 25 frames, 1 clips
        Second 1030/4050 - 25 frames, 1 clips
        Second 1040/4050 - 25 frames, 1 clips
        Second 1050/4050 - 25 frames, 1 clips
        Second 1060/4050 - 25 frames, 1 clips
        Second 1070/4050 - 25 frames, 1 clips
        Second 1080/4050 - 25 frames, 1 clips
        Second 1090/4050 - 25 frames, 1 clips
        Second 1100/4050 - 25 frames, 1 clips
        Second 1110/4050 - 25 frames, 1 clips
        Second 1120/4050 - 25 frames, 1 clips
        Second 1130/4050 - 25 frames, 1 clips
        Second 1140/4050 - 25 frames, 1 clips
        Second 1150/4050 - 25 frames, 1 clips
        Second 1160/4050 - 25 frames, 1 clips
        Second 1170/4050 - 25 frames, 1 clips
        Second 1180/4050 - 25 frames, 1 clips
        Second 1190/4050 - 25 frames, 1 clips
        Second 1200/4050 - 25 frames, 1 clips
        Second 1210/4050 - 25 frames, 1 clips
        Second 1220/4050 - 25 frames, 1 clips
        Second 1230/4050 - 25 frames, 1 clips
        Second 1240/4050 - 25 frames, 1 clips
        Second 1250/4050 - 25 frames, 1 clips
        Second 1260/4050 - 25 frames, 1 clips
        Second 1270/4050 - 25 frames, 1 clips
        Second 1280/4050 - 25 frames, 1 clips
        Second 1290/4050 - 25 frames, 1 clips
        Second 1300/4050 - 25 frames, 1 clips
        Second 1310/4050 - 25 frames, 1 clips
        Second 1320/4050 - 25 frames, 1 clips
        Second 1330/4050 - 25 frames, 1 clips
        Second 1340/4050 - 25 frames, 1 clips
        Second 1350/4050 - 25 frames, 1 clips
        Second 1360/4050 - 25 frames, 1 clips
        Second 1370/4050 - 25 frames, 1 clips
        Second 1380/4050 - 25 frames, 1 clips
        Second 1390/4050 - 25 frames, 1 clips
        Second 1400/4050 - 25 frames, 1 clips
        Second 1410/4050 - 25 frames, 1 clips
        Second 1420/4050 - 25 frames, 1 clips
        Second 1430/4050 - 25 frames, 1 clips
        Second 1440/4050 - 25 frames, 1 clips
        Second 1450/4050 - 25 frames, 1 clips
        Second 1460/4050 - 25 frames, 1 clips
        Second 1470/4050 - 25 frames, 1 clips
        Second 1480/4050 - 25 frames, 1 clips
        Second 1490/4050 - 25 frames, 1 clips
        Second 1500/4050 - 25 frames, 1 clips
        Second 1510/4050 - 25 frames, 1 clips
        Second 1520/4050 - 25 frames, 1 clips
        Second 1530/4050 - 25 frames, 1 clips
        Second 1540/4050 - 25 frames, 1 clips
        Second 1550/4050 - 25 frames, 1 clips
        Second 1560/4050 - 25 frames, 1 clips
        Second 1570/4050 - 25 frames, 1 clips
        Second 1580/4050 - 25 frames, 1 clips
        Second 1590/4050 - 25 frames, 1 clips
        Second 1600/4050 - 25 frames, 1 clips
        Second 1610/4050 - 25 frames, 1 clips
        Second 1620/4050 - 25 frames, 1 clips
        Second 1630/4050 - 25 frames, 1 clips
        Second 1640/4050 - 25 frames, 1 clips
        Second 1650/4050 - 25 frames, 1 clips
        Second 1660/4050 - 25 frames, 1 clips
        Second 1670/4050 - 25 frames, 1 clips
        Second 1680/4050 - 25 frames, 1 clips
        Second 1690/4050 - 25 frames, 1 clips
        Second 1700/4050 - 25 frames, 1 clips
        Second 1710/4050 - 25 frames, 1 clips
        Second 1720/4050 - 25 frames, 1 clips
        Second 1730/4050 - 25 frames, 1 clips
        Second 1740/4050 - 25 frames, 1 clips
        Second 1750/4050 - 25 frames, 1 clips
        Second 1760/4050 - 25 frames, 1 clips
        Second 1770/4050 - 25 frames, 1 clips
        Second 1780/4050 - 25 frames, 1 clips
        Second 1790/4050 - 25 frames, 1 clips
        Second 1800/4050 - 25 frames, 1 clips
        Second 1810/4050 - 25 frames, 1 clips
        Second 1820/4050 - 25 frames, 1 clips
        Second 1830/4050 - 25 frames, 1 clips
        Second 1840/4050 - 25 frames, 1 clips
        Second 1850/4050 - 25 frames, 1 clips
        Second 1860/4050 - 25 frames, 1 clips
        Second 1870/4050 - 25 frames, 1 clips
        Second 1880/4050 - 25 frames, 1 clips
        Second 1890/4050 - 25 frames, 1 clips
        Second 1900/4050 - 25 frames, 1 clips
        Second 1910/4050 - 25 frames, 1 clips
        Second 1920/4050 - 25 frames, 1 clips
        Second 1930/4050 - 25 frames, 1 clips
        Second 1940/4050 - 25 frames, 1 clips
        Second 1950/4050 - 25 frames, 1 clips
        Second 1960/4050 - 25 frames, 1 clips
        Second 1970/4050 - 25 frames, 1 clips
        Second 1980/4050 - 25 frames, 1 clips
        Second 1990/4050 - 25 frames, 1 clips
        Second 2000/4050 - 25 frames, 1 clips
        Second 2010/4050 - 25 frames, 1 clips
        Second 2020/4050 - 25 frames, 1 clips
        Second 2030/4050 - 25 frames, 1 clips
        Second 2040/4050 - 25 frames, 1 clips
        Second 2050/4050 - 25 frames, 1 clips
        Second 2060/4050 - 25 frames, 1 clips
        Second 2070/4050 - 25 frames, 1 clips
        Second 2080/4050 - 25 frames, 1 clips
        Second 2090/4050 - 25 frames, 1 clips
        Second 2100/4050 - 25 frames, 1 clips
        Second 2110/4050 - 25 frames, 1 clips
        Second 2120/4050 - 25 frames, 1 clips
        Second 2130/4050 - 25 frames, 1 clips
        Second 2140/4050 - 25 frames, 1 clips
        Second 2150/4050 - 25 frames, 1 clips
        Second 2160/4050 - 25 frames, 1 clips
        Second 2170/4050 - 25 frames, 1 clips
        Second 2180/4050 - 25 frames, 1 clips
        Second 2190/4050 - 25 frames, 1 clips
        Second 2200/4050 - 25 frames, 1 clips
        Second 2210/4050 - 25 frames, 1 clips
        Second 2220/4050 - 25 frames, 1 clips
        Second 2230/4050 - 25 frames, 1 clips
        Second 2240/4050 - 25 frames, 1 clips
        Second 2250/4050 - 25 frames, 1 clips
        Second 2260/4050 - 25 frames, 1 clips
        Second 2270/4050 - 25 frames, 1 clips
        Second 2280/4050 - 25 frames, 1 clips
        Second 2290/4050 - 25 frames, 1 clips
        Second 2300/4050 - 25 frames, 1 clips
        Second 2310/4050 - 25 frames, 1 clips
        Second 2320/4050 - 25 frames, 1 clips
        Second 2330/4050 - 25 frames, 1 clips
        Second 2340/4050 - 25 frames, 1 clips
        Second 2350/4050 - 25 frames, 1 clips
        Second 2360/4050 - 25 frames, 1 clips
        Second 2370/4050 - 25 frames, 1 clips
        Second 2380/4050 - 25 frames, 1 clips
        Second 2390/4050 - 25 frames, 1 clips
        Second 2400/4050 - 25 frames, 1 clips
        Second 2410/4050 - 25 frames, 1 clips
        Second 2420/4050 - 25 frames, 1 clips
        Second 2430/4050 - 25 frames, 1 clips
        Second 2440/4050 - 25 frames, 1 clips
        Second 2450/4050 - 25 frames, 1 clips
        Second 2460/4050 - 25 frames, 1 clips
        Second 2470/4050 - 25 frames, 1 clips
        Second 2480/4050 - 25 frames, 1 clips
        Second 2490/4050 - 25 frames, 1 clips
        Second 2500/4050 - 25 frames, 1 clips
        Second 2510/4050 - 25 frames, 1 clips
        Second 2520/4050 - 25 frames, 1 clips
        Second 2530/4050 - 25 frames, 1 clips
        Second 2540/4050 - 25 frames, 1 clips
        Second 2550/4050 - 25 frames, 1 clips
        Second 2560/4050 - 25 frames, 1 clips
        Second 2570/4050 - 25 frames, 1 clips
        Second 2580/4050 - 25 frames, 1 clips
        Second 2590/4050 - 25 frames, 1 clips
        Second 2600/4050 - 25 frames, 1 clips
        Second 2610/4050 - 25 frames, 1 clips
        Second 2620/4050 - 25 frames, 1 clips
        Second 2630/4050 - 25 frames, 1 clips
        Second 2640/4050 - 25 frames, 1 clips
        Second 2650/4050 - 25 frames, 1 clips
        Second 2660/4050 - 25 frames, 1 clips
        Second 2670/4050 - 25 frames, 1 clips
        Second 2680/4050 - 25 frames, 1 clips
        Second 2690/4050 - 25 frames, 1 clips
        Second 2700/4050 - 25 frames, 1 clips
        Second 2710/4050 - 25 frames, 1 clips
        Second 2720/4050 - 25 frames, 1 clips
        Second 2730/4050 - 25 frames, 1 clips
        Second 2740/4050 - 25 frames, 1 clips
        Second 2750/4050 - 25 frames, 1 clips
        Second 2760/4050 - 25 frames, 1 clips
        Second 2770/4050 - 25 frames, 1 clips
        Second 2780/4050 - 25 frames, 1 clips
        Second 2790/4050 - 25 frames, 1 clips
        Second 2800/4050 - 25 frames, 1 clips
        Second 2810/4050 - 25 frames, 1 clips
        Second 2820/4050 - 25 frames, 1 clips
        Second 2830/4050 - 25 frames, 1 clips
        Second 2840/4050 - 25 frames, 1 clips
        Second 2850/4050 - 25 frames, 1 clips
        Second 2860/4050 - 25 frames, 1 clips
        Second 2870/4050 - 25 frames, 1 clips
        Second 2880/4050 - 25 frames, 1 clips
        Second 2890/4050 - 25 frames, 1 clips
        Second 2900/4050 - 25 frames, 1 clips
        Second 2910/4050 - 25 frames, 1 clips
        Second 2920/4050 - 25 frames, 1 clips
        Second 2930/4050 - 25 frames, 1 clips
        Second 2940/4050 - 25 frames, 1 clips
        Second 2950/4050 - 25 frames, 1 clips
        Second 2960/4050 - 25 frames, 1 clips
        Second 2970/4050 - 25 frames, 1 clips
        Second 2980/4050 - 25 frames, 1 clips
        Second 2990/4050 - 25 frames, 1 clips
        Second 3000/4050 - 25 frames, 1 clips
        Second 3010/4050 - 25 frames, 1 clips
        Second 3020/4050 - 25 frames, 1 clips
        Second 3030/4050 - 25 frames, 1 clips
        Second 3040/4050 - 25 frames, 1 clips
        Second 3050/4050 - 25 frames, 1 clips
        Second 3060/4050 - 25 frames, 1 clips
        Second 3070/4050 - 25 frames, 1 clips
        Second 3080/4050 - 25 frames, 1 clips
        Second 3090/4050 - 25 frames, 1 clips
        Second 3100/4050 - 25 frames, 1 clips
        Second 3110/4050 - 25 frames, 1 clips
        Second 3120/4050 - 25 frames, 1 clips
        Second 3130/4050 - 25 frames, 1 clips
        Second 3140/4050 - 25 frames, 1 clips
        Second 3150/4050 - 25 frames, 1 clips
        Second 3160/4050 - 25 frames, 1 clips
        Second 3170/4050 - 25 frames, 1 clips
        Second 3180/4050 - 25 frames, 1 clips
        Second 3190/4050 - 25 frames, 1 clips
        Second 3200/4050 - 25 frames, 1 clips
        Second 3210/4050 - 25 frames, 1 clips
        Second 3220/4050 - 25 frames, 1 clips
        Second 3230/4050 - 25 frames, 1 clips
        Second 3240/4050 - 25 frames, 1 clips
        Second 3250/4050 - 25 frames, 1 clips
        Second 3260/4050 - 25 frames, 1 clips
        Second 3270/4050 - 25 frames, 1 clips
        Second 3280/4050 - 25 frames, 1 clips
        Second 3290/4050 - 25 frames, 1 clips
        Second 3300/4050 - 25 frames, 1 clips
        Second 3310/4050 - 25 frames, 1 clips
        Second 3320/4050 - 25 frames, 1 clips
        Second 3330/4050 - 25 frames, 1 clips
        Second 3340/4050 - 25 frames, 1 clips
        Second 3350/4050 - 25 frames, 1 clips
        Second 3360/4050 - 25 frames, 1 clips
        Second 3370/4050 - 25 frames, 1 clips
        Second 3380/4050 - 25 frames, 1 clips
        Second 3390/4050 - 25 frames, 1 clips
        Second 3400/4050 - 25 frames, 1 clips
        Second 3410/4050 - 25 frames, 1 clips
        Second 3420/4050 - 25 frames, 1 clips
        Second 3430/4050 - 25 frames, 1 clips
        Second 3440/4050 - 25 frames, 1 clips
        Second 3450/4050 - 25 frames, 1 clips
        Second 3460/4050 - 25 frames, 1 clips
        Second 3470/4050 - 25 frames, 1 clips
        Second 3480/4050 - 25 frames, 1 clips
        Second 3490/4050 - 25 frames, 1 clips
        Second 3500/4050 - 25 frames, 1 clips
        Second 3510/4050 - 25 frames, 1 clips
        Second 3520/4050 - 25 frames, 1 clips
        Second 3530/4050 - 25 frames, 1 clips
        Second 3540/4050 - 25 frames, 1 clips
        Second 3550/4050 - 25 frames, 1 clips
        Second 3560/4050 - 25 frames, 1 clips
        Second 3570/4050 - 25 frames, 1 clips
        Second 3580/4050 - 25 frames, 1 clips
        Second 3590/4050 - 25 frames, 1 clips
        Second 3600/4050 - 25 frames, 1 clips
        Second 3610/4050 - 25 frames, 1 clips
        Second 3620/4050 - 25 frames, 1 clips
        Second 3630/4050 - 25 frames, 1 clips
        Second 3640/4050 - 25 frames, 1 clips
        Second 3650/4050 - 25 frames, 1 clips
        Second 3660/4050 - 25 frames, 1 clips
        Second 3670/4050 - 25 frames, 1 clips
        Second 3680/4050 - 25 frames, 1 clips
        Second 3690/4050 - 25 frames, 1 clips
        Second 3700/4050 - 25 frames, 1 clips
        Second 3710/4050 - 25 frames, 1 clips
        Second 3720/4050 - 25 frames, 1 clips
        Second 3730/4050 - 25 frames, 1 clips
        Second 3740/4050 - 25 frames, 1 clips
        Second 3750/4050 - 25 frames, 1 clips
        Second 3760/4050 - 25 frames, 1 clips
        Second 3770/4050 - 25 frames, 1 clips
        Second 3780/4050 - 25 frames, 1 clips
        Second 3790/4050 - 25 frames, 1 clips
        Second 3800/4050 - 25 frames, 1 clips
        Second 3810/4050 - 25 frames, 1 clips
        Second 3820/4050 - 25 frames, 1 clips
        Second 3830/4050 - 25 frames, 1 clips
        Second 3840/4050 - 25 frames, 1 clips
        Second 3850/4050 - 25 frames, 1 clips
        Second 3860/4050 - 25 frames, 1 clips
        Second 3870/4050 - 25 frames, 1 clips
        Second 3880/4050 - 25 frames, 1 clips
        Second 3890/4050 - 25 frames, 1 clips
        Second 3900/4050 - 25 frames, 1 clips
        Second 3910/4050 - 25 frames, 1 clips
        Second 3920/4050 - 25 frames, 1 clips
        Second 3930/4050 - 25 frames, 1 clips
        Second 3940/4050 - 25 frames, 1 clips
        Second 3950/4050 - 25 frames, 1 clips
        Second 3960/4050 - 25 frames, 1 clips
        Second 3970/4050 - 25 frames, 1 clips
        Second 3980/4050 - 25 frames, 1 clips
        Second 3990/4050 - 25 frames, 1 clips
        Second 4000/4050 - 25 frames, 1 clips
        Second 4010/4050 - 25 frames, 1 clips
        Second 4020/4050 - 25 frames, 1 clips
        Second 4030/4050 - 25 frames, 1 clips
        Second 4040/4050 - 25 frames, 1 clips
        Second 4050/4050 - NO FRAMES (zero feature)
      ───────────────────────────────────────────────────────
      FEATURE EXTRACTION COMPLETE
      ───────────────────────────────────────────────────────
      Final features shape: (4050, 1024)
      Features per second: 4050
      Feature dimension: 1024
      ═══════════════════════════════════════════════════════

[ID15]   Features extracted: (4050, 1024)
[ID15] Step 2/4: Converting to binary labels and removing unwanted classes...
[ID15]   Number of seconds: 4050
      CSV columns: ['start_time', 'end_time', 'licking', 'shaking']
      CSV shape: (3840, 4)
      Video seconds: 4050
      Total rows in CSV: 3840
      Valid rows (within video duration): 3840
      Rows kept after removing shaking: 3803
[ID15]   Original seconds: 4050
[ID15]   After removing shaking/licking_shaking: 3803
[ID15] Step 3/4: Balancing classes...
      Before balancing:
        Background: 3517 samples
        Licking: 286 samples
        Ratio: 12.30:1
      After balancing:
        Background: 286 samples
        Licking: 286 samples
        Total: 572 samples
[ID15] Step 4/4: Saving processed data...
[ID15]   Saved features: /data-8tb/nvaci/dataset/dataset_Stanford/FACT_method/preprocessed_data_2class_originalFPS/features/ID15.npy
[ID15]     Shape: (572, 1024)
[ID15]     Size: 2.23 MB
[ID15]   Final label distribution:
[ID15]     - background: 286 seconds (50.0%)
[ID15]     - licking: 286 seconds (50.0%)
[ID15]   Saved labels: /data-8tb/nvaci/dataset/dataset_Stanford/FACT_method/preprocessed_data_2class_originalFPS/groundTruth/ID15.txt
[ID15] SUCCESS - Video processed successfully


================================================================================
Processing video 16/32: ID16
================================================================================
[ID16] Found label file: 25-021_ID16.csv
[ID16] Step 1/4: Extracting features (per second)...
      Opening video file...

      ═══════════════════════════════════════════════════════
      VIDEO PROPERTIES
      ═══════════════════════════════════════════════════════
      FPS detected: 25.00
      Clip length (auto): 25 frames
      Total frames: 99265
      Duration: 3970.60 seconds
      Expected seconds: 3971
      Frames per second: ~25.0
      ═══════════════════════════════════════════════════════

      Using ORIGINAL FPS with per-second aggregation
      Aggregation method: mean
      ───────────────────────────────────────────────────────
      READING ALL FRAMES FROM VIDEO
      ───────────────────────────────────────────────────────
      Progress: 500/99265 frames (0.5%)
      Progress: 1000/99265 frames (1.0%)
      Progress: 1500/99265 frames (1.5%)
      Progress: 2000/99265 frames (2.0%)
      Progress: 2500/99265 frames (2.5%)
      Progress: 3000/99265 frames (3.0%)
      Progress: 3500/99265 frames (3.5%)
      Progress: 4000/99265 frames (4.0%)
      Progress: 4500/99265 frames (4.5%)
      Progress: 5000/99265 frames (5.0%)
      Progress: 5500/99265 frames (5.5%)
      Progress: 6000/99265 frames (6.0%)
      Progress: 6500/99265 frames (6.5%)
      Progress: 7000/99265 frames (7.1%)
      Progress: 7500/99265 frames (7.6%)
      Progress: 8000/99265 frames (8.1%)
      Progress: 8500/99265 frames (8.6%)
      Progress: 9000/99265 frames (9.1%)
      Progress: 9500/99265 frames (9.6%)
      Progress: 10000/99265 frames (10.1%)
      Progress: 10500/99265 frames (10.6%)
      Progress: 11000/99265 frames (11.1%)
      Progress: 11500/99265 frames (11.6%)
      Progress: 12000/99265 frames (12.1%)
      Progress: 12500/99265 frames (12.6%)
      Progress: 13000/99265 frames (13.1%)
      Progress: 13500/99265 frames (13.6%)
      Progress: 14000/99265 frames (14.1%)
      Progress: 14500/99265 frames (14.6%)
      Progress: 15000/99265 frames (15.1%)
      Progress: 15500/99265 frames (15.6%)
      Progress: 16000/99265 frames (16.1%)
      Progress: 16500/99265 frames (16.6%)
      Progress: 17000/99265 frames (17.1%)
      Progress: 17500/99265 frames (17.6%)
      Progress: 18000/99265 frames (18.1%)
      Progress: 18500/99265 frames (18.6%)
      Progress: 19000/99265 frames (19.1%)
      Progress: 19500/99265 frames (19.6%)
      Progress: 20000/99265 frames (20.1%)
      Progress: 20500/99265 frames (20.7%)
      Progress: 21000/99265 frames (21.2%)
      Progress: 21500/99265 frames (21.7%)
      Progress: 22000/99265 frames (22.2%)
      Progress: 22500/99265 frames (22.7%)
      Progress: 23000/99265 frames (23.2%)
      Progress: 23500/99265 frames (23.7%)
      Progress: 24000/99265 frames (24.2%)
      Progress: 24500/99265 frames (24.7%)
      Progress: 25000/99265 frames (25.2%)
      Progress: 25500/99265 frames (25.7%)
      Progress: 26000/99265 frames (26.2%)
      Progress: 26500/99265 frames (26.7%)
      Progress: 27000/99265 frames (27.2%)
      Progress: 27500/99265 frames (27.7%)
      Progress: 28000/99265 frames (28.2%)
      Progress: 28500/99265 frames (28.7%)
      Progress: 29000/99265 frames (29.2%)
      Progress: 29500/99265 frames (29.7%)
      Progress: 30000/99265 frames (30.2%)
      Progress: 30500/99265 frames (30.7%)
      Progress: 31000/99265 frames (31.2%)
      Progress: 31500/99265 frames (31.7%)
      Progress: 32000/99265 frames (32.2%)
      Progress: 32500/99265 frames (32.7%)
      Progress: 33000/99265 frames (33.2%)
      Progress: 33500/99265 frames (33.7%)
      Progress: 34000/99265 frames (34.3%)
      Progress: 34500/99265 frames (34.8%)
      Progress: 35000/99265 frames (35.3%)
      Progress: 35500/99265 frames (35.8%)
      Progress: 36000/99265 frames (36.3%)
      Progress: 36500/99265 frames (36.8%)
      Progress: 37000/99265 frames (37.3%)
      Progress: 37500/99265 frames (37.8%)
      Progress: 38000/99265 frames (38.3%)
      Progress: 38500/99265 frames (38.8%)
      Progress: 39000/99265 frames (39.3%)
      Progress: 39500/99265 frames (39.8%)
      Progress: 40000/99265 frames (40.3%)
      Progress: 40500/99265 frames (40.8%)
      Progress: 41000/99265 frames (41.3%)
      Progress: 41500/99265 frames (41.8%)
      Progress: 42000/99265 frames (42.3%)
      Progress: 42500/99265 frames (42.8%)
      Progress: 43000/99265 frames (43.3%)
      Progress: 43500/99265 frames (43.8%)
      Progress: 44000/99265 frames (44.3%)
      Progress: 44500/99265 frames (44.8%)
      Progress: 45000/99265 frames (45.3%)
      Progress: 45500/99265 frames (45.8%)
      Progress: 46000/99265 frames (46.3%)
      Progress: 46500/99265 frames (46.8%)
      Progress: 47000/99265 frames (47.3%)
      Progress: 47500/99265 frames (47.9%)
      Progress: 48000/99265 frames (48.4%)
      Progress: 48500/99265 frames (48.9%)
      Progress: 49000/99265 frames (49.4%)
      Progress: 49500/99265 frames (49.9%)
      Progress: 50000/99265 frames (50.4%)
      Progress: 50500/99265 frames (50.9%)
      Progress: 51000/99265 frames (51.4%)
      Progress: 51500/99265 frames (51.9%)
      Progress: 52000/99265 frames (52.4%)
      Progress: 52500/99265 frames (52.9%)
      Progress: 53000/99265 frames (53.4%)
      Progress: 53500/99265 frames (53.9%)
      Progress: 54000/99265 frames (54.4%)
      Progress: 54500/99265 frames (54.9%)
      Progress: 55000/99265 frames (55.4%)
      Progress: 55500/99265 frames (55.9%)
      Progress: 56000/99265 frames (56.4%)
      Progress: 56500/99265 frames (56.9%)
      Progress: 57000/99265 frames (57.4%)
      Progress: 57500/99265 frames (57.9%)
      Progress: 58000/99265 frames (58.4%)
      Progress: 58500/99265 frames (58.9%)
      Progress: 59000/99265 frames (59.4%)
      Progress: 59500/99265 frames (59.9%)
      Progress: 60000/99265 frames (60.4%)
      Progress: 60500/99265 frames (60.9%)
      Progress: 61000/99265 frames (61.5%)
      Progress: 61500/99265 frames (62.0%)
      Progress: 62000/99265 frames (62.5%)
      Progress: 62500/99265 frames (63.0%)
      Progress: 63000/99265 frames (63.5%)
      Progress: 63500/99265 frames (64.0%)
      Progress: 64000/99265 frames (64.5%)
      Progress: 64500/99265 frames (65.0%)
      Progress: 65000/99265 frames (65.5%)
      Progress: 65500/99265 frames (66.0%)
      Progress: 66000/99265 frames (66.5%)
      Progress: 66500/99265 frames (67.0%)
      Progress: 67000/99265 frames (67.5%)
      Progress: 67500/99265 frames (68.0%)
      Progress: 68000/99265 frames (68.5%)
      Progress: 68500/99265 frames (69.0%)
      Progress: 69000/99265 frames (69.5%)
      Progress: 69500/99265 frames (70.0%)
      Progress: 70000/99265 frames (70.5%)
      Progress: 70500/99265 frames (71.0%)
      Progress: 71000/99265 frames (71.5%)
      Progress: 71500/99265 frames (72.0%)
      Progress: 72000/99265 frames (72.5%)
      Progress: 72500/99265 frames (73.0%)
      Progress: 73000/99265 frames (73.5%)
      Progress: 73500/99265 frames (74.0%)
      Progress: 74000/99265 frames (74.5%)
      Progress: 74500/99265 frames (75.1%)
      Progress: 75000/99265 frames (75.6%)
      Progress: 75500/99265 frames (76.1%)
      Progress: 76000/99265 frames (76.6%)
      Progress: 76500/99265 frames (77.1%)
      Progress: 77000/99265 frames (77.6%)
      Progress: 77500/99265 frames (78.1%)
      Progress: 78000/99265 frames (78.6%)
      Progress: 78500/99265 frames (79.1%)
      Progress: 79000/99265 frames (79.6%)
      Progress: 79500/99265 frames (80.1%)
      Progress: 80000/99265 frames (80.6%)
      Progress: 80500/99265 frames (81.1%)
      Progress: 81000/99265 frames (81.6%)
      Progress: 81500/99265 frames (82.1%)
      Progress: 82000/99265 frames (82.6%)
      Progress: 82500/99265 frames (83.1%)
      Progress: 83000/99265 frames (83.6%)
      Progress: 83500/99265 frames (84.1%)
      Progress: 84000/99265 frames (84.6%)
      Progress: 84500/99265 frames (85.1%)
      Progress: 85000/99265 frames (85.6%)
      Progress: 85500/99265 frames (86.1%)
      Progress: 86000/99265 frames (86.6%)
      Progress: 86500/99265 frames (87.1%)
      Progress: 87000/99265 frames (87.6%)
      Progress: 87500/99265 frames (88.1%)
      Progress: 88000/99265 frames (88.7%)
      Progress: 88500/99265 frames (89.2%)
      Progress: 89000/99265 frames (89.7%)
      Progress: 89500/99265 frames (90.2%)
      Progress: 90000/99265 frames (90.7%)
      Progress: 90500/99265 frames (91.2%)
      Progress: 91000/99265 frames (91.7%)
      Progress: 91500/99265 frames (92.2%)
      Progress: 92000/99265 frames (92.7%)
      Progress: 92500/99265 frames (93.2%)
      Progress: 93000/99265 frames (93.7%)
      Progress: 93500/99265 frames (94.2%)
      Progress: 94000/99265 frames (94.7%)
      Progress: 94500/99265 frames (95.2%)
      Progress: 95000/99265 frames (95.7%)
      Progress: 95500/99265 frames (96.2%)
      Progress: 96000/99265 frames (96.7%)
      Progress: 96500/99265 frames (97.2%)
      Progress: 97000/99265 frames (97.7%)
      Progress: 97500/99265 frames (98.2%)
      Progress: 98000/99265 frames (98.7%)
      Progress: 98500/99265 frames (99.2%)
      Progress: 99000/99265 frames (99.7%)
      ───────────────────────────────────────────────────────
      FRAME READING COMPLETE
      ───────────────────────────────────────────────────────
      Expected frames: 99265
      Frames read: 99218
      Frames missing: 47
      WARNING: 47 frames could not be read!
      ───────────────────────────────────────────────────────

      FRAMES DISTRIBUTION BY SECOND:
        Second   0:  25 frames
        Second   1:  25 frames
        Second   2:  25 frames
        Second   3:  25 frames
        Second   4:  25 frames
        Second   5:  25 frames
        Second   6:  25 frames
        Second   7:  25 frames
        Second   8:  25 frames
        Second   9:  25 frames
        ... (3961 more seconds)
      
      Frame statistics:
        Average frames/second: 25.0
        Min frames/second: 0
        Max frames/second: 25
      
      ───────────────────────────────────────────────────────
      EXTRACTING FEATURES PER SECOND
      ───────────────────────────────────────────────────────
      Total seconds to process: 3971
        Second 10/3971 - 25 frames, 1 clips
        Second 20/3971 - 25 frames, 1 clips
        Second 30/3971 - 25 frames, 1 clips
        Second 40/3971 - 25 frames, 1 clips
        Second 50/3971 - 25 frames, 1 clips
        Second 60/3971 - 25 frames, 1 clips
        Second 70/3971 - 25 frames, 1 clips
        Second 80/3971 - 25 frames, 1 clips
        Second 90/3971 - 25 frames, 1 clips
        Second 100/3971 - 25 frames, 1 clips
        Second 110/3971 - 25 frames, 1 clips
        Second 120/3971 - 25 frames, 1 clips
        Second 130/3971 - 25 frames, 1 clips
        Second 140/3971 - 25 frames, 1 clips
        Second 150/3971 - 25 frames, 1 clips
        Second 160/3971 - 25 frames, 1 clips
        Second 170/3971 - 25 frames, 1 clips
        Second 180/3971 - 25 frames, 1 clips
        Second 190/3971 - 25 frames, 1 clips
        Second 200/3971 - 25 frames, 1 clips
        Second 210/3971 - 25 frames, 1 clips
        Second 220/3971 - 25 frames, 1 clips
        Second 230/3971 - 25 frames, 1 clips
        Second 240/3971 - 25 frames, 1 clips
        Second 250/3971 - 25 frames, 1 clips
        Second 260/3971 - 25 frames, 1 clips
        Second 270/3971 - 25 frames, 1 clips
        Second 280/3971 - 25 frames, 1 clips
        Second 290/3971 - 25 frames, 1 clips
        Second 300/3971 - 25 frames, 1 clips
        Second 310/3971 - 25 frames, 1 clips
        Second 320/3971 - 25 frames, 1 clips
        Second 330/3971 - 25 frames, 1 clips
        Second 340/3971 - 25 frames, 1 clips
        Second 350/3971 - 25 frames, 1 clips
        Second 360/3971 - 25 frames, 1 clips
        Second 370/3971 - 25 frames, 1 clips
        Second 380/3971 - 25 frames, 1 clips
        Second 390/3971 - 25 frames, 1 clips
        Second 400/3971 - 25 frames, 1 clips
        Second 410/3971 - 25 frames, 1 clips
        Second 420/3971 - 25 frames, 1 clips
        Second 430/3971 - 25 frames, 1 clips
        Second 440/3971 - 25 frames, 1 clips
        Second 450/3971 - 25 frames, 1 clips
        Second 460/3971 - 25 frames, 1 clips
        Second 470/3971 - 25 frames, 1 clips
        Second 480/3971 - 25 frames, 1 clips
        Second 490/3971 - 25 frames, 1 clips
        Second 500/3971 - 25 frames, 1 clips
        Second 510/3971 - 25 frames, 1 clips
        Second 520/3971 - 25 frames, 1 clips
        Second 530/3971 - 25 frames, 1 clips
        Second 540/3971 - 25 frames, 1 clips
        Second 550/3971 - 25 frames, 1 clips
        Second 560/3971 - 25 frames, 1 clips
        Second 570/3971 - 25 frames, 1 clips
        Second 580/3971 - 25 frames, 1 clips
        Second 590/3971 - 25 frames, 1 clips
        Second 600/3971 - 25 frames, 1 clips
        Second 610/3971 - 25 frames, 1 clips
        Second 620/3971 - 25 frames, 1 clips
        Second 630/3971 - 25 frames, 1 clips
        Second 640/3971 - 25 frames, 1 clips
        Second 650/3971 - 25 frames, 1 clips
        Second 660/3971 - 25 frames, 1 clips
        Second 670/3971 - 25 frames, 1 clips
        Second 680/3971 - 25 frames, 1 clips
        Second 690/3971 - 25 frames, 1 clips
        Second 700/3971 - 25 frames, 1 clips
        Second 710/3971 - 25 frames, 1 clips
        Second 720/3971 - 25 frames, 1 clips
        Second 730/3971 - 25 frames, 1 clips
        Second 740/3971 - 25 frames, 1 clips
        Second 750/3971 - 25 frames, 1 clips
        Second 760/3971 - 25 frames, 1 clips
        Second 770/3971 - 25 frames, 1 clips
        Second 780/3971 - 25 frames, 1 clips
        Second 790/3971 - 25 frames, 1 clips
        Second 800/3971 - 25 frames, 1 clips
        Second 810/3971 - 25 frames, 1 clips
        Second 820/3971 - 25 frames, 1 clips
        Second 830/3971 - 25 frames, 1 clips
        Second 840/3971 - 25 frames, 1 clips
        Second 850/3971 - 25 frames, 1 clips
        Second 860/3971 - 25 frames, 1 clips
        Second 870/3971 - 25 frames, 1 clips
        Second 880/3971 - 25 frames, 1 clips
        Second 890/3971 - 25 frames, 1 clips
        Second 900/3971 - 25 frames, 1 clips
        Second 910/3971 - 25 frames, 1 clips
        Second 920/3971 - 25 frames, 1 clips
        Second 930/3971 - 25 frames, 1 clips
        Second 940/3971 - 25 frames, 1 clips
        Second 950/3971 - 25 frames, 1 clips
        Second 960/3971 - 25 frames, 1 clips
        Second 970/3971 - 25 frames, 1 clips
        Second 980/3971 - 25 frames, 1 clips
        Second 990/3971 - 25 frames, 1 clips
        Second 1000/3971 - 25 frames, 1 clips
        Second 1010/3971 - 25 frames, 1 clips
        Second 1020/3971 - 25 frames, 1 clips
        Second 1030/3971 - 25 frames, 1 clips
        Second 1040/3971 - 25 frames, 1 clips
        Second 1050/3971 - 25 frames, 1 clips
        Second 1060/3971 - 25 frames, 1 clips
        Second 1070/3971 - 25 frames, 1 clips
        Second 1080/3971 - 25 frames, 1 clips
        Second 1090/3971 - 25 frames, 1 clips
        Second 1100/3971 - 25 frames, 1 clips
        Second 1110/3971 - 25 frames, 1 clips
        Second 1120/3971 - 25 frames, 1 clips
        Second 1130/3971 - 25 frames, 1 clips
        Second 1140/3971 - 25 frames, 1 clips
        Second 1150/3971 - 25 frames, 1 clips
        Second 1160/3971 - 25 frames, 1 clips
        Second 1170/3971 - 25 frames, 1 clips
        Second 1180/3971 - 25 frames, 1 clips
        Second 1190/3971 - 25 frames, 1 clips
        Second 1200/3971 - 25 frames, 1 clips
        Second 1210/3971 - 25 frames, 1 clips
        Second 1220/3971 - 25 frames, 1 clips
        Second 1230/3971 - 25 frames, 1 clips
        Second 1240/3971 - 25 frames, 1 clips
        Second 1250/3971 - 25 frames, 1 clips
        Second 1260/3971 - 25 frames, 1 clips
        Second 1270/3971 - 25 frames, 1 clips
        Second 1280/3971 - 25 frames, 1 clips
        Second 1290/3971 - 25 frames, 1 clips
        Second 1300/3971 - 25 frames, 1 clips
        Second 1310/3971 - 25 frames, 1 clips
        Second 1320/3971 - 25 frames, 1 clips
        Second 1330/3971 - 25 frames, 1 clips
        Second 1340/3971 - 25 frames, 1 clips
        Second 1350/3971 - 25 frames, 1 clips
        Second 1360/3971 - 25 frames, 1 clips
        Second 1370/3971 - 25 frames, 1 clips
        Second 1380/3971 - 25 frames, 1 clips
        Second 1390/3971 - 25 frames, 1 clips
        Second 1400/3971 - 25 frames, 1 clips
        Second 1410/3971 - 25 frames, 1 clips
        Second 1420/3971 - 25 frames, 1 clips
        Second 1430/3971 - 25 frames, 1 clips
        Second 1440/3971 - 25 frames, 1 clips
        Second 1450/3971 - 25 frames, 1 clips
        Second 1460/3971 - 25 frames, 1 clips
        Second 1470/3971 - 25 frames, 1 clips
        Second 1480/3971 - 25 frames, 1 clips
        Second 1490/3971 - 25 frames, 1 clips
        Second 1500/3971 - 25 frames, 1 clips
        Second 1510/3971 - 25 frames, 1 clips
        Second 1520/3971 - 25 frames, 1 clips
        Second 1530/3971 - 25 frames, 1 clips
        Second 1540/3971 - 25 frames, 1 clips
        Second 1550/3971 - 25 frames, 1 clips
        Second 1560/3971 - 25 frames, 1 clips
        Second 1570/3971 - 25 frames, 1 clips
        Second 1580/3971 - 25 frames, 1 clips
        Second 1590/3971 - 25 frames, 1 clips
        Second 1600/3971 - 25 frames, 1 clips
        Second 1610/3971 - 25 frames, 1 clips
        Second 1620/3971 - 25 frames, 1 clips
        Second 1630/3971 - 25 frames, 1 clips
        Second 1640/3971 - 25 frames, 1 clips
        Second 1650/3971 - 25 frames, 1 clips
        Second 1660/3971 - 25 frames, 1 clips
        Second 1670/3971 - 25 frames, 1 clips
        Second 1680/3971 - 25 frames, 1 clips
        Second 1690/3971 - 25 frames, 1 clips
        Second 1700/3971 - 25 frames, 1 clips
        Second 1710/3971 - 25 frames, 1 clips
        Second 1720/3971 - 25 frames, 1 clips
        Second 1730/3971 - 25 frames, 1 clips
        Second 1740/3971 - 25 frames, 1 clips
        Second 1750/3971 - 25 frames, 1 clips
        Second 1760/3971 - 25 frames, 1 clips
        Second 1770/3971 - 25 frames, 1 clips
        Second 1780/3971 - 25 frames, 1 clips
        Second 1790/3971 - 25 frames, 1 clips
        Second 1800/3971 - 25 frames, 1 clips
        Second 1810/3971 - 25 frames, 1 clips
        Second 1820/3971 - 25 frames, 1 clips
        Second 1830/3971 - 25 frames, 1 clips
        Second 1840/3971 - 25 frames, 1 clips
        Second 1850/3971 - 25 frames, 1 clips
        Second 1860/3971 - 25 frames, 1 clips
        Second 1870/3971 - 25 frames, 1 clips
        Second 1880/3971 - 25 frames, 1 clips
        Second 1890/3971 - 25 frames, 1 clips
        Second 1900/3971 - 25 frames, 1 clips
        Second 1910/3971 - 25 frames, 1 clips
        Second 1920/3971 - 25 frames, 1 clips
        Second 1930/3971 - 25 frames, 1 clips
        Second 1940/3971 - 25 frames, 1 clips
        Second 1950/3971 - 25 frames, 1 clips
        Second 1960/3971 - 25 frames, 1 clips
        Second 1970/3971 - 25 frames, 1 clips
        Second 1980/3971 - 25 frames, 1 clips
        Second 1990/3971 - 25 frames, 1 clips
        Second 2000/3971 - 25 frames, 1 clips
        Second 2010/3971 - 25 frames, 1 clips
        Second 2020/3971 - 25 frames, 1 clips
        Second 2030/3971 - 25 frames, 1 clips
        Second 2040/3971 - 25 frames, 1 clips
        Second 2050/3971 - 25 frames, 1 clips
        Second 2060/3971 - 25 frames, 1 clips
        Second 2070/3971 - 25 frames, 1 clips
        Second 2080/3971 - 25 frames, 1 clips
        Second 2090/3971 - 25 frames, 1 clips
        Second 2100/3971 - 25 frames, 1 clips
        Second 2110/3971 - 25 frames, 1 clips
        Second 2120/3971 - 25 frames, 1 clips
        Second 2130/3971 - 25 frames, 1 clips
        Second 2140/3971 - 25 frames, 1 clips
        Second 2150/3971 - 25 frames, 1 clips
        Second 2160/3971 - 25 frames, 1 clips
        Second 2170/3971 - 25 frames, 1 clips
        Second 2180/3971 - 25 frames, 1 clips
        Second 2190/3971 - 25 frames, 1 clips
        Second 2200/3971 - 25 frames, 1 clips
        Second 2210/3971 - 25 frames, 1 clips
        Second 2220/3971 - 25 frames, 1 clips
        Second 2230/3971 - 25 frames, 1 clips
        Second 2240/3971 - 25 frames, 1 clips
        Second 2250/3971 - 25 frames, 1 clips
        Second 2260/3971 - 25 frames, 1 clips
        Second 2270/3971 - 25 frames, 1 clips
        Second 2280/3971 - 25 frames, 1 clips
        Second 2290/3971 - 25 frames, 1 clips
        Second 2300/3971 - 25 frames, 1 clips
        Second 2310/3971 - 25 frames, 1 clips
        Second 2320/3971 - 25 frames, 1 clips
        Second 2330/3971 - 25 frames, 1 clips
        Second 2340/3971 - 25 frames, 1 clips
        Second 2350/3971 - 25 frames, 1 clips
        Second 2360/3971 - 25 frames, 1 clips
        Second 2370/3971 - 25 frames, 1 clips
        Second 2380/3971 - 25 frames, 1 clips
        Second 2390/3971 - 25 frames, 1 clips
        Second 2400/3971 - 25 frames, 1 clips
        Second 2410/3971 - 25 frames, 1 clips
        Second 2420/3971 - 25 frames, 1 clips
        Second 2430/3971 - 25 frames, 1 clips
        Second 2440/3971 - 25 frames, 1 clips
        Second 2450/3971 - 25 frames, 1 clips
        Second 2460/3971 - 25 frames, 1 clips
        Second 2470/3971 - 25 frames, 1 clips
        Second 2480/3971 - 25 frames, 1 clips
        Second 2490/3971 - 25 frames, 1 clips
        Second 2500/3971 - 25 frames, 1 clips
        Second 2510/3971 - 25 frames, 1 clips
        Second 2520/3971 - 25 frames, 1 clips
        Second 2530/3971 - 25 frames, 1 clips
        Second 2540/3971 - 25 frames, 1 clips
        Second 2550/3971 - 25 frames, 1 clips
        Second 2560/3971 - 25 frames, 1 clips
        Second 2570/3971 - 25 frames, 1 clips
        Second 2580/3971 - 25 frames, 1 clips
        Second 2590/3971 - 25 frames, 1 clips
        Second 2600/3971 - 25 frames, 1 clips
        Second 2610/3971 - 25 frames, 1 clips
        Second 2620/3971 - 25 frames, 1 clips
        Second 2630/3971 - 25 frames, 1 clips
        Second 2640/3971 - 25 frames, 1 clips
        Second 2650/3971 - 25 frames, 1 clips
        Second 2660/3971 - 25 frames, 1 clips
        Second 2670/3971 - 25 frames, 1 clips
        Second 2680/3971 - 25 frames, 1 clips
        Second 2690/3971 - 25 frames, 1 clips
        Second 2700/3971 - 25 frames, 1 clips
        Second 2710/3971 - 25 frames, 1 clips
        Second 2720/3971 - 25 frames, 1 clips
        Second 2730/3971 - 25 frames, 1 clips
        Second 2740/3971 - 25 frames, 1 clips
        Second 2750/3971 - 25 frames, 1 clips
        Second 2760/3971 - 25 frames, 1 clips
        Second 2770/3971 - 25 frames, 1 clips
        Second 2780/3971 - 25 frames, 1 clips
        Second 2790/3971 - 25 frames, 1 clips
        Second 2800/3971 - 25 frames, 1 clips
        Second 2810/3971 - 25 frames, 1 clips
        Second 2820/3971 - 25 frames, 1 clips
        Second 2830/3971 - 25 frames, 1 clips
        Second 2840/3971 - 25 frames, 1 clips
        Second 2850/3971 - 25 frames, 1 clips
        Second 2860/3971 - 25 frames, 1 clips
        Second 2870/3971 - 25 frames, 1 clips
        Second 2880/3971 - 25 frames, 1 clips
        Second 2890/3971 - 25 frames, 1 clips
        Second 2900/3971 - 25 frames, 1 clips
        Second 2910/3971 - 25 frames, 1 clips
        Second 2920/3971 - 25 frames, 1 clips
        Second 2930/3971 - 25 frames, 1 clips
        Second 2940/3971 - 25 frames, 1 clips
        Second 2950/3971 - 25 frames, 1 clips
        Second 2960/3971 - 25 frames, 1 clips
        Second 2970/3971 - 25 frames, 1 clips
        Second 2980/3971 - 25 frames, 1 clips
        Second 2990/3971 - 25 frames, 1 clips
        Second 3000/3971 - 25 frames, 1 clips
        Second 3010/3971 - 25 frames, 1 clips
        Second 3020/3971 - 25 frames, 1 clips
        Second 3030/3971 - 25 frames, 1 clips
        Second 3040/3971 - 25 frames, 1 clips
        Second 3050/3971 - 25 frames, 1 clips
        Second 3060/3971 - 25 frames, 1 clips
        Second 3070/3971 - 25 frames, 1 clips
        Second 3080/3971 - 25 frames, 1 clips
        Second 3090/3971 - 25 frames, 1 clips
        Second 3100/3971 - 25 frames, 1 clips
        Second 3110/3971 - 25 frames, 1 clips
        Second 3120/3971 - 25 frames, 1 clips
        Second 3130/3971 - 25 frames, 1 clips
        Second 3140/3971 - 25 frames, 1 clips
        Second 3150/3971 - 25 frames, 1 clips
        Second 3160/3971 - 25 frames, 1 clips
        Second 3170/3971 - 25 frames, 1 clips
        Second 3180/3971 - 25 frames, 1 clips
        Second 3190/3971 - 25 frames, 1 clips
        Second 3200/3971 - 25 frames, 1 clips
        Second 3210/3971 - 25 frames, 1 clips
        Second 3220/3971 - 25 frames, 1 clips
        Second 3230/3971 - 25 frames, 1 clips
        Second 3240/3971 - 25 frames, 1 clips
        Second 3250/3971 - 25 frames, 1 clips
        Second 3260/3971 - 25 frames, 1 clips
        Second 3270/3971 - 25 frames, 1 clips
        Second 3280/3971 - 25 frames, 1 clips
        Second 3290/3971 - 25 frames, 1 clips
        Second 3300/3971 - 25 frames, 1 clips
        Second 3310/3971 - 25 frames, 1 clips
        Second 3320/3971 - 25 frames, 1 clips
        Second 3330/3971 - 25 frames, 1 clips
        Second 3340/3971 - 25 frames, 1 clips
        Second 3350/3971 - 25 frames, 1 clips
        Second 3360/3971 - 25 frames, 1 clips
        Second 3370/3971 - 25 frames, 1 clips
        Second 3380/3971 - 25 frames, 1 clips
        Second 3390/3971 - 25 frames, 1 clips
        Second 3400/3971 - 25 frames, 1 clips
        Second 3410/3971 - 25 frames, 1 clips
        Second 3420/3971 - 25 frames, 1 clips
        Second 3430/3971 - 25 frames, 1 clips
        Second 3440/3971 - 25 frames, 1 clips
        Second 3450/3971 - 25 frames, 1 clips
        Second 3460/3971 - 25 frames, 1 clips
        Second 3470/3971 - 25 frames, 1 clips
        Second 3480/3971 - 25 frames, 1 clips
        Second 3490/3971 - 25 frames, 1 clips
        Second 3500/3971 - 25 frames, 1 clips
        Second 3510/3971 - 25 frames, 1 clips
        Second 3520/3971 - 25 frames, 1 clips
        Second 3530/3971 - 25 frames, 1 clips
        Second 3540/3971 - 25 frames, 1 clips
        Second 3550/3971 - 25 frames, 1 clips
        Second 3560/3971 - 25 frames, 1 clips
        Second 3570/3971 - 25 frames, 1 clips
        Second 3580/3971 - 25 frames, 1 clips
        Second 3590/3971 - 25 frames, 1 clips
        Second 3600/3971 - 25 frames, 1 clips
        Second 3610/3971 - 25 frames, 1 clips
        Second 3620/3971 - 25 frames, 1 clips
        Second 3630/3971 - 25 frames, 1 clips
        Second 3640/3971 - 25 frames, 1 clips
        Second 3650/3971 - 25 frames, 1 clips
        Second 3660/3971 - 25 frames, 1 clips
        Second 3670/3971 - 25 frames, 1 clips
        Second 3680/3971 - 25 frames, 1 clips
        Second 3690/3971 - 25 frames, 1 clips
        Second 3700/3971 - 25 frames, 1 clips
        Second 3710/3971 - 25 frames, 1 clips
        Second 3720/3971 - 25 frames, 1 clips
        Second 3730/3971 - 25 frames, 1 clips
        Second 3740/3971 - 25 frames, 1 clips
        Second 3750/3971 - 25 frames, 1 clips
        Second 3760/3971 - 25 frames, 1 clips
        Second 3770/3971 - 25 frames, 1 clips
        Second 3780/3971 - 25 frames, 1 clips
        Second 3790/3971 - 25 frames, 1 clips
        Second 3800/3971 - 25 frames, 1 clips
        Second 3810/3971 - 25 frames, 1 clips
        Second 3820/3971 - 25 frames, 1 clips
        Second 3830/3971 - 25 frames, 1 clips
        Second 3840/3971 - 25 frames, 1 clips
        Second 3850/3971 - 25 frames, 1 clips
        Second 3860/3971 - 25 frames, 1 clips
        Second 3870/3971 - 25 frames, 1 clips
        Second 3880/3971 - 25 frames, 1 clips
        Second 3890/3971 - 25 frames, 1 clips
        Second 3900/3971 - 25 frames, 1 clips
        Second 3910/3971 - 25 frames, 1 clips
        Second 3920/3971 - 25 frames, 1 clips
        Second 3930/3971 - 25 frames, 1 clips
        Second 3940/3971 - 25 frames, 1 clips
        Second 3950/3971 - 25 frames, 1 clips
        Second 3960/3971 - 25 frames, 1 clips
        Second 3970/3971 - NO FRAMES (zero feature)
      ───────────────────────────────────────────────────────
      FEATURE EXTRACTION COMPLETE
      ───────────────────────────────────────────────────────
      Final features shape: (3971, 1024)
      Features per second: 3971
      Feature dimension: 1024
      ═══════════════════════════════════════════════════════

[ID16]   Features extracted: (3971, 1024)
[ID16] Step 2/4: Converting to binary labels and removing unwanted classes...
[ID16]   Number of seconds: 3971
      CSV columns: ['start_time', 'end_time', 'licking', 'shaking']
      CSV shape: (3840, 4)
      Video seconds: 3971
      Total rows in CSV: 3840
      Valid rows (within video duration): 3840
      Rows kept after removing shaking: 3831
[ID16]   Original seconds: 3971
[ID16]   After removing shaking/licking_shaking: 3831
[ID16] Step 3/4: Balancing classes...
      Before balancing:
        Background: 2996 samples
        Licking: 835 samples
        Ratio: 3.59:1
      After balancing:
        Background: 835 samples
        Licking: 835 samples
        Total: 1670 samples
[ID16] Step 4/4: Saving processed data...
[ID16]   Saved features: /data-8tb/nvaci/dataset/dataset_Stanford/FACT_method/preprocessed_data_2class_originalFPS/features/ID16.npy
[ID16]     Shape: (1670, 1024)
[ID16]     Size: 6.52 MB
[ID16]   Final label distribution:
[ID16]     - background: 835 seconds (50.0%)
[ID16]     - licking: 835 seconds (50.0%)
[ID16]   Saved labels: /data-8tb/nvaci/dataset/dataset_Stanford/FACT_method/preprocessed_data_2class_originalFPS/groundTruth/ID16.txt
[ID16] SUCCESS - Video processed successfully


================================================================================
Processing video 17/32: ID17
================================================================================
[ID17] Found label file: 25-021_ID17.csv
[ID17] Step 1/4: Extracting features (per second)...
      Opening video file...

      ═══════════════════════════════════════════════════════
      VIDEO PROPERTIES
      ═══════════════════════════════════════════════════════
      FPS detected: 25.00
      Clip length (auto): 25 frames
      Total frames: 97768
      Duration: 3910.72 seconds
      Expected seconds: 3911
      Frames per second: ~25.0
      ═══════════════════════════════════════════════════════

      Using ORIGINAL FPS with per-second aggregation
      Aggregation method: mean
      ───────────────────────────────────────────────────────
      READING ALL FRAMES FROM VIDEO
      ───────────────────────────────────────────────────────
      Progress: 500/97768 frames (0.5%)
      Progress: 1000/97768 frames (1.0%)
      Progress: 1500/97768 frames (1.5%)
      Progress: 2000/97768 frames (2.0%)
      Progress: 2500/97768 frames (2.6%)
      Progress: 3000/97768 frames (3.1%)
      Progress: 3500/97768 frames (3.6%)
      Progress: 4000/97768 frames (4.1%)
      Progress: 4500/97768 frames (4.6%)
      Progress: 5000/97768 frames (5.1%)
      Progress: 5500/97768 frames (5.6%)
      Progress: 6000/97768 frames (6.1%)
      Progress: 6500/97768 frames (6.6%)
      Progress: 7000/97768 frames (7.2%)
      Progress: 7500/97768 frames (7.7%)
      Progress: 8000/97768 frames (8.2%)
      Progress: 8500/97768 frames (8.7%)
      Progress: 9000/97768 frames (9.2%)
      Progress: 9500/97768 frames (9.7%)
      Progress: 10000/97768 frames (10.2%)
      Progress: 10500/97768 frames (10.7%)
      Progress: 11000/97768 frames (11.3%)
      Progress: 11500/97768 frames (11.8%)
      Progress: 12000/97768 frames (12.3%)
      Progress: 12500/97768 frames (12.8%)
      Progress: 13000/97768 frames (13.3%)
      Progress: 13500/97768 frames (13.8%)
      Progress: 14000/97768 frames (14.3%)
      Progress: 14500/97768 frames (14.8%)
      Progress: 15000/97768 frames (15.3%)
      Progress: 15500/97768 frames (15.9%)
      Progress: 16000/97768 frames (16.4%)
      Progress: 16500/97768 frames (16.9%)
      Progress: 17000/97768 frames (17.4%)
      Progress: 17500/97768 frames (17.9%)
      Progress: 18000/97768 frames (18.4%)
      Progress: 18500/97768 frames (18.9%)
      Progress: 19000/97768 frames (19.4%)
      Progress: 19500/97768 frames (19.9%)
      Progress: 20000/97768 frames (20.5%)
      Progress: 20500/97768 frames (21.0%)
      Progress: 21000/97768 frames (21.5%)
      Progress: 21500/97768 frames (22.0%)
      Progress: 22000/97768 frames (22.5%)
      Progress: 22500/97768 frames (23.0%)
      Progress: 23000/97768 frames (23.5%)
      Progress: 23500/97768 frames (24.0%)
      Progress: 24000/97768 frames (24.5%)
      Progress: 24500/97768 frames (25.1%)
      Progress: 25000/97768 frames (25.6%)
      Progress: 25500/97768 frames (26.1%)
      Progress: 26000/97768 frames (26.6%)
      Progress: 26500/97768 frames (27.1%)
      Progress: 27000/97768 frames (27.6%)
      Progress: 27500/97768 frames (28.1%)
      Progress: 28000/97768 frames (28.6%)
      Progress: 28500/97768 frames (29.2%)
      Progress: 29000/97768 frames (29.7%)
      Progress: 29500/97768 frames (30.2%)
      Progress: 30000/97768 frames (30.7%)
      Progress: 30500/97768 frames (31.2%)
      Progress: 31000/97768 frames (31.7%)
      Progress: 31500/97768 frames (32.2%)
      Progress: 32000/97768 frames (32.7%)
      Progress: 32500/97768 frames (33.2%)
      Progress: 33000/97768 frames (33.8%)
      Progress: 33500/97768 frames (34.3%)
      Progress: 34000/97768 frames (34.8%)
      Progress: 34500/97768 frames (35.3%)
      Progress: 35000/97768 frames (35.8%)
      Progress: 35500/97768 frames (36.3%)
      Progress: 36000/97768 frames (36.8%)
      Progress: 36500/97768 frames (37.3%)
      Progress: 37000/97768 frames (37.8%)
      Progress: 37500/97768 frames (38.4%)
      Progress: 38000/97768 frames (38.9%)
      Progress: 38500/97768 frames (39.4%)
      Progress: 39000/97768 frames (39.9%)
      Progress: 39500/97768 frames (40.4%)
      Progress: 40000/97768 frames (40.9%)
      Progress: 40500/97768 frames (41.4%)
      Progress: 41000/97768 frames (41.9%)
      Progress: 41500/97768 frames (42.4%)
      Progress: 42000/97768 frames (43.0%)
      Progress: 42500/97768 frames (43.5%)
      Progress: 43000/97768 frames (44.0%)
      Progress: 43500/97768 frames (44.5%)
      Progress: 44000/97768 frames (45.0%)
      Progress: 44500/97768 frames (45.5%)
      Progress: 45000/97768 frames (46.0%)
      Progress: 45500/97768 frames (46.5%)
      Progress: 46000/97768 frames (47.1%)
      Progress: 46500/97768 frames (47.6%)
      Progress: 47000/97768 frames (48.1%)
      Progress: 47500/97768 frames (48.6%)
      Progress: 48000/97768 frames (49.1%)
      Progress: 48500/97768 frames (49.6%)
      Progress: 49000/97768 frames (50.1%)
      Progress: 49500/97768 frames (50.6%)
      Progress: 50000/97768 frames (51.1%)
      Progress: 50500/97768 frames (51.7%)
      Progress: 51000/97768 frames (52.2%)
      Progress: 51500/97768 frames (52.7%)
      Progress: 52000/97768 frames (53.2%)
      Progress: 52500/97768 frames (53.7%)
      Progress: 53000/97768 frames (54.2%)
      Progress: 53500/97768 frames (54.7%)
      Progress: 54000/97768 frames (55.2%)
      Progress: 54500/97768 frames (55.7%)
      Progress: 55000/97768 frames (56.3%)
      Progress: 55500/97768 frames (56.8%)
      Progress: 56000/97768 frames (57.3%)
      Progress: 56500/97768 frames (57.8%)
      Progress: 57000/97768 frames (58.3%)
      Progress: 57500/97768 frames (58.8%)
      Progress: 58000/97768 frames (59.3%)
      Progress: 58500/97768 frames (59.8%)
      Progress: 59000/97768 frames (60.3%)
      Progress: 59500/97768 frames (60.9%)
      Progress: 60000/97768 frames (61.4%)
      Progress: 60500/97768 frames (61.9%)
      Progress: 61000/97768 frames (62.4%)
      Progress: 61500/97768 frames (62.9%)
      Progress: 62000/97768 frames (63.4%)
      Progress: 62500/97768 frames (63.9%)
      Progress: 63000/97768 frames (64.4%)
      Progress: 63500/97768 frames (64.9%)
      Progress: 64000/97768 frames (65.5%)
      Progress: 64500/97768 frames (66.0%)
      Progress: 65000/97768 frames (66.5%)
      Progress: 65500/97768 frames (67.0%)
      Progress: 66000/97768 frames (67.5%)
      Progress: 66500/97768 frames (68.0%)
      Progress: 67000/97768 frames (68.5%)
      Progress: 67500/97768 frames (69.0%)
      Progress: 68000/97768 frames (69.6%)
      Progress: 68500/97768 frames (70.1%)
      Progress: 69000/97768 frames (70.6%)
      Progress: 69500/97768 frames (71.1%)
      Progress: 70000/97768 frames (71.6%)
      Progress: 70500/97768 frames (72.1%)
      Progress: 71000/97768 frames (72.6%)
      Progress: 71500/97768 frames (73.1%)
      Progress: 72000/97768 frames (73.6%)
      Progress: 72500/97768 frames (74.2%)
      Progress: 73000/97768 frames (74.7%)
      Progress: 73500/97768 frames (75.2%)
      Progress: 74000/97768 frames (75.7%)
      Progress: 74500/97768 frames (76.2%)
      Progress: 75000/97768 frames (76.7%)
      Progress: 75500/97768 frames (77.2%)
      Progress: 76000/97768 frames (77.7%)
      Progress: 76500/97768 frames (78.2%)
      Progress: 77000/97768 frames (78.8%)
      Progress: 77500/97768 frames (79.3%)
      Progress: 78000/97768 frames (79.8%)
      Progress: 78500/97768 frames (80.3%)
      Progress: 79000/97768 frames (80.8%)
      Progress: 79500/97768 frames (81.3%)
      Progress: 80000/97768 frames (81.8%)
      Progress: 80500/97768 frames (82.3%)
      Progress: 81000/97768 frames (82.8%)
      Progress: 81500/97768 frames (83.4%)
      Progress: 82000/97768 frames (83.9%)
      Progress: 82500/97768 frames (84.4%)
      Progress: 83000/97768 frames (84.9%)
      Progress: 83500/97768 frames (85.4%)
      Progress: 84000/97768 frames (85.9%)
      Progress: 84500/97768 frames (86.4%)
      Progress: 85000/97768 frames (86.9%)
      Progress: 85500/97768 frames (87.5%)
      Progress: 86000/97768 frames (88.0%)
      Progress: 86500/97768 frames (88.5%)
      Progress: 87000/97768 frames (89.0%)
      Progress: 87500/97768 frames (89.5%)
      Progress: 88000/97768 frames (90.0%)
      Progress: 88500/97768 frames (90.5%)
      Progress: 89000/97768 frames (91.0%)
      Progress: 89500/97768 frames (91.5%)
      Progress: 90000/97768 frames (92.1%)
      Progress: 90500/97768 frames (92.6%)
      Progress: 91000/97768 frames (93.1%)
      Progress: 91500/97768 frames (93.6%)
      Progress: 92000/97768 frames (94.1%)
      Progress: 92500/97768 frames (94.6%)
      Progress: 93000/97768 frames (95.1%)
      Progress: 93500/97768 frames (95.6%)
      Progress: 94000/97768 frames (96.1%)
      Progress: 94500/97768 frames (96.7%)
      Progress: 95000/97768 frames (97.2%)
      Progress: 95500/97768 frames (97.7%)
      Progress: 96000/97768 frames (98.2%)
      Progress: 96500/97768 frames (98.7%)
      Progress: 97000/97768 frames (99.2%)
      Progress: 97500/97768 frames (99.7%)
      ───────────────────────────────────────────────────────
      FRAME READING COMPLETE
      ───────────────────────────────────────────────────────
      Expected frames: 97768
      Frames read: 97743
      Frames missing: 25
      WARNING: 25 frames could not be read!
      ───────────────────────────────────────────────────────

      FRAMES DISTRIBUTION BY SECOND:
        Second   0:  25 frames
        Second   1:  25 frames
        Second   2:  25 frames
        Second   3:  25 frames
        Second   4:  25 frames
        Second   5:  25 frames
        Second   6:  25 frames
        Second   7:  25 frames
        Second   8:  25 frames
        Second   9:  25 frames
        ... (3901 more seconds)
      
      Frame statistics:
        Average frames/second: 25.0
        Min frames/second: 0
        Max frames/second: 25
      
      ───────────────────────────────────────────────────────
      EXTRACTING FEATURES PER SECOND
      ───────────────────────────────────────────────────────
      Total seconds to process: 3911
        Second 10/3911 - 25 frames, 1 clips
        Second 20/3911 - 25 frames, 1 clips
        Second 30/3911 - 25 frames, 1 clips
        Second 40/3911 - 25 frames, 1 clips
        Second 50/3911 - 25 frames, 1 clips
        Second 60/3911 - 25 frames, 1 clips
        Second 70/3911 - 25 frames, 1 clips
        Second 80/3911 - 25 frames, 1 clips
        Second 90/3911 - 25 frames, 1 clips
        Second 100/3911 - 25 frames, 1 clips
        Second 110/3911 - 25 frames, 1 clips
        Second 120/3911 - 25 frames, 1 clips
        Second 130/3911 - 25 frames, 1 clips
        Second 140/3911 - 25 frames, 1 clips
        Second 150/3911 - 25 frames, 1 clips
        Second 160/3911 - 25 frames, 1 clips
        Second 170/3911 - 25 frames, 1 clips
        Second 180/3911 - 25 frames, 1 clips
        Second 190/3911 - 25 frames, 1 clips
        Second 200/3911 - 25 frames, 1 clips
        Second 210/3911 - 25 frames, 1 clips
        Second 220/3911 - 25 frames, 1 clips
        Second 230/3911 - 25 frames, 1 clips
        Second 240/3911 - 25 frames, 1 clips
        Second 250/3911 - 25 frames, 1 clips
        Second 260/3911 - 25 frames, 1 clips
        Second 270/3911 - 25 frames, 1 clips
        Second 280/3911 - 25 frames, 1 clips
        Second 290/3911 - 25 frames, 1 clips
        Second 300/3911 - 25 frames, 1 clips
        Second 310/3911 - 25 frames, 1 clips
        Second 320/3911 - 25 frames, 1 clips
        Second 330/3911 - 25 frames, 1 clips
        Second 340/3911 - 25 frames, 1 clips
        Second 350/3911 - 25 frames, 1 clips
        Second 360/3911 - 25 frames, 1 clips
        Second 370/3911 - 25 frames, 1 clips
        Second 380/3911 - 25 frames, 1 clips
        Second 390/3911 - 25 frames, 1 clips
        Second 400/3911 - 25 frames, 1 clips
        Second 410/3911 - 25 frames, 1 clips
        Second 420/3911 - 25 frames, 1 clips
        Second 430/3911 - 25 frames, 1 clips
        Second 440/3911 - 25 frames, 1 clips
        Second 450/3911 - 25 frames, 1 clips
        Second 460/3911 - 25 frames, 1 clips
        Second 470/3911 - 25 frames, 1 clips
        Second 480/3911 - 25 frames, 1 clips
        Second 490/3911 - 25 frames, 1 clips
        Second 500/3911 - 25 frames, 1 clips
        Second 510/3911 - 25 frames, 1 clips
        Second 520/3911 - 25 frames, 1 clips
        Second 530/3911 - 25 frames, 1 clips
        Second 540/3911 - 25 frames, 1 clips
        Second 550/3911 - 25 frames, 1 clips
        Second 560/3911 - 25 frames, 1 clips
        Second 570/3911 - 25 frames, 1 clips
        Second 580/3911 - 25 frames, 1 clips
        Second 590/3911 - 25 frames, 1 clips
        Second 600/3911 - 25 frames, 1 clips
        Second 610/3911 - 25 frames, 1 clips
        Second 620/3911 - 25 frames, 1 clips
        Second 630/3911 - 25 frames, 1 clips
        Second 640/3911 - 25 frames, 1 clips
        Second 650/3911 - 25 frames, 1 clips
        Second 660/3911 - 25 frames, 1 clips
        Second 670/3911 - 25 frames, 1 clips
        Second 680/3911 - 25 frames, 1 clips
        Second 690/3911 - 25 frames, 1 clips
        Second 700/3911 - 25 frames, 1 clips
        Second 710/3911 - 25 frames, 1 clips
        Second 720/3911 - 25 frames, 1 clips
        Second 730/3911 - 25 frames, 1 clips
        Second 740/3911 - 25 frames, 1 clips
        Second 750/3911 - 25 frames, 1 clips
        Second 760/3911 - 25 frames, 1 clips
        Second 770/3911 - 25 frames, 1 clips
        Second 780/3911 - 25 frames, 1 clips
        Second 790/3911 - 25 frames, 1 clips
        Second 800/3911 - 25 frames, 1 clips
        Second 810/3911 - 25 frames, 1 clips
        Second 820/3911 - 25 frames, 1 clips
        Second 830/3911 - 25 frames, 1 clips
        Second 840/3911 - 25 frames, 1 clips
        Second 850/3911 - 25 frames, 1 clips
        Second 860/3911 - 25 frames, 1 clips
        Second 870/3911 - 25 frames, 1 clips
        Second 880/3911 - 25 frames, 1 clips
        Second 890/3911 - 25 frames, 1 clips
        Second 900/3911 - 25 frames, 1 clips
        Second 910/3911 - 25 frames, 1 clips
        Second 920/3911 - 25 frames, 1 clips
        Second 930/3911 - 25 frames, 1 clips
        Second 940/3911 - 25 frames, 1 clips
        Second 950/3911 - 25 frames, 1 clips
        Second 960/3911 - 25 frames, 1 clips
        Second 970/3911 - 25 frames, 1 clips
        Second 980/3911 - 25 frames, 1 clips
        Second 990/3911 - 25 frames, 1 clips
        Second 1000/3911 - 25 frames, 1 clips
        Second 1010/3911 - 25 frames, 1 clips
        Second 1020/3911 - 25 frames, 1 clips
        Second 1030/3911 - 25 frames, 1 clips
        Second 1040/3911 - 25 frames, 1 clips
        Second 1050/3911 - 25 frames, 1 clips
        Second 1060/3911 - 25 frames, 1 clips
        Second 1070/3911 - 25 frames, 1 clips
        Second 1080/3911 - 25 frames, 1 clips
        Second 1090/3911 - 25 frames, 1 clips
        Second 1100/3911 - 25 frames, 1 clips
        Second 1110/3911 - 25 frames, 1 clips
        Second 1120/3911 - 25 frames, 1 clips
        Second 1130/3911 - 25 frames, 1 clips
        Second 1140/3911 - 25 frames, 1 clips
        Second 1150/3911 - 25 frames, 1 clips
        Second 1160/3911 - 25 frames, 1 clips
        Second 1170/3911 - 25 frames, 1 clips
        Second 1180/3911 - 25 frames, 1 clips
        Second 1190/3911 - 25 frames, 1 clips
        Second 1200/3911 - 25 frames, 1 clips
        Second 1210/3911 - 25 frames, 1 clips
        Second 1220/3911 - 25 frames, 1 clips
        Second 1230/3911 - 25 frames, 1 clips
        Second 1240/3911 - 25 frames, 1 clips
        Second 1250/3911 - 25 frames, 1 clips
        Second 1260/3911 - 25 frames, 1 clips
        Second 1270/3911 - 25 frames, 1 clips
        Second 1280/3911 - 25 frames, 1 clips
        Second 1290/3911 - 25 frames, 1 clips
        Second 1300/3911 - 25 frames, 1 clips
        Second 1310/3911 - 25 frames, 1 clips
        Second 1320/3911 - 25 frames, 1 clips
        Second 1330/3911 - 25 frames, 1 clips
        Second 1340/3911 - 25 frames, 1 clips
        Second 1350/3911 - 25 frames, 1 clips
        Second 1360/3911 - 25 frames, 1 clips
        Second 1370/3911 - 25 frames, 1 clips
        Second 1380/3911 - 25 frames, 1 clips
        Second 1390/3911 - 25 frames, 1 clips
        Second 1400/3911 - 25 frames, 1 clips
        Second 1410/3911 - 25 frames, 1 clips
        Second 1420/3911 - 25 frames, 1 clips
        Second 1430/3911 - 25 frames, 1 clips
        Second 1440/3911 - 25 frames, 1 clips
        Second 1450/3911 - 25 frames, 1 clips
        Second 1460/3911 - 25 frames, 1 clips
        Second 1470/3911 - 25 frames, 1 clips
        Second 1480/3911 - 25 frames, 1 clips
        Second 1490/3911 - 25 frames, 1 clips
        Second 1500/3911 - 25 frames, 1 clips
        Second 1510/3911 - 25 frames, 1 clips
        Second 1520/3911 - 25 frames, 1 clips
        Second 1530/3911 - 25 frames, 1 clips
        Second 1540/3911 - 25 frames, 1 clips
        Second 1550/3911 - 25 frames, 1 clips
        Second 1560/3911 - 25 frames, 1 clips
        Second 1570/3911 - 25 frames, 1 clips
        Second 1580/3911 - 25 frames, 1 clips
        Second 1590/3911 - 25 frames, 1 clips
        Second 1600/3911 - 25 frames, 1 clips
        Second 1610/3911 - 25 frames, 1 clips
        Second 1620/3911 - 25 frames, 1 clips
        Second 1630/3911 - 25 frames, 1 clips
        Second 1640/3911 - 25 frames, 1 clips
        Second 1650/3911 - 25 frames, 1 clips
        Second 1660/3911 - 25 frames, 1 clips
        Second 1670/3911 - 25 frames, 1 clips
        Second 1680/3911 - 25 frames, 1 clips
        Second 1690/3911 - 25 frames, 1 clips
        Second 1700/3911 - 25 frames, 1 clips
        Second 1710/3911 - 25 frames, 1 clips
        Second 1720/3911 - 25 frames, 1 clips
        Second 1730/3911 - 25 frames, 1 clips
        Second 1740/3911 - 25 frames, 1 clips
        Second 1750/3911 - 25 frames, 1 clips
        Second 1760/3911 - 25 frames, 1 clips
        Second 1770/3911 - 25 frames, 1 clips
        Second 1780/3911 - 25 frames, 1 clips
        Second 1790/3911 - 25 frames, 1 clips
        Second 1800/3911 - 25 frames, 1 clips
        Second 1810/3911 - 25 frames, 1 clips
        Second 1820/3911 - 25 frames, 1 clips
        Second 1830/3911 - 25 frames, 1 clips
        Second 1840/3911 - 25 frames, 1 clips
        Second 1850/3911 - 25 frames, 1 clips
        Second 1860/3911 - 25 frames, 1 clips
        Second 1870/3911 - 25 frames, 1 clips
        Second 1880/3911 - 25 frames, 1 clips
        Second 1890/3911 - 25 frames, 1 clips
        Second 1900/3911 - 25 frames, 1 clips
        Second 1910/3911 - 25 frames, 1 clips
        Second 1920/3911 - 25 frames, 1 clips
        Second 1930/3911 - 25 frames, 1 clips
        Second 1940/3911 - 25 frames, 1 clips
        Second 1950/3911 - 25 frames, 1 clips
        Second 1960/3911 - 25 frames, 1 clips
        Second 1970/3911 - 25 frames, 1 clips
        Second 1980/3911 - 25 frames, 1 clips
        Second 1990/3911 - 25 frames, 1 clips
        Second 2000/3911 - 25 frames, 1 clips
        Second 2010/3911 - 25 frames, 1 clips
        Second 2020/3911 - 25 frames, 1 clips
        Second 2030/3911 - 25 frames, 1 clips
        Second 2040/3911 - 25 frames, 1 clips
        Second 2050/3911 - 25 frames, 1 clips
        Second 2060/3911 - 25 frames, 1 clips
        Second 2070/3911 - 25 frames, 1 clips
        Second 2080/3911 - 25 frames, 1 clips
        Second 2090/3911 - 25 frames, 1 clips
        Second 2100/3911 - 25 frames, 1 clips
        Second 2110/3911 - 25 frames, 1 clips
        Second 2120/3911 - 25 frames, 1 clips
        Second 2130/3911 - 25 frames, 1 clips
        Second 2140/3911 - 25 frames, 1 clips
        Second 2150/3911 - 25 frames, 1 clips
        Second 2160/3911 - 25 frames, 1 clips
        Second 2170/3911 - 25 frames, 1 clips
        Second 2180/3911 - 25 frames, 1 clips
        Second 2190/3911 - 25 frames, 1 clips
        Second 2200/3911 - 25 frames, 1 clips
        Second 2210/3911 - 25 frames, 1 clips
        Second 2220/3911 - 25 frames, 1 clips
        Second 2230/3911 - 25 frames, 1 clips
        Second 2240/3911 - 25 frames, 1 clips
        Second 2250/3911 - 25 frames, 1 clips
        Second 2260/3911 - 25 frames, 1 clips
        Second 2270/3911 - 25 frames, 1 clips
        Second 2280/3911 - 25 frames, 1 clips
        Second 2290/3911 - 25 frames, 1 clips
        Second 2300/3911 - 25 frames, 1 clips
        Second 2310/3911 - 25 frames, 1 clips
        Second 2320/3911 - 25 frames, 1 clips
        Second 2330/3911 - 25 frames, 1 clips
        Second 2340/3911 - 25 frames, 1 clips
        Second 2350/3911 - 25 frames, 1 clips
        Second 2360/3911 - 25 frames, 1 clips
        Second 2370/3911 - 25 frames, 1 clips
        Second 2380/3911 - 25 frames, 1 clips
        Second 2390/3911 - 25 frames, 1 clips
        Second 2400/3911 - 25 frames, 1 clips
        Second 2410/3911 - 25 frames, 1 clips
        Second 2420/3911 - 25 frames, 1 clips
        Second 2430/3911 - 25 frames, 1 clips
        Second 2440/3911 - 25 frames, 1 clips
        Second 2450/3911 - 25 frames, 1 clips
        Second 2460/3911 - 25 frames, 1 clips
        Second 2470/3911 - 25 frames, 1 clips
        Second 2480/3911 - 25 frames, 1 clips
        Second 2490/3911 - 25 frames, 1 clips
        Second 2500/3911 - 25 frames, 1 clips
        Second 2510/3911 - 25 frames, 1 clips
        Second 2520/3911 - 25 frames, 1 clips
        Second 2530/3911 - 25 frames, 1 clips
        Second 2540/3911 - 25 frames, 1 clips
        Second 2550/3911 - 25 frames, 1 clips
        Second 2560/3911 - 25 frames, 1 clips
        Second 2570/3911 - 25 frames, 1 clips
        Second 2580/3911 - 25 frames, 1 clips
        Second 2590/3911 - 25 frames, 1 clips
        Second 2600/3911 - 25 frames, 1 clips
        Second 2610/3911 - 25 frames, 1 clips
        Second 2620/3911 - 25 frames, 1 clips
        Second 2630/3911 - 25 frames, 1 clips
        Second 2640/3911 - 25 frames, 1 clips
        Second 2650/3911 - 25 frames, 1 clips
        Second 2660/3911 - 25 frames, 1 clips
        Second 2670/3911 - 25 frames, 1 clips
        Second 2680/3911 - 25 frames, 1 clips
        Second 2690/3911 - 25 frames, 1 clips
        Second 2700/3911 - 25 frames, 1 clips
        Second 2710/3911 - 25 frames, 1 clips
        Second 2720/3911 - 25 frames, 1 clips
        Second 2730/3911 - 25 frames, 1 clips
        Second 2740/3911 - 25 frames, 1 clips
        Second 2750/3911 - 25 frames, 1 clips
        Second 2760/3911 - 25 frames, 1 clips
        Second 2770/3911 - 25 frames, 1 clips
        Second 2780/3911 - 25 frames, 1 clips
        Second 2790/3911 - 25 frames, 1 clips
        Second 2800/3911 - 25 frames, 1 clips
        Second 2810/3911 - 25 frames, 1 clips
        Second 2820/3911 - 25 frames, 1 clips
        Second 2830/3911 - 25 frames, 1 clips
        Second 2840/3911 - 25 frames, 1 clips
        Second 2850/3911 - 25 frames, 1 clips
        Second 2860/3911 - 25 frames, 1 clips
        Second 2870/3911 - 25 frames, 1 clips
        Second 2880/3911 - 25 frames, 1 clips
        Second 2890/3911 - 25 frames, 1 clips
        Second 2900/3911 - 25 frames, 1 clips
        Second 2910/3911 - 25 frames, 1 clips
        Second 2920/3911 - 25 frames, 1 clips
        Second 2930/3911 - 25 frames, 1 clips
        Second 2940/3911 - 25 frames, 1 clips
        Second 2950/3911 - 25 frames, 1 clips
        Second 2960/3911 - 25 frames, 1 clips
        Second 2970/3911 - 25 frames, 1 clips
        Second 2980/3911 - 25 frames, 1 clips
        Second 2990/3911 - 25 frames, 1 clips
        Second 3000/3911 - 25 frames, 1 clips
        Second 3010/3911 - 25 frames, 1 clips
        Second 3020/3911 - 25 frames, 1 clips
        Second 3030/3911 - 25 frames, 1 clips
        Second 3040/3911 - 25 frames, 1 clips
        Second 3050/3911 - 25 frames, 1 clips
        Second 3060/3911 - 25 frames, 1 clips
        Second 3070/3911 - 25 frames, 1 clips
        Second 3080/3911 - 25 frames, 1 clips
        Second 3090/3911 - 25 frames, 1 clips
        Second 3100/3911 - 25 frames, 1 clips
        Second 3110/3911 - 25 frames, 1 clips
        Second 3120/3911 - 25 frames, 1 clips
        Second 3130/3911 - 25 frames, 1 clips
        Second 3140/3911 - 25 frames, 1 clips
        Second 3150/3911 - 25 frames, 1 clips
        Second 3160/3911 - 25 frames, 1 clips
        Second 3170/3911 - 25 frames, 1 clips
        Second 3180/3911 - 25 frames, 1 clips
        Second 3190/3911 - 25 frames, 1 clips
        Second 3200/3911 - 25 frames, 1 clips
        Second 3210/3911 - 25 frames, 1 clips
        Second 3220/3911 - 25 frames, 1 clips
        Second 3230/3911 - 25 frames, 1 clips
        Second 3240/3911 - 25 frames, 1 clips
        Second 3250/3911 - 25 frames, 1 clips
        Second 3260/3911 - 25 frames, 1 clips
        Second 3270/3911 - 25 frames, 1 clips
        Second 3280/3911 - 25 frames, 1 clips
        Second 3290/3911 - 25 frames, 1 clips
        Second 3300/3911 - 25 frames, 1 clips
        Second 3310/3911 - 25 frames, 1 clips
        Second 3320/3911 - 25 frames, 1 clips
        Second 3330/3911 - 25 frames, 1 clips
        Second 3340/3911 - 25 frames, 1 clips
        Second 3350/3911 - 25 frames, 1 clips
        Second 3360/3911 - 25 frames, 1 clips
        Second 3370/3911 - 25 frames, 1 clips
        Second 3380/3911 - 25 frames, 1 clips
        Second 3390/3911 - 25 frames, 1 clips
        Second 3400/3911 - 25 frames, 1 clips
        Second 3410/3911 - 25 frames, 1 clips
        Second 3420/3911 - 25 frames, 1 clips
        Second 3430/3911 - 25 frames, 1 clips
        Second 3440/3911 - 25 frames, 1 clips
        Second 3450/3911 - 25 frames, 1 clips
        Second 3460/3911 - 25 frames, 1 clips
        Second 3470/3911 - 25 frames, 1 clips
        Second 3480/3911 - 25 frames, 1 clips
        Second 3490/3911 - 25 frames, 1 clips
        Second 3500/3911 - 25 frames, 1 clips
        Second 3510/3911 - 25 frames, 1 clips
        Second 3520/3911 - 25 frames, 1 clips
        Second 3530/3911 - 25 frames, 1 clips
        Second 3540/3911 - 25 frames, 1 clips
        Second 3550/3911 - 25 frames, 1 clips
        Second 3560/3911 - 25 frames, 1 clips
        Second 3570/3911 - 25 frames, 1 clips
        Second 3580/3911 - 25 frames, 1 clips
        Second 3590/3911 - 25 frames, 1 clips
        Second 3600/3911 - 25 frames, 1 clips
        Second 3610/3911 - 25 frames, 1 clips
        Second 3620/3911 - 25 frames, 1 clips
        Second 3630/3911 - 25 frames, 1 clips
        Second 3640/3911 - 25 frames, 1 clips
        Second 3650/3911 - 25 frames, 1 clips
        Second 3660/3911 - 25 frames, 1 clips
        Second 3670/3911 - 25 frames, 1 clips
        Second 3680/3911 - 25 frames, 1 clips
        Second 3690/3911 - 25 frames, 1 clips
        Second 3700/3911 - 25 frames, 1 clips
        Second 3710/3911 - 25 frames, 1 clips
        Second 3720/3911 - 25 frames, 1 clips
        Second 3730/3911 - 25 frames, 1 clips
        Second 3740/3911 - 25 frames, 1 clips
        Second 3750/3911 - 25 frames, 1 clips
        Second 3760/3911 - 25 frames, 1 clips
        Second 3770/3911 - 25 frames, 1 clips
        Second 3780/3911 - 25 frames, 1 clips
        Second 3790/3911 - 25 frames, 1 clips
        Second 3800/3911 - 25 frames, 1 clips
        Second 3810/3911 - 25 frames, 1 clips
        Second 3820/3911 - 25 frames, 1 clips
        Second 3830/3911 - 25 frames, 1 clips
        Second 3840/3911 - 25 frames, 1 clips
        Second 3850/3911 - 25 frames, 1 clips
        Second 3860/3911 - 25 frames, 1 clips
        Second 3870/3911 - 25 frames, 1 clips
        Second 3880/3911 - 25 frames, 1 clips
        Second 3890/3911 - 25 frames, 1 clips
        Second 3900/3911 - 25 frames, 1 clips
        Second 3910/3911 - 18 frames (padded to 25)
      ───────────────────────────────────────────────────────
      FEATURE EXTRACTION COMPLETE
      ───────────────────────────────────────────────────────
      Final features shape: (3911, 1024)
      Features per second: 3911
      Feature dimension: 1024
      ═══════════════════════════════════════════════════════

[ID17]   Features extracted: (3911, 1024)
[ID17] Step 2/4: Converting to binary labels and removing unwanted classes...
[ID17]   Number of seconds: 3911
      CSV columns: ['start_time', 'end_time', 'licking', 'shaking']
      CSV shape: (3840, 4)
      Video seconds: 3911
      Total rows in CSV: 3840
      Valid rows (within video duration): 3840
      Rows kept after removing shaking: 3822
[ID17]   Original seconds: 3911
[ID17]   After removing shaking/licking_shaking: 3822
[ID17] Step 3/4: Balancing classes...
      Before balancing:
        Background: 3150 samples
        Licking: 672 samples
        Ratio: 4.69:1
      After balancing:
        Background: 672 samples
        Licking: 672 samples
        Total: 1344 samples
[ID17] Step 4/4: Saving processed data...
[ID17]   Saved features: /data-8tb/nvaci/dataset/dataset_Stanford/FACT_method/preprocessed_data_2class_originalFPS/features/ID17.npy
[ID17]     Shape: (1344, 1024)
[ID17]     Size: 5.25 MB
[ID17]   Final label distribution:
[ID17]     - background: 672 seconds (50.0%)
[ID17]     - licking: 672 seconds (50.0%)
[ID17]   Saved labels: /data-8tb/nvaci/dataset/dataset_Stanford/FACT_method/preprocessed_data_2class_originalFPS/groundTruth/ID17.txt
[ID17] SUCCESS - Video processed successfully


================================================================================
Processing video 18/32: ID18
================================================================================
[ID18] Found label file: 25-021_ID18.csv
[ID18] Step 1/4: Extracting features (per second)...
      Opening video file...

      ═══════════════════════════════════════════════════════
      VIDEO PROPERTIES
      ═══════════════════════════════════════════════════════
      FPS detected: 25.00
      Clip length (auto): 25 frames
      Total frames: 97017
      Duration: 3880.68 seconds
      Expected seconds: 3881
      Frames per second: ~25.0
      ═══════════════════════════════════════════════════════

      Using ORIGINAL FPS with per-second aggregation
      Aggregation method: mean
      ───────────────────────────────────────────────────────
      READING ALL FRAMES FROM VIDEO
      ───────────────────────────────────────────────────────
      Progress: 500/97017 frames (0.5%)
      Progress: 1000/97017 frames (1.0%)
      Progress: 1500/97017 frames (1.5%)
      Progress: 2000/97017 frames (2.1%)
      Progress: 2500/97017 frames (2.6%)
      Progress: 3000/97017 frames (3.1%)
      Progress: 3500/97017 frames (3.6%)
      Progress: 4000/97017 frames (4.1%)
      Progress: 4500/97017 frames (4.6%)
      Progress: 5000/97017 frames (5.2%)
      Progress: 5500/97017 frames (5.7%)
      Progress: 6000/97017 frames (6.2%)
      Progress: 6500/97017 frames (6.7%)
      Progress: 7000/97017 frames (7.2%)
      Progress: 7500/97017 frames (7.7%)
      Progress: 8000/97017 frames (8.2%)
      Progress: 8500/97017 frames (8.8%)
      Progress: 9000/97017 frames (9.3%)
      Progress: 9500/97017 frames (9.8%)
      Progress: 10000/97017 frames (10.3%)
      Progress: 10500/97017 frames (10.8%)
      Progress: 11000/97017 frames (11.3%)
      Progress: 11500/97017 frames (11.9%)
      Progress: 12000/97017 frames (12.4%)
      Progress: 12500/97017 frames (12.9%)
      Progress: 13000/97017 frames (13.4%)
      Progress: 13500/97017 frames (13.9%)
      Progress: 14000/97017 frames (14.4%)
      Progress: 14500/97017 frames (14.9%)
      Progress: 15000/97017 frames (15.5%)
      Progress: 15500/97017 frames (16.0%)
      Progress: 16000/97017 frames (16.5%)
      Progress: 16500/97017 frames (17.0%)
      Progress: 17000/97017 frames (17.5%)
      Progress: 17500/97017 frames (18.0%)
      Progress: 18000/97017 frames (18.6%)
      Progress: 18500/97017 frames (19.1%)
      Progress: 19000/97017 frames (19.6%)
      Progress: 19500/97017 frames (20.1%)
      Progress: 20000/97017 frames (20.6%)
      Progress: 20500/97017 frames (21.1%)
      Progress: 21000/97017 frames (21.6%)
      Progress: 21500/97017 frames (22.2%)
      Progress: 22000/97017 frames (22.7%)
      Progress: 22500/97017 frames (23.2%)
      Progress: 23000/97017 frames (23.7%)
      Progress: 23500/97017 frames (24.2%)
      Progress: 24000/97017 frames (24.7%)
      Progress: 24500/97017 frames (25.3%)
      Progress: 25000/97017 frames (25.8%)
      Progress: 25500/97017 frames (26.3%)
      Progress: 26000/97017 frames (26.8%)
      Progress: 26500/97017 frames (27.3%)
      Progress: 27000/97017 frames (27.8%)
      Progress: 27500/97017 frames (28.3%)
      Progress: 28000/97017 frames (28.9%)
      Progress: 28500/97017 frames (29.4%)
      Progress: 29000/97017 frames (29.9%)
      Progress: 29500/97017 frames (30.4%)
      Progress: 30000/97017 frames (30.9%)
      Progress: 30500/97017 frames (31.4%)
      Progress: 31000/97017 frames (32.0%)
      Progress: 31500/97017 frames (32.5%)
      Progress: 32000/97017 frames (33.0%)
      Progress: 32500/97017 frames (33.5%)
      Progress: 33000/97017 frames (34.0%)
      Progress: 33500/97017 frames (34.5%)
      Progress: 34000/97017 frames (35.0%)
      Progress: 34500/97017 frames (35.6%)
      Progress: 35000/97017 frames (36.1%)
      Progress: 35500/97017 frames (36.6%)
      Progress: 36000/97017 frames (37.1%)
      Progress: 36500/97017 frames (37.6%)
      Progress: 37000/97017 frames (38.1%)
      Progress: 37500/97017 frames (38.7%)
      Progress: 38000/97017 frames (39.2%)
      Progress: 38500/97017 frames (39.7%)
      Progress: 39000/97017 frames (40.2%)
      Progress: 39500/97017 frames (40.7%)
      Progress: 40000/97017 frames (41.2%)
      Progress: 40500/97017 frames (41.7%)
      Progress: 41000/97017 frames (42.3%)
      Progress: 41500/97017 frames (42.8%)
      Progress: 42000/97017 frames (43.3%)
      Progress: 42500/97017 frames (43.8%)
      Progress: 43000/97017 frames (44.3%)
      Progress: 43500/97017 frames (44.8%)
      Progress: 44000/97017 frames (45.4%)
      Progress: 44500/97017 frames (45.9%)
      Progress: 45000/97017 frames (46.4%)
      Progress: 45500/97017 frames (46.9%)
      Progress: 46000/97017 frames (47.4%)
      Progress: 46500/97017 frames (47.9%)
      Progress: 47000/97017 frames (48.4%)
      Progress: 47500/97017 frames (49.0%)
      Progress: 48000/97017 frames (49.5%)
      Progress: 48500/97017 frames (50.0%)
      Progress: 49000/97017 frames (50.5%)
      Progress: 49500/97017 frames (51.0%)
      Progress: 50000/97017 frames (51.5%)
      Progress: 50500/97017 frames (52.1%)
      Progress: 51000/97017 frames (52.6%)
      Progress: 51500/97017 frames (53.1%)
      Progress: 52000/97017 frames (53.6%)
      Progress: 52500/97017 frames (54.1%)
      Progress: 53000/97017 frames (54.6%)
      Progress: 53500/97017 frames (55.1%)
      Progress: 54000/97017 frames (55.7%)
      Progress: 54500/97017 frames (56.2%)
      Progress: 55000/97017 frames (56.7%)
      Progress: 55500/97017 frames (57.2%)
      Progress: 56000/97017 frames (57.7%)
      Progress: 56500/97017 frames (58.2%)
      Progress: 57000/97017 frames (58.8%)
      Progress: 57500/97017 frames (59.3%)
      Progress: 58000/97017 frames (59.8%)
      Progress: 58500/97017 frames (60.3%)
      Progress: 59000/97017 frames (60.8%)
      Progress: 59500/97017 frames (61.3%)
      Progress: 60000/97017 frames (61.8%)
      Progress: 60500/97017 frames (62.4%)
      Progress: 61000/97017 frames (62.9%)
      Progress: 61500/97017 frames (63.4%)
      Progress: 62000/97017 frames (63.9%)
      Progress: 62500/97017 frames (64.4%)
      Progress: 63000/97017 frames (64.9%)
      Progress: 63500/97017 frames (65.5%)
      Progress: 64000/97017 frames (66.0%)
      Progress: 64500/97017 frames (66.5%)
      Progress: 65000/97017 frames (67.0%)
      Progress: 65500/97017 frames (67.5%)
      Progress: 66000/97017 frames (68.0%)
      Progress: 66500/97017 frames (68.5%)
      Progress: 67000/97017 frames (69.1%)
      Progress: 67500/97017 frames (69.6%)
      Progress: 68000/97017 frames (70.1%)
      Progress: 68500/97017 frames (70.6%)
      Progress: 69000/97017 frames (71.1%)
      Progress: 69500/97017 frames (71.6%)
      Progress: 70000/97017 frames (72.2%)
      Progress: 70500/97017 frames (72.7%)
      Progress: 71000/97017 frames (73.2%)
      Progress: 71500/97017 frames (73.7%)
      Progress: 72000/97017 frames (74.2%)
      Progress: 72500/97017 frames (74.7%)
      Progress: 73000/97017 frames (75.2%)
      Progress: 73500/97017 frames (75.8%)
      Progress: 74000/97017 frames (76.3%)
      Progress: 74500/97017 frames (76.8%)
      Progress: 75000/97017 frames (77.3%)
      Progress: 75500/97017 frames (77.8%)
      Progress: 76000/97017 frames (78.3%)
      Progress: 76500/97017 frames (78.9%)
      Progress: 77000/97017 frames (79.4%)
      Progress: 77500/97017 frames (79.9%)
      Progress: 78000/97017 frames (80.4%)
      Progress: 78500/97017 frames (80.9%)
      Progress: 79000/97017 frames (81.4%)
      Progress: 79500/97017 frames (81.9%)
      Progress: 80000/97017 frames (82.5%)
      Progress: 80500/97017 frames (83.0%)
      Progress: 81000/97017 frames (83.5%)
      Progress: 81500/97017 frames (84.0%)
      Progress: 82000/97017 frames (84.5%)
      Progress: 82500/97017 frames (85.0%)
      Progress: 83000/97017 frames (85.6%)
      Progress: 83500/97017 frames (86.1%)
      Progress: 84000/97017 frames (86.6%)
      Progress: 84500/97017 frames (87.1%)
      Progress: 85000/97017 frames (87.6%)
      Progress: 85500/97017 frames (88.1%)
      Progress: 86000/97017 frames (88.6%)
      Progress: 86500/97017 frames (89.2%)
      Progress: 87000/97017 frames (89.7%)
      Progress: 87500/97017 frames (90.2%)
      Progress: 88000/97017 frames (90.7%)
      Progress: 88500/97017 frames (91.2%)
      Progress: 89000/97017 frames (91.7%)
      Progress: 89500/97017 frames (92.3%)
      Progress: 90000/97017 frames (92.8%)
      Progress: 90500/97017 frames (93.3%)
      Progress: 91000/97017 frames (93.8%)
      Progress: 91500/97017 frames (94.3%)
      Progress: 92000/97017 frames (94.8%)
      Progress: 92500/97017 frames (95.3%)
      Progress: 93000/97017 frames (95.9%)
      Progress: 93500/97017 frames (96.4%)
      Progress: 94000/97017 frames (96.9%)
      Progress: 94500/97017 frames (97.4%)
      Progress: 95000/97017 frames (97.9%)
      Progress: 95500/97017 frames (98.4%)
      Progress: 96000/97017 frames (99.0%)
      Progress: 96500/97017 frames (99.5%)
      ───────────────────────────────────────────────────────
      FRAME READING COMPLETE
      ───────────────────────────────────────────────────────
      Expected frames: 97017
      Frames read: 96793
      Frames missing: 224
      WARNING: 224 frames could not be read!
      ───────────────────────────────────────────────────────

      FRAMES DISTRIBUTION BY SECOND:
        Second   0:  25 frames
        Second   1:  25 frames
        Second   2:  25 frames
        Second   3:  25 frames
        Second   4:  25 frames
        Second   5:  25 frames
        Second   6:  25 frames
        Second   7:  25 frames
        Second   8:  25 frames
        Second   9:  25 frames
        ... (3871 more seconds)
      
      Frame statistics:
        Average frames/second: 24.9
        Min frames/second: 0
        Max frames/second: 25
      
      ───────────────────────────────────────────────────────
      EXTRACTING FEATURES PER SECOND
      ───────────────────────────────────────────────────────
      Total seconds to process: 3881
        Second 10/3881 - 25 frames, 1 clips
        Second 20/3881 - 25 frames, 1 clips
        Second 30/3881 - 25 frames, 1 clips
        Second 40/3881 - 25 frames, 1 clips
        Second 50/3881 - 25 frames, 1 clips
        Second 60/3881 - 25 frames, 1 clips
        Second 70/3881 - 25 frames, 1 clips
        Second 80/3881 - 25 frames, 1 clips
        Second 90/3881 - 25 frames, 1 clips
        Second 100/3881 - 25 frames, 1 clips
        Second 110/3881 - 25 frames, 1 clips
        Second 120/3881 - 25 frames, 1 clips
        Second 130/3881 - 25 frames, 1 clips
        Second 140/3881 - 25 frames, 1 clips
        Second 150/3881 - 25 frames, 1 clips
        Second 160/3881 - 25 frames, 1 clips
        Second 170/3881 - 25 frames, 1 clips
        Second 180/3881 - 25 frames, 1 clips
        Second 190/3881 - 25 frames, 1 clips
        Second 200/3881 - 25 frames, 1 clips
        Second 210/3881 - 25 frames, 1 clips
        Second 220/3881 - 25 frames, 1 clips
        Second 230/3881 - 25 frames, 1 clips
        Second 240/3881 - 25 frames, 1 clips
        Second 250/3881 - 25 frames, 1 clips
        Second 260/3881 - 25 frames, 1 clips
        Second 270/3881 - 25 frames, 1 clips
        Second 280/3881 - 25 frames, 1 clips
        Second 290/3881 - 25 frames, 1 clips
        Second 300/3881 - 25 frames, 1 clips
        Second 310/3881 - 25 frames, 1 clips
        Second 320/3881 - 25 frames, 1 clips
        Second 330/3881 - 25 frames, 1 clips
        Second 340/3881 - 25 frames, 1 clips
        Second 350/3881 - 25 frames, 1 clips
        Second 360/3881 - 25 frames, 1 clips
        Second 370/3881 - 25 frames, 1 clips
        Second 380/3881 - 25 frames, 1 clips
        Second 390/3881 - 25 frames, 1 clips
        Second 400/3881 - 25 frames, 1 clips
        Second 410/3881 - 25 frames, 1 clips
        Second 420/3881 - 25 frames, 1 clips
        Second 430/3881 - 25 frames, 1 clips
        Second 440/3881 - 25 frames, 1 clips
        Second 450/3881 - 25 frames, 1 clips
        Second 460/3881 - 25 frames, 1 clips
        Second 470/3881 - 25 frames, 1 clips
        Second 480/3881 - 25 frames, 1 clips
        Second 490/3881 - 25 frames, 1 clips
        Second 500/3881 - 25 frames, 1 clips
        Second 510/3881 - 25 frames, 1 clips
        Second 520/3881 - 25 frames, 1 clips
        Second 530/3881 - 25 frames, 1 clips
        Second 540/3881 - 25 frames, 1 clips
        Second 550/3881 - 25 frames, 1 clips
        Second 560/3881 - 25 frames, 1 clips
        Second 570/3881 - 25 frames, 1 clips
        Second 580/3881 - 25 frames, 1 clips
        Second 590/3881 - 25 frames, 1 clips
        Second 600/3881 - 25 frames, 1 clips
        Second 610/3881 - 25 frames, 1 clips
        Second 620/3881 - 25 frames, 1 clips
        Second 630/3881 - 25 frames, 1 clips
        Second 640/3881 - 25 frames, 1 clips
        Second 650/3881 - 25 frames, 1 clips
        Second 660/3881 - 25 frames, 1 clips
        Second 670/3881 - 25 frames, 1 clips
        Second 680/3881 - 25 frames, 1 clips
        Second 690/3881 - 25 frames, 1 clips
        Second 700/3881 - 25 frames, 1 clips
        Second 710/3881 - 25 frames, 1 clips
        Second 720/3881 - 25 frames, 1 clips
        Second 730/3881 - 25 frames, 1 clips
        Second 740/3881 - 25 frames, 1 clips
        Second 750/3881 - 25 frames, 1 clips
        Second 760/3881 - 25 frames, 1 clips
        Second 770/3881 - 25 frames, 1 clips
        Second 780/3881 - 25 frames, 1 clips
        Second 790/3881 - 25 frames, 1 clips
        Second 800/3881 - 25 frames, 1 clips
        Second 810/3881 - 25 frames, 1 clips
        Second 820/3881 - 25 frames, 1 clips
        Second 830/3881 - 25 frames, 1 clips
        Second 840/3881 - 25 frames, 1 clips
        Second 850/3881 - 25 frames, 1 clips
        Second 860/3881 - 25 frames, 1 clips
        Second 870/3881 - 25 frames, 1 clips
        Second 880/3881 - 25 frames, 1 clips
        Second 890/3881 - 25 frames, 1 clips
        Second 900/3881 - 25 frames, 1 clips
        Second 910/3881 - 25 frames, 1 clips
        Second 920/3881 - 25 frames, 1 clips
        Second 930/3881 - 25 frames, 1 clips
        Second 940/3881 - 25 frames, 1 clips
        Second 950/3881 - 25 frames, 1 clips
        Second 960/3881 - 25 frames, 1 clips
        Second 970/3881 - 25 frames, 1 clips
        Second 980/3881 - 25 frames, 1 clips
        Second 990/3881 - 25 frames, 1 clips
        Second 1000/3881 - 25 frames, 1 clips
        Second 1010/3881 - 25 frames, 1 clips
        Second 1020/3881 - 25 frames, 1 clips
        Second 1030/3881 - 25 frames, 1 clips
        Second 1040/3881 - 25 frames, 1 clips
        Second 1050/3881 - 25 frames, 1 clips
        Second 1060/3881 - 25 frames, 1 clips
        Second 1070/3881 - 25 frames, 1 clips
        Second 1080/3881 - 25 frames, 1 clips
        Second 1090/3881 - 25 frames, 1 clips
        Second 1100/3881 - 25 frames, 1 clips
        Second 1110/3881 - 25 frames, 1 clips
        Second 1120/3881 - 25 frames, 1 clips
        Second 1130/3881 - 25 frames, 1 clips
        Second 1140/3881 - 25 frames, 1 clips
        Second 1150/3881 - 25 frames, 1 clips
        Second 1160/3881 - 25 frames, 1 clips
        Second 1170/3881 - 25 frames, 1 clips
        Second 1180/3881 - 25 frames, 1 clips
        Second 1190/3881 - 25 frames, 1 clips
        Second 1200/3881 - 25 frames, 1 clips
        Second 1210/3881 - 25 frames, 1 clips
        Second 1220/3881 - 25 frames, 1 clips
        Second 1230/3881 - 25 frames, 1 clips
        Second 1240/3881 - 25 frames, 1 clips
        Second 1250/3881 - 25 frames, 1 clips
        Second 1260/3881 - 25 frames, 1 clips
        Second 1270/3881 - 25 frames, 1 clips
        Second 1280/3881 - 25 frames, 1 clips
        Second 1290/3881 - 25 frames, 1 clips
        Second 1300/3881 - 25 frames, 1 clips
        Second 1310/3881 - 25 frames, 1 clips
        Second 1320/3881 - 25 frames, 1 clips
        Second 1330/3881 - 25 frames, 1 clips
        Second 1340/3881 - 25 frames, 1 clips
        Second 1350/3881 - 25 frames, 1 clips
        Second 1360/3881 - 25 frames, 1 clips
        Second 1370/3881 - 25 frames, 1 clips
        Second 1380/3881 - 25 frames, 1 clips
        Second 1390/3881 - 25 frames, 1 clips
        Second 1400/3881 - 25 frames, 1 clips
        Second 1410/3881 - 25 frames, 1 clips
        Second 1420/3881 - 25 frames, 1 clips
        Second 1430/3881 - 25 frames, 1 clips
        Second 1440/3881 - 25 frames, 1 clips
        Second 1450/3881 - 25 frames, 1 clips
        Second 1460/3881 - 25 frames, 1 clips
        Second 1470/3881 - 25 frames, 1 clips
        Second 1480/3881 - 25 frames, 1 clips
        Second 1490/3881 - 25 frames, 1 clips
        Second 1500/3881 - 25 frames, 1 clips
        Second 1510/3881 - 25 frames, 1 clips
        Second 1520/3881 - 25 frames, 1 clips
        Second 1530/3881 - 25 frames, 1 clips
        Second 1540/3881 - 25 frames, 1 clips
        Second 1550/3881 - 25 frames, 1 clips
        Second 1560/3881 - 25 frames, 1 clips
        Second 1570/3881 - 25 frames, 1 clips
        Second 1580/3881 - 25 frames, 1 clips
        Second 1590/3881 - 25 frames, 1 clips
        Second 1600/3881 - 25 frames, 1 clips
        Second 1610/3881 - 25 frames, 1 clips
        Second 1620/3881 - 25 frames, 1 clips
        Second 1630/3881 - 25 frames, 1 clips
        Second 1640/3881 - 25 frames, 1 clips
        Second 1650/3881 - 25 frames, 1 clips
        Second 1660/3881 - 25 frames, 1 clips
        Second 1670/3881 - 25 frames, 1 clips
        Second 1680/3881 - 25 frames, 1 clips
        Second 1690/3881 - 25 frames, 1 clips
        Second 1700/3881 - 25 frames, 1 clips
        Second 1710/3881 - 25 frames, 1 clips
        Second 1720/3881 - 25 frames, 1 clips
        Second 1730/3881 - 25 frames, 1 clips
        Second 1740/3881 - 25 frames, 1 clips
        Second 1750/3881 - 25 frames, 1 clips
        Second 1760/3881 - 25 frames, 1 clips
        Second 1770/3881 - 25 frames, 1 clips
        Second 1780/3881 - 25 frames, 1 clips
        Second 1790/3881 - 25 frames, 1 clips
        Second 1800/3881 - 25 frames, 1 clips
        Second 1810/3881 - 25 frames, 1 clips
        Second 1820/3881 - 25 frames, 1 clips
        Second 1830/3881 - 25 frames, 1 clips
        Second 1840/3881 - 25 frames, 1 clips
        Second 1850/3881 - 25 frames, 1 clips
        Second 1860/3881 - 25 frames, 1 clips
        Second 1870/3881 - 25 frames, 1 clips
        Second 1880/3881 - 25 frames, 1 clips
        Second 1890/3881 - 25 frames, 1 clips
        Second 1900/3881 - 25 frames, 1 clips
        Second 1910/3881 - 25 frames, 1 clips
        Second 1920/3881 - 25 frames, 1 clips
        Second 1930/3881 - 25 frames, 1 clips
        Second 1940/3881 - 25 frames, 1 clips
        Second 1950/3881 - 25 frames, 1 clips
        Second 1960/3881 - 25 frames, 1 clips
        Second 1970/3881 - 25 frames, 1 clips
        Second 1980/3881 - 25 frames, 1 clips
        Second 1990/3881 - 25 frames, 1 clips
        Second 2000/3881 - 25 frames, 1 clips
        Second 2010/3881 - 25 frames, 1 clips
        Second 2020/3881 - 25 frames, 1 clips
        Second 2030/3881 - 25 frames, 1 clips
        Second 2040/3881 - 25 frames, 1 clips
        Second 2050/3881 - 25 frames, 1 clips
        Second 2060/3881 - 25 frames, 1 clips
        Second 2070/3881 - 25 frames, 1 clips
        Second 2080/3881 - 25 frames, 1 clips
        Second 2090/3881 - 25 frames, 1 clips
        Second 2100/3881 - 25 frames, 1 clips
        Second 2110/3881 - 25 frames, 1 clips
        Second 2120/3881 - 25 frames, 1 clips
        Second 2130/3881 - 25 frames, 1 clips
        Second 2140/3881 - 25 frames, 1 clips
        Second 2150/3881 - 25 frames, 1 clips
        Second 2160/3881 - 25 frames, 1 clips
        Second 2170/3881 - 25 frames, 1 clips
        Second 2180/3881 - 25 frames, 1 clips
        Second 2190/3881 - 25 frames, 1 clips
        Second 2200/3881 - 25 frames, 1 clips
        Second 2210/3881 - 25 frames, 1 clips
        Second 2220/3881 - 25 frames, 1 clips
        Second 2230/3881 - 25 frames, 1 clips
        Second 2240/3881 - 25 frames, 1 clips
        Second 2250/3881 - 25 frames, 1 clips
        Second 2260/3881 - 25 frames, 1 clips
        Second 2270/3881 - 25 frames, 1 clips
        Second 2280/3881 - 25 frames, 1 clips
        Second 2290/3881 - 25 frames, 1 clips
        Second 2300/3881 - 25 frames, 1 clips
        Second 2310/3881 - 25 frames, 1 clips
        Second 2320/3881 - 25 frames, 1 clips
        Second 2330/3881 - 25 frames, 1 clips
        Second 2340/3881 - 25 frames, 1 clips
        Second 2350/3881 - 25 frames, 1 clips
        Second 2360/3881 - 25 frames, 1 clips
        Second 2370/3881 - 25 frames, 1 clips
        Second 2380/3881 - 25 frames, 1 clips
        Second 2390/3881 - 25 frames, 1 clips
        Second 2400/3881 - 25 frames, 1 clips
        Second 2410/3881 - 25 frames, 1 clips
        Second 2420/3881 - 25 frames, 1 clips
        Second 2430/3881 - 25 frames, 1 clips
        Second 2440/3881 - 25 frames, 1 clips
        Second 2450/3881 - 25 frames, 1 clips
        Second 2460/3881 - 25 frames, 1 clips
        Second 2470/3881 - 25 frames, 1 clips
        Second 2480/3881 - 25 frames, 1 clips
        Second 2490/3881 - 25 frames, 1 clips
        Second 2500/3881 - 25 frames, 1 clips
        Second 2510/3881 - 25 frames, 1 clips
        Second 2520/3881 - 25 frames, 1 clips
        Second 2530/3881 - 25 frames, 1 clips
        Second 2540/3881 - 25 frames, 1 clips
        Second 2550/3881 - 25 frames, 1 clips
        Second 2560/3881 - 25 frames, 1 clips
        Second 2570/3881 - 25 frames, 1 clips
        Second 2580/3881 - 25 frames, 1 clips
        Second 2590/3881 - 25 frames, 1 clips
        Second 2600/3881 - 25 frames, 1 clips
        Second 2610/3881 - 25 frames, 1 clips
        Second 2620/3881 - 25 frames, 1 clips
        Second 2630/3881 - 25 frames, 1 clips
        Second 2640/3881 - 25 frames, 1 clips
        Second 2650/3881 - 25 frames, 1 clips
        Second 2660/3881 - 25 frames, 1 clips
        Second 2670/3881 - 25 frames, 1 clips
        Second 2680/3881 - 25 frames, 1 clips
        Second 2690/3881 - 25 frames, 1 clips
        Second 2700/3881 - 25 frames, 1 clips
        Second 2710/3881 - 25 frames, 1 clips
        Second 2720/3881 - 25 frames, 1 clips
        Second 2730/3881 - 25 frames, 1 clips
        Second 2740/3881 - 25 frames, 1 clips
        Second 2750/3881 - 25 frames, 1 clips
        Second 2760/3881 - 25 frames, 1 clips
        Second 2770/3881 - 25 frames, 1 clips
        Second 2780/3881 - 25 frames, 1 clips
        Second 2790/3881 - 25 frames, 1 clips
        Second 2800/3881 - 25 frames, 1 clips
        Second 2810/3881 - 25 frames, 1 clips
        Second 2820/3881 - 25 frames, 1 clips
        Second 2830/3881 - 25 frames, 1 clips
        Second 2840/3881 - 25 frames, 1 clips
        Second 2850/3881 - 25 frames, 1 clips
        Second 2860/3881 - 25 frames, 1 clips
        Second 2870/3881 - 25 frames, 1 clips
        Second 2880/3881 - 25 frames, 1 clips
        Second 2890/3881 - 25 frames, 1 clips
        Second 2900/3881 - 25 frames, 1 clips
        Second 2910/3881 - 25 frames, 1 clips
        Second 2920/3881 - 25 frames, 1 clips
        Second 2930/3881 - 25 frames, 1 clips
        Second 2940/3881 - 25 frames, 1 clips
        Second 2950/3881 - 25 frames, 1 clips
        Second 2960/3881 - 25 frames, 1 clips
        Second 2970/3881 - 25 frames, 1 clips
        Second 2980/3881 - 25 frames, 1 clips
        Second 2990/3881 - 25 frames, 1 clips
        Second 3000/3881 - 25 frames, 1 clips
        Second 3010/3881 - 25 frames, 1 clips
        Second 3020/3881 - 25 frames, 1 clips
        Second 3030/3881 - 25 frames, 1 clips
        Second 3040/3881 - 25 frames, 1 clips
        Second 3050/3881 - 25 frames, 1 clips
        Second 3060/3881 - 25 frames, 1 clips
        Second 3070/3881 - 25 frames, 1 clips
        Second 3080/3881 - 25 frames, 1 clips
        Second 3090/3881 - 25 frames, 1 clips
        Second 3100/3881 - 25 frames, 1 clips
        Second 3110/3881 - 25 frames, 1 clips
        Second 3120/3881 - 25 frames, 1 clips
        Second 3130/3881 - 25 frames, 1 clips
        Second 3140/3881 - 25 frames, 1 clips
        Second 3150/3881 - 25 frames, 1 clips
        Second 3160/3881 - 25 frames, 1 clips
        Second 3170/3881 - 25 frames, 1 clips
        Second 3180/3881 - 25 frames, 1 clips
        Second 3190/3881 - 25 frames, 1 clips
        Second 3200/3881 - 25 frames, 1 clips
        Second 3210/3881 - 25 frames, 1 clips
        Second 3220/3881 - 25 frames, 1 clips
        Second 3230/3881 - 25 frames, 1 clips
        Second 3240/3881 - 25 frames, 1 clips
        Second 3250/3881 - 25 frames, 1 clips
        Second 3260/3881 - 25 frames, 1 clips
        Second 3270/3881 - 25 frames, 1 clips
        Second 3280/3881 - 25 frames, 1 clips
        Second 3290/3881 - 25 frames, 1 clips
        Second 3300/3881 - 25 frames, 1 clips
        Second 3310/3881 - 25 frames, 1 clips
        Second 3320/3881 - 25 frames, 1 clips
        Second 3330/3881 - 25 frames, 1 clips
        Second 3340/3881 - 25 frames, 1 clips
        Second 3350/3881 - 25 frames, 1 clips
        Second 3360/3881 - 25 frames, 1 clips
        Second 3370/3881 - 25 frames, 1 clips
        Second 3380/3881 - 25 frames, 1 clips
        Second 3390/3881 - 25 frames, 1 clips
        Second 3400/3881 - 25 frames, 1 clips
        Second 3410/3881 - 25 frames, 1 clips
        Second 3420/3881 - 25 frames, 1 clips
        Second 3430/3881 - 25 frames, 1 clips
        Second 3440/3881 - 25 frames, 1 clips
        Second 3450/3881 - 25 frames, 1 clips
        Second 3460/3881 - 25 frames, 1 clips
        Second 3470/3881 - 25 frames, 1 clips
        Second 3480/3881 - 25 frames, 1 clips
        Second 3490/3881 - 25 frames, 1 clips
        Second 3500/3881 - 25 frames, 1 clips
        Second 3510/3881 - 25 frames, 1 clips
        Second 3520/3881 - 25 frames, 1 clips
        Second 3530/3881 - 25 frames, 1 clips
        Second 3540/3881 - 25 frames, 1 clips
        Second 3550/3881 - 25 frames, 1 clips
        Second 3560/3881 - 25 frames, 1 clips
        Second 3570/3881 - 25 frames, 1 clips
        Second 3580/3881 - 25 frames, 1 clips
        Second 3590/3881 - 25 frames, 1 clips
        Second 3600/3881 - 25 frames, 1 clips
        Second 3610/3881 - 25 frames, 1 clips
        Second 3620/3881 - 25 frames, 1 clips
        Second 3630/3881 - 25 frames, 1 clips
        Second 3640/3881 - 25 frames, 1 clips
        Second 3650/3881 - 25 frames, 1 clips
        Second 3660/3881 - 25 frames, 1 clips
        Second 3670/3881 - 25 frames, 1 clips
        Second 3680/3881 - 25 frames, 1 clips
        Second 3690/3881 - 25 frames, 1 clips
        Second 3700/3881 - 25 frames, 1 clips
        Second 3710/3881 - 25 frames, 1 clips
        Second 3720/3881 - 25 frames, 1 clips
        Second 3730/3881 - 25 frames, 1 clips
        Second 3740/3881 - 25 frames, 1 clips
        Second 3750/3881 - 25 frames, 1 clips
        Second 3760/3881 - 25 frames, 1 clips
        Second 3770/3881 - 25 frames, 1 clips
        Second 3780/3881 - 25 frames, 1 clips
        Second 3790/3881 - 25 frames, 1 clips
        Second 3800/3881 - 25 frames, 1 clips
        Second 3810/3881 - 25 frames, 1 clips
        Second 3820/3881 - 25 frames, 1 clips
        Second 3830/3881 - 25 frames, 1 clips
        Second 3840/3881 - 25 frames, 1 clips
        Second 3850/3881 - 25 frames, 1 clips
        Second 3860/3881 - 25 frames, 1 clips
        Second 3870/3881 - 25 frames, 1 clips
        Second 3880/3881 - NO FRAMES (zero feature)
      ───────────────────────────────────────────────────────
      FEATURE EXTRACTION COMPLETE
      ───────────────────────────────────────────────────────
      Final features shape: (3881, 1024)
      Features per second: 3881
      Feature dimension: 1024
      ═══════════════════════════════════════════════════════

[ID18]   Features extracted: (3881, 1024)
[ID18] Step 2/4: Converting to binary labels and removing unwanted classes...
[ID18]   Number of seconds: 3881
      CSV columns: ['start_time', 'end_time', 'licking', 'shaking']
      CSV shape: (3840, 4)
      Video seconds: 3881
      Total rows in CSV: 3840
      Valid rows (within video duration): 3840
      Rows kept after removing shaking: 3826
[ID18]   Original seconds: 3881
[ID18]   After removing shaking/licking_shaking: 3826
[ID18] Step 3/4: Balancing classes...
      Before balancing:
        Background: 3434 samples
        Licking: 392 samples
        Ratio: 8.76:1
      After balancing:
        Background: 392 samples
        Licking: 392 samples
        Total: 784 samples
[ID18] Step 4/4: Saving processed data...
[ID18]   Saved features: /data-8tb/nvaci/dataset/dataset_Stanford/FACT_method/preprocessed_data_2class_originalFPS/features/ID18.npy
[ID18]     Shape: (784, 1024)
[ID18]     Size: 3.06 MB
[ID18]   Final label distribution:
[ID18]     - background: 392 seconds (50.0%)
[ID18]     - licking: 392 seconds (50.0%)
[ID18]   Saved labels: /data-8tb/nvaci/dataset/dataset_Stanford/FACT_method/preprocessed_data_2class_originalFPS/groundTruth/ID18.txt
[ID18] SUCCESS - Video processed successfully


================================================================================
Processing video 19/32: ID19
================================================================================
[ID19] Found label file: 25-021_ID19.csv
[ID19] Step 1/4: Extracting features (per second)...
      Opening video file...

      ═══════════════════════════════════════════════════════
      VIDEO PROPERTIES
      ═══════════════════════════════════════════════════════
      FPS detected: 25.00
      Clip length (auto): 25 frames
      Total frames: 95767
      Duration: 3830.68 seconds
      Expected seconds: 3831
      Frames per second: ~25.0
      ═══════════════════════════════════════════════════════

      Using ORIGINAL FPS with per-second aggregation
      Aggregation method: mean
      ───────────────────────────────────────────────────────
      READING ALL FRAMES FROM VIDEO
      ───────────────────────────────────────────────────────
      Progress: 500/95767 frames (0.5%)
      Progress: 1000/95767 frames (1.0%)
      Progress: 1500/95767 frames (1.6%)
      Progress: 2000/95767 frames (2.1%)
      Progress: 2500/95767 frames (2.6%)
      Progress: 3000/95767 frames (3.1%)
      Progress: 3500/95767 frames (3.7%)
      Progress: 4000/95767 frames (4.2%)
      Progress: 4500/95767 frames (4.7%)
      Progress: 5000/95767 frames (5.2%)
      Progress: 5500/95767 frames (5.7%)
      Progress: 6000/95767 frames (6.3%)
      Progress: 6500/95767 frames (6.8%)
      Progress: 7000/95767 frames (7.3%)
      Progress: 7500/95767 frames (7.8%)
      Progress: 8000/95767 frames (8.4%)
      Progress: 8500/95767 frames (8.9%)
      Progress: 9000/95767 frames (9.4%)
      Progress: 9500/95767 frames (9.9%)
      Progress: 10000/95767 frames (10.4%)
      Progress: 10500/95767 frames (11.0%)
      Progress: 11000/95767 frames (11.5%)
      Progress: 11500/95767 frames (12.0%)
      Progress: 12000/95767 frames (12.5%)
      Progress: 12500/95767 frames (13.1%)
      Progress: 13000/95767 frames (13.6%)
      Progress: 13500/95767 frames (14.1%)
      Progress: 14000/95767 frames (14.6%)
      Progress: 14500/95767 frames (15.1%)
      Progress: 15000/95767 frames (15.7%)
      Progress: 15500/95767 frames (16.2%)
      Progress: 16000/95767 frames (16.7%)
      Progress: 16500/95767 frames (17.2%)
      Progress: 17000/95767 frames (17.8%)
      Progress: 17500/95767 frames (18.3%)
      Progress: 18000/95767 frames (18.8%)
      Progress: 18500/95767 frames (19.3%)
      Progress: 19000/95767 frames (19.8%)
      Progress: 19500/95767 frames (20.4%)
      Progress: 20000/95767 frames (20.9%)
      Progress: 20500/95767 frames (21.4%)
      Progress: 21000/95767 frames (21.9%)
      Progress: 21500/95767 frames (22.5%)
      Progress: 22000/95767 frames (23.0%)
      Progress: 22500/95767 frames (23.5%)
      Progress: 23000/95767 frames (24.0%)
      Progress: 23500/95767 frames (24.5%)
      Progress: 24000/95767 frames (25.1%)
      Progress: 24500/95767 frames (25.6%)
      Progress: 25000/95767 frames (26.1%)
      Progress: 25500/95767 frames (26.6%)
      Progress: 26000/95767 frames (27.1%)
      Progress: 26500/95767 frames (27.7%)
      Progress: 27000/95767 frames (28.2%)
      Progress: 27500/95767 frames (28.7%)
      Progress: 28000/95767 frames (29.2%)
      Progress: 28500/95767 frames (29.8%)
      Progress: 29000/95767 frames (30.3%)
      Progress: 29500/95767 frames (30.8%)
      Progress: 30000/95767 frames (31.3%)
      Progress: 30500/95767 frames (31.8%)
      Progress: 31000/95767 frames (32.4%)
      Progress: 31500/95767 frames (32.9%)
      Progress: 32000/95767 frames (33.4%)
      Progress: 32500/95767 frames (33.9%)
      Progress: 33000/95767 frames (34.5%)
      Progress: 33500/95767 frames (35.0%)
      Progress: 34000/95767 frames (35.5%)
      Progress: 34500/95767 frames (36.0%)
      Progress: 35000/95767 frames (36.5%)
      Progress: 35500/95767 frames (37.1%)
      Progress: 36000/95767 frames (37.6%)
      Progress: 36500/95767 frames (38.1%)
      Progress: 37000/95767 frames (38.6%)
      Progress: 37500/95767 frames (39.2%)
      Progress: 38000/95767 frames (39.7%)
      Progress: 38500/95767 frames (40.2%)
      Progress: 39000/95767 frames (40.7%)
      Progress: 39500/95767 frames (41.2%)
      Progress: 40000/95767 frames (41.8%)
      Progress: 40500/95767 frames (42.3%)
      Progress: 41000/95767 frames (42.8%)
      Progress: 41500/95767 frames (43.3%)
      Progress: 42000/95767 frames (43.9%)
      Progress: 42500/95767 frames (44.4%)
      Progress: 43000/95767 frames (44.9%)
      Progress: 43500/95767 frames (45.4%)
      Progress: 44000/95767 frames (45.9%)
      Progress: 44500/95767 frames (46.5%)
      Progress: 45000/95767 frames (47.0%)
      Progress: 45500/95767 frames (47.5%)
      Progress: 46000/95767 frames (48.0%)
      Progress: 46500/95767 frames (48.6%)
      Progress: 47000/95767 frames (49.1%)
      Progress: 47500/95767 frames (49.6%)
      Progress: 48000/95767 frames (50.1%)
      Progress: 48500/95767 frames (50.6%)
      Progress: 49000/95767 frames (51.2%)
      Progress: 49500/95767 frames (51.7%)
      Progress: 50000/95767 frames (52.2%)
      Progress: 50500/95767 frames (52.7%)
      Progress: 51000/95767 frames (53.3%)
      Progress: 51500/95767 frames (53.8%)
      Progress: 52000/95767 frames (54.3%)
      Progress: 52500/95767 frames (54.8%)
      Progress: 53000/95767 frames (55.3%)
      Progress: 53500/95767 frames (55.9%)
      Progress: 54000/95767 frames (56.4%)
      Progress: 54500/95767 frames (56.9%)
      Progress: 55000/95767 frames (57.4%)
      Progress: 55500/95767 frames (58.0%)
      Progress: 56000/95767 frames (58.5%)
      Progress: 56500/95767 frames (59.0%)
      Progress: 57000/95767 frames (59.5%)
      Progress: 57500/95767 frames (60.0%)
      Progress: 58000/95767 frames (60.6%)
      Progress: 58500/95767 frames (61.1%)
      Progress: 59000/95767 frames (61.6%)
      Progress: 59500/95767 frames (62.1%)
      Progress: 60000/95767 frames (62.7%)
      Progress: 60500/95767 frames (63.2%)
      Progress: 61000/95767 frames (63.7%)
      Progress: 61500/95767 frames (64.2%)
      Progress: 62000/95767 frames (64.7%)
      Progress: 62500/95767 frames (65.3%)
      Progress: 63000/95767 frames (65.8%)
      Progress: 63500/95767 frames (66.3%)
      Progress: 64000/95767 frames (66.8%)
      Progress: 64500/95767 frames (67.4%)
      Progress: 65000/95767 frames (67.9%)
      Progress: 65500/95767 frames (68.4%)
      Progress: 66000/95767 frames (68.9%)
      Progress: 66500/95767 frames (69.4%)
      Progress: 67000/95767 frames (70.0%)
      Progress: 67500/95767 frames (70.5%)
      Progress: 68000/95767 frames (71.0%)
      Progress: 68500/95767 frames (71.5%)
      Progress: 69000/95767 frames (72.0%)
      Progress: 69500/95767 frames (72.6%)
      Progress: 70000/95767 frames (73.1%)
      Progress: 70500/95767 frames (73.6%)
      Progress: 71000/95767 frames (74.1%)
      Progress: 71500/95767 frames (74.7%)
      Progress: 72000/95767 frames (75.2%)
      Progress: 72500/95767 frames (75.7%)
      Progress: 73000/95767 frames (76.2%)
      Progress: 73500/95767 frames (76.7%)
      Progress: 74000/95767 frames (77.3%)
      Progress: 74500/95767 frames (77.8%)
      Progress: 75000/95767 frames (78.3%)
      Progress: 75500/95767 frames (78.8%)
      Progress: 76000/95767 frames (79.4%)
      Progress: 76500/95767 frames (79.9%)
      Progress: 77000/95767 frames (80.4%)
      Progress: 77500/95767 frames (80.9%)
      Progress: 78000/95767 frames (81.4%)
      Progress: 78500/95767 frames (82.0%)
      Progress: 79000/95767 frames (82.5%)
      Progress: 79500/95767 frames (83.0%)
      Progress: 80000/95767 frames (83.5%)
      Progress: 80500/95767 frames (84.1%)
      Progress: 81000/95767 frames (84.6%)
      Progress: 81500/95767 frames (85.1%)
      Progress: 82000/95767 frames (85.6%)
      Progress: 82500/95767 frames (86.1%)
      Progress: 83000/95767 frames (86.7%)
      Progress: 83500/95767 frames (87.2%)
      Progress: 84000/95767 frames (87.7%)
      Progress: 84500/95767 frames (88.2%)
      Progress: 85000/95767 frames (88.8%)
      Progress: 85500/95767 frames (89.3%)
      Progress: 86000/95767 frames (89.8%)
      Progress: 86500/95767 frames (90.3%)
      Progress: 87000/95767 frames (90.8%)
      Progress: 87500/95767 frames (91.4%)
      Progress: 88000/95767 frames (91.9%)
      Progress: 88500/95767 frames (92.4%)
      Progress: 89000/95767 frames (92.9%)
      Progress: 89500/95767 frames (93.5%)
      Progress: 90000/95767 frames (94.0%)
      Progress: 90500/95767 frames (94.5%)
      Progress: 91000/95767 frames (95.0%)
      Progress: 91500/95767 frames (95.5%)
      Progress: 92000/95767 frames (96.1%)
      Progress: 92500/95767 frames (96.6%)
      Progress: 93000/95767 frames (97.1%)
      Progress: 93500/95767 frames (97.6%)
      Progress: 94000/95767 frames (98.2%)
      Progress: 94500/95767 frames (98.7%)
      Progress: 95000/95767 frames (99.2%)
      Progress: 95500/95767 frames (99.7%)
      ───────────────────────────────────────────────────────
      FRAME READING COMPLETE
      ───────────────────────────────────────────────────────
      Expected frames: 95767
      Frames read: 95618
      Frames missing: 149
      WARNING: 149 frames could not be read!
      ───────────────────────────────────────────────────────

      FRAMES DISTRIBUTION BY SECOND:
        Second   0:  25 frames
        Second   1:  25 frames
        Second   2:  25 frames
        Second   3:  25 frames
        Second   4:  25 frames
        Second   5:  25 frames
        Second   6:  25 frames
        Second   7:  25 frames
        Second   8:  25 frames
        Second   9:  25 frames
        ... (3821 more seconds)
      
      Frame statistics:
        Average frames/second: 25.0
        Min frames/second: 0
        Max frames/second: 25
      
      ───────────────────────────────────────────────────────
      EXTRACTING FEATURES PER SECOND
      ───────────────────────────────────────────────────────
      Total seconds to process: 3831
        Second 10/3831 - 25 frames, 1 clips
        Second 20/3831 - 25 frames, 1 clips
        Second 30/3831 - 25 frames, 1 clips
        Second 40/3831 - 25 frames, 1 clips
        Second 50/3831 - 25 frames, 1 clips
        Second 60/3831 - 25 frames, 1 clips
        Second 70/3831 - 25 frames, 1 clips
        Second 80/3831 - 25 frames, 1 clips
        Second 90/3831 - 25 frames, 1 clips
        Second 100/3831 - 25 frames, 1 clips
        Second 110/3831 - 25 frames, 1 clips
        Second 120/3831 - 25 frames, 1 clips
        Second 130/3831 - 25 frames, 1 clips
        Second 140/3831 - 25 frames, 1 clips
        Second 150/3831 - 25 frames, 1 clips
        Second 160/3831 - 25 frames, 1 clips
        Second 170/3831 - 25 frames, 1 clips
        Second 180/3831 - 25 frames, 1 clips
        Second 190/3831 - 25 frames, 1 clips
        Second 200/3831 - 25 frames, 1 clips
        Second 210/3831 - 25 frames, 1 clips
        Second 220/3831 - 25 frames, 1 clips
        Second 230/3831 - 25 frames, 1 clips
        Second 240/3831 - 25 frames, 1 clips
        Second 250/3831 - 25 frames, 1 clips
        Second 260/3831 - 25 frames, 1 clips
        Second 270/3831 - 25 frames, 1 clips
        Second 280/3831 - 25 frames, 1 clips
        Second 290/3831 - 25 frames, 1 clips
        Second 300/3831 - 25 frames, 1 clips
        Second 310/3831 - 25 frames, 1 clips
        Second 320/3831 - 25 frames, 1 clips
        Second 330/3831 - 25 frames, 1 clips
        Second 340/3831 - 25 frames, 1 clips
        Second 350/3831 - 25 frames, 1 clips
        Second 360/3831 - 25 frames, 1 clips
        Second 370/3831 - 25 frames, 1 clips
        Second 380/3831 - 25 frames, 1 clips
        Second 390/3831 - 25 frames, 1 clips
        Second 400/3831 - 25 frames, 1 clips
        Second 410/3831 - 25 frames, 1 clips
        Second 420/3831 - 25 frames, 1 clips
        Second 430/3831 - 25 frames, 1 clips
        Second 440/3831 - 25 frames, 1 clips
        Second 450/3831 - 25 frames, 1 clips
        Second 460/3831 - 25 frames, 1 clips
        Second 470/3831 - 25 frames, 1 clips
        Second 480/3831 - 25 frames, 1 clips
        Second 490/3831 - 25 frames, 1 clips
        Second 500/3831 - 25 frames, 1 clips
        Second 510/3831 - 25 frames, 1 clips
        Second 520/3831 - 25 frames, 1 clips
        Second 530/3831 - 25 frames, 1 clips
        Second 540/3831 - 25 frames, 1 clips
        Second 550/3831 - 25 frames, 1 clips
        Second 560/3831 - 25 frames, 1 clips
        Second 570/3831 - 25 frames, 1 clips
        Second 580/3831 - 25 frames, 1 clips
        Second 590/3831 - 25 frames, 1 clips
        Second 600/3831 - 25 frames, 1 clips
        Second 610/3831 - 25 frames, 1 clips
        Second 620/3831 - 25 frames, 1 clips
        Second 630/3831 - 25 frames, 1 clips
        Second 640/3831 - 25 frames, 1 clips
        Second 650/3831 - 25 frames, 1 clips
        Second 660/3831 - 25 frames, 1 clips
        Second 670/3831 - 25 frames, 1 clips
        Second 680/3831 - 25 frames, 1 clips
        Second 690/3831 - 25 frames, 1 clips
        Second 700/3831 - 25 frames, 1 clips
        Second 710/3831 - 25 frames, 1 clips
        Second 720/3831 - 25 frames, 1 clips
        Second 730/3831 - 25 frames, 1 clips
        Second 740/3831 - 25 frames, 1 clips
        Second 750/3831 - 25 frames, 1 clips
        Second 760/3831 - 25 frames, 1 clips
        Second 770/3831 - 25 frames, 1 clips
        Second 780/3831 - 25 frames, 1 clips
        Second 790/3831 - 25 frames, 1 clips
        Second 800/3831 - 25 frames, 1 clips
        Second 810/3831 - 25 frames, 1 clips
        Second 820/3831 - 25 frames, 1 clips
        Second 830/3831 - 25 frames, 1 clips
        Second 840/3831 - 25 frames, 1 clips
        Second 850/3831 - 25 frames, 1 clips
        Second 860/3831 - 25 frames, 1 clips
        Second 870/3831 - 25 frames, 1 clips
        Second 880/3831 - 25 frames, 1 clips
        Second 890/3831 - 25 frames, 1 clips
        Second 900/3831 - 25 frames, 1 clips
        Second 910/3831 - 25 frames, 1 clips
        Second 920/3831 - 25 frames, 1 clips
        Second 930/3831 - 25 frames, 1 clips
        Second 940/3831 - 25 frames, 1 clips
        Second 950/3831 - 25 frames, 1 clips
        Second 960/3831 - 25 frames, 1 clips
        Second 970/3831 - 25 frames, 1 clips
        Second 980/3831 - 25 frames, 1 clips
        Second 990/3831 - 25 frames, 1 clips
        Second 1000/3831 - 25 frames, 1 clips
        Second 1010/3831 - 25 frames, 1 clips
        Second 1020/3831 - 25 frames, 1 clips
        Second 1030/3831 - 25 frames, 1 clips
        Second 1040/3831 - 25 frames, 1 clips
        Second 1050/3831 - 25 frames, 1 clips
        Second 1060/3831 - 25 frames, 1 clips
        Second 1070/3831 - 25 frames, 1 clips
        Second 1080/3831 - 25 frames, 1 clips
        Second 1090/3831 - 25 frames, 1 clips
        Second 1100/3831 - 25 frames, 1 clips
        Second 1110/3831 - 25 frames, 1 clips
        Second 1120/3831 - 25 frames, 1 clips
        Second 1130/3831 - 25 frames, 1 clips
        Second 1140/3831 - 25 frames, 1 clips
        Second 1150/3831 - 25 frames, 1 clips
        Second 1160/3831 - 25 frames, 1 clips
        Second 1170/3831 - 25 frames, 1 clips
        Second 1180/3831 - 25 frames, 1 clips
        Second 1190/3831 - 25 frames, 1 clips
        Second 1200/3831 - 25 frames, 1 clips
        Second 1210/3831 - 25 frames, 1 clips
        Second 1220/3831 - 25 frames, 1 clips
        Second 1230/3831 - 25 frames, 1 clips
        Second 1240/3831 - 25 frames, 1 clips
        Second 1250/3831 - 25 frames, 1 clips
        Second 1260/3831 - 25 frames, 1 clips
        Second 1270/3831 - 25 frames, 1 clips
        Second 1280/3831 - 25 frames, 1 clips
        Second 1290/3831 - 25 frames, 1 clips
        Second 1300/3831 - 25 frames, 1 clips
        Second 1310/3831 - 25 frames, 1 clips
        Second 1320/3831 - 25 frames, 1 clips
        Second 1330/3831 - 25 frames, 1 clips
        Second 1340/3831 - 25 frames, 1 clips
        Second 1350/3831 - 25 frames, 1 clips
        Second 1360/3831 - 25 frames, 1 clips
        Second 1370/3831 - 25 frames, 1 clips
        Second 1380/3831 - 25 frames, 1 clips
        Second 1390/3831 - 25 frames, 1 clips
        Second 1400/3831 - 25 frames, 1 clips
        Second 1410/3831 - 25 frames, 1 clips
        Second 1420/3831 - 25 frames, 1 clips
        Second 1430/3831 - 25 frames, 1 clips
        Second 1440/3831 - 25 frames, 1 clips
        Second 1450/3831 - 25 frames, 1 clips
        Second 1460/3831 - 25 frames, 1 clips
        Second 1470/3831 - 25 frames, 1 clips
        Second 1480/3831 - 25 frames, 1 clips
        Second 1490/3831 - 25 frames, 1 clips
        Second 1500/3831 - 25 frames, 1 clips
        Second 1510/3831 - 25 frames, 1 clips
        Second 1520/3831 - 25 frames, 1 clips
        Second 1530/3831 - 25 frames, 1 clips
        Second 1540/3831 - 25 frames, 1 clips
        Second 1550/3831 - 25 frames, 1 clips
        Second 1560/3831 - 25 frames, 1 clips
        Second 1570/3831 - 25 frames, 1 clips
        Second 1580/3831 - 25 frames, 1 clips
        Second 1590/3831 - 25 frames, 1 clips
        Second 1600/3831 - 25 frames, 1 clips
        Second 1610/3831 - 25 frames, 1 clips
        Second 1620/3831 - 25 frames, 1 clips
        Second 1630/3831 - 25 frames, 1 clips
        Second 1640/3831 - 25 frames, 1 clips
        Second 1650/3831 - 25 frames, 1 clips
        Second 1660/3831 - 25 frames, 1 clips
        Second 1670/3831 - 25 frames, 1 clips
        Second 1680/3831 - 25 frames, 1 clips
        Second 1690/3831 - 25 frames, 1 clips
        Second 1700/3831 - 25 frames, 1 clips
        Second 1710/3831 - 25 frames, 1 clips
        Second 1720/3831 - 25 frames, 1 clips
        Second 1730/3831 - 25 frames, 1 clips
        Second 1740/3831 - 25 frames, 1 clips
        Second 1750/3831 - 25 frames, 1 clips
        Second 1760/3831 - 25 frames, 1 clips
        Second 1770/3831 - 25 frames, 1 clips
        Second 1780/3831 - 25 frames, 1 clips
        Second 1790/3831 - 25 frames, 1 clips
        Second 1800/3831 - 25 frames, 1 clips
        Second 1810/3831 - 25 frames, 1 clips
        Second 1820/3831 - 25 frames, 1 clips
        Second 1830/3831 - 25 frames, 1 clips
        Second 1840/3831 - 25 frames, 1 clips
        Second 1850/3831 - 25 frames, 1 clips
        Second 1860/3831 - 25 frames, 1 clips
        Second 1870/3831 - 25 frames, 1 clips
        Second 1880/3831 - 25 frames, 1 clips
        Second 1890/3831 - 25 frames, 1 clips
        Second 1900/3831 - 25 frames, 1 clips
        Second 1910/3831 - 25 frames, 1 clips
        Second 1920/3831 - 25 frames, 1 clips
        Second 1930/3831 - 25 frames, 1 clips
        Second 1940/3831 - 25 frames, 1 clips
        Second 1950/3831 - 25 frames, 1 clips
        Second 1960/3831 - 25 frames, 1 clips
        Second 1970/3831 - 25 frames, 1 clips
        Second 1980/3831 - 25 frames, 1 clips
        Second 1990/3831 - 25 frames, 1 clips
        Second 2000/3831 - 25 frames, 1 clips
        Second 2010/3831 - 25 frames, 1 clips
        Second 2020/3831 - 25 frames, 1 clips
        Second 2030/3831 - 25 frames, 1 clips
        Second 2040/3831 - 25 frames, 1 clips
        Second 2050/3831 - 25 frames, 1 clips
        Second 2060/3831 - 25 frames, 1 clips
        Second 2070/3831 - 25 frames, 1 clips
        Second 2080/3831 - 25 frames, 1 clips
        Second 2090/3831 - 25 frames, 1 clips
        Second 2100/3831 - 25 frames, 1 clips
        Second 2110/3831 - 25 frames, 1 clips
        Second 2120/3831 - 25 frames, 1 clips
        Second 2130/3831 - 25 frames, 1 clips
        Second 2140/3831 - 25 frames, 1 clips
        Second 2150/3831 - 25 frames, 1 clips
        Second 2160/3831 - 25 frames, 1 clips
        Second 2170/3831 - 25 frames, 1 clips
        Second 2180/3831 - 25 frames, 1 clips
        Second 2190/3831 - 25 frames, 1 clips
        Second 2200/3831 - 25 frames, 1 clips
        Second 2210/3831 - 25 frames, 1 clips
        Second 2220/3831 - 25 frames, 1 clips
        Second 2230/3831 - 25 frames, 1 clips
        Second 2240/3831 - 25 frames, 1 clips
        Second 2250/3831 - 25 frames, 1 clips
        Second 2260/3831 - 25 frames, 1 clips
        Second 2270/3831 - 25 frames, 1 clips
        Second 2280/3831 - 25 frames, 1 clips
        Second 2290/3831 - 25 frames, 1 clips
        Second 2300/3831 - 25 frames, 1 clips
        Second 2310/3831 - 25 frames, 1 clips
        Second 2320/3831 - 25 frames, 1 clips
        Second 2330/3831 - 25 frames, 1 clips
        Second 2340/3831 - 25 frames, 1 clips
        Second 2350/3831 - 25 frames, 1 clips
        Second 2360/3831 - 25 frames, 1 clips
        Second 2370/3831 - 25 frames, 1 clips
        Second 2380/3831 - 25 frames, 1 clips
        Second 2390/3831 - 25 frames, 1 clips
        Second 2400/3831 - 25 frames, 1 clips
        Second 2410/3831 - 25 frames, 1 clips
        Second 2420/3831 - 25 frames, 1 clips
        Second 2430/3831 - 25 frames, 1 clips
        Second 2440/3831 - 25 frames, 1 clips
        Second 2450/3831 - 25 frames, 1 clips
        Second 2460/3831 - 25 frames, 1 clips
        Second 2470/3831 - 25 frames, 1 clips
        Second 2480/3831 - 25 frames, 1 clips
        Second 2490/3831 - 25 frames, 1 clips
        Second 2500/3831 - 25 frames, 1 clips
        Second 2510/3831 - 25 frames, 1 clips
        Second 2520/3831 - 25 frames, 1 clips
        Second 2530/3831 - 25 frames, 1 clips
        Second 2540/3831 - 25 frames, 1 clips
        Second 2550/3831 - 25 frames, 1 clips
        Second 2560/3831 - 25 frames, 1 clips
        Second 2570/3831 - 25 frames, 1 clips
        Second 2580/3831 - 25 frames, 1 clips
        Second 2590/3831 - 25 frames, 1 clips
        Second 2600/3831 - 25 frames, 1 clips
        Second 2610/3831 - 25 frames, 1 clips
        Second 2620/3831 - 25 frames, 1 clips
        Second 2630/3831 - 25 frames, 1 clips
        Second 2640/3831 - 25 frames, 1 clips
        Second 2650/3831 - 25 frames, 1 clips
        Second 2660/3831 - 25 frames, 1 clips
        Second 2670/3831 - 25 frames, 1 clips
        Second 2680/3831 - 25 frames, 1 clips
        Second 2690/3831 - 25 frames, 1 clips
        Second 2700/3831 - 25 frames, 1 clips
        Second 2710/3831 - 25 frames, 1 clips
        Second 2720/3831 - 25 frames, 1 clips
        Second 2730/3831 - 25 frames, 1 clips
        Second 2740/3831 - 25 frames, 1 clips
        Second 2750/3831 - 25 frames, 1 clips
        Second 2760/3831 - 25 frames, 1 clips
        Second 2770/3831 - 25 frames, 1 clips
        Second 2780/3831 - 25 frames, 1 clips
        Second 2790/3831 - 25 frames, 1 clips
        Second 2800/3831 - 25 frames, 1 clips
        Second 2810/3831 - 25 frames, 1 clips
        Second 2820/3831 - 25 frames, 1 clips
        Second 2830/3831 - 25 frames, 1 clips
        Second 2840/3831 - 25 frames, 1 clips
        Second 2850/3831 - 25 frames, 1 clips
        Second 2860/3831 - 25 frames, 1 clips
        Second 2870/3831 - 25 frames, 1 clips
        Second 2880/3831 - 25 frames, 1 clips
        Second 2890/3831 - 25 frames, 1 clips
        Second 2900/3831 - 25 frames, 1 clips
        Second 2910/3831 - 25 frames, 1 clips
        Second 2920/3831 - 25 frames, 1 clips
        Second 2930/3831 - 25 frames, 1 clips
        Second 2940/3831 - 25 frames, 1 clips
        Second 2950/3831 - 25 frames, 1 clips
        Second 2960/3831 - 25 frames, 1 clips
        Second 2970/3831 - 25 frames, 1 clips
        Second 2980/3831 - 25 frames, 1 clips
        Second 2990/3831 - 25 frames, 1 clips
        Second 3000/3831 - 25 frames, 1 clips
        Second 3010/3831 - 25 frames, 1 clips
        Second 3020/3831 - 25 frames, 1 clips
        Second 3030/3831 - 25 frames, 1 clips
        Second 3040/3831 - 25 frames, 1 clips
        Second 3050/3831 - 25 frames, 1 clips
        Second 3060/3831 - 25 frames, 1 clips
        Second 3070/3831 - 25 frames, 1 clips
        Second 3080/3831 - 25 frames, 1 clips
        Second 3090/3831 - 25 frames, 1 clips
        Second 3100/3831 - 25 frames, 1 clips
        Second 3110/3831 - 25 frames, 1 clips
        Second 3120/3831 - 25 frames, 1 clips
        Second 3130/3831 - 25 frames, 1 clips
        Second 3140/3831 - 25 frames, 1 clips
        Second 3150/3831 - 25 frames, 1 clips
        Second 3160/3831 - 25 frames, 1 clips
        Second 3170/3831 - 25 frames, 1 clips
        Second 3180/3831 - 25 frames, 1 clips
        Second 3190/3831 - 25 frames, 1 clips
        Second 3200/3831 - 25 frames, 1 clips
        Second 3210/3831 - 25 frames, 1 clips
        Second 3220/3831 - 25 frames, 1 clips
        Second 3230/3831 - 25 frames, 1 clips
        Second 3240/3831 - 25 frames, 1 clips
        Second 3250/3831 - 25 frames, 1 clips
        Second 3260/3831 - 25 frames, 1 clips
        Second 3270/3831 - 25 frames, 1 clips
        Second 3280/3831 - 25 frames, 1 clips
        Second 3290/3831 - 25 frames, 1 clips
        Second 3300/3831 - 25 frames, 1 clips
        Second 3310/3831 - 25 frames, 1 clips
        Second 3320/3831 - 25 frames, 1 clips
        Second 3330/3831 - 25 frames, 1 clips
        Second 3340/3831 - 25 frames, 1 clips
        Second 3350/3831 - 25 frames, 1 clips
        Second 3360/3831 - 25 frames, 1 clips
        Second 3370/3831 - 25 frames, 1 clips
        Second 3380/3831 - 25 frames, 1 clips
        Second 3390/3831 - 25 frames, 1 clips
        Second 3400/3831 - 25 frames, 1 clips
        Second 3410/3831 - 25 frames, 1 clips
        Second 3420/3831 - 25 frames, 1 clips
        Second 3430/3831 - 25 frames, 1 clips
        Second 3440/3831 - 25 frames, 1 clips
        Second 3450/3831 - 25 frames, 1 clips
        Second 3460/3831 - 25 frames, 1 clips
        Second 3470/3831 - 25 frames, 1 clips
        Second 3480/3831 - 25 frames, 1 clips
        Second 3490/3831 - 25 frames, 1 clips
        Second 3500/3831 - 25 frames, 1 clips
        Second 3510/3831 - 25 frames, 1 clips
        Second 3520/3831 - 25 frames, 1 clips
        Second 3530/3831 - 25 frames, 1 clips
        Second 3540/3831 - 25 frames, 1 clips
        Second 3550/3831 - 25 frames, 1 clips
        Second 3560/3831 - 25 frames, 1 clips
        Second 3570/3831 - 25 frames, 1 clips
        Second 3580/3831 - 25 frames, 1 clips
        Second 3590/3831 - 25 frames, 1 clips
        Second 3600/3831 - 25 frames, 1 clips
        Second 3610/3831 - 25 frames, 1 clips
        Second 3620/3831 - 25 frames, 1 clips
        Second 3630/3831 - 25 frames, 1 clips
        Second 3640/3831 - 25 frames, 1 clips
        Second 3650/3831 - 25 frames, 1 clips
        Second 3660/3831 - 25 frames, 1 clips
        Second 3670/3831 - 25 frames, 1 clips
        Second 3680/3831 - 25 frames, 1 clips
        Second 3690/3831 - 25 frames, 1 clips
        Second 3700/3831 - 25 frames, 1 clips
        Second 3710/3831 - 25 frames, 1 clips
        Second 3720/3831 - 25 frames, 1 clips
        Second 3730/3831 - 25 frames, 1 clips
        Second 3740/3831 - 25 frames, 1 clips
        Second 3750/3831 - 25 frames, 1 clips
        Second 3760/3831 - 25 frames, 1 clips
        Second 3770/3831 - 25 frames, 1 clips
        Second 3780/3831 - 25 frames, 1 clips
        Second 3790/3831 - 25 frames, 1 clips
        Second 3800/3831 - 25 frames, 1 clips
        Second 3810/3831 - 25 frames, 1 clips
        Second 3820/3831 - 25 frames, 1 clips
        Second 3830/3831 - NO FRAMES (zero feature)
      ───────────────────────────────────────────────────────
      FEATURE EXTRACTION COMPLETE
      ───────────────────────────────────────────────────────
      Final features shape: (3831, 1024)
      Features per second: 3831
      Feature dimension: 1024
      ═══════════════════════════════════════════════════════

[ID19]   Features extracted: (3831, 1024)
[ID19] Step 2/4: Converting to binary labels and removing unwanted classes...
[ID19]   Number of seconds: 3831
      CSV columns: ['start_time', 'end_time', 'licking', 'shaking']
      CSV shape: (3840, 4)
      Video seconds: 3831
      Total rows in CSV: 3840
      Valid rows (within video duration): 3831
      Rows kept after removing shaking: 3770
[ID19]   Original seconds: 3831
[ID19]   After removing shaking/licking_shaking: 3770
[ID19] Step 3/4: Balancing classes...
      Before balancing:
        Background: 3254 samples
        Licking: 516 samples
        Ratio: 6.31:1
      After balancing:
        Background: 516 samples
        Licking: 516 samples
        Total: 1032 samples
[ID19] Step 4/4: Saving processed data...
[ID19]   Saved features: /data-8tb/nvaci/dataset/dataset_Stanford/FACT_method/preprocessed_data_2class_originalFPS/features/ID19.npy
[ID19]     Shape: (1032, 1024)
[ID19]     Size: 4.03 MB
[ID19]   Final label distribution:
[ID19]     - background: 516 seconds (50.0%)
[ID19]     - licking: 516 seconds (50.0%)
[ID19]   Saved labels: /data-8tb/nvaci/dataset/dataset_Stanford/FACT_method/preprocessed_data_2class_originalFPS/groundTruth/ID19.txt
[ID19] SUCCESS - Video processed successfully


================================================================================
Processing video 20/32: ID20
================================================================================
[ID20] Found label file: 25-021_ID20.csv
[ID20] Step 1/4: Extracting features (per second)...
      Opening video file...

      ═══════════════════════════════════════════════════════
      VIDEO PROPERTIES
      ═══════════════════════════════════════════════════════
      FPS detected: 25.00
      Clip length (auto): 25 frames
      Total frames: 94639
      Duration: 3785.56 seconds
      Expected seconds: 3786
      Frames per second: ~25.0
      ═══════════════════════════════════════════════════════

      Using ORIGINAL FPS with per-second aggregation
      Aggregation method: mean
      ───────────────────────────────────────────────────────
      READING ALL FRAMES FROM VIDEO
      ───────────────────────────────────────────────────────
      Progress: 500/94639 frames (0.5%)
      Progress: 1000/94639 frames (1.1%)
      Progress: 1500/94639 frames (1.6%)
      Progress: 2000/94639 frames (2.1%)
      Progress: 2500/94639 frames (2.6%)
      Progress: 3000/94639 frames (3.2%)
      Progress: 3500/94639 frames (3.7%)
      Progress: 4000/94639 frames (4.2%)
      Progress: 4500/94639 frames (4.8%)
      Progress: 5000/94639 frames (5.3%)
      Progress: 5500/94639 frames (5.8%)
      Progress: 6000/94639 frames (6.3%)
      Progress: 6500/94639 frames (6.9%)
      Progress: 7000/94639 frames (7.4%)
      Progress: 7500/94639 frames (7.9%)
      Progress: 8000/94639 frames (8.5%)
      Progress: 8500/94639 frames (9.0%)
      Progress: 9000/94639 frames (9.5%)
      Progress: 9500/94639 frames (10.0%)
      Progress: 10000/94639 frames (10.6%)
      Progress: 10500/94639 frames (11.1%)
      Progress: 11000/94639 frames (11.6%)
      Progress: 11500/94639 frames (12.2%)
      Progress: 12000/94639 frames (12.7%)
      Progress: 12500/94639 frames (13.2%)
      Progress: 13000/94639 frames (13.7%)
      Progress: 13500/94639 frames (14.3%)
      Progress: 14000/94639 frames (14.8%)
      Progress: 14500/94639 frames (15.3%)
      Progress: 15000/94639 frames (15.8%)
      Progress: 15500/94639 frames (16.4%)
      Progress: 16000/94639 frames (16.9%)
      Progress: 16500/94639 frames (17.4%)
      Progress: 17000/94639 frames (18.0%)
      Progress: 17500/94639 frames (18.5%)
      Progress: 18000/94639 frames (19.0%)
      Progress: 18500/94639 frames (19.5%)
      Progress: 19000/94639 frames (20.1%)
      Progress: 19500/94639 frames (20.6%)
      Progress: 20000/94639 frames (21.1%)
      Progress: 20500/94639 frames (21.7%)
      Progress: 21000/94639 frames (22.2%)
      Progress: 21500/94639 frames (22.7%)
      Progress: 22000/94639 frames (23.2%)
      Progress: 22500/94639 frames (23.8%)
      Progress: 23000/94639 frames (24.3%)
      Progress: 23500/94639 frames (24.8%)
      Progress: 24000/94639 frames (25.4%)
      Progress: 24500/94639 frames (25.9%)
      Progress: 25000/94639 frames (26.4%)
      Progress: 25500/94639 frames (26.9%)
      Progress: 26000/94639 frames (27.5%)
      Progress: 26500/94639 frames (28.0%)
      Progress: 27000/94639 frames (28.5%)
      Progress: 27500/94639 frames (29.1%)
      Progress: 28000/94639 frames (29.6%)
      Progress: 28500/94639 frames (30.1%)
      Progress: 29000/94639 frames (30.6%)
      Progress: 29500/94639 frames (31.2%)
      Progress: 30000/94639 frames (31.7%)
      Progress: 30500/94639 frames (32.2%)
      Progress: 31000/94639 frames (32.8%)
      Progress: 31500/94639 frames (33.3%)
      Progress: 32000/94639 frames (33.8%)
      Progress: 32500/94639 frames (34.3%)
      Progress: 33000/94639 frames (34.9%)
      Progress: 33500/94639 frames (35.4%)
      Progress: 34000/94639 frames (35.9%)
      Progress: 34500/94639 frames (36.5%)
      Progress: 35000/94639 frames (37.0%)
      Progress: 35500/94639 frames (37.5%)
      Progress: 36000/94639 frames (38.0%)
      Progress: 36500/94639 frames (38.6%)
      Progress: 37000/94639 frames (39.1%)
      Progress: 37500/94639 frames (39.6%)
      Progress: 38000/94639 frames (40.2%)
      Progress: 38500/94639 frames (40.7%)
      Progress: 39000/94639 frames (41.2%)
      Progress: 39500/94639 frames (41.7%)
      Progress: 40000/94639 frames (42.3%)
      Progress: 40500/94639 frames (42.8%)
      Progress: 41000/94639 frames (43.3%)
      Progress: 41500/94639 frames (43.9%)
      Progress: 42000/94639 frames (44.4%)
      Progress: 42500/94639 frames (44.9%)
      Progress: 43000/94639 frames (45.4%)
      Progress: 43500/94639 frames (46.0%)
      Progress: 44000/94639 frames (46.5%)
      Progress: 44500/94639 frames (47.0%)
      Progress: 45000/94639 frames (47.5%)
      Progress: 45500/94639 frames (48.1%)
      Progress: 46000/94639 frames (48.6%)
      Progress: 46500/94639 frames (49.1%)
      Progress: 47000/94639 frames (49.7%)
      Progress: 47500/94639 frames (50.2%)
      Progress: 48000/94639 frames (50.7%)
      Progress: 48500/94639 frames (51.2%)
      Progress: 49000/94639 frames (51.8%)
      Progress: 49500/94639 frames (52.3%)
      Progress: 50000/94639 frames (52.8%)
      Progress: 50500/94639 frames (53.4%)
      Progress: 51000/94639 frames (53.9%)
      Progress: 51500/94639 frames (54.4%)
      Progress: 52000/94639 frames (54.9%)
      Progress: 52500/94639 frames (55.5%)
      Progress: 53000/94639 frames (56.0%)
      Progress: 53500/94639 frames (56.5%)
      Progress: 54000/94639 frames (57.1%)
      Progress: 54500/94639 frames (57.6%)
      Progress: 55000/94639 frames (58.1%)
      Progress: 55500/94639 frames (58.6%)
      Progress: 56000/94639 frames (59.2%)
      Progress: 56500/94639 frames (59.7%)
      Progress: 57000/94639 frames (60.2%)
      Progress: 57500/94639 frames (60.8%)
      Progress: 58000/94639 frames (61.3%)
      Progress: 58500/94639 frames (61.8%)
      Progress: 59000/94639 frames (62.3%)
      Progress: 59500/94639 frames (62.9%)
      Progress: 60000/94639 frames (63.4%)
      Progress: 60500/94639 frames (63.9%)
      Progress: 61000/94639 frames (64.5%)
      Progress: 61500/94639 frames (65.0%)
      Progress: 62000/94639 frames (65.5%)
      Progress: 62500/94639 frames (66.0%)
      Progress: 63000/94639 frames (66.6%)
      Progress: 63500/94639 frames (67.1%)
      Progress: 64000/94639 frames (67.6%)
      Progress: 64500/94639 frames (68.2%)
      Progress: 65000/94639 frames (68.7%)
      Progress: 65500/94639 frames (69.2%)
      Progress: 66000/94639 frames (69.7%)
      Progress: 66500/94639 frames (70.3%)
      Progress: 67000/94639 frames (70.8%)
      Progress: 67500/94639 frames (71.3%)
      Progress: 68000/94639 frames (71.9%)
      Progress: 68500/94639 frames (72.4%)
      Progress: 69000/94639 frames (72.9%)
      Progress: 69500/94639 frames (73.4%)
      Progress: 70000/94639 frames (74.0%)
      Progress: 70500/94639 frames (74.5%)
      Progress: 71000/94639 frames (75.0%)
      Progress: 71500/94639 frames (75.6%)
      Progress: 72000/94639 frames (76.1%)
      Progress: 72500/94639 frames (76.6%)
      Progress: 73000/94639 frames (77.1%)
      Progress: 73500/94639 frames (77.7%)
      Progress: 74000/94639 frames (78.2%)
      Progress: 74500/94639 frames (78.7%)
      Progress: 75000/94639 frames (79.2%)
      Progress: 75500/94639 frames (79.8%)
      Progress: 76000/94639 frames (80.3%)
      Progress: 76500/94639 frames (80.8%)
      Progress: 77000/94639 frames (81.4%)
      Progress: 77500/94639 frames (81.9%)
      Progress: 78000/94639 frames (82.4%)
      Progress: 78500/94639 frames (82.9%)
      Progress: 79000/94639 frames (83.5%)
      Progress: 79500/94639 frames (84.0%)
      Progress: 80000/94639 frames (84.5%)
      Progress: 80500/94639 frames (85.1%)
      Progress: 81000/94639 frames (85.6%)
      Progress: 81500/94639 frames (86.1%)
      Progress: 82000/94639 frames (86.6%)
      Progress: 82500/94639 frames (87.2%)
      Progress: 83000/94639 frames (87.7%)
      Progress: 83500/94639 frames (88.2%)
      Progress: 84000/94639 frames (88.8%)
      Progress: 84500/94639 frames (89.3%)
      Progress: 85000/94639 frames (89.8%)
      Progress: 85500/94639 frames (90.3%)
      Progress: 86000/94639 frames (90.9%)
      Progress: 86500/94639 frames (91.4%)
      Progress: 87000/94639 frames (91.9%)
      Progress: 87500/94639 frames (92.5%)
      Progress: 88000/94639 frames (93.0%)
      Progress: 88500/94639 frames (93.5%)
      Progress: 89000/94639 frames (94.0%)
      Progress: 89500/94639 frames (94.6%)
      Progress: 90000/94639 frames (95.1%)
      Progress: 90500/94639 frames (95.6%)
      Progress: 91000/94639 frames (96.2%)
      Progress: 91500/94639 frames (96.7%)
      Progress: 92000/94639 frames (97.2%)
      Progress: 92500/94639 frames (97.7%)
      Progress: 93000/94639 frames (98.3%)
      Progress: 93500/94639 frames (98.8%)
      Progress: 94000/94639 frames (99.3%)
      Progress: 94500/94639 frames (99.9%)
      ───────────────────────────────────────────────────────
      FRAME READING COMPLETE
      ───────────────────────────────────────────────────────
      Expected frames: 94639
      Frames read: 94543
      Frames missing: 96
      WARNING: 96 frames could not be read!
      ───────────────────────────────────────────────────────

      FRAMES DISTRIBUTION BY SECOND:
        Second   0:  25 frames
        Second   1:  25 frames
        Second   2:  25 frames
        Second   3:  25 frames
        Second   4:  25 frames
        Second   5:  25 frames
        Second   6:  25 frames
        Second   7:  25 frames
        Second   8:  25 frames
        Second   9:  25 frames
        ... (3776 more seconds)
      
      Frame statistics:
        Average frames/second: 25.0
        Min frames/second: 0
        Max frames/second: 25
      
      ───────────────────────────────────────────────────────
      EXTRACTING FEATURES PER SECOND
      ───────────────────────────────────────────────────────
      Total seconds to process: 3786
        Second 10/3786 - 25 frames, 1 clips
        Second 20/3786 - 25 frames, 1 clips
        Second 30/3786 - 25 frames, 1 clips
        Second 40/3786 - 25 frames, 1 clips
        Second 50/3786 - 25 frames, 1 clips
        Second 60/3786 - 25 frames, 1 clips
        Second 70/3786 - 25 frames, 1 clips
        Second 80/3786 - 25 frames, 1 clips
        Second 90/3786 - 25 frames, 1 clips
        Second 100/3786 - 25 frames, 1 clips
        Second 110/3786 - 25 frames, 1 clips
        Second 120/3786 - 25 frames, 1 clips
        Second 130/3786 - 25 frames, 1 clips
        Second 140/3786 - 25 frames, 1 clips
        Second 150/3786 - 25 frames, 1 clips
        Second 160/3786 - 25 frames, 1 clips
        Second 170/3786 - 25 frames, 1 clips
        Second 180/3786 - 25 frames, 1 clips
        Second 190/3786 - 25 frames, 1 clips
        Second 200/3786 - 25 frames, 1 clips
        Second 210/3786 - 25 frames, 1 clips
        Second 220/3786 - 25 frames, 1 clips
        Second 230/3786 - 25 frames, 1 clips
        Second 240/3786 - 25 frames, 1 clips
        Second 250/3786 - 25 frames, 1 clips
        Second 260/3786 - 25 frames, 1 clips
        Second 270/3786 - 25 frames, 1 clips
        Second 280/3786 - 25 frames, 1 clips
        Second 290/3786 - 25 frames, 1 clips
        Second 300/3786 - 25 frames, 1 clips
        Second 310/3786 - 25 frames, 1 clips
        Second 320/3786 - 25 frames, 1 clips
        Second 330/3786 - 25 frames, 1 clips
        Second 340/3786 - 25 frames, 1 clips
        Second 350/3786 - 25 frames, 1 clips
        Second 360/3786 - 25 frames, 1 clips
        Second 370/3786 - 25 frames, 1 clips
        Second 380/3786 - 25 frames, 1 clips
        Second 390/3786 - 25 frames, 1 clips
        Second 400/3786 - 25 frames, 1 clips
        Second 410/3786 - 25 frames, 1 clips
        Second 420/3786 - 25 frames, 1 clips
        Second 430/3786 - 25 frames, 1 clips
        Second 440/3786 - 25 frames, 1 clips
        Second 450/3786 - 25 frames, 1 clips
        Second 460/3786 - 25 frames, 1 clips
        Second 470/3786 - 25 frames, 1 clips
        Second 480/3786 - 25 frames, 1 clips
        Second 490/3786 - 25 frames, 1 clips
        Second 500/3786 - 25 frames, 1 clips
        Second 510/3786 - 25 frames, 1 clips
        Second 520/3786 - 25 frames, 1 clips
        Second 530/3786 - 25 frames, 1 clips
        Second 540/3786 - 25 frames, 1 clips
        Second 550/3786 - 25 frames, 1 clips
        Second 560/3786 - 25 frames, 1 clips
        Second 570/3786 - 25 frames, 1 clips
        Second 580/3786 - 25 frames, 1 clips
        Second 590/3786 - 25 frames, 1 clips
        Second 600/3786 - 25 frames, 1 clips
        Second 610/3786 - 25 frames, 1 clips
        Second 620/3786 - 25 frames, 1 clips
        Second 630/3786 - 25 frames, 1 clips
        Second 640/3786 - 25 frames, 1 clips
        Second 650/3786 - 25 frames, 1 clips
        Second 660/3786 - 25 frames, 1 clips
        Second 670/3786 - 25 frames, 1 clips
        Second 680/3786 - 25 frames, 1 clips
        Second 690/3786 - 25 frames, 1 clips
        Second 700/3786 - 25 frames, 1 clips
        Second 710/3786 - 25 frames, 1 clips
        Second 720/3786 - 25 frames, 1 clips
        Second 730/3786 - 25 frames, 1 clips
        Second 740/3786 - 25 frames, 1 clips
        Second 750/3786 - 25 frames, 1 clips
        Second 760/3786 - 25 frames, 1 clips
        Second 770/3786 - 25 frames, 1 clips
        Second 780/3786 - 25 frames, 1 clips
        Second 790/3786 - 25 frames, 1 clips
        Second 800/3786 - 25 frames, 1 clips
        Second 810/3786 - 25 frames, 1 clips
        Second 820/3786 - 25 frames, 1 clips
        Second 830/3786 - 25 frames, 1 clips
        Second 840/3786 - 25 frames, 1 clips
        Second 850/3786 - 25 frames, 1 clips
        Second 860/3786 - 25 frames, 1 clips
        Second 870/3786 - 25 frames, 1 clips
        Second 880/3786 - 25 frames, 1 clips
        Second 890/3786 - 25 frames, 1 clips
        Second 900/3786 - 25 frames, 1 clips
        Second 910/3786 - 25 frames, 1 clips
        Second 920/3786 - 25 frames, 1 clips
        Second 930/3786 - 25 frames, 1 clips
        Second 940/3786 - 25 frames, 1 clips
        Second 950/3786 - 25 frames, 1 clips
        Second 960/3786 - 25 frames, 1 clips
        Second 970/3786 - 25 frames, 1 clips
        Second 980/3786 - 25 frames, 1 clips
        Second 990/3786 - 25 frames, 1 clips
        Second 1000/3786 - 25 frames, 1 clips
        Second 1010/3786 - 25 frames, 1 clips
        Second 1020/3786 - 25 frames, 1 clips
        Second 1030/3786 - 25 frames, 1 clips
        Second 1040/3786 - 25 frames, 1 clips
        Second 1050/3786 - 25 frames, 1 clips
        Second 1060/3786 - 25 frames, 1 clips
        Second 1070/3786 - 25 frames, 1 clips
        Second 1080/3786 - 25 frames, 1 clips
        Second 1090/3786 - 25 frames, 1 clips
        Second 1100/3786 - 25 frames, 1 clips
        Second 1110/3786 - 25 frames, 1 clips
        Second 1120/3786 - 25 frames, 1 clips
        Second 1130/3786 - 25 frames, 1 clips
        Second 1140/3786 - 25 frames, 1 clips
        Second 1150/3786 - 25 frames, 1 clips
        Second 1160/3786 - 25 frames, 1 clips
        Second 1170/3786 - 25 frames, 1 clips
        Second 1180/3786 - 25 frames, 1 clips
        Second 1190/3786 - 25 frames, 1 clips
        Second 1200/3786 - 25 frames, 1 clips
        Second 1210/3786 - 25 frames, 1 clips
        Second 1220/3786 - 25 frames, 1 clips
        Second 1230/3786 - 25 frames, 1 clips
        Second 1240/3786 - 25 frames, 1 clips
        Second 1250/3786 - 25 frames, 1 clips
        Second 1260/3786 - 25 frames, 1 clips
        Second 1270/3786 - 25 frames, 1 clips
        Second 1280/3786 - 25 frames, 1 clips
        Second 1290/3786 - 25 frames, 1 clips
        Second 1300/3786 - 25 frames, 1 clips
        Second 1310/3786 - 25 frames, 1 clips
        Second 1320/3786 - 25 frames, 1 clips
        Second 1330/3786 - 25 frames, 1 clips
        Second 1340/3786 - 25 frames, 1 clips
        Second 1350/3786 - 25 frames, 1 clips
        Second 1360/3786 - 25 frames, 1 clips
        Second 1370/3786 - 25 frames, 1 clips
        Second 1380/3786 - 25 frames, 1 clips
        Second 1390/3786 - 25 frames, 1 clips
        Second 1400/3786 - 25 frames, 1 clips
        Second 1410/3786 - 25 frames, 1 clips
        Second 1420/3786 - 25 frames, 1 clips
        Second 1430/3786 - 25 frames, 1 clips
        Second 1440/3786 - 25 frames, 1 clips
        Second 1450/3786 - 25 frames, 1 clips
        Second 1460/3786 - 25 frames, 1 clips
        Second 1470/3786 - 25 frames, 1 clips
        Second 1480/3786 - 25 frames, 1 clips
        Second 1490/3786 - 25 frames, 1 clips
        Second 1500/3786 - 25 frames, 1 clips
        Second 1510/3786 - 25 frames, 1 clips
        Second 1520/3786 - 25 frames, 1 clips
        Second 1530/3786 - 25 frames, 1 clips
        Second 1540/3786 - 25 frames, 1 clips
        Second 1550/3786 - 25 frames, 1 clips
        Second 1560/3786 - 25 frames, 1 clips
        Second 1570/3786 - 25 frames, 1 clips
        Second 1580/3786 - 25 frames, 1 clips
        Second 1590/3786 - 25 frames, 1 clips
        Second 1600/3786 - 25 frames, 1 clips
        Second 1610/3786 - 25 frames, 1 clips
        Second 1620/3786 - 25 frames, 1 clips
        Second 1630/3786 - 25 frames, 1 clips
        Second 1640/3786 - 25 frames, 1 clips
        Second 1650/3786 - 25 frames, 1 clips
        Second 1660/3786 - 25 frames, 1 clips
        Second 1670/3786 - 25 frames, 1 clips
        Second 1680/3786 - 25 frames, 1 clips
        Second 1690/3786 - 25 frames, 1 clips
        Second 1700/3786 - 25 frames, 1 clips
        Second 1710/3786 - 25 frames, 1 clips
        Second 1720/3786 - 25 frames, 1 clips
        Second 1730/3786 - 25 frames, 1 clips
        Second 1740/3786 - 25 frames, 1 clips
        Second 1750/3786 - 25 frames, 1 clips
        Second 1760/3786 - 25 frames, 1 clips
        Second 1770/3786 - 25 frames, 1 clips
        Second 1780/3786 - 25 frames, 1 clips
        Second 1790/3786 - 25 frames, 1 clips
        Second 1800/3786 - 25 frames, 1 clips
        Second 1810/3786 - 25 frames, 1 clips
        Second 1820/3786 - 25 frames, 1 clips
        Second 1830/3786 - 25 frames, 1 clips
        Second 1840/3786 - 25 frames, 1 clips
        Second 1850/3786 - 25 frames, 1 clips
        Second 1860/3786 - 25 frames, 1 clips
        Second 1870/3786 - 25 frames, 1 clips
        Second 1880/3786 - 25 frames, 1 clips
        Second 1890/3786 - 25 frames, 1 clips
        Second 1900/3786 - 25 frames, 1 clips
        Second 1910/3786 - 25 frames, 1 clips
        Second 1920/3786 - 25 frames, 1 clips
        Second 1930/3786 - 25 frames, 1 clips
        Second 1940/3786 - 25 frames, 1 clips
        Second 1950/3786 - 25 frames, 1 clips
        Second 1960/3786 - 25 frames, 1 clips
        Second 1970/3786 - 25 frames, 1 clips
        Second 1980/3786 - 25 frames, 1 clips
        Second 1990/3786 - 25 frames, 1 clips
        Second 2000/3786 - 25 frames, 1 clips
        Second 2010/3786 - 25 frames, 1 clips
        Second 2020/3786 - 25 frames, 1 clips
        Second 2030/3786 - 25 frames, 1 clips
        Second 2040/3786 - 25 frames, 1 clips
        Second 2050/3786 - 25 frames, 1 clips
        Second 2060/3786 - 25 frames, 1 clips
        Second 2070/3786 - 25 frames, 1 clips
        Second 2080/3786 - 25 frames, 1 clips
        Second 2090/3786 - 25 frames, 1 clips
        Second 2100/3786 - 25 frames, 1 clips
        Second 2110/3786 - 25 frames, 1 clips
        Second 2120/3786 - 25 frames, 1 clips
        Second 2130/3786 - 25 frames, 1 clips
        Second 2140/3786 - 25 frames, 1 clips
        Second 2150/3786 - 25 frames, 1 clips
        Second 2160/3786 - 25 frames, 1 clips
        Second 2170/3786 - 25 frames, 1 clips
        Second 2180/3786 - 25 frames, 1 clips
        Second 2190/3786 - 25 frames, 1 clips
        Second 2200/3786 - 25 frames, 1 clips
        Second 2210/3786 - 25 frames, 1 clips
        Second 2220/3786 - 25 frames, 1 clips
        Second 2230/3786 - 25 frames, 1 clips
        Second 2240/3786 - 25 frames, 1 clips
        Second 2250/3786 - 25 frames, 1 clips
        Second 2260/3786 - 25 frames, 1 clips
        Second 2270/3786 - 25 frames, 1 clips
        Second 2280/3786 - 25 frames, 1 clips
        Second 2290/3786 - 25 frames, 1 clips
        Second 2300/3786 - 25 frames, 1 clips
        Second 2310/3786 - 25 frames, 1 clips
        Second 2320/3786 - 25 frames, 1 clips
        Second 2330/3786 - 25 frames, 1 clips
        Second 2340/3786 - 25 frames, 1 clips
        Second 2350/3786 - 25 frames, 1 clips
        Second 2360/3786 - 25 frames, 1 clips
        Second 2370/3786 - 25 frames, 1 clips
        Second 2380/3786 - 25 frames, 1 clips
        Second 2390/3786 - 25 frames, 1 clips
        Second 2400/3786 - 25 frames, 1 clips
        Second 2410/3786 - 25 frames, 1 clips
        Second 2420/3786 - 25 frames, 1 clips
        Second 2430/3786 - 25 frames, 1 clips
        Second 2440/3786 - 25 frames, 1 clips
        Second 2450/3786 - 25 frames, 1 clips
        Second 2460/3786 - 25 frames, 1 clips
        Second 2470/3786 - 25 frames, 1 clips
        Second 2480/3786 - 25 frames, 1 clips
        Second 2490/3786 - 25 frames, 1 clips
        Second 2500/3786 - 25 frames, 1 clips
        Second 2510/3786 - 25 frames, 1 clips
        Second 2520/3786 - 25 frames, 1 clips
        Second 2530/3786 - 25 frames, 1 clips
        Second 2540/3786 - 25 frames, 1 clips
        Second 2550/3786 - 25 frames, 1 clips
        Second 2560/3786 - 25 frames, 1 clips
        Second 2570/3786 - 25 frames, 1 clips
        Second 2580/3786 - 25 frames, 1 clips
        Second 2590/3786 - 25 frames, 1 clips
        Second 2600/3786 - 25 frames, 1 clips
        Second 2610/3786 - 25 frames, 1 clips
        Second 2620/3786 - 25 frames, 1 clips
        Second 2630/3786 - 25 frames, 1 clips
        Second 2640/3786 - 25 frames, 1 clips
        Second 2650/3786 - 25 frames, 1 clips
        Second 2660/3786 - 25 frames, 1 clips
        Second 2670/3786 - 25 frames, 1 clips
        Second 2680/3786 - 25 frames, 1 clips
        Second 2690/3786 - 25 frames, 1 clips
        Second 2700/3786 - 25 frames, 1 clips
        Second 2710/3786 - 25 frames, 1 clips
        Second 2720/3786 - 25 frames, 1 clips
        Second 2730/3786 - 25 frames, 1 clips
        Second 2740/3786 - 25 frames, 1 clips
        Second 2750/3786 - 25 frames, 1 clips
        Second 2760/3786 - 25 frames, 1 clips
        Second 2770/3786 - 25 frames, 1 clips
        Second 2780/3786 - 25 frames, 1 clips
        Second 2790/3786 - 25 frames, 1 clips
        Second 2800/3786 - 25 frames, 1 clips
        Second 2810/3786 - 25 frames, 1 clips
        Second 2820/3786 - 25 frames, 1 clips
        Second 2830/3786 - 25 frames, 1 clips
        Second 2840/3786 - 25 frames, 1 clips
        Second 2850/3786 - 25 frames, 1 clips
        Second 2860/3786 - 25 frames, 1 clips
        Second 2870/3786 - 25 frames, 1 clips
        Second 2880/3786 - 25 frames, 1 clips
        Second 2890/3786 - 25 frames, 1 clips
        Second 2900/3786 - 25 frames, 1 clips
        Second 2910/3786 - 25 frames, 1 clips
        Second 2920/3786 - 25 frames, 1 clips
        Second 2930/3786 - 25 frames, 1 clips
        Second 2940/3786 - 25 frames, 1 clips
        Second 2950/3786 - 25 frames, 1 clips
        Second 2960/3786 - 25 frames, 1 clips
        Second 2970/3786 - 25 frames, 1 clips
        Second 2980/3786 - 25 frames, 1 clips
        Second 2990/3786 - 25 frames, 1 clips
        Second 3000/3786 - 25 frames, 1 clips
        Second 3010/3786 - 25 frames, 1 clips
        Second 3020/3786 - 25 frames, 1 clips
        Second 3030/3786 - 25 frames, 1 clips
        Second 3040/3786 - 25 frames, 1 clips
        Second 3050/3786 - 25 frames, 1 clips
        Second 3060/3786 - 25 frames, 1 clips
        Second 3070/3786 - 25 frames, 1 clips
        Second 3080/3786 - 25 frames, 1 clips
        Second 3090/3786 - 25 frames, 1 clips
        Second 3100/3786 - 25 frames, 1 clips
        Second 3110/3786 - 25 frames, 1 clips
        Second 3120/3786 - 25 frames, 1 clips
        Second 3130/3786 - 25 frames, 1 clips
        Second 3140/3786 - 25 frames, 1 clips
        Second 3150/3786 - 25 frames, 1 clips
        Second 3160/3786 - 25 frames, 1 clips
        Second 3170/3786 - 25 frames, 1 clips
        Second 3180/3786 - 25 frames, 1 clips
        Second 3190/3786 - 25 frames, 1 clips
        Second 3200/3786 - 25 frames, 1 clips
        Second 3210/3786 - 25 frames, 1 clips
        Second 3220/3786 - 25 frames, 1 clips
        Second 3230/3786 - 25 frames, 1 clips
        Second 3240/3786 - 25 frames, 1 clips
        Second 3250/3786 - 25 frames, 1 clips
        Second 3260/3786 - 25 frames, 1 clips
        Second 3270/3786 - 25 frames, 1 clips
        Second 3280/3786 - 25 frames, 1 clips
        Second 3290/3786 - 25 frames, 1 clips
        Second 3300/3786 - 25 frames, 1 clips
        Second 3310/3786 - 25 frames, 1 clips
        Second 3320/3786 - 25 frames, 1 clips
        Second 3330/3786 - 25 frames, 1 clips
        Second 3340/3786 - 25 frames, 1 clips
        Second 3350/3786 - 25 frames, 1 clips
        Second 3360/3786 - 25 frames, 1 clips
        Second 3370/3786 - 25 frames, 1 clips
        Second 3380/3786 - 25 frames, 1 clips
        Second 3390/3786 - 25 frames, 1 clips
        Second 3400/3786 - 25 frames, 1 clips
        Second 3410/3786 - 25 frames, 1 clips
        Second 3420/3786 - 25 frames, 1 clips
        Second 3430/3786 - 25 frames, 1 clips
        Second 3440/3786 - 25 frames, 1 clips
        Second 3450/3786 - 25 frames, 1 clips
        Second 3460/3786 - 25 frames, 1 clips
        Second 3470/3786 - 25 frames, 1 clips
        Second 3480/3786 - 25 frames, 1 clips
        Second 3490/3786 - 25 frames, 1 clips
        Second 3500/3786 - 25 frames, 1 clips
        Second 3510/3786 - 25 frames, 1 clips
        Second 3520/3786 - 25 frames, 1 clips
        Second 3530/3786 - 25 frames, 1 clips
        Second 3540/3786 - 25 frames, 1 clips
        Second 3550/3786 - 25 frames, 1 clips
        Second 3560/3786 - 25 frames, 1 clips
        Second 3570/3786 - 25 frames, 1 clips
        Second 3580/3786 - 25 frames, 1 clips
        Second 3590/3786 - 25 frames, 1 clips
        Second 3600/3786 - 25 frames, 1 clips
        Second 3610/3786 - 25 frames, 1 clips
        Second 3620/3786 - 25 frames, 1 clips
        Second 3630/3786 - 25 frames, 1 clips
        Second 3640/3786 - 25 frames, 1 clips
        Second 3650/3786 - 25 frames, 1 clips
        Second 3660/3786 - 25 frames, 1 clips
        Second 3670/3786 - 25 frames, 1 clips
        Second 3680/3786 - 25 frames, 1 clips
        Second 3690/3786 - 25 frames, 1 clips
        Second 3700/3786 - 25 frames, 1 clips
        Second 3710/3786 - 25 frames, 1 clips
        Second 3720/3786 - 25 frames, 1 clips
        Second 3730/3786 - 25 frames, 1 clips
        Second 3740/3786 - 25 frames, 1 clips
        Second 3750/3786 - 25 frames, 1 clips
        Second 3760/3786 - 25 frames, 1 clips
        Second 3770/3786 - 25 frames, 1 clips
        Second 3780/3786 - 25 frames, 1 clips
      ───────────────────────────────────────────────────────
      FEATURE EXTRACTION COMPLETE
      ───────────────────────────────────────────────────────
      Final features shape: (3786, 1024)
      Features per second: 3786
      Feature dimension: 1024
      ═══════════════════════════════════════════════════════

[ID20]   Features extracted: (3786, 1024)
[ID20] Step 2/4: Converting to binary labels and removing unwanted classes...
[ID20]   Number of seconds: 3786
      CSV columns: ['start_time', 'end_time', 'licking', 'shaking']
      CSV shape: (3840, 4)
      Video seconds: 3786
      Total rows in CSV: 3840
      Valid rows (within video duration): 3786
      Rows kept after removing shaking: 3786
[ID20]   Original seconds: 3786
[ID20]   After removing shaking/licking_shaking: 3786
[ID20] Step 3/4: Balancing classes...
      Before balancing:
        Background: 3727 samples
        Licking: 59 samples
        Ratio: 63.17:1
      After balancing:
        Background: 59 samples
        Licking: 59 samples
        Total: 118 samples
[ID20] Step 4/4: Saving processed data...
[ID20]   Saved features: /data-8tb/nvaci/dataset/dataset_Stanford/FACT_method/preprocessed_data_2class_originalFPS/features/ID20.npy
[ID20]     Shape: (118, 1024)
[ID20]     Size: 0.46 MB
[ID20]   Final label distribution:
[ID20]     - background: 59 seconds (50.0%)
[ID20]     - licking: 59 seconds (50.0%)
[ID20]   Saved labels: /data-8tb/nvaci/dataset/dataset_Stanford/FACT_method/preprocessed_data_2class_originalFPS/groundTruth/ID20.txt
[ID20] SUCCESS - Video processed successfully


================================================================================
Processing video 21/32: ID21
================================================================================
[ID21] Found label file: 25-021_ID21.csv
[ID21] Step 1/4: Extracting features (per second)...
      Opening video file...

      ═══════════════════════════════════════════════════════
      VIDEO PROPERTIES
      ═══════════════════════════════════════════════════════
      FPS detected: 25.00
      Clip length (auto): 25 frames
      Total frames: 99464
      Duration: 3978.56 seconds
      Expected seconds: 3979
      Frames per second: ~25.0
      ═══════════════════════════════════════════════════════

      Using ORIGINAL FPS with per-second aggregation
      Aggregation method: mean
      ───────────────────────────────────────────────────────
      READING ALL FRAMES FROM VIDEO
      ───────────────────────────────────────────────────────
      Progress: 500/99464 frames (0.5%)
      Progress: 1000/99464 frames (1.0%)
      Progress: 1500/99464 frames (1.5%)
      Progress: 2000/99464 frames (2.0%)
      Progress: 2500/99464 frames (2.5%)
      Progress: 3000/99464 frames (3.0%)
      Progress: 3500/99464 frames (3.5%)
      Progress: 4000/99464 frames (4.0%)
      Progress: 4500/99464 frames (4.5%)
      Progress: 5000/99464 frames (5.0%)
      Progress: 5500/99464 frames (5.5%)
      Progress: 6000/99464 frames (6.0%)
      Progress: 6500/99464 frames (6.5%)
      Progress: 7000/99464 frames (7.0%)
      Progress: 7500/99464 frames (7.5%)
      Progress: 8000/99464 frames (8.0%)
      Progress: 8500/99464 frames (8.5%)
      Progress: 9000/99464 frames (9.0%)
      Progress: 9500/99464 frames (9.6%)
      Progress: 10000/99464 frames (10.1%)
      Progress: 10500/99464 frames (10.6%)
      Progress: 11000/99464 frames (11.1%)
      Progress: 11500/99464 frames (11.6%)
      Progress: 12000/99464 frames (12.1%)
      Progress: 12500/99464 frames (12.6%)
      Progress: 13000/99464 frames (13.1%)
      Progress: 13500/99464 frames (13.6%)
      Progress: 14000/99464 frames (14.1%)
      Progress: 14500/99464 frames (14.6%)
      Progress: 15000/99464 frames (15.1%)
      Progress: 15500/99464 frames (15.6%)
      Progress: 16000/99464 frames (16.1%)
      Progress: 16500/99464 frames (16.6%)
      Progress: 17000/99464 frames (17.1%)
      Progress: 17500/99464 frames (17.6%)
      Progress: 18000/99464 frames (18.1%)
      Progress: 18500/99464 frames (18.6%)
      Progress: 19000/99464 frames (19.1%)
      Progress: 19500/99464 frames (19.6%)
      Progress: 20000/99464 frames (20.1%)
      Progress: 20500/99464 frames (20.6%)
      Progress: 21000/99464 frames (21.1%)
      Progress: 21500/99464 frames (21.6%)
      Progress: 22000/99464 frames (22.1%)
      Progress: 22500/99464 frames (22.6%)
      Progress: 23000/99464 frames (23.1%)
      Progress: 23500/99464 frames (23.6%)
      Progress: 24000/99464 frames (24.1%)
      Progress: 24500/99464 frames (24.6%)
      Progress: 25000/99464 frames (25.1%)
      Progress: 25500/99464 frames (25.6%)
      Progress: 26000/99464 frames (26.1%)
      Progress: 26500/99464 frames (26.6%)
      Progress: 27000/99464 frames (27.1%)
      Progress: 27500/99464 frames (27.6%)
      Progress: 28000/99464 frames (28.2%)
      Progress: 28500/99464 frames (28.7%)
      Progress: 29000/99464 frames (29.2%)
      Progress: 29500/99464 frames (29.7%)
      Progress: 30000/99464 frames (30.2%)
      Progress: 30500/99464 frames (30.7%)
      Progress: 31000/99464 frames (31.2%)
      Progress: 31500/99464 frames (31.7%)
      Progress: 32000/99464 frames (32.2%)
      Progress: 32500/99464 frames (32.7%)
      Progress: 33000/99464 frames (33.2%)
      Progress: 33500/99464 frames (33.7%)
      Progress: 34000/99464 frames (34.2%)
      Progress: 34500/99464 frames (34.7%)
      Progress: 35000/99464 frames (35.2%)
      Progress: 35500/99464 frames (35.7%)
      Progress: 36000/99464 frames (36.2%)
      Progress: 36500/99464 frames (36.7%)
      Progress: 37000/99464 frames (37.2%)
      Progress: 37500/99464 frames (37.7%)
      Progress: 38000/99464 frames (38.2%)
      Progress: 38500/99464 frames (38.7%)
      Progress: 39000/99464 frames (39.2%)
      Progress: 39500/99464 frames (39.7%)
      Progress: 40000/99464 frames (40.2%)
      Progress: 40500/99464 frames (40.7%)
      Progress: 41000/99464 frames (41.2%)
      Progress: 41500/99464 frames (41.7%)
      Progress: 42000/99464 frames (42.2%)
      Progress: 42500/99464 frames (42.7%)
      Progress: 43000/99464 frames (43.2%)
      Progress: 43500/99464 frames (43.7%)
      Progress: 44000/99464 frames (44.2%)
      Progress: 44500/99464 frames (44.7%)
      Progress: 45000/99464 frames (45.2%)
      Progress: 45500/99464 frames (45.7%)
      Progress: 46000/99464 frames (46.2%)
      Progress: 46500/99464 frames (46.8%)
      Progress: 47000/99464 frames (47.3%)
      Progress: 47500/99464 frames (47.8%)
      Progress: 48000/99464 frames (48.3%)
      Progress: 48500/99464 frames (48.8%)
      Progress: 49000/99464 frames (49.3%)
      Progress: 49500/99464 frames (49.8%)
      Progress: 50000/99464 frames (50.3%)
      Progress: 50500/99464 frames (50.8%)
      Progress: 51000/99464 frames (51.3%)
      Progress: 51500/99464 frames (51.8%)
      Progress: 52000/99464 frames (52.3%)
      Progress: 52500/99464 frames (52.8%)
      Progress: 53000/99464 frames (53.3%)
      Progress: 53500/99464 frames (53.8%)
      Progress: 54000/99464 frames (54.3%)
      Progress: 54500/99464 frames (54.8%)
      Progress: 55000/99464 frames (55.3%)
      Progress: 55500/99464 frames (55.8%)
      Progress: 56000/99464 frames (56.3%)
      Progress: 56500/99464 frames (56.8%)
      Progress: 57000/99464 frames (57.3%)
      Progress: 57500/99464 frames (57.8%)
      Progress: 58000/99464 frames (58.3%)
      Progress: 58500/99464 frames (58.8%)
      Progress: 59000/99464 frames (59.3%)
      Progress: 59500/99464 frames (59.8%)
      Progress: 60000/99464 frames (60.3%)
      Progress: 60500/99464 frames (60.8%)
      Progress: 61000/99464 frames (61.3%)
      Progress: 61500/99464 frames (61.8%)
      Progress: 62000/99464 frames (62.3%)
      Progress: 62500/99464 frames (62.8%)
      Progress: 63000/99464 frames (63.3%)
      Progress: 63500/99464 frames (63.8%)
      Progress: 64000/99464 frames (64.3%)
      Progress: 64500/99464 frames (64.8%)
      Progress: 65000/99464 frames (65.4%)
      Progress: 65500/99464 frames (65.9%)
      Progress: 66000/99464 frames (66.4%)
      Progress: 66500/99464 frames (66.9%)
      Progress: 67000/99464 frames (67.4%)
      Progress: 67500/99464 frames (67.9%)
      Progress: 68000/99464 frames (68.4%)
      Progress: 68500/99464 frames (68.9%)
      Progress: 69000/99464 frames (69.4%)
      Progress: 69500/99464 frames (69.9%)
      Progress: 70000/99464 frames (70.4%)
      Progress: 70500/99464 frames (70.9%)
      Progress: 71000/99464 frames (71.4%)
      Progress: 71500/99464 frames (71.9%)
      Progress: 72000/99464 frames (72.4%)
      Progress: 72500/99464 frames (72.9%)
      Progress: 73000/99464 frames (73.4%)
      Progress: 73500/99464 frames (73.9%)
      Progress: 74000/99464 frames (74.4%)
      Progress: 74500/99464 frames (74.9%)
      Progress: 75000/99464 frames (75.4%)
      Progress: 75500/99464 frames (75.9%)
      Progress: 76000/99464 frames (76.4%)
      Progress: 76500/99464 frames (76.9%)
      Progress: 77000/99464 frames (77.4%)
      Progress: 77500/99464 frames (77.9%)
      Progress: 78000/99464 frames (78.4%)
      Progress: 78500/99464 frames (78.9%)
      Progress: 79000/99464 frames (79.4%)
      Progress: 79500/99464 frames (79.9%)
      Progress: 80000/99464 frames (80.4%)
      Progress: 80500/99464 frames (80.9%)
      Progress: 81000/99464 frames (81.4%)
      Progress: 81500/99464 frames (81.9%)
      Progress: 82000/99464 frames (82.4%)
      Progress: 82500/99464 frames (82.9%)
      Progress: 83000/99464 frames (83.4%)
      Progress: 83500/99464 frames (83.9%)
      Progress: 84000/99464 frames (84.5%)
      Progress: 84500/99464 frames (85.0%)
      Progress: 85000/99464 frames (85.5%)
      Progress: 85500/99464 frames (86.0%)
      Progress: 86000/99464 frames (86.5%)
      Progress: 86500/99464 frames (87.0%)
      Progress: 87000/99464 frames (87.5%)
      Progress: 87500/99464 frames (88.0%)
      Progress: 88000/99464 frames (88.5%)
      Progress: 88500/99464 frames (89.0%)
      Progress: 89000/99464 frames (89.5%)
      Progress: 89500/99464 frames (90.0%)
      Progress: 90000/99464 frames (90.5%)
      Progress: 90500/99464 frames (91.0%)
      Progress: 91000/99464 frames (91.5%)
      Progress: 91500/99464 frames (92.0%)
      Progress: 92000/99464 frames (92.5%)
      Progress: 92500/99464 frames (93.0%)
      Progress: 93000/99464 frames (93.5%)
      Progress: 93500/99464 frames (94.0%)
      Progress: 94000/99464 frames (94.5%)
      Progress: 94500/99464 frames (95.0%)
      Progress: 95000/99464 frames (95.5%)
      Progress: 95500/99464 frames (96.0%)
      Progress: 96000/99464 frames (96.5%)
      Progress: 96500/99464 frames (97.0%)
      Progress: 97000/99464 frames (97.5%)
      Progress: 97500/99464 frames (98.0%)
      Progress: 98000/99464 frames (98.5%)
      Progress: 98500/99464 frames (99.0%)
      Progress: 99000/99464 frames (99.5%)
      ───────────────────────────────────────────────────────
      FRAME READING COMPLETE
      ───────────────────────────────────────────────────────
      Expected frames: 99464
      Frames read: 99364
      Frames missing: 100
      WARNING: 100 frames could not be read!
      ───────────────────────────────────────────────────────

      FRAMES DISTRIBUTION BY SECOND:
        Second   0:  25 frames
        Second   1:  25 frames
        Second   2:  25 frames
        Second   3:  25 frames
        Second   4:  25 frames
        Second   5:  25 frames
        Second   6:  25 frames
        Second   7:  25 frames
        Second   8:  25 frames
        Second   9:  25 frames
        ... (3969 more seconds)
      
      Frame statistics:
        Average frames/second: 25.0
        Min frames/second: 0
        Max frames/second: 25
      
      ───────────────────────────────────────────────────────
      EXTRACTING FEATURES PER SECOND
      ───────────────────────────────────────────────────────
      Total seconds to process: 3979
        Second 10/3979 - 25 frames, 1 clips
        Second 20/3979 - 25 frames, 1 clips
        Second 30/3979 - 25 frames, 1 clips
        Second 40/3979 - 25 frames, 1 clips
        Second 50/3979 - 25 frames, 1 clips
        Second 60/3979 - 25 frames, 1 clips
        Second 70/3979 - 25 frames, 1 clips
        Second 80/3979 - 25 frames, 1 clips
        Second 90/3979 - 25 frames, 1 clips
        Second 100/3979 - 25 frames, 1 clips
        Second 110/3979 - 25 frames, 1 clips
        Second 120/3979 - 25 frames, 1 clips
        Second 130/3979 - 25 frames, 1 clips
        Second 140/3979 - 25 frames, 1 clips
        Second 150/3979 - 25 frames, 1 clips
        Second 160/3979 - 25 frames, 1 clips
        Second 170/3979 - 25 frames, 1 clips
        Second 180/3979 - 25 frames, 1 clips
        Second 190/3979 - 25 frames, 1 clips
        Second 200/3979 - 25 frames, 1 clips
        Second 210/3979 - 25 frames, 1 clips
        Second 220/3979 - 25 frames, 1 clips
        Second 230/3979 - 25 frames, 1 clips
        Second 240/3979 - 25 frames, 1 clips
        Second 250/3979 - 25 frames, 1 clips
        Second 260/3979 - 25 frames, 1 clips
        Second 270/3979 - 25 frames, 1 clips
        Second 280/3979 - 25 frames, 1 clips
        Second 290/3979 - 25 frames, 1 clips
        Second 300/3979 - 25 frames, 1 clips
        Second 310/3979 - 25 frames, 1 clips
        Second 320/3979 - 25 frames, 1 clips
        Second 330/3979 - 25 frames, 1 clips
        Second 340/3979 - 25 frames, 1 clips
        Second 350/3979 - 25 frames, 1 clips
        Second 360/3979 - 25 frames, 1 clips
        Second 370/3979 - 25 frames, 1 clips
        Second 380/3979 - 25 frames, 1 clips
        Second 390/3979 - 25 frames, 1 clips
        Second 400/3979 - 25 frames, 1 clips
        Second 410/3979 - 25 frames, 1 clips
        Second 420/3979 - 25 frames, 1 clips
        Second 430/3979 - 25 frames, 1 clips
        Second 440/3979 - 25 frames, 1 clips
        Second 450/3979 - 25 frames, 1 clips
        Second 460/3979 - 25 frames, 1 clips
        Second 470/3979 - 25 frames, 1 clips
        Second 480/3979 - 25 frames, 1 clips
        Second 490/3979 - 25 frames, 1 clips
        Second 500/3979 - 25 frames, 1 clips
        Second 510/3979 - 25 frames, 1 clips
        Second 520/3979 - 25 frames, 1 clips
        Second 530/3979 - 25 frames, 1 clips
        Second 540/3979 - 25 frames, 1 clips
        Second 550/3979 - 25 frames, 1 clips
        Second 560/3979 - 25 frames, 1 clips
        Second 570/3979 - 25 frames, 1 clips
        Second 580/3979 - 25 frames, 1 clips
        Second 590/3979 - 25 frames, 1 clips
        Second 600/3979 - 25 frames, 1 clips
        Second 610/3979 - 25 frames, 1 clips
        Second 620/3979 - 25 frames, 1 clips
        Second 630/3979 - 25 frames, 1 clips
        Second 640/3979 - 25 frames, 1 clips
        Second 650/3979 - 25 frames, 1 clips
        Second 660/3979 - 25 frames, 1 clips
        Second 670/3979 - 25 frames, 1 clips
        Second 680/3979 - 25 frames, 1 clips
        Second 690/3979 - 25 frames, 1 clips
        Second 700/3979 - 25 frames, 1 clips
        Second 710/3979 - 25 frames, 1 clips
        Second 720/3979 - 25 frames, 1 clips
        Second 730/3979 - 25 frames, 1 clips
        Second 740/3979 - 25 frames, 1 clips
        Second 750/3979 - 25 frames, 1 clips
        Second 760/3979 - 25 frames, 1 clips
        Second 770/3979 - 25 frames, 1 clips
        Second 780/3979 - 25 frames, 1 clips
        Second 790/3979 - 25 frames, 1 clips
        Second 800/3979 - 25 frames, 1 clips
        Second 810/3979 - 25 frames, 1 clips
        Second 820/3979 - 25 frames, 1 clips
        Second 830/3979 - 25 frames, 1 clips
        Second 840/3979 - 25 frames, 1 clips
        Second 850/3979 - 25 frames, 1 clips
        Second 860/3979 - 25 frames, 1 clips
        Second 870/3979 - 25 frames, 1 clips
        Second 880/3979 - 25 frames, 1 clips
        Second 890/3979 - 25 frames, 1 clips
        Second 900/3979 - 25 frames, 1 clips
        Second 910/3979 - 25 frames, 1 clips
        Second 920/3979 - 25 frames, 1 clips
        Second 930/3979 - 25 frames, 1 clips
        Second 940/3979 - 25 frames, 1 clips
        Second 950/3979 - 25 frames, 1 clips
        Second 960/3979 - 25 frames, 1 clips
        Second 970/3979 - 25 frames, 1 clips
        Second 980/3979 - 25 frames, 1 clips
        Second 990/3979 - 25 frames, 1 clips
        Second 1000/3979 - 25 frames, 1 clips
        Second 1010/3979 - 25 frames, 1 clips
        Second 1020/3979 - 25 frames, 1 clips
        Second 1030/3979 - 25 frames, 1 clips
        Second 1040/3979 - 25 frames, 1 clips
        Second 1050/3979 - 25 frames, 1 clips
        Second 1060/3979 - 25 frames, 1 clips
        Second 1070/3979 - 25 frames, 1 clips
        Second 1080/3979 - 25 frames, 1 clips
        Second 1090/3979 - 25 frames, 1 clips
        Second 1100/3979 - 25 frames, 1 clips
        Second 1110/3979 - 25 frames, 1 clips
        Second 1120/3979 - 25 frames, 1 clips
        Second 1130/3979 - 25 frames, 1 clips
        Second 1140/3979 - 25 frames, 1 clips
        Second 1150/3979 - 25 frames, 1 clips
        Second 1160/3979 - 25 frames, 1 clips
        Second 1170/3979 - 25 frames, 1 clips
        Second 1180/3979 - 25 frames, 1 clips
        Second 1190/3979 - 25 frames, 1 clips
        Second 1200/3979 - 25 frames, 1 clips
        Second 1210/3979 - 25 frames, 1 clips
        Second 1220/3979 - 25 frames, 1 clips
        Second 1230/3979 - 25 frames, 1 clips
        Second 1240/3979 - 25 frames, 1 clips
        Second 1250/3979 - 25 frames, 1 clips
        Second 1260/3979 - 25 frames, 1 clips
        Second 1270/3979 - 25 frames, 1 clips
        Second 1280/3979 - 25 frames, 1 clips
        Second 1290/3979 - 25 frames, 1 clips
        Second 1300/3979 - 25 frames, 1 clips
        Second 1310/3979 - 25 frames, 1 clips
        Second 1320/3979 - 25 frames, 1 clips
        Second 1330/3979 - 25 frames, 1 clips
        Second 1340/3979 - 25 frames, 1 clips
        Second 1350/3979 - 25 frames, 1 clips
        Second 1360/3979 - 25 frames, 1 clips
        Second 1370/3979 - 25 frames, 1 clips
        Second 1380/3979 - 25 frames, 1 clips
        Second 1390/3979 - 25 frames, 1 clips
        Second 1400/3979 - 25 frames, 1 clips
        Second 1410/3979 - 25 frames, 1 clips
        Second 1420/3979 - 25 frames, 1 clips
        Second 1430/3979 - 25 frames, 1 clips
        Second 1440/3979 - 25 frames, 1 clips
        Second 1450/3979 - 25 frames, 1 clips
        Second 1460/3979 - 25 frames, 1 clips
        Second 1470/3979 - 25 frames, 1 clips
        Second 1480/3979 - 25 frames, 1 clips
        Second 1490/3979 - 25 frames, 1 clips
        Second 1500/3979 - 25 frames, 1 clips
        Second 1510/3979 - 25 frames, 1 clips
        Second 1520/3979 - 25 frames, 1 clips
        Second 1530/3979 - 25 frames, 1 clips
        Second 1540/3979 - 25 frames, 1 clips
        Second 1550/3979 - 25 frames, 1 clips
        Second 1560/3979 - 25 frames, 1 clips
        Second 1570/3979 - 25 frames, 1 clips
        Second 1580/3979 - 25 frames, 1 clips
        Second 1590/3979 - 25 frames, 1 clips
        Second 1600/3979 - 25 frames, 1 clips
        Second 1610/3979 - 25 frames, 1 clips
        Second 1620/3979 - 25 frames, 1 clips
        Second 1630/3979 - 25 frames, 1 clips
        Second 1640/3979 - 25 frames, 1 clips
        Second 1650/3979 - 25 frames, 1 clips
        Second 1660/3979 - 25 frames, 1 clips
        Second 1670/3979 - 25 frames, 1 clips
        Second 1680/3979 - 25 frames, 1 clips
        Second 1690/3979 - 25 frames, 1 clips
        Second 1700/3979 - 25 frames, 1 clips
        Second 1710/3979 - 25 frames, 1 clips
        Second 1720/3979 - 25 frames, 1 clips
        Second 1730/3979 - 25 frames, 1 clips
        Second 1740/3979 - 25 frames, 1 clips
        Second 1750/3979 - 25 frames, 1 clips
        Second 1760/3979 - 25 frames, 1 clips
        Second 1770/3979 - 25 frames, 1 clips
        Second 1780/3979 - 25 frames, 1 clips
        Second 1790/3979 - 25 frames, 1 clips
        Second 1800/3979 - 25 frames, 1 clips
        Second 1810/3979 - 25 frames, 1 clips
        Second 1820/3979 - 25 frames, 1 clips
        Second 1830/3979 - 25 frames, 1 clips
        Second 1840/3979 - 25 frames, 1 clips
        Second 1850/3979 - 25 frames, 1 clips
        Second 1860/3979 - 25 frames, 1 clips
        Second 1870/3979 - 25 frames, 1 clips
        Second 1880/3979 - 25 frames, 1 clips
        Second 1890/3979 - 25 frames, 1 clips
        Second 1900/3979 - 25 frames, 1 clips
        Second 1910/3979 - 25 frames, 1 clips
        Second 1920/3979 - 25 frames, 1 clips
        Second 1930/3979 - 25 frames, 1 clips
        Second 1940/3979 - 25 frames, 1 clips
        Second 1950/3979 - 25 frames, 1 clips
        Second 1960/3979 - 25 frames, 1 clips
        Second 1970/3979 - 25 frames, 1 clips
        Second 1980/3979 - 25 frames, 1 clips
        Second 1990/3979 - 25 frames, 1 clips
        Second 2000/3979 - 25 frames, 1 clips
        Second 2010/3979 - 25 frames, 1 clips
        Second 2020/3979 - 25 frames, 1 clips
        Second 2030/3979 - 25 frames, 1 clips
        Second 2040/3979 - 25 frames, 1 clips
        Second 2050/3979 - 25 frames, 1 clips
        Second 2060/3979 - 25 frames, 1 clips
        Second 2070/3979 - 25 frames, 1 clips
        Second 2080/3979 - 25 frames, 1 clips
        Second 2090/3979 - 25 frames, 1 clips
        Second 2100/3979 - 25 frames, 1 clips
        Second 2110/3979 - 25 frames, 1 clips
        Second 2120/3979 - 25 frames, 1 clips
        Second 2130/3979 - 25 frames, 1 clips
        Second 2140/3979 - 25 frames, 1 clips
        Second 2150/3979 - 25 frames, 1 clips
        Second 2160/3979 - 25 frames, 1 clips
        Second 2170/3979 - 25 frames, 1 clips
        Second 2180/3979 - 25 frames, 1 clips
        Second 2190/3979 - 25 frames, 1 clips
        Second 2200/3979 - 25 frames, 1 clips
        Second 2210/3979 - 25 frames, 1 clips
        Second 2220/3979 - 25 frames, 1 clips
        Second 2230/3979 - 25 frames, 1 clips
        Second 2240/3979 - 25 frames, 1 clips
        Second 2250/3979 - 25 frames, 1 clips
        Second 2260/3979 - 25 frames, 1 clips
        Second 2270/3979 - 25 frames, 1 clips
        Second 2280/3979 - 25 frames, 1 clips
        Second 2290/3979 - 25 frames, 1 clips
        Second 2300/3979 - 25 frames, 1 clips
        Second 2310/3979 - 25 frames, 1 clips
        Second 2320/3979 - 25 frames, 1 clips
        Second 2330/3979 - 25 frames, 1 clips
        Second 2340/3979 - 25 frames, 1 clips
        Second 2350/3979 - 25 frames, 1 clips
        Second 2360/3979 - 25 frames, 1 clips
        Second 2370/3979 - 25 frames, 1 clips
        Second 2380/3979 - 25 frames, 1 clips
        Second 2390/3979 - 25 frames, 1 clips
        Second 2400/3979 - 25 frames, 1 clips
        Second 2410/3979 - 25 frames, 1 clips
        Second 2420/3979 - 25 frames, 1 clips
        Second 2430/3979 - 25 frames, 1 clips
        Second 2440/3979 - 25 frames, 1 clips
        Second 2450/3979 - 25 frames, 1 clips
        Second 2460/3979 - 25 frames, 1 clips
        Second 2470/3979 - 25 frames, 1 clips
        Second 2480/3979 - 25 frames, 1 clips
        Second 2490/3979 - 25 frames, 1 clips
        Second 2500/3979 - 25 frames, 1 clips
        Second 2510/3979 - 25 frames, 1 clips
        Second 2520/3979 - 25 frames, 1 clips
        Second 2530/3979 - 25 frames, 1 clips
        Second 2540/3979 - 25 frames, 1 clips
        Second 2550/3979 - 25 frames, 1 clips
        Second 2560/3979 - 25 frames, 1 clips
        Second 2570/3979 - 25 frames, 1 clips
        Second 2580/3979 - 25 frames, 1 clips
        Second 2590/3979 - 25 frames, 1 clips
        Second 2600/3979 - 25 frames, 1 clips
        Second 2610/3979 - 25 frames, 1 clips
        Second 2620/3979 - 25 frames, 1 clips
        Second 2630/3979 - 25 frames, 1 clips
        Second 2640/3979 - 25 frames, 1 clips
        Second 2650/3979 - 25 frames, 1 clips
        Second 2660/3979 - 25 frames, 1 clips
        Second 2670/3979 - 25 frames, 1 clips
        Second 2680/3979 - 25 frames, 1 clips
        Second 2690/3979 - 25 frames, 1 clips
        Second 2700/3979 - 25 frames, 1 clips
        Second 2710/3979 - 25 frames, 1 clips
        Second 2720/3979 - 25 frames, 1 clips
        Second 2730/3979 - 25 frames, 1 clips
        Second 2740/3979 - 25 frames, 1 clips
        Second 2750/3979 - 25 frames, 1 clips
        Second 2760/3979 - 25 frames, 1 clips
        Second 2770/3979 - 25 frames, 1 clips
        Second 2780/3979 - 25 frames, 1 clips
        Second 2790/3979 - 25 frames, 1 clips
        Second 2800/3979 - 25 frames, 1 clips
        Second 2810/3979 - 25 frames, 1 clips
        Second 2820/3979 - 25 frames, 1 clips
        Second 2830/3979 - 25 frames, 1 clips
        Second 2840/3979 - 25 frames, 1 clips
        Second 2850/3979 - 25 frames, 1 clips
        Second 2860/3979 - 25 frames, 1 clips
        Second 2870/3979 - 25 frames, 1 clips
        Second 2880/3979 - 25 frames, 1 clips
        Second 2890/3979 - 25 frames, 1 clips
        Second 2900/3979 - 25 frames, 1 clips
        Second 2910/3979 - 25 frames, 1 clips
        Second 2920/3979 - 25 frames, 1 clips
        Second 2930/3979 - 25 frames, 1 clips
        Second 2940/3979 - 25 frames, 1 clips
        Second 2950/3979 - 25 frames, 1 clips
        Second 2960/3979 - 25 frames, 1 clips
        Second 2970/3979 - 25 frames, 1 clips
        Second 2980/3979 - 25 frames, 1 clips
        Second 2990/3979 - 25 frames, 1 clips
        Second 3000/3979 - 25 frames, 1 clips
        Second 3010/3979 - 25 frames, 1 clips
        Second 3020/3979 - 25 frames, 1 clips
        Second 3030/3979 - 25 frames, 1 clips
        Second 3040/3979 - 25 frames, 1 clips
        Second 3050/3979 - 25 frames, 1 clips
        Second 3060/3979 - 25 frames, 1 clips
        Second 3070/3979 - 25 frames, 1 clips
        Second 3080/3979 - 25 frames, 1 clips
        Second 3090/3979 - 25 frames, 1 clips
        Second 3100/3979 - 25 frames, 1 clips
        Second 3110/3979 - 25 frames, 1 clips
        Second 3120/3979 - 25 frames, 1 clips
        Second 3130/3979 - 25 frames, 1 clips
        Second 3140/3979 - 25 frames, 1 clips
        Second 3150/3979 - 25 frames, 1 clips
        Second 3160/3979 - 25 frames, 1 clips
        Second 3170/3979 - 25 frames, 1 clips
        Second 3180/3979 - 25 frames, 1 clips
        Second 3190/3979 - 25 frames, 1 clips
        Second 3200/3979 - 25 frames, 1 clips
        Second 3210/3979 - 25 frames, 1 clips
        Second 3220/3979 - 25 frames, 1 clips
        Second 3230/3979 - 25 frames, 1 clips
        Second 3240/3979 - 25 frames, 1 clips
        Second 3250/3979 - 25 frames, 1 clips
        Second 3260/3979 - 25 frames, 1 clips
        Second 3270/3979 - 25 frames, 1 clips
        Second 3280/3979 - 25 frames, 1 clips
        Second 3290/3979 - 25 frames, 1 clips
        Second 3300/3979 - 25 frames, 1 clips
        Second 3310/3979 - 25 frames, 1 clips
        Second 3320/3979 - 25 frames, 1 clips
        Second 3330/3979 - 25 frames, 1 clips
        Second 3340/3979 - 25 frames, 1 clips
        Second 3350/3979 - 25 frames, 1 clips
        Second 3360/3979 - 25 frames, 1 clips
        Second 3370/3979 - 25 frames, 1 clips
        Second 3380/3979 - 25 frames, 1 clips
        Second 3390/3979 - 25 frames, 1 clips
        Second 3400/3979 - 25 frames, 1 clips
        Second 3410/3979 - 25 frames, 1 clips
        Second 3420/3979 - 25 frames, 1 clips
        Second 3430/3979 - 25 frames, 1 clips
        Second 3440/3979 - 25 frames, 1 clips
        Second 3450/3979 - 25 frames, 1 clips
        Second 3460/3979 - 25 frames, 1 clips
        Second 3470/3979 - 25 frames, 1 clips
        Second 3480/3979 - 25 frames, 1 clips
        Second 3490/3979 - 25 frames, 1 clips
        Second 3500/3979 - 25 frames, 1 clips
        Second 3510/3979 - 25 frames, 1 clips
        Second 3520/3979 - 25 frames, 1 clips
        Second 3530/3979 - 25 frames, 1 clips
        Second 3540/3979 - 25 frames, 1 clips
        Second 3550/3979 - 25 frames, 1 clips
        Second 3560/3979 - 25 frames, 1 clips
        Second 3570/3979 - 25 frames, 1 clips
        Second 3580/3979 - 25 frames, 1 clips
        Second 3590/3979 - 25 frames, 1 clips
        Second 3600/3979 - 25 frames, 1 clips
        Second 3610/3979 - 25 frames, 1 clips
        Second 3620/3979 - 25 frames, 1 clips
        Second 3630/3979 - 25 frames, 1 clips
        Second 3640/3979 - 25 frames, 1 clips
        Second 3650/3979 - 25 frames, 1 clips
        Second 3660/3979 - 25 frames, 1 clips
        Second 3670/3979 - 25 frames, 1 clips
        Second 3680/3979 - 25 frames, 1 clips
        Second 3690/3979 - 25 frames, 1 clips
        Second 3700/3979 - 25 frames, 1 clips
        Second 3710/3979 - 25 frames, 1 clips
        Second 3720/3979 - 25 frames, 1 clips
        Second 3730/3979 - 25 frames, 1 clips
        Second 3740/3979 - 25 frames, 1 clips
        Second 3750/3979 - 25 frames, 1 clips
        Second 3760/3979 - 25 frames, 1 clips
        Second 3770/3979 - 25 frames, 1 clips
        Second 3780/3979 - 25 frames, 1 clips
        Second 3790/3979 - 25 frames, 1 clips
        Second 3800/3979 - 25 frames, 1 clips
        Second 3810/3979 - 25 frames, 1 clips
        Second 3820/3979 - 25 frames, 1 clips
        Second 3830/3979 - 25 frames, 1 clips
        Second 3840/3979 - 25 frames, 1 clips
        Second 3850/3979 - 25 frames, 1 clips
        Second 3860/3979 - 25 frames, 1 clips
        Second 3870/3979 - 25 frames, 1 clips
        Second 3880/3979 - 25 frames, 1 clips
        Second 3890/3979 - 25 frames, 1 clips
        Second 3900/3979 - 25 frames, 1 clips
        Second 3910/3979 - 25 frames, 1 clips
        Second 3920/3979 - 25 frames, 1 clips
        Second 3930/3979 - 25 frames, 1 clips
        Second 3940/3979 - 25 frames, 1 clips
        Second 3950/3979 - 25 frames, 1 clips
        Second 3960/3979 - 25 frames, 1 clips
        Second 3970/3979 - 25 frames, 1 clips
      ───────────────────────────────────────────────────────
      FEATURE EXTRACTION COMPLETE
      ───────────────────────────────────────────────────────
      Final features shape: (3979, 1024)
      Features per second: 3979
      Feature dimension: 1024
      ═══════════════════════════════════════════════════════

[ID21]   Features extracted: (3979, 1024)
[ID21] Step 2/4: Converting to binary labels and removing unwanted classes...
[ID21]   Number of seconds: 3979
      CSV columns: ['start_time', 'end_time', 'licking', 'shaking']
      CSV shape: (3840, 4)
      Video seconds: 3979
      Total rows in CSV: 3840
      Valid rows (within video duration): 3840
      Rows kept after removing shaking: 3811
[ID21]   Original seconds: 3979
[ID21]   After removing shaking/licking_shaking: 3811
[ID21] Step 3/4: Balancing classes...
      Before balancing:
        Background: 3375 samples
        Licking: 436 samples
        Ratio: 7.74:1
      After balancing:
        Background: 436 samples
        Licking: 436 samples
        Total: 872 samples
[ID21] Step 4/4: Saving processed data...
[ID21]   Saved features: /data-8tb/nvaci/dataset/dataset_Stanford/FACT_method/preprocessed_data_2class_originalFPS/features/ID21.npy
[ID21]     Shape: (872, 1024)
[ID21]     Size: 3.41 MB
[ID21]   Final label distribution:
[ID21]     - background: 436 seconds (50.0%)
[ID21]     - licking: 436 seconds (50.0%)
[ID21]   Saved labels: /data-8tb/nvaci/dataset/dataset_Stanford/FACT_method/preprocessed_data_2class_originalFPS/groundTruth/ID21.txt
[ID21] SUCCESS - Video processed successfully


================================================================================
Processing video 22/32: ID22
================================================================================
[ID22] Found label file: 25-021_ID22.csv
[ID22] Step 1/4: Extracting features (per second)...
      Opening video file...

      ═══════════════════════════════════════════════════════
      VIDEO PROPERTIES
      ═══════════════════════════════════════════════════════
      FPS detected: 25.00
      Clip length (auto): 25 frames
      Total frames: 98464
      Duration: 3938.56 seconds
      Expected seconds: 3939
      Frames per second: ~25.0
      ═══════════════════════════════════════════════════════

      Using ORIGINAL FPS with per-second aggregation
      Aggregation method: mean
      ───────────────────────────────────────────────────────
      READING ALL FRAMES FROM VIDEO
      ───────────────────────────────────────────────────────
      Progress: 500/98464 frames (0.5%)
      Progress: 1000/98464 frames (1.0%)
      Progress: 1500/98464 frames (1.5%)
      Progress: 2000/98464 frames (2.0%)
      Progress: 2500/98464 frames (2.5%)
      Progress: 3000/98464 frames (3.0%)
      Progress: 3500/98464 frames (3.6%)
      Progress: 4000/98464 frames (4.1%)
      Progress: 4500/98464 frames (4.6%)
      Progress: 5000/98464 frames (5.1%)
      Progress: 5500/98464 frames (5.6%)
      Progress: 6000/98464 frames (6.1%)
      Progress: 6500/98464 frames (6.6%)
      Progress: 7000/98464 frames (7.1%)
      Progress: 7500/98464 frames (7.6%)
      Progress: 8000/98464 frames (8.1%)
      Progress: 8500/98464 frames (8.6%)
      Progress: 9000/98464 frames (9.1%)
      Progress: 9500/98464 frames (9.6%)
      Progress: 10000/98464 frames (10.2%)
      Progress: 10500/98464 frames (10.7%)
      Progress: 11000/98464 frames (11.2%)
      Progress: 11500/98464 frames (11.7%)
      Progress: 12000/98464 frames (12.2%)
      Progress: 12500/98464 frames (12.7%)
      Progress: 13000/98464 frames (13.2%)
      Progress: 13500/98464 frames (13.7%)
      Progress: 14000/98464 frames (14.2%)
      Progress: 14500/98464 frames (14.7%)
      Progress: 15000/98464 frames (15.2%)
      Progress: 15500/98464 frames (15.7%)
      Progress: 16000/98464 frames (16.2%)
      Progress: 16500/98464 frames (16.8%)
      Progress: 17000/98464 frames (17.3%)
      Progress: 17500/98464 frames (17.8%)
      Progress: 18000/98464 frames (18.3%)
      Progress: 18500/98464 frames (18.8%)
      Progress: 19000/98464 frames (19.3%)
      Progress: 19500/98464 frames (19.8%)
      Progress: 20000/98464 frames (20.3%)
      Progress: 20500/98464 frames (20.8%)
      Progress: 21000/98464 frames (21.3%)
      Progress: 21500/98464 frames (21.8%)
      Progress: 22000/98464 frames (22.3%)
      Progress: 22500/98464 frames (22.9%)
      Progress: 23000/98464 frames (23.4%)
      Progress: 23500/98464 frames (23.9%)
      Progress: 24000/98464 frames (24.4%)
      Progress: 24500/98464 frames (24.9%)
      Progress: 25000/98464 frames (25.4%)
      Progress: 25500/98464 frames (25.9%)
      Progress: 26000/98464 frames (26.4%)
      Progress: 26500/98464 frames (26.9%)
      Progress: 27000/98464 frames (27.4%)
      Progress: 27500/98464 frames (27.9%)
      Progress: 28000/98464 frames (28.4%)
      Progress: 28500/98464 frames (28.9%)
      Progress: 29000/98464 frames (29.5%)
      Progress: 29500/98464 frames (30.0%)
      Progress: 30000/98464 frames (30.5%)
      Progress: 30500/98464 frames (31.0%)
      Progress: 31000/98464 frames (31.5%)
      Progress: 31500/98464 frames (32.0%)
      Progress: 32000/98464 frames (32.5%)
      Progress: 32500/98464 frames (33.0%)
      Progress: 33000/98464 frames (33.5%)
      Progress: 33500/98464 frames (34.0%)
      Progress: 34000/98464 frames (34.5%)
      Progress: 34500/98464 frames (35.0%)
      Progress: 35000/98464 frames (35.5%)
      Progress: 35500/98464 frames (36.1%)
      Progress: 36000/98464 frames (36.6%)
      Progress: 36500/98464 frames (37.1%)
      Progress: 37000/98464 frames (37.6%)
      Progress: 37500/98464 frames (38.1%)
      Progress: 38000/98464 frames (38.6%)
      Progress: 38500/98464 frames (39.1%)
      Progress: 39000/98464 frames (39.6%)
      Progress: 39500/98464 frames (40.1%)
      Progress: 40000/98464 frames (40.6%)
      Progress: 40500/98464 frames (41.1%)
      Progress: 41000/98464 frames (41.6%)
      Progress: 41500/98464 frames (42.1%)
      Progress: 42000/98464 frames (42.7%)
      Progress: 42500/98464 frames (43.2%)
      Progress: 43000/98464 frames (43.7%)
      Progress: 43500/98464 frames (44.2%)
      Progress: 44000/98464 frames (44.7%)
      Progress: 44500/98464 frames (45.2%)
      Progress: 45000/98464 frames (45.7%)
      Progress: 45500/98464 frames (46.2%)
      Progress: 46000/98464 frames (46.7%)
      Progress: 46500/98464 frames (47.2%)
      Progress: 47000/98464 frames (47.7%)
      Progress: 47500/98464 frames (48.2%)
      Progress: 48000/98464 frames (48.7%)
      Progress: 48500/98464 frames (49.3%)
      Progress: 49000/98464 frames (49.8%)
      Progress: 49500/98464 frames (50.3%)
      Progress: 50000/98464 frames (50.8%)
      Progress: 50500/98464 frames (51.3%)
      Progress: 51000/98464 frames (51.8%)
      Progress: 51500/98464 frames (52.3%)
      Progress: 52000/98464 frames (52.8%)
      Progress: 52500/98464 frames (53.3%)
      Progress: 53000/98464 frames (53.8%)
      Progress: 53500/98464 frames (54.3%)
      Progress: 54000/98464 frames (54.8%)
      Progress: 54500/98464 frames (55.4%)
      Progress: 55000/98464 frames (55.9%)
      Progress: 55500/98464 frames (56.4%)
      Progress: 56000/98464 frames (56.9%)
      Progress: 56500/98464 frames (57.4%)
      Progress: 57000/98464 frames (57.9%)
      Progress: 57500/98464 frames (58.4%)
      Progress: 58000/98464 frames (58.9%)
      Progress: 58500/98464 frames (59.4%)
      Progress: 59000/98464 frames (59.9%)
      Progress: 59500/98464 frames (60.4%)
      Progress: 60000/98464 frames (60.9%)
      Progress: 60500/98464 frames (61.4%)
      Progress: 61000/98464 frames (62.0%)
      Progress: 61500/98464 frames (62.5%)
      Progress: 62000/98464 frames (63.0%)
      Progress: 62500/98464 frames (63.5%)
      Progress: 63000/98464 frames (64.0%)
      Progress: 63500/98464 frames (64.5%)
      Progress: 64000/98464 frames (65.0%)
      Progress: 64500/98464 frames (65.5%)
      Progress: 65000/98464 frames (66.0%)
      Progress: 65500/98464 frames (66.5%)
      Progress: 66000/98464 frames (67.0%)
      Progress: 66500/98464 frames (67.5%)
      Progress: 67000/98464 frames (68.0%)
      Progress: 67500/98464 frames (68.6%)
      Progress: 68000/98464 frames (69.1%)
      Progress: 68500/98464 frames (69.6%)
      Progress: 69000/98464 frames (70.1%)
      Progress: 69500/98464 frames (70.6%)
      Progress: 70000/98464 frames (71.1%)
      Progress: 70500/98464 frames (71.6%)
      Progress: 71000/98464 frames (72.1%)
      Progress: 71500/98464 frames (72.6%)
      Progress: 72000/98464 frames (73.1%)
      Progress: 72500/98464 frames (73.6%)
      Progress: 73000/98464 frames (74.1%)
      Progress: 73500/98464 frames (74.6%)
      Progress: 74000/98464 frames (75.2%)
      Progress: 74500/98464 frames (75.7%)
      Progress: 75000/98464 frames (76.2%)
      Progress: 75500/98464 frames (76.7%)
      Progress: 76000/98464 frames (77.2%)
      Progress: 76500/98464 frames (77.7%)
      Progress: 77000/98464 frames (78.2%)
      Progress: 77500/98464 frames (78.7%)
      Progress: 78000/98464 frames (79.2%)
      Progress: 78500/98464 frames (79.7%)
      Progress: 79000/98464 frames (80.2%)
      Progress: 79500/98464 frames (80.7%)
      Progress: 80000/98464 frames (81.2%)
      Progress: 80500/98464 frames (81.8%)
      Progress: 81000/98464 frames (82.3%)
      Progress: 81500/98464 frames (82.8%)
      Progress: 82000/98464 frames (83.3%)
      Progress: 82500/98464 frames (83.8%)
      Progress: 83000/98464 frames (84.3%)
      Progress: 83500/98464 frames (84.8%)
      Progress: 84000/98464 frames (85.3%)
      Progress: 84500/98464 frames (85.8%)
      Progress: 85000/98464 frames (86.3%)
      Progress: 85500/98464 frames (86.8%)
      Progress: 86000/98464 frames (87.3%)
      Progress: 86500/98464 frames (87.8%)
      Progress: 87000/98464 frames (88.4%)
      Progress: 87500/98464 frames (88.9%)
      Progress: 88000/98464 frames (89.4%)
      Progress: 88500/98464 frames (89.9%)
      Progress: 89000/98464 frames (90.4%)
      Progress: 89500/98464 frames (90.9%)
      Progress: 90000/98464 frames (91.4%)
      Progress: 90500/98464 frames (91.9%)
      Progress: 91000/98464 frames (92.4%)
      Progress: 91500/98464 frames (92.9%)
      Progress: 92000/98464 frames (93.4%)
      Progress: 92500/98464 frames (93.9%)
      Progress: 93000/98464 frames (94.5%)
      Progress: 93500/98464 frames (95.0%)
      Progress: 94000/98464 frames (95.5%)
      Progress: 94500/98464 frames (96.0%)
      Progress: 95000/98464 frames (96.5%)
      Progress: 95500/98464 frames (97.0%)
      Progress: 96000/98464 frames (97.5%)
      Progress: 96500/98464 frames (98.0%)
      Progress: 97000/98464 frames (98.5%)
      Progress: 97500/98464 frames (99.0%)
      Progress: 98000/98464 frames (99.5%)
      ───────────────────────────────────────────────────────
      FRAME READING COMPLETE
      ───────────────────────────────────────────────────────
      Expected frames: 98464
      Frames read: 98389
      Frames missing: 75
      WARNING: 75 frames could not be read!
      ───────────────────────────────────────────────────────

      FRAMES DISTRIBUTION BY SECOND:
        Second   0:  25 frames
        Second   1:  25 frames
        Second   2:  25 frames
        Second   3:  25 frames
        Second   4:  25 frames
        Second   5:  25 frames
        Second   6:  25 frames
        Second   7:  25 frames
        Second   8:  25 frames
        Second   9:  25 frames
        ... (3929 more seconds)
      
      Frame statistics:
        Average frames/second: 25.0
        Min frames/second: 0
        Max frames/second: 25
      
      ───────────────────────────────────────────────────────
      EXTRACTING FEATURES PER SECOND
      ───────────────────────────────────────────────────────
      Total seconds to process: 3939
        Second 10/3939 - 25 frames, 1 clips
        Second 20/3939 - 25 frames, 1 clips
        Second 30/3939 - 25 frames, 1 clips
        Second 40/3939 - 25 frames, 1 clips
        Second 50/3939 - 25 frames, 1 clips
        Second 60/3939 - 25 frames, 1 clips
        Second 70/3939 - 25 frames, 1 clips
        Second 80/3939 - 25 frames, 1 clips
        Second 90/3939 - 25 frames, 1 clips
        Second 100/3939 - 25 frames, 1 clips
        Second 110/3939 - 25 frames, 1 clips
        Second 120/3939 - 25 frames, 1 clips
        Second 130/3939 - 25 frames, 1 clips
        Second 140/3939 - 25 frames, 1 clips
        Second 150/3939 - 25 frames, 1 clips
        Second 160/3939 - 25 frames, 1 clips
        Second 170/3939 - 25 frames, 1 clips
        Second 180/3939 - 25 frames, 1 clips
        Second 190/3939 - 25 frames, 1 clips
        Second 200/3939 - 25 frames, 1 clips
        Second 210/3939 - 25 frames, 1 clips
        Second 220/3939 - 25 frames, 1 clips
        Second 230/3939 - 25 frames, 1 clips
        Second 240/3939 - 25 frames, 1 clips
        Second 250/3939 - 25 frames, 1 clips
        Second 260/3939 - 25 frames, 1 clips
        Second 270/3939 - 25 frames, 1 clips
        Second 280/3939 - 25 frames, 1 clips
        Second 290/3939 - 25 frames, 1 clips
        Second 300/3939 - 25 frames, 1 clips
        Second 310/3939 - 25 frames, 1 clips
        Second 320/3939 - 25 frames, 1 clips
        Second 330/3939 - 25 frames, 1 clips
        Second 340/3939 - 25 frames, 1 clips
        Second 350/3939 - 25 frames, 1 clips
        Second 360/3939 - 25 frames, 1 clips
        Second 370/3939 - 25 frames, 1 clips
        Second 380/3939 - 25 frames, 1 clips
        Second 390/3939 - 25 frames, 1 clips
        Second 400/3939 - 25 frames, 1 clips
        Second 410/3939 - 25 frames, 1 clips
        Second 420/3939 - 25 frames, 1 clips
        Second 430/3939 - 25 frames, 1 clips
        Second 440/3939 - 25 frames, 1 clips
        Second 450/3939 - 25 frames, 1 clips
        Second 460/3939 - 25 frames, 1 clips
        Second 470/3939 - 25 frames, 1 clips
        Second 480/3939 - 25 frames, 1 clips
        Second 490/3939 - 25 frames, 1 clips
        Second 500/3939 - 25 frames, 1 clips
        Second 510/3939 - 25 frames, 1 clips
        Second 520/3939 - 25 frames, 1 clips
        Second 530/3939 - 25 frames, 1 clips
        Second 540/3939 - 25 frames, 1 clips
        Second 550/3939 - 25 frames, 1 clips
        Second 560/3939 - 25 frames, 1 clips
        Second 570/3939 - 25 frames, 1 clips
        Second 580/3939 - 25 frames, 1 clips
        Second 590/3939 - 25 frames, 1 clips
        Second 600/3939 - 25 frames, 1 clips
        Second 610/3939 - 25 frames, 1 clips
        Second 620/3939 - 25 frames, 1 clips
        Second 630/3939 - 25 frames, 1 clips
        Second 640/3939 - 25 frames, 1 clips
        Second 650/3939 - 25 frames, 1 clips
        Second 660/3939 - 25 frames, 1 clips
        Second 670/3939 - 25 frames, 1 clips
        Second 680/3939 - 25 frames, 1 clips
        Second 690/3939 - 25 frames, 1 clips
        Second 700/3939 - 25 frames, 1 clips
        Second 710/3939 - 25 frames, 1 clips
        Second 720/3939 - 25 frames, 1 clips
        Second 730/3939 - 25 frames, 1 clips
        Second 740/3939 - 25 frames, 1 clips
        Second 750/3939 - 25 frames, 1 clips
        Second 760/3939 - 25 frames, 1 clips
        Second 770/3939 - 25 frames, 1 clips
        Second 780/3939 - 25 frames, 1 clips
        Second 790/3939 - 25 frames, 1 clips
        Second 800/3939 - 25 frames, 1 clips
        Second 810/3939 - 25 frames, 1 clips
        Second 820/3939 - 25 frames, 1 clips
        Second 830/3939 - 25 frames, 1 clips
        Second 840/3939 - 25 frames, 1 clips
        Second 850/3939 - 25 frames, 1 clips
        Second 860/3939 - 25 frames, 1 clips
        Second 870/3939 - 25 frames, 1 clips
        Second 880/3939 - 25 frames, 1 clips
        Second 890/3939 - 25 frames, 1 clips
        Second 900/3939 - 25 frames, 1 clips
        Second 910/3939 - 25 frames, 1 clips
        Second 920/3939 - 25 frames, 1 clips
        Second 930/3939 - 25 frames, 1 clips
        Second 940/3939 - 25 frames, 1 clips
        Second 950/3939 - 25 frames, 1 clips
        Second 960/3939 - 25 frames, 1 clips
        Second 970/3939 - 25 frames, 1 clips
        Second 980/3939 - 25 frames, 1 clips
        Second 990/3939 - 25 frames, 1 clips
        Second 1000/3939 - 25 frames, 1 clips
        Second 1010/3939 - 25 frames, 1 clips
        Second 1020/3939 - 25 frames, 1 clips
        Second 1030/3939 - 25 frames, 1 clips
        Second 1040/3939 - 25 frames, 1 clips
        Second 1050/3939 - 25 frames, 1 clips
        Second 1060/3939 - 25 frames, 1 clips
        Second 1070/3939 - 25 frames, 1 clips
        Second 1080/3939 - 25 frames, 1 clips
        Second 1090/3939 - 25 frames, 1 clips
        Second 1100/3939 - 25 frames, 1 clips
        Second 1110/3939 - 25 frames, 1 clips
        Second 1120/3939 - 25 frames, 1 clips
        Second 1130/3939 - 25 frames, 1 clips
        Second 1140/3939 - 25 frames, 1 clips
        Second 1150/3939 - 25 frames, 1 clips
        Second 1160/3939 - 25 frames, 1 clips
        Second 1170/3939 - 25 frames, 1 clips
        Second 1180/3939 - 25 frames, 1 clips
        Second 1190/3939 - 25 frames, 1 clips
        Second 1200/3939 - 25 frames, 1 clips
        Second 1210/3939 - 25 frames, 1 clips
        Second 1220/3939 - 25 frames, 1 clips
        Second 1230/3939 - 25 frames, 1 clips
        Second 1240/3939 - 25 frames, 1 clips
        Second 1250/3939 - 25 frames, 1 clips
        Second 1260/3939 - 25 frames, 1 clips
        Second 1270/3939 - 25 frames, 1 clips
        Second 1280/3939 - 25 frames, 1 clips
        Second 1290/3939 - 25 frames, 1 clips
        Second 1300/3939 - 25 frames, 1 clips
        Second 1310/3939 - 25 frames, 1 clips
        Second 1320/3939 - 25 frames, 1 clips
        Second 1330/3939 - 25 frames, 1 clips
        Second 1340/3939 - 25 frames, 1 clips
        Second 1350/3939 - 25 frames, 1 clips
        Second 1360/3939 - 25 frames, 1 clips
        Second 1370/3939 - 25 frames, 1 clips
        Second 1380/3939 - 25 frames, 1 clips
        Second 1390/3939 - 25 frames, 1 clips
        Second 1400/3939 - 25 frames, 1 clips
        Second 1410/3939 - 25 frames, 1 clips
        Second 1420/3939 - 25 frames, 1 clips
        Second 1430/3939 - 25 frames, 1 clips
        Second 1440/3939 - 25 frames, 1 clips
        Second 1450/3939 - 25 frames, 1 clips
        Second 1460/3939 - 25 frames, 1 clips
        Second 1470/3939 - 25 frames, 1 clips
        Second 1480/3939 - 25 frames, 1 clips
        Second 1490/3939 - 25 frames, 1 clips
        Second 1500/3939 - 25 frames, 1 clips
        Second 1510/3939 - 25 frames, 1 clips
        Second 1520/3939 - 25 frames, 1 clips
        Second 1530/3939 - 25 frames, 1 clips
        Second 1540/3939 - 25 frames, 1 clips
        Second 1550/3939 - 25 frames, 1 clips
        Second 1560/3939 - 25 frames, 1 clips
        Second 1570/3939 - 25 frames, 1 clips
        Second 1580/3939 - 25 frames, 1 clips
        Second 1590/3939 - 25 frames, 1 clips
        Second 1600/3939 - 25 frames, 1 clips
        Second 1610/3939 - 25 frames, 1 clips
        Second 1620/3939 - 25 frames, 1 clips
        Second 1630/3939 - 25 frames, 1 clips
        Second 1640/3939 - 25 frames, 1 clips
        Second 1650/3939 - 25 frames, 1 clips
        Second 1660/3939 - 25 frames, 1 clips
        Second 1670/3939 - 25 frames, 1 clips
        Second 1680/3939 - 25 frames, 1 clips
        Second 1690/3939 - 25 frames, 1 clips
        Second 1700/3939 - 25 frames, 1 clips
        Second 1710/3939 - 25 frames, 1 clips
        Second 1720/3939 - 25 frames, 1 clips
        Second 1730/3939 - 25 frames, 1 clips
        Second 1740/3939 - 25 frames, 1 clips
        Second 1750/3939 - 25 frames, 1 clips
        Second 1760/3939 - 25 frames, 1 clips
        Second 1770/3939 - 25 frames, 1 clips
        Second 1780/3939 - 25 frames, 1 clips
        Second 1790/3939 - 25 frames, 1 clips
        Second 1800/3939 - 25 frames, 1 clips
        Second 1810/3939 - 25 frames, 1 clips
        Second 1820/3939 - 25 frames, 1 clips
        Second 1830/3939 - 25 frames, 1 clips
        Second 1840/3939 - 25 frames, 1 clips
        Second 1850/3939 - 25 frames, 1 clips
        Second 1860/3939 - 25 frames, 1 clips
        Second 1870/3939 - 25 frames, 1 clips
        Second 1880/3939 - 25 frames, 1 clips
        Second 1890/3939 - 25 frames, 1 clips
        Second 1900/3939 - 25 frames, 1 clips
        Second 1910/3939 - 25 frames, 1 clips
        Second 1920/3939 - 25 frames, 1 clips
        Second 1930/3939 - 25 frames, 1 clips
        Second 1940/3939 - 25 frames, 1 clips
        Second 1950/3939 - 25 frames, 1 clips
        Second 1960/3939 - 25 frames, 1 clips
        Second 1970/3939 - 25 frames, 1 clips
        Second 1980/3939 - 25 frames, 1 clips
        Second 1990/3939 - 25 frames, 1 clips
        Second 2000/3939 - 25 frames, 1 clips
        Second 2010/3939 - 25 frames, 1 clips
        Second 2020/3939 - 25 frames, 1 clips
        Second 2030/3939 - 25 frames, 1 clips
        Second 2040/3939 - 25 frames, 1 clips
        Second 2050/3939 - 25 frames, 1 clips
        Second 2060/3939 - 25 frames, 1 clips
        Second 2070/3939 - 25 frames, 1 clips
        Second 2080/3939 - 25 frames, 1 clips
        Second 2090/3939 - 25 frames, 1 clips
        Second 2100/3939 - 25 frames, 1 clips
        Second 2110/3939 - 25 frames, 1 clips
        Second 2120/3939 - 25 frames, 1 clips
        Second 2130/3939 - 25 frames, 1 clips
        Second 2140/3939 - 25 frames, 1 clips
        Second 2150/3939 - 25 frames, 1 clips
        Second 2160/3939 - 25 frames, 1 clips
        Second 2170/3939 - 25 frames, 1 clips
        Second 2180/3939 - 25 frames, 1 clips
        Second 2190/3939 - 25 frames, 1 clips
        Second 2200/3939 - 25 frames, 1 clips
        Second 2210/3939 - 25 frames, 1 clips
        Second 2220/3939 - 25 frames, 1 clips
        Second 2230/3939 - 25 frames, 1 clips
        Second 2240/3939 - 25 frames, 1 clips
        Second 2250/3939 - 25 frames, 1 clips
        Second 2260/3939 - 25 frames, 1 clips
        Second 2270/3939 - 25 frames, 1 clips
        Second 2280/3939 - 25 frames, 1 clips
        Second 2290/3939 - 25 frames, 1 clips
        Second 2300/3939 - 25 frames, 1 clips
        Second 2310/3939 - 25 frames, 1 clips
        Second 2320/3939 - 25 frames, 1 clips
        Second 2330/3939 - 25 frames, 1 clips
        Second 2340/3939 - 25 frames, 1 clips
        Second 2350/3939 - 25 frames, 1 clips
        Second 2360/3939 - 25 frames, 1 clips
        Second 2370/3939 - 25 frames, 1 clips
        Second 2380/3939 - 25 frames, 1 clips
        Second 2390/3939 - 25 frames, 1 clips
        Second 2400/3939 - 25 frames, 1 clips
        Second 2410/3939 - 25 frames, 1 clips
        Second 2420/3939 - 25 frames, 1 clips
        Second 2430/3939 - 25 frames, 1 clips
        Second 2440/3939 - 25 frames, 1 clips
        Second 2450/3939 - 25 frames, 1 clips
        Second 2460/3939 - 25 frames, 1 clips
        Second 2470/3939 - 25 frames, 1 clips
        Second 2480/3939 - 25 frames, 1 clips
        Second 2490/3939 - 25 frames, 1 clips
        Second 2500/3939 - 25 frames, 1 clips
        Second 2510/3939 - 25 frames, 1 clips
        Second 2520/3939 - 25 frames, 1 clips
        Second 2530/3939 - 25 frames, 1 clips
        Second 2540/3939 - 25 frames, 1 clips
        Second 2550/3939 - 25 frames, 1 clips
        Second 2560/3939 - 25 frames, 1 clips
        Second 2570/3939 - 25 frames, 1 clips
        Second 2580/3939 - 25 frames, 1 clips
        Second 2590/3939 - 25 frames, 1 clips
        Second 2600/3939 - 25 frames, 1 clips
        Second 2610/3939 - 25 frames, 1 clips
        Second 2620/3939 - 25 frames, 1 clips
        Second 2630/3939 - 25 frames, 1 clips
        Second 2640/3939 - 25 frames, 1 clips
        Second 2650/3939 - 25 frames, 1 clips
        Second 2660/3939 - 25 frames, 1 clips
        Second 2670/3939 - 25 frames, 1 clips
        Second 2680/3939 - 25 frames, 1 clips
        Second 2690/3939 - 25 frames, 1 clips
        Second 2700/3939 - 25 frames, 1 clips
        Second 2710/3939 - 25 frames, 1 clips
        Second 2720/3939 - 25 frames, 1 clips
        Second 2730/3939 - 25 frames, 1 clips
        Second 2740/3939 - 25 frames, 1 clips
        Second 2750/3939 - 25 frames, 1 clips
        Second 2760/3939 - 25 frames, 1 clips
        Second 2770/3939 - 25 frames, 1 clips
        Second 2780/3939 - 25 frames, 1 clips
        Second 2790/3939 - 25 frames, 1 clips
        Second 2800/3939 - 25 frames, 1 clips
        Second 2810/3939 - 25 frames, 1 clips
        Second 2820/3939 - 25 frames, 1 clips
        Second 2830/3939 - 25 frames, 1 clips
        Second 2840/3939 - 25 frames, 1 clips
        Second 2850/3939 - 25 frames, 1 clips
        Second 2860/3939 - 25 frames, 1 clips
        Second 2870/3939 - 25 frames, 1 clips
        Second 2880/3939 - 25 frames, 1 clips
        Second 2890/3939 - 25 frames, 1 clips
        Second 2900/3939 - 25 frames, 1 clips
        Second 2910/3939 - 25 frames, 1 clips
        Second 2920/3939 - 25 frames, 1 clips
        Second 2930/3939 - 25 frames, 1 clips
        Second 2940/3939 - 25 frames, 1 clips
        Second 2950/3939 - 25 frames, 1 clips
        Second 2960/3939 - 25 frames, 1 clips
        Second 2970/3939 - 25 frames, 1 clips
        Second 2980/3939 - 25 frames, 1 clips
        Second 2990/3939 - 25 frames, 1 clips
        Second 3000/3939 - 25 frames, 1 clips
        Second 3010/3939 - 25 frames, 1 clips
        Second 3020/3939 - 25 frames, 1 clips
        Second 3030/3939 - 25 frames, 1 clips
        Second 3040/3939 - 25 frames, 1 clips
        Second 3050/3939 - 25 frames, 1 clips
        Second 3060/3939 - 25 frames, 1 clips
        Second 3070/3939 - 25 frames, 1 clips
        Second 3080/3939 - 25 frames, 1 clips
        Second 3090/3939 - 25 frames, 1 clips
        Second 3100/3939 - 25 frames, 1 clips
        Second 3110/3939 - 25 frames, 1 clips
        Second 3120/3939 - 25 frames, 1 clips
        Second 3130/3939 - 25 frames, 1 clips
        Second 3140/3939 - 25 frames, 1 clips
        Second 3150/3939 - 25 frames, 1 clips
        Second 3160/3939 - 25 frames, 1 clips
        Second 3170/3939 - 25 frames, 1 clips
        Second 3180/3939 - 25 frames, 1 clips
        Second 3190/3939 - 25 frames, 1 clips
        Second 3200/3939 - 25 frames, 1 clips
        Second 3210/3939 - 25 frames, 1 clips
        Second 3220/3939 - 25 frames, 1 clips
        Second 3230/3939 - 25 frames, 1 clips
        Second 3240/3939 - 25 frames, 1 clips
        Second 3250/3939 - 25 frames, 1 clips
        Second 3260/3939 - 25 frames, 1 clips
        Second 3270/3939 - 25 frames, 1 clips
        Second 3280/3939 - 25 frames, 1 clips
        Second 3290/3939 - 25 frames, 1 clips
        Second 3300/3939 - 25 frames, 1 clips
        Second 3310/3939 - 25 frames, 1 clips
        Second 3320/3939 - 25 frames, 1 clips
        Second 3330/3939 - 25 frames, 1 clips
        Second 3340/3939 - 25 frames, 1 clips
        Second 3350/3939 - 25 frames, 1 clips
        Second 3360/3939 - 25 frames, 1 clips
        Second 3370/3939 - 25 frames, 1 clips
        Second 3380/3939 - 25 frames, 1 clips
        Second 3390/3939 - 25 frames, 1 clips
        Second 3400/3939 - 25 frames, 1 clips
        Second 3410/3939 - 25 frames, 1 clips
        Second 3420/3939 - 25 frames, 1 clips
        Second 3430/3939 - 25 frames, 1 clips
        Second 3440/3939 - 25 frames, 1 clips
        Second 3450/3939 - 25 frames, 1 clips
        Second 3460/3939 - 25 frames, 1 clips
        Second 3470/3939 - 25 frames, 1 clips
        Second 3480/3939 - 25 frames, 1 clips
        Second 3490/3939 - 25 frames, 1 clips
        Second 3500/3939 - 25 frames, 1 clips
        Second 3510/3939 - 25 frames, 1 clips
        Second 3520/3939 - 25 frames, 1 clips
        Second 3530/3939 - 25 frames, 1 clips
        Second 3540/3939 - 25 frames, 1 clips
        Second 3550/3939 - 25 frames, 1 clips
        Second 3560/3939 - 25 frames, 1 clips
        Second 3570/3939 - 25 frames, 1 clips
        Second 3580/3939 - 25 frames, 1 clips
        Second 3590/3939 - 25 frames, 1 clips
        Second 3600/3939 - 25 frames, 1 clips
        Second 3610/3939 - 25 frames, 1 clips
        Second 3620/3939 - 25 frames, 1 clips
        Second 3630/3939 - 25 frames, 1 clips
        Second 3640/3939 - 25 frames, 1 clips
        Second 3650/3939 - 25 frames, 1 clips
        Second 3660/3939 - 25 frames, 1 clips
        Second 3670/3939 - 25 frames, 1 clips
        Second 3680/3939 - 25 frames, 1 clips
        Second 3690/3939 - 25 frames, 1 clips
        Second 3700/3939 - 25 frames, 1 clips
        Second 3710/3939 - 25 frames, 1 clips
        Second 3720/3939 - 25 frames, 1 clips
        Second 3730/3939 - 25 frames, 1 clips
        Second 3740/3939 - 25 frames, 1 clips
        Second 3750/3939 - 25 frames, 1 clips
        Second 3760/3939 - 25 frames, 1 clips
        Second 3770/3939 - 25 frames, 1 clips
        Second 3780/3939 - 25 frames, 1 clips
        Second 3790/3939 - 25 frames, 1 clips
        Second 3800/3939 - 25 frames, 1 clips
        Second 3810/3939 - 25 frames, 1 clips
        Second 3820/3939 - 25 frames, 1 clips
        Second 3830/3939 - 25 frames, 1 clips
        Second 3840/3939 - 25 frames, 1 clips
        Second 3850/3939 - 25 frames, 1 clips
        Second 3860/3939 - 25 frames, 1 clips
        Second 3870/3939 - 25 frames, 1 clips
        Second 3880/3939 - 25 frames, 1 clips
        Second 3890/3939 - 25 frames, 1 clips
        Second 3900/3939 - 25 frames, 1 clips
        Second 3910/3939 - 25 frames, 1 clips
        Second 3920/3939 - 25 frames, 1 clips
        Second 3930/3939 - 25 frames, 1 clips
      ───────────────────────────────────────────────────────
      FEATURE EXTRACTION COMPLETE
      ───────────────────────────────────────────────────────
      Final features shape: (3939, 1024)
      Features per second: 3939
      Feature dimension: 1024
      ═══════════════════════════════════════════════════════

[ID22]   Features extracted: (3939, 1024)
[ID22] Step 2/4: Converting to binary labels and removing unwanted classes...
[ID22]   Number of seconds: 3939
      CSV columns: ['start_time', 'end_time', 'licking', 'shaking']
      CSV shape: (3840, 4)
      Video seconds: 3939
      Total rows in CSV: 3840
      Valid rows (within video duration): 3840
      Rows kept after removing shaking: 3827
[ID22]   Original seconds: 3939
[ID22]   After removing shaking/licking_shaking: 3827
[ID22] Step 3/4: Balancing classes...
      Before balancing:
        Background: 2932 samples
        Licking: 895 samples
        Ratio: 3.28:1
      After balancing:
        Background: 895 samples
        Licking: 895 samples
        Total: 1790 samples
[ID22] Step 4/4: Saving processed data...
[ID22]   Saved features: /data-8tb/nvaci/dataset/dataset_Stanford/FACT_method/preprocessed_data_2class_originalFPS/features/ID22.npy
[ID22]     Shape: (1790, 1024)
[ID22]     Size: 6.99 MB
[ID22]   Final label distribution:
[ID22]     - background: 895 seconds (50.0%)
[ID22]     - licking: 895 seconds (50.0%)
[ID22]   Saved labels: /data-8tb/nvaci/dataset/dataset_Stanford/FACT_method/preprocessed_data_2class_originalFPS/groundTruth/ID22.txt
[ID22] SUCCESS - Video processed successfully


================================================================================
Processing video 23/32: ID23
================================================================================
[ID23] Found label file: 25-021_ID23.csv
[ID23] Step 1/4: Extracting features (per second)...
      Opening video file...

      ═══════════════════════════════════════════════════════
      VIDEO PROPERTIES
      ═══════════════════════════════════════════════════════
      FPS detected: 25.00
      Clip length (auto): 25 frames
      Total frames: 97464
      Duration: 3898.56 seconds
      Expected seconds: 3899
      Frames per second: ~25.0
      ═══════════════════════════════════════════════════════

      Using ORIGINAL FPS with per-second aggregation
      Aggregation method: mean
      ───────────────────────────────────────────────────────
      READING ALL FRAMES FROM VIDEO
      ───────────────────────────────────────────────────────
      Progress: 500/97464 frames (0.5%)
      Progress: 1000/97464 frames (1.0%)
      Progress: 1500/97464 frames (1.5%)
      Progress: 2000/97464 frames (2.1%)
      Progress: 2500/97464 frames (2.6%)
      Progress: 3000/97464 frames (3.1%)
      Progress: 3500/97464 frames (3.6%)
      Progress: 4000/97464 frames (4.1%)
      Progress: 4500/97464 frames (4.6%)
      Progress: 5000/97464 frames (5.1%)
      Progress: 5500/97464 frames (5.6%)
      Progress: 6000/97464 frames (6.2%)
      Progress: 6500/97464 frames (6.7%)
      Progress: 7000/97464 frames (7.2%)
      Progress: 7500/97464 frames (7.7%)
      Progress: 8000/97464 frames (8.2%)
      Progress: 8500/97464 frames (8.7%)
      Progress: 9000/97464 frames (9.2%)
      Progress: 9500/97464 frames (9.7%)
      Progress: 10000/97464 frames (10.3%)
      Progress: 10500/97464 frames (10.8%)
      Progress: 11000/97464 frames (11.3%)
      Progress: 11500/97464 frames (11.8%)
      Progress: 12000/97464 frames (12.3%)
      Progress: 12500/97464 frames (12.8%)
      Progress: 13000/97464 frames (13.3%)
      Progress: 13500/97464 frames (13.9%)
      Progress: 14000/97464 frames (14.4%)
      Progress: 14500/97464 frames (14.9%)
      Progress: 15000/97464 frames (15.4%)
      Progress: 15500/97464 frames (15.9%)
      Progress: 16000/97464 frames (16.4%)
      Progress: 16500/97464 frames (16.9%)
      Progress: 17000/97464 frames (17.4%)
      Progress: 17500/97464 frames (18.0%)
      Progress: 18000/97464 frames (18.5%)
      Progress: 18500/97464 frames (19.0%)
      Progress: 19000/97464 frames (19.5%)
      Progress: 19500/97464 frames (20.0%)
      Progress: 20000/97464 frames (20.5%)
      Progress: 20500/97464 frames (21.0%)
      Progress: 21000/97464 frames (21.5%)
      Progress: 21500/97464 frames (22.1%)
      Progress: 22000/97464 frames (22.6%)
      Progress: 22500/97464 frames (23.1%)
      Progress: 23000/97464 frames (23.6%)
      Progress: 23500/97464 frames (24.1%)
      Progress: 24000/97464 frames (24.6%)
      Progress: 24500/97464 frames (25.1%)
      Progress: 25000/97464 frames (25.7%)
      Progress: 25500/97464 frames (26.2%)
      Progress: 26000/97464 frames (26.7%)
      Progress: 26500/97464 frames (27.2%)
      Progress: 27000/97464 frames (27.7%)
      Progress: 27500/97464 frames (28.2%)
      Progress: 28000/97464 frames (28.7%)
      Progress: 28500/97464 frames (29.2%)
      Progress: 29000/97464 frames (29.8%)
      Progress: 29500/97464 frames (30.3%)
      Progress: 30000/97464 frames (30.8%)
      Progress: 30500/97464 frames (31.3%)
      Progress: 31000/97464 frames (31.8%)
      Progress: 31500/97464 frames (32.3%)
      Progress: 32000/97464 frames (32.8%)
      Progress: 32500/97464 frames (33.3%)
      Progress: 33000/97464 frames (33.9%)
      Progress: 33500/97464 frames (34.4%)
      Progress: 34000/97464 frames (34.9%)
      Progress: 34500/97464 frames (35.4%)
      Progress: 35000/97464 frames (35.9%)
      Progress: 35500/97464 frames (36.4%)
      Progress: 36000/97464 frames (36.9%)
      Progress: 36500/97464 frames (37.4%)
      Progress: 37000/97464 frames (38.0%)
      Progress: 37500/97464 frames (38.5%)
      Progress: 38000/97464 frames (39.0%)
      Progress: 38500/97464 frames (39.5%)
      Progress: 39000/97464 frames (40.0%)
      Progress: 39500/97464 frames (40.5%)
      Progress: 40000/97464 frames (41.0%)
      Progress: 40500/97464 frames (41.6%)
      Progress: 41000/97464 frames (42.1%)
      Progress: 41500/97464 frames (42.6%)
      Progress: 42000/97464 frames (43.1%)
      Progress: 42500/97464 frames (43.6%)
      Progress: 43000/97464 frames (44.1%)
      Progress: 43500/97464 frames (44.6%)
      Progress: 44000/97464 frames (45.1%)
      Progress: 44500/97464 frames (45.7%)
      Progress: 45000/97464 frames (46.2%)
      Progress: 45500/97464 frames (46.7%)
      Progress: 46000/97464 frames (47.2%)
      Progress: 46500/97464 frames (47.7%)
      Progress: 47000/97464 frames (48.2%)
      Progress: 47500/97464 frames (48.7%)
      Progress: 48000/97464 frames (49.2%)
      Progress: 48500/97464 frames (49.8%)
      Progress: 49000/97464 frames (50.3%)
      Progress: 49500/97464 frames (50.8%)
      Progress: 50000/97464 frames (51.3%)
      Progress: 50500/97464 frames (51.8%)
      Progress: 51000/97464 frames (52.3%)
      Progress: 51500/97464 frames (52.8%)
      Progress: 52000/97464 frames (53.4%)
      Progress: 52500/97464 frames (53.9%)
      Progress: 53000/97464 frames (54.4%)
      Progress: 53500/97464 frames (54.9%)
      Progress: 54000/97464 frames (55.4%)
      Progress: 54500/97464 frames (55.9%)
      Progress: 55000/97464 frames (56.4%)
      Progress: 55500/97464 frames (56.9%)
      Progress: 56000/97464 frames (57.5%)
      Progress: 56500/97464 frames (58.0%)
      Progress: 57000/97464 frames (58.5%)
      Progress: 57500/97464 frames (59.0%)
      Progress: 58000/97464 frames (59.5%)
      Progress: 58500/97464 frames (60.0%)
      Progress: 59000/97464 frames (60.5%)
      Progress: 59500/97464 frames (61.0%)
      Progress: 60000/97464 frames (61.6%)
      Progress: 60500/97464 frames (62.1%)
      Progress: 61000/97464 frames (62.6%)
      Progress: 61500/97464 frames (63.1%)
      Progress: 62000/97464 frames (63.6%)
      Progress: 62500/97464 frames (64.1%)
      Progress: 63000/97464 frames (64.6%)
      Progress: 63500/97464 frames (65.2%)
      Progress: 64000/97464 frames (65.7%)
      Progress: 64500/97464 frames (66.2%)
      Progress: 65000/97464 frames (66.7%)
      Progress: 65500/97464 frames (67.2%)
      Progress: 66000/97464 frames (67.7%)
      Progress: 66500/97464 frames (68.2%)
      Progress: 67000/97464 frames (68.7%)
      Progress: 67500/97464 frames (69.3%)
      Progress: 68000/97464 frames (69.8%)
      Progress: 68500/97464 frames (70.3%)
      Progress: 69000/97464 frames (70.8%)
      Progress: 69500/97464 frames (71.3%)
      Progress: 70000/97464 frames (71.8%)
      Progress: 70500/97464 frames (72.3%)
      Progress: 71000/97464 frames (72.8%)
      Progress: 71500/97464 frames (73.4%)
      Progress: 72000/97464 frames (73.9%)
      Progress: 72500/97464 frames (74.4%)
      Progress: 73000/97464 frames (74.9%)
      Progress: 73500/97464 frames (75.4%)
      Progress: 74000/97464 frames (75.9%)
      Progress: 74500/97464 frames (76.4%)
      Progress: 75000/97464 frames (77.0%)
      Progress: 75500/97464 frames (77.5%)
      Progress: 76000/97464 frames (78.0%)
      Progress: 76500/97464 frames (78.5%)
      Progress: 77000/97464 frames (79.0%)
      Progress: 77500/97464 frames (79.5%)
      Progress: 78000/97464 frames (80.0%)
      Progress: 78500/97464 frames (80.5%)
      Progress: 79000/97464 frames (81.1%)
      Progress: 79500/97464 frames (81.6%)
      Progress: 80000/97464 frames (82.1%)
      Progress: 80500/97464 frames (82.6%)
      Progress: 81000/97464 frames (83.1%)
      Progress: 81500/97464 frames (83.6%)
      Progress: 82000/97464 frames (84.1%)
      Progress: 82500/97464 frames (84.6%)
      Progress: 83000/97464 frames (85.2%)
      Progress: 83500/97464 frames (85.7%)
      Progress: 84000/97464 frames (86.2%)
      Progress: 84500/97464 frames (86.7%)
      Progress: 85000/97464 frames (87.2%)
      Progress: 85500/97464 frames (87.7%)
      Progress: 86000/97464 frames (88.2%)
      Progress: 86500/97464 frames (88.8%)
      Progress: 87000/97464 frames (89.3%)
      Progress: 87500/97464 frames (89.8%)
      Progress: 88000/97464 frames (90.3%)
      Progress: 88500/97464 frames (90.8%)
      Progress: 89000/97464 frames (91.3%)
      Progress: 89500/97464 frames (91.8%)
      Progress: 90000/97464 frames (92.3%)
      Progress: 90500/97464 frames (92.9%)
      Progress: 91000/97464 frames (93.4%)
      Progress: 91500/97464 frames (93.9%)
      Progress: 92000/97464 frames (94.4%)
      Progress: 92500/97464 frames (94.9%)
      Progress: 93000/97464 frames (95.4%)
      Progress: 93500/97464 frames (95.9%)
      Progress: 94000/97464 frames (96.4%)
      Progress: 94500/97464 frames (97.0%)
      Progress: 95000/97464 frames (97.5%)
      Progress: 95500/97464 frames (98.0%)
      Progress: 96000/97464 frames (98.5%)
      Progress: 96500/97464 frames (99.0%)
      Progress: 97000/97464 frames (99.5%)
      ───────────────────────────────────────────────────────
      FRAME READING COMPLETE
      ───────────────────────────────────────────────────────
      Expected frames: 97464
      Frames read: 97314
      Frames missing: 150
      WARNING: 150 frames could not be read!
      ───────────────────────────────────────────────────────

      FRAMES DISTRIBUTION BY SECOND:
        Second   0:  25 frames
        Second   1:  25 frames
        Second   2:  25 frames
        Second   3:  25 frames
        Second   4:  25 frames
        Second   5:  25 frames
        Second   6:  25 frames
        Second   7:  25 frames
        Second   8:  25 frames
        Second   9:  25 frames
        ... (3889 more seconds)
      
      Frame statistics:
        Average frames/second: 25.0
        Min frames/second: 0
        Max frames/second: 25
      
      ───────────────────────────────────────────────────────
      EXTRACTING FEATURES PER SECOND
      ───────────────────────────────────────────────────────
      Total seconds to process: 3899
        Second 10/3899 - 25 frames, 1 clips
        Second 20/3899 - 25 frames, 1 clips
        Second 30/3899 - 25 frames, 1 clips
        Second 40/3899 - 25 frames, 1 clips
        Second 50/3899 - 25 frames, 1 clips
        Second 60/3899 - 25 frames, 1 clips
        Second 70/3899 - 25 frames, 1 clips
        Second 80/3899 - 25 frames, 1 clips
        Second 90/3899 - 25 frames, 1 clips
        Second 100/3899 - 25 frames, 1 clips
        Second 110/3899 - 25 frames, 1 clips
        Second 120/3899 - 25 frames, 1 clips
        Second 130/3899 - 25 frames, 1 clips
        Second 140/3899 - 25 frames, 1 clips
        Second 150/3899 - 25 frames, 1 clips
        Second 160/3899 - 25 frames, 1 clips
        Second 170/3899 - 25 frames, 1 clips
        Second 180/3899 - 25 frames, 1 clips
        Second 190/3899 - 25 frames, 1 clips
        Second 200/3899 - 25 frames, 1 clips
        Second 210/3899 - 25 frames, 1 clips
        Second 220/3899 - 25 frames, 1 clips
        Second 230/3899 - 25 frames, 1 clips
        Second 240/3899 - 25 frames, 1 clips
        Second 250/3899 - 25 frames, 1 clips
        Second 260/3899 - 25 frames, 1 clips
        Second 270/3899 - 25 frames, 1 clips
        Second 280/3899 - 25 frames, 1 clips
        Second 290/3899 - 25 frames, 1 clips
        Second 300/3899 - 25 frames, 1 clips
        Second 310/3899 - 25 frames, 1 clips
        Second 320/3899 - 25 frames, 1 clips
        Second 330/3899 - 25 frames, 1 clips
        Second 340/3899 - 25 frames, 1 clips
        Second 350/3899 - 25 frames, 1 clips
        Second 360/3899 - 25 frames, 1 clips
        Second 370/3899 - 25 frames, 1 clips
        Second 380/3899 - 25 frames, 1 clips
        Second 390/3899 - 25 frames, 1 clips
        Second 400/3899 - 25 frames, 1 clips
        Second 410/3899 - 25 frames, 1 clips
        Second 420/3899 - 25 frames, 1 clips
        Second 430/3899 - 25 frames, 1 clips
        Second 440/3899 - 25 frames, 1 clips
        Second 450/3899 - 25 frames, 1 clips
        Second 460/3899 - 25 frames, 1 clips
        Second 470/3899 - 25 frames, 1 clips
        Second 480/3899 - 25 frames, 1 clips
        Second 490/3899 - 25 frames, 1 clips
        Second 500/3899 - 25 frames, 1 clips
        Second 510/3899 - 25 frames, 1 clips
        Second 520/3899 - 25 frames, 1 clips
        Second 530/3899 - 25 frames, 1 clips
        Second 540/3899 - 25 frames, 1 clips
        Second 550/3899 - 25 frames, 1 clips
        Second 560/3899 - 25 frames, 1 clips
        Second 570/3899 - 25 frames, 1 clips
        Second 580/3899 - 25 frames, 1 clips
        Second 590/3899 - 25 frames, 1 clips
        Second 600/3899 - 25 frames, 1 clips
        Second 610/3899 - 25 frames, 1 clips
        Second 620/3899 - 25 frames, 1 clips
        Second 630/3899 - 25 frames, 1 clips
        Second 640/3899 - 25 frames, 1 clips
        Second 650/3899 - 25 frames, 1 clips
        Second 660/3899 - 25 frames, 1 clips
        Second 670/3899 - 25 frames, 1 clips
        Second 680/3899 - 25 frames, 1 clips
        Second 690/3899 - 25 frames, 1 clips
        Second 700/3899 - 25 frames, 1 clips
        Second 710/3899 - 25 frames, 1 clips
        Second 720/3899 - 25 frames, 1 clips
        Second 730/3899 - 25 frames, 1 clips
        Second 740/3899 - 25 frames, 1 clips
        Second 750/3899 - 25 frames, 1 clips
        Second 760/3899 - 25 frames, 1 clips
        Second 770/3899 - 25 frames, 1 clips
        Second 780/3899 - 25 frames, 1 clips
        Second 790/3899 - 25 frames, 1 clips
        Second 800/3899 - 25 frames, 1 clips
        Second 810/3899 - 25 frames, 1 clips
        Second 820/3899 - 25 frames, 1 clips
        Second 830/3899 - 25 frames, 1 clips
        Second 840/3899 - 25 frames, 1 clips
        Second 850/3899 - 25 frames, 1 clips
        Second 860/3899 - 25 frames, 1 clips
        Second 870/3899 - 25 frames, 1 clips
        Second 880/3899 - 25 frames, 1 clips
        Second 890/3899 - 25 frames, 1 clips
        Second 900/3899 - 25 frames, 1 clips
        Second 910/3899 - 25 frames, 1 clips
        Second 920/3899 - 25 frames, 1 clips
        Second 930/3899 - 25 frames, 1 clips
        Second 940/3899 - 25 frames, 1 clips
        Second 950/3899 - 25 frames, 1 clips
        Second 960/3899 - 25 frames, 1 clips
        Second 970/3899 - 25 frames, 1 clips
        Second 980/3899 - 25 frames, 1 clips
        Second 990/3899 - 25 frames, 1 clips
        Second 1000/3899 - 25 frames, 1 clips
        Second 1010/3899 - 25 frames, 1 clips
        Second 1020/3899 - 25 frames, 1 clips
        Second 1030/3899 - 25 frames, 1 clips
        Second 1040/3899 - 25 frames, 1 clips
        Second 1050/3899 - 25 frames, 1 clips
        Second 1060/3899 - 25 frames, 1 clips
        Second 1070/3899 - 25 frames, 1 clips
        Second 1080/3899 - 25 frames, 1 clips
        Second 1090/3899 - 25 frames, 1 clips
        Second 1100/3899 - 25 frames, 1 clips
        Second 1110/3899 - 25 frames, 1 clips
        Second 1120/3899 - 25 frames, 1 clips
        Second 1130/3899 - 25 frames, 1 clips
        Second 1140/3899 - 25 frames, 1 clips
        Second 1150/3899 - 25 frames, 1 clips
        Second 1160/3899 - 25 frames, 1 clips
        Second 1170/3899 - 25 frames, 1 clips
        Second 1180/3899 - 25 frames, 1 clips
        Second 1190/3899 - 25 frames, 1 clips
        Second 1200/3899 - 25 frames, 1 clips
        Second 1210/3899 - 25 frames, 1 clips
        Second 1220/3899 - 25 frames, 1 clips
        Second 1230/3899 - 25 frames, 1 clips
        Second 1240/3899 - 25 frames, 1 clips
        Second 1250/3899 - 25 frames, 1 clips
        Second 1260/3899 - 25 frames, 1 clips
        Second 1270/3899 - 25 frames, 1 clips
        Second 1280/3899 - 25 frames, 1 clips
        Second 1290/3899 - 25 frames, 1 clips
        Second 1300/3899 - 25 frames, 1 clips
        Second 1310/3899 - 25 frames, 1 clips
        Second 1320/3899 - 25 frames, 1 clips
        Second 1330/3899 - 25 frames, 1 clips
        Second 1340/3899 - 25 frames, 1 clips
        Second 1350/3899 - 25 frames, 1 clips
        Second 1360/3899 - 25 frames, 1 clips
        Second 1370/3899 - 25 frames, 1 clips
        Second 1380/3899 - 25 frames, 1 clips
        Second 1390/3899 - 25 frames, 1 clips
        Second 1400/3899 - 25 frames, 1 clips
        Second 1410/3899 - 25 frames, 1 clips
        Second 1420/3899 - 25 frames, 1 clips
        Second 1430/3899 - 25 frames, 1 clips
        Second 1440/3899 - 25 frames, 1 clips
        Second 1450/3899 - 25 frames, 1 clips
        Second 1460/3899 - 25 frames, 1 clips
        Second 1470/3899 - 25 frames, 1 clips
        Second 1480/3899 - 25 frames, 1 clips
        Second 1490/3899 - 25 frames, 1 clips
        Second 1500/3899 - 25 frames, 1 clips
        Second 1510/3899 - 25 frames, 1 clips
        Second 1520/3899 - 25 frames, 1 clips
        Second 1530/3899 - 25 frames, 1 clips
        Second 1540/3899 - 25 frames, 1 clips
        Second 1550/3899 - 25 frames, 1 clips
        Second 1560/3899 - 25 frames, 1 clips
        Second 1570/3899 - 25 frames, 1 clips
        Second 1580/3899 - 25 frames, 1 clips
        Second 1590/3899 - 25 frames, 1 clips
        Second 1600/3899 - 25 frames, 1 clips
        Second 1610/3899 - 25 frames, 1 clips
        Second 1620/3899 - 25 frames, 1 clips
        Second 1630/3899 - 25 frames, 1 clips
        Second 1640/3899 - 25 frames, 1 clips
        Second 1650/3899 - 25 frames, 1 clips
        Second 1660/3899 - 25 frames, 1 clips
        Second 1670/3899 - 25 frames, 1 clips
        Second 1680/3899 - 25 frames, 1 clips
        Second 1690/3899 - 25 frames, 1 clips
        Second 1700/3899 - 25 frames, 1 clips
        Second 1710/3899 - 25 frames, 1 clips
        Second 1720/3899 - 25 frames, 1 clips
        Second 1730/3899 - 25 frames, 1 clips
        Second 1740/3899 - 25 frames, 1 clips
        Second 1750/3899 - 25 frames, 1 clips
        Second 1760/3899 - 25 frames, 1 clips
        Second 1770/3899 - 25 frames, 1 clips
        Second 1780/3899 - 25 frames, 1 clips
        Second 1790/3899 - 25 frames, 1 clips
        Second 1800/3899 - 25 frames, 1 clips
        Second 1810/3899 - 25 frames, 1 clips
        Second 1820/3899 - 25 frames, 1 clips
        Second 1830/3899 - 25 frames, 1 clips
        Second 1840/3899 - 25 frames, 1 clips
        Second 1850/3899 - 25 frames, 1 clips
        Second 1860/3899 - 25 frames, 1 clips
        Second 1870/3899 - 25 frames, 1 clips
        Second 1880/3899 - 25 frames, 1 clips
        Second 1890/3899 - 25 frames, 1 clips
        Second 1900/3899 - 25 frames, 1 clips
        Second 1910/3899 - 25 frames, 1 clips
        Second 1920/3899 - 25 frames, 1 clips
        Second 1930/3899 - 25 frames, 1 clips
        Second 1940/3899 - 25 frames, 1 clips
        Second 1950/3899 - 25 frames, 1 clips
        Second 1960/3899 - 25 frames, 1 clips
        Second 1970/3899 - 25 frames, 1 clips
        Second 1980/3899 - 25 frames, 1 clips
        Second 1990/3899 - 25 frames, 1 clips
        Second 2000/3899 - 25 frames, 1 clips
        Second 2010/3899 - 25 frames, 1 clips
        Second 2020/3899 - 25 frames, 1 clips
        Second 2030/3899 - 25 frames, 1 clips
        Second 2040/3899 - 25 frames, 1 clips
        Second 2050/3899 - 25 frames, 1 clips
        Second 2060/3899 - 25 frames, 1 clips
        Second 2070/3899 - 25 frames, 1 clips
        Second 2080/3899 - 25 frames, 1 clips
        Second 2090/3899 - 25 frames, 1 clips
        Second 2100/3899 - 25 frames, 1 clips
        Second 2110/3899 - 25 frames, 1 clips
        Second 2120/3899 - 25 frames, 1 clips
        Second 2130/3899 - 25 frames, 1 clips
        Second 2140/3899 - 25 frames, 1 clips
        Second 2150/3899 - 25 frames, 1 clips
        Second 2160/3899 - 25 frames, 1 clips
        Second 2170/3899 - 25 frames, 1 clips
        Second 2180/3899 - 25 frames, 1 clips
        Second 2190/3899 - 25 frames, 1 clips
        Second 2200/3899 - 25 frames, 1 clips
        Second 2210/3899 - 25 frames, 1 clips
        Second 2220/3899 - 25 frames, 1 clips
        Second 2230/3899 - 25 frames, 1 clips
        Second 2240/3899 - 25 frames, 1 clips
        Second 2250/3899 - 25 frames, 1 clips
        Second 2260/3899 - 25 frames, 1 clips
        Second 2270/3899 - 25 frames, 1 clips
        Second 2280/3899 - 25 frames, 1 clips
        Second 2290/3899 - 25 frames, 1 clips
        Second 2300/3899 - 25 frames, 1 clips
        Second 2310/3899 - 25 frames, 1 clips
        Second 2320/3899 - 25 frames, 1 clips
        Second 2330/3899 - 25 frames, 1 clips
        Second 2340/3899 - 25 frames, 1 clips
        Second 2350/3899 - 25 frames, 1 clips
        Second 2360/3899 - 25 frames, 1 clips
        Second 2370/3899 - 25 frames, 1 clips
        Second 2380/3899 - 25 frames, 1 clips
        Second 2390/3899 - 25 frames, 1 clips
        Second 2400/3899 - 25 frames, 1 clips
        Second 2410/3899 - 25 frames, 1 clips
        Second 2420/3899 - 25 frames, 1 clips
        Second 2430/3899 - 25 frames, 1 clips
        Second 2440/3899 - 25 frames, 1 clips
        Second 2450/3899 - 25 frames, 1 clips
        Second 2460/3899 - 25 frames, 1 clips
        Second 2470/3899 - 25 frames, 1 clips
        Second 2480/3899 - 25 frames, 1 clips
        Second 2490/3899 - 25 frames, 1 clips
        Second 2500/3899 - 25 frames, 1 clips
        Second 2510/3899 - 25 frames, 1 clips
        Second 2520/3899 - 25 frames, 1 clips
        Second 2530/3899 - 25 frames, 1 clips
        Second 2540/3899 - 25 frames, 1 clips
        Second 2550/3899 - 25 frames, 1 clips
        Second 2560/3899 - 25 frames, 1 clips
        Second 2570/3899 - 25 frames, 1 clips
        Second 2580/3899 - 25 frames, 1 clips
        Second 2590/3899 - 25 frames, 1 clips
        Second 2600/3899 - 25 frames, 1 clips
        Second 2610/3899 - 25 frames, 1 clips
        Second 2620/3899 - 25 frames, 1 clips
        Second 2630/3899 - 25 frames, 1 clips
        Second 2640/3899 - 25 frames, 1 clips
        Second 2650/3899 - 25 frames, 1 clips
        Second 2660/3899 - 25 frames, 1 clips
        Second 2670/3899 - 25 frames, 1 clips
        Second 2680/3899 - 25 frames, 1 clips
        Second 2690/3899 - 25 frames, 1 clips
        Second 2700/3899 - 25 frames, 1 clips
        Second 2710/3899 - 25 frames, 1 clips
        Second 2720/3899 - 25 frames, 1 clips
        Second 2730/3899 - 25 frames, 1 clips
        Second 2740/3899 - 25 frames, 1 clips
        Second 2750/3899 - 25 frames, 1 clips
        Second 2760/3899 - 25 frames, 1 clips
        Second 2770/3899 - 25 frames, 1 clips
        Second 2780/3899 - 25 frames, 1 clips
        Second 2790/3899 - 25 frames, 1 clips
        Second 2800/3899 - 25 frames, 1 clips
        Second 2810/3899 - 25 frames, 1 clips
        Second 2820/3899 - 25 frames, 1 clips
        Second 2830/3899 - 25 frames, 1 clips
        Second 2840/3899 - 25 frames, 1 clips
        Second 2850/3899 - 25 frames, 1 clips
        Second 2860/3899 - 25 frames, 1 clips
        Second 2870/3899 - 25 frames, 1 clips
        Second 2880/3899 - 25 frames, 1 clips
        Second 2890/3899 - 25 frames, 1 clips
        Second 2900/3899 - 25 frames, 1 clips
        Second 2910/3899 - 25 frames, 1 clips
        Second 2920/3899 - 25 frames, 1 clips
        Second 2930/3899 - 25 frames, 1 clips
        Second 2940/3899 - 25 frames, 1 clips
        Second 2950/3899 - 25 frames, 1 clips
        Second 2960/3899 - 25 frames, 1 clips
        Second 2970/3899 - 25 frames, 1 clips
        Second 2980/3899 - 25 frames, 1 clips
        Second 2990/3899 - 25 frames, 1 clips
        Second 3000/3899 - 25 frames, 1 clips
        Second 3010/3899 - 25 frames, 1 clips
        Second 3020/3899 - 25 frames, 1 clips
        Second 3030/3899 - 25 frames, 1 clips
        Second 3040/3899 - 25 frames, 1 clips
        Second 3050/3899 - 25 frames, 1 clips
        Second 3060/3899 - 25 frames, 1 clips
        Second 3070/3899 - 25 frames, 1 clips
        Second 3080/3899 - 25 frames, 1 clips
        Second 3090/3899 - 25 frames, 1 clips
        Second 3100/3899 - 25 frames, 1 clips
        Second 3110/3899 - 25 frames, 1 clips
        Second 3120/3899 - 25 frames, 1 clips
        Second 3130/3899 - 25 frames, 1 clips
        Second 3140/3899 - 25 frames, 1 clips
        Second 3150/3899 - 25 frames, 1 clips
        Second 3160/3899 - 25 frames, 1 clips
        Second 3170/3899 - 25 frames, 1 clips
        Second 3180/3899 - 25 frames, 1 clips
        Second 3190/3899 - 25 frames, 1 clips
        Second 3200/3899 - 25 frames, 1 clips
        Second 3210/3899 - 25 frames, 1 clips
        Second 3220/3899 - 25 frames, 1 clips
        Second 3230/3899 - 25 frames, 1 clips
        Second 3240/3899 - 25 frames, 1 clips
        Second 3250/3899 - 25 frames, 1 clips
        Second 3260/3899 - 25 frames, 1 clips
        Second 3270/3899 - 25 frames, 1 clips
        Second 3280/3899 - 25 frames, 1 clips
        Second 3290/3899 - 25 frames, 1 clips
        Second 3300/3899 - 25 frames, 1 clips
        Second 3310/3899 - 25 frames, 1 clips
        Second 3320/3899 - 25 frames, 1 clips
        Second 3330/3899 - 25 frames, 1 clips
        Second 3340/3899 - 25 frames, 1 clips
        Second 3350/3899 - 25 frames, 1 clips
        Second 3360/3899 - 25 frames, 1 clips
        Second 3370/3899 - 25 frames, 1 clips
        Second 3380/3899 - 25 frames, 1 clips
        Second 3390/3899 - 25 frames, 1 clips
        Second 3400/3899 - 25 frames, 1 clips
        Second 3410/3899 - 25 frames, 1 clips
        Second 3420/3899 - 25 frames, 1 clips
        Second 3430/3899 - 25 frames, 1 clips
        Second 3440/3899 - 25 frames, 1 clips
        Second 3450/3899 - 25 frames, 1 clips
        Second 3460/3899 - 25 frames, 1 clips
        Second 3470/3899 - 25 frames, 1 clips
        Second 3480/3899 - 25 frames, 1 clips
        Second 3490/3899 - 25 frames, 1 clips
        Second 3500/3899 - 25 frames, 1 clips
        Second 3510/3899 - 25 frames, 1 clips
        Second 3520/3899 - 25 frames, 1 clips
        Second 3530/3899 - 25 frames, 1 clips
        Second 3540/3899 - 25 frames, 1 clips
        Second 3550/3899 - 25 frames, 1 clips
        Second 3560/3899 - 25 frames, 1 clips
        Second 3570/3899 - 25 frames, 1 clips
        Second 3580/3899 - 25 frames, 1 clips
        Second 3590/3899 - 25 frames, 1 clips
        Second 3600/3899 - 25 frames, 1 clips
        Second 3610/3899 - 25 frames, 1 clips
        Second 3620/3899 - 25 frames, 1 clips
        Second 3630/3899 - 25 frames, 1 clips
        Second 3640/3899 - 25 frames, 1 clips
        Second 3650/3899 - 25 frames, 1 clips
        Second 3660/3899 - 25 frames, 1 clips
        Second 3670/3899 - 25 frames, 1 clips
        Second 3680/3899 - 25 frames, 1 clips
        Second 3690/3899 - 25 frames, 1 clips
        Second 3700/3899 - 25 frames, 1 clips
        Second 3710/3899 - 25 frames, 1 clips
        Second 3720/3899 - 25 frames, 1 clips
        Second 3730/3899 - 25 frames, 1 clips
        Second 3740/3899 - 25 frames, 1 clips
        Second 3750/3899 - 25 frames, 1 clips
        Second 3760/3899 - 25 frames, 1 clips
        Second 3770/3899 - 25 frames, 1 clips
        Second 3780/3899 - 25 frames, 1 clips
        Second 3790/3899 - 25 frames, 1 clips
        Second 3800/3899 - 25 frames, 1 clips
        Second 3810/3899 - 25 frames, 1 clips
        Second 3820/3899 - 25 frames, 1 clips
        Second 3830/3899 - 25 frames, 1 clips
        Second 3840/3899 - 25 frames, 1 clips
        Second 3850/3899 - 25 frames, 1 clips
        Second 3860/3899 - 25 frames, 1 clips
        Second 3870/3899 - 25 frames, 1 clips
        Second 3880/3899 - 25 frames, 1 clips
        Second 3890/3899 - 25 frames, 1 clips
      ───────────────────────────────────────────────────────
      FEATURE EXTRACTION COMPLETE
      ───────────────────────────────────────────────────────
      Final features shape: (3899, 1024)
      Features per second: 3899
      Feature dimension: 1024
      ═══════════════════════════════════════════════════════

[ID23]   Features extracted: (3899, 1024)
[ID23] Step 2/4: Converting to binary labels and removing unwanted classes...
[ID23]   Number of seconds: 3899
      CSV columns: ['start_time', 'end_time', 'licking', 'shaking']
      CSV shape: (3840, 4)
      Video seconds: 3899
      Total rows in CSV: 3840
      Valid rows (within video duration): 3840
      Rows kept after removing shaking: 3789
[ID23]   Original seconds: 3899
[ID23]   After removing shaking/licking_shaking: 3789
[ID23] Step 3/4: Balancing classes...
      Before balancing:
        Background: 2710 samples
        Licking: 1079 samples
        Ratio: 2.51:1
      After balancing:
        Background: 1079 samples
        Licking: 1079 samples
        Total: 2158 samples
[ID23] Step 4/4: Saving processed data...
[ID23]   Saved features: /data-8tb/nvaci/dataset/dataset_Stanford/FACT_method/preprocessed_data_2class_originalFPS/features/ID23.npy
[ID23]     Shape: (2158, 1024)
[ID23]     Size: 8.43 MB
[ID23]   Final label distribution:
[ID23]     - background: 1079 seconds (50.0%)
[ID23]     - licking: 1079 seconds (50.0%)
[ID23]   Saved labels: /data-8tb/nvaci/dataset/dataset_Stanford/FACT_method/preprocessed_data_2class_originalFPS/groundTruth/ID23.txt
[ID23] SUCCESS - Video processed successfully


================================================================================
Processing video 24/32: ID24
================================================================================
[ID24] Found label file: 25-021_ID24.csv
[ID24] Step 1/4: Extracting features (per second)...
      Opening video file...

      ═══════════════════════════════════════════════════════
      VIDEO PROPERTIES
      ═══════════════════════════════════════════════════════
      FPS detected: 25.00
      Clip length (auto): 25 frames
      Total frames: 96228
      Duration: 3849.12 seconds
      Expected seconds: 3850
      Frames per second: ~25.0
      ═══════════════════════════════════════════════════════

      Using ORIGINAL FPS with per-second aggregation
      Aggregation method: mean
      ───────────────────────────────────────────────────────
      READING ALL FRAMES FROM VIDEO
      ───────────────────────────────────────────────────────
      Progress: 500/96228 frames (0.5%)
      Progress: 1000/96228 frames (1.0%)
      Progress: 1500/96228 frames (1.6%)
      Progress: 2000/96228 frames (2.1%)
      Progress: 2500/96228 frames (2.6%)
      Progress: 3000/96228 frames (3.1%)
      Progress: 3500/96228 frames (3.6%)
      Progress: 4000/96228 frames (4.2%)
      Progress: 4500/96228 frames (4.7%)
      Progress: 5000/96228 frames (5.2%)
      Progress: 5500/96228 frames (5.7%)
      Progress: 6000/96228 frames (6.2%)
      Progress: 6500/96228 frames (6.8%)
      Progress: 7000/96228 frames (7.3%)
      Progress: 7500/96228 frames (7.8%)
      Progress: 8000/96228 frames (8.3%)
      Progress: 8500/96228 frames (8.8%)
      Progress: 9000/96228 frames (9.4%)
      Progress: 9500/96228 frames (9.9%)
      Progress: 10000/96228 frames (10.4%)
      Progress: 10500/96228 frames (10.9%)
      Progress: 11000/96228 frames (11.4%)
      Progress: 11500/96228 frames (12.0%)
      Progress: 12000/96228 frames (12.5%)
      Progress: 12500/96228 frames (13.0%)
      Progress: 13000/96228 frames (13.5%)
      Progress: 13500/96228 frames (14.0%)
      Progress: 14000/96228 frames (14.5%)
      Progress: 14500/96228 frames (15.1%)
      Progress: 15000/96228 frames (15.6%)
      Progress: 15500/96228 frames (16.1%)
      Progress: 16000/96228 frames (16.6%)
      Progress: 16500/96228 frames (17.1%)
      Progress: 17000/96228 frames (17.7%)
      Progress: 17500/96228 frames (18.2%)
      Progress: 18000/96228 frames (18.7%)
      Progress: 18500/96228 frames (19.2%)
      Progress: 19000/96228 frames (19.7%)
      Progress: 19500/96228 frames (20.3%)
      Progress: 20000/96228 frames (20.8%)
      Progress: 20500/96228 frames (21.3%)
      Progress: 21000/96228 frames (21.8%)
      Progress: 21500/96228 frames (22.3%)
      Progress: 22000/96228 frames (22.9%)
      Progress: 22500/96228 frames (23.4%)
      Progress: 23000/96228 frames (23.9%)
      Progress: 23500/96228 frames (24.4%)
      Progress: 24000/96228 frames (24.9%)
      Progress: 24500/96228 frames (25.5%)
      Progress: 25000/96228 frames (26.0%)
      Progress: 25500/96228 frames (26.5%)
      Progress: 26000/96228 frames (27.0%)
      Progress: 26500/96228 frames (27.5%)
      Progress: 27000/96228 frames (28.1%)
      Progress: 27500/96228 frames (28.6%)
      Progress: 28000/96228 frames (29.1%)
      Progress: 28500/96228 frames (29.6%)
      Progress: 29000/96228 frames (30.1%)
      Progress: 29500/96228 frames (30.7%)
      Progress: 30000/96228 frames (31.2%)
      Progress: 30500/96228 frames (31.7%)
      Progress: 31000/96228 frames (32.2%)
      Progress: 31500/96228 frames (32.7%)
      Progress: 32000/96228 frames (33.3%)
      Progress: 32500/96228 frames (33.8%)
      Progress: 33000/96228 frames (34.3%)
      Progress: 33500/96228 frames (34.8%)
      Progress: 34000/96228 frames (35.3%)
      Progress: 34500/96228 frames (35.9%)
      Progress: 35000/96228 frames (36.4%)
      Progress: 35500/96228 frames (36.9%)
      Progress: 36000/96228 frames (37.4%)
      Progress: 36500/96228 frames (37.9%)
      Progress: 37000/96228 frames (38.5%)
      Progress: 37500/96228 frames (39.0%)
      Progress: 38000/96228 frames (39.5%)
      Progress: 38500/96228 frames (40.0%)
      Progress: 39000/96228 frames (40.5%)
      Progress: 39500/96228 frames (41.0%)
      Progress: 40000/96228 frames (41.6%)
      Progress: 40500/96228 frames (42.1%)
      Progress: 41000/96228 frames (42.6%)
      Progress: 41500/96228 frames (43.1%)
      Progress: 42000/96228 frames (43.6%)
      Progress: 42500/96228 frames (44.2%)
      Progress: 43000/96228 frames (44.7%)
      Progress: 43500/96228 frames (45.2%)
      Progress: 44000/96228 frames (45.7%)
      Progress: 44500/96228 frames (46.2%)
      Progress: 45000/96228 frames (46.8%)
      Progress: 45500/96228 frames (47.3%)
      Progress: 46000/96228 frames (47.8%)
      Progress: 46500/96228 frames (48.3%)
      Progress: 47000/96228 frames (48.8%)
      Progress: 47500/96228 frames (49.4%)
      Progress: 48000/96228 frames (49.9%)
      Progress: 48500/96228 frames (50.4%)
      Progress: 49000/96228 frames (50.9%)
      Progress: 49500/96228 frames (51.4%)
      Progress: 50000/96228 frames (52.0%)
      Progress: 50500/96228 frames (52.5%)
      Progress: 51000/96228 frames (53.0%)
      Progress: 51500/96228 frames (53.5%)
      Progress: 52000/96228 frames (54.0%)
      Progress: 52500/96228 frames (54.6%)
      Progress: 53000/96228 frames (55.1%)
      Progress: 53500/96228 frames (55.6%)
      Progress: 54000/96228 frames (56.1%)
      Progress: 54500/96228 frames (56.6%)
      Progress: 55000/96228 frames (57.2%)
      Progress: 55500/96228 frames (57.7%)
      Progress: 56000/96228 frames (58.2%)
      Progress: 56500/96228 frames (58.7%)
      Progress: 57000/96228 frames (59.2%)
      Progress: 57500/96228 frames (59.8%)
      Progress: 58000/96228 frames (60.3%)
      Progress: 58500/96228 frames (60.8%)
      Progress: 59000/96228 frames (61.3%)
      Progress: 59500/96228 frames (61.8%)
      Progress: 60000/96228 frames (62.4%)
      Progress: 60500/96228 frames (62.9%)
      Progress: 61000/96228 frames (63.4%)
      Progress: 61500/96228 frames (63.9%)
      Progress: 62000/96228 frames (64.4%)
      Progress: 62500/96228 frames (64.9%)
      Progress: 63000/96228 frames (65.5%)
      Progress: 63500/96228 frames (66.0%)
      Progress: 64000/96228 frames (66.5%)
      Progress: 64500/96228 frames (67.0%)
      Progress: 65000/96228 frames (67.5%)
      Progress: 65500/96228 frames (68.1%)
      Progress: 66000/96228 frames (68.6%)
      Progress: 66500/96228 frames (69.1%)
      Progress: 67000/96228 frames (69.6%)
      Progress: 67500/96228 frames (70.1%)
      Progress: 68000/96228 frames (70.7%)
      Progress: 68500/96228 frames (71.2%)
      Progress: 69000/96228 frames (71.7%)
      Progress: 69500/96228 frames (72.2%)
      Progress: 70000/96228 frames (72.7%)
      Progress: 70500/96228 frames (73.3%)
      Progress: 71000/96228 frames (73.8%)
      Progress: 71500/96228 frames (74.3%)
      Progress: 72000/96228 frames (74.8%)
      Progress: 72500/96228 frames (75.3%)
      Progress: 73000/96228 frames (75.9%)
      Progress: 73500/96228 frames (76.4%)
      Progress: 74000/96228 frames (76.9%)
      Progress: 74500/96228 frames (77.4%)
      Progress: 75000/96228 frames (77.9%)
      Progress: 75500/96228 frames (78.5%)
      Progress: 76000/96228 frames (79.0%)
      Progress: 76500/96228 frames (79.5%)
      Progress: 77000/96228 frames (80.0%)
      Progress: 77500/96228 frames (80.5%)
      Progress: 78000/96228 frames (81.1%)
      Progress: 78500/96228 frames (81.6%)
      Progress: 79000/96228 frames (82.1%)
      Progress: 79500/96228 frames (82.6%)
      Progress: 80000/96228 frames (83.1%)
      Progress: 80500/96228 frames (83.7%)
      Progress: 81000/96228 frames (84.2%)
      Progress: 81500/96228 frames (84.7%)
      Progress: 82000/96228 frames (85.2%)
      Progress: 82500/96228 frames (85.7%)
      Progress: 83000/96228 frames (86.3%)
      Progress: 83500/96228 frames (86.8%)
      Progress: 84000/96228 frames (87.3%)
      Progress: 84500/96228 frames (87.8%)
      Progress: 85000/96228 frames (88.3%)
      Progress: 85500/96228 frames (88.9%)
      Progress: 86000/96228 frames (89.4%)
      Progress: 86500/96228 frames (89.9%)
      Progress: 87000/96228 frames (90.4%)
      Progress: 87500/96228 frames (90.9%)
      Progress: 88000/96228 frames (91.4%)
      Progress: 88500/96228 frames (92.0%)
      Progress: 89000/96228 frames (92.5%)
      Progress: 89500/96228 frames (93.0%)
      Progress: 90000/96228 frames (93.5%)
      Progress: 90500/96228 frames (94.0%)
      Progress: 91000/96228 frames (94.6%)
      Progress: 91500/96228 frames (95.1%)
      Progress: 92000/96228 frames (95.6%)
      Progress: 92500/96228 frames (96.1%)
      Progress: 93000/96228 frames (96.6%)
      Progress: 93500/96228 frames (97.2%)
      Progress: 94000/96228 frames (97.7%)
      Progress: 94500/96228 frames (98.2%)
      Progress: 95000/96228 frames (98.7%)
      Progress: 95500/96228 frames (99.2%)
      Progress: 96000/96228 frames (99.8%)
      ───────────────────────────────────────────────────────
      FRAME READING COMPLETE
      ───────────────────────────────────────────────────────
      Expected frames: 96228
      Frames read: 96139
      Frames missing: 89
      WARNING: 89 frames could not be read!
      ───────────────────────────────────────────────────────

      FRAMES DISTRIBUTION BY SECOND:
        Second   0:  25 frames
        Second   1:  25 frames
        Second   2:  25 frames
        Second   3:  25 frames
        Second   4:  25 frames
        Second   5:  25 frames
        Second   6:  25 frames
        Second   7:  25 frames
        Second   8:  25 frames
        Second   9:  25 frames
        ... (3840 more seconds)
      
      Frame statistics:
        Average frames/second: 25.0
        Min frames/second: 0
        Max frames/second: 25
      
      ───────────────────────────────────────────────────────
      EXTRACTING FEATURES PER SECOND
      ───────────────────────────────────────────────────────
      Total seconds to process: 3850
        Second 10/3850 - 25 frames, 1 clips
        Second 20/3850 - 25 frames, 1 clips
        Second 30/3850 - 25 frames, 1 clips
        Second 40/3850 - 25 frames, 1 clips
        Second 50/3850 - 25 frames, 1 clips
        Second 60/3850 - 25 frames, 1 clips
        Second 70/3850 - 25 frames, 1 clips
        Second 80/3850 - 25 frames, 1 clips
        Second 90/3850 - 25 frames, 1 clips
        Second 100/3850 - 25 frames, 1 clips
        Second 110/3850 - 25 frames, 1 clips
        Second 120/3850 - 25 frames, 1 clips
        Second 130/3850 - 25 frames, 1 clips
        Second 140/3850 - 25 frames, 1 clips
        Second 150/3850 - 25 frames, 1 clips
        Second 160/3850 - 25 frames, 1 clips
        Second 170/3850 - 25 frames, 1 clips
        Second 180/3850 - 25 frames, 1 clips
        Second 190/3850 - 25 frames, 1 clips
        Second 200/3850 - 25 frames, 1 clips
        Second 210/3850 - 25 frames, 1 clips
        Second 220/3850 - 25 frames, 1 clips
        Second 230/3850 - 25 frames, 1 clips
        Second 240/3850 - 25 frames, 1 clips
        Second 250/3850 - 25 frames, 1 clips
        Second 260/3850 - 25 frames, 1 clips
        Second 270/3850 - 25 frames, 1 clips
        Second 280/3850 - 25 frames, 1 clips
        Second 290/3850 - 25 frames, 1 clips
        Second 300/3850 - 25 frames, 1 clips
        Second 310/3850 - 25 frames, 1 clips
        Second 320/3850 - 25 frames, 1 clips
        Second 330/3850 - 25 frames, 1 clips
        Second 340/3850 - 25 frames, 1 clips
        Second 350/3850 - 25 frames, 1 clips
        Second 360/3850 - 25 frames, 1 clips
        Second 370/3850 - 25 frames, 1 clips
        Second 380/3850 - 25 frames, 1 clips
        Second 390/3850 - 25 frames, 1 clips
        Second 400/3850 - 25 frames, 1 clips
        Second 410/3850 - 25 frames, 1 clips
        Second 420/3850 - 25 frames, 1 clips
        Second 430/3850 - 25 frames, 1 clips
        Second 440/3850 - 25 frames, 1 clips
        Second 450/3850 - 25 frames, 1 clips
        Second 460/3850 - 25 frames, 1 clips
        Second 470/3850 - 25 frames, 1 clips
        Second 480/3850 - 25 frames, 1 clips
        Second 490/3850 - 25 frames, 1 clips
        Second 500/3850 - 25 frames, 1 clips
        Second 510/3850 - 25 frames, 1 clips
        Second 520/3850 - 25 frames, 1 clips
        Second 530/3850 - 25 frames, 1 clips
        Second 540/3850 - 25 frames, 1 clips
        Second 550/3850 - 25 frames, 1 clips
        Second 560/3850 - 25 frames, 1 clips
        Second 570/3850 - 25 frames, 1 clips
        Second 580/3850 - 25 frames, 1 clips
        Second 590/3850 - 25 frames, 1 clips
        Second 600/3850 - 25 frames, 1 clips
        Second 610/3850 - 25 frames, 1 clips
        Second 620/3850 - 25 frames, 1 clips
        Second 630/3850 - 25 frames, 1 clips
        Second 640/3850 - 25 frames, 1 clips
        Second 650/3850 - 25 frames, 1 clips
        Second 660/3850 - 25 frames, 1 clips
        Second 670/3850 - 25 frames, 1 clips
        Second 680/3850 - 25 frames, 1 clips
        Second 690/3850 - 25 frames, 1 clips
        Second 700/3850 - 25 frames, 1 clips
        Second 710/3850 - 25 frames, 1 clips
        Second 720/3850 - 25 frames, 1 clips
        Second 730/3850 - 25 frames, 1 clips
        Second 740/3850 - 25 frames, 1 clips
        Second 750/3850 - 25 frames, 1 clips
        Second 760/3850 - 25 frames, 1 clips
        Second 770/3850 - 25 frames, 1 clips
        Second 780/3850 - 25 frames, 1 clips
        Second 790/3850 - 25 frames, 1 clips
        Second 800/3850 - 25 frames, 1 clips
        Second 810/3850 - 25 frames, 1 clips
        Second 820/3850 - 25 frames, 1 clips
        Second 830/3850 - 25 frames, 1 clips
        Second 840/3850 - 25 frames, 1 clips
        Second 850/3850 - 25 frames, 1 clips
        Second 860/3850 - 25 frames, 1 clips
        Second 870/3850 - 25 frames, 1 clips
        Second 880/3850 - 25 frames, 1 clips
        Second 890/3850 - 25 frames, 1 clips
        Second 900/3850 - 25 frames, 1 clips
        Second 910/3850 - 25 frames, 1 clips
        Second 920/3850 - 25 frames, 1 clips
        Second 930/3850 - 25 frames, 1 clips
        Second 940/3850 - 25 frames, 1 clips
        Second 950/3850 - 25 frames, 1 clips
        Second 960/3850 - 25 frames, 1 clips
        Second 970/3850 - 25 frames, 1 clips
        Second 980/3850 - 25 frames, 1 clips
        Second 990/3850 - 25 frames, 1 clips
        Second 1000/3850 - 25 frames, 1 clips
        Second 1010/3850 - 25 frames, 1 clips
        Second 1020/3850 - 25 frames, 1 clips
        Second 1030/3850 - 25 frames, 1 clips
        Second 1040/3850 - 25 frames, 1 clips
        Second 1050/3850 - 25 frames, 1 clips
        Second 1060/3850 - 25 frames, 1 clips
        Second 1070/3850 - 25 frames, 1 clips
        Second 1080/3850 - 25 frames, 1 clips
        Second 1090/3850 - 25 frames, 1 clips
        Second 1100/3850 - 25 frames, 1 clips
        Second 1110/3850 - 25 frames, 1 clips
        Second 1120/3850 - 25 frames, 1 clips
        Second 1130/3850 - 25 frames, 1 clips
        Second 1140/3850 - 25 frames, 1 clips
        Second 1150/3850 - 25 frames, 1 clips
        Second 1160/3850 - 25 frames, 1 clips
        Second 1170/3850 - 25 frames, 1 clips
        Second 1180/3850 - 25 frames, 1 clips
        Second 1190/3850 - 25 frames, 1 clips
        Second 1200/3850 - 25 frames, 1 clips
        Second 1210/3850 - 25 frames, 1 clips
        Second 1220/3850 - 25 frames, 1 clips
        Second 1230/3850 - 25 frames, 1 clips
        Second 1240/3850 - 25 frames, 1 clips
        Second 1250/3850 - 25 frames, 1 clips
        Second 1260/3850 - 25 frames, 1 clips
        Second 1270/3850 - 25 frames, 1 clips
        Second 1280/3850 - 25 frames, 1 clips
        Second 1290/3850 - 25 frames, 1 clips
        Second 1300/3850 - 25 frames, 1 clips
        Second 1310/3850 - 25 frames, 1 clips
        Second 1320/3850 - 25 frames, 1 clips
        Second 1330/3850 - 25 frames, 1 clips
        Second 1340/3850 - 25 frames, 1 clips
        Second 1350/3850 - 25 frames, 1 clips
        Second 1360/3850 - 25 frames, 1 clips
        Second 1370/3850 - 25 frames, 1 clips
        Second 1380/3850 - 25 frames, 1 clips
        Second 1390/3850 - 25 frames, 1 clips
        Second 1400/3850 - 25 frames, 1 clips
        Second 1410/3850 - 25 frames, 1 clips
        Second 1420/3850 - 25 frames, 1 clips
        Second 1430/3850 - 25 frames, 1 clips
        Second 1440/3850 - 25 frames, 1 clips
        Second 1450/3850 - 25 frames, 1 clips
        Second 1460/3850 - 25 frames, 1 clips
        Second 1470/3850 - 25 frames, 1 clips
        Second 1480/3850 - 25 frames, 1 clips
        Second 1490/3850 - 25 frames, 1 clips
        Second 1500/3850 - 25 frames, 1 clips
        Second 1510/3850 - 25 frames, 1 clips
        Second 1520/3850 - 25 frames, 1 clips
        Second 1530/3850 - 25 frames, 1 clips
        Second 1540/3850 - 25 frames, 1 clips
        Second 1550/3850 - 25 frames, 1 clips
        Second 1560/3850 - 25 frames, 1 clips
        Second 1570/3850 - 25 frames, 1 clips
        Second 1580/3850 - 25 frames, 1 clips
        Second 1590/3850 - 25 frames, 1 clips
        Second 1600/3850 - 25 frames, 1 clips
        Second 1610/3850 - 25 frames, 1 clips
        Second 1620/3850 - 25 frames, 1 clips
        Second 1630/3850 - 25 frames, 1 clips
        Second 1640/3850 - 25 frames, 1 clips
        Second 1650/3850 - 25 frames, 1 clips
        Second 1660/3850 - 25 frames, 1 clips
        Second 1670/3850 - 25 frames, 1 clips
        Second 1680/3850 - 25 frames, 1 clips
        Second 1690/3850 - 25 frames, 1 clips
        Second 1700/3850 - 25 frames, 1 clips
        Second 1710/3850 - 25 frames, 1 clips
        Second 1720/3850 - 25 frames, 1 clips
        Second 1730/3850 - 25 frames, 1 clips
        Second 1740/3850 - 25 frames, 1 clips
        Second 1750/3850 - 25 frames, 1 clips
        Second 1760/3850 - 25 frames, 1 clips
        Second 1770/3850 - 25 frames, 1 clips
        Second 1780/3850 - 25 frames, 1 clips
        Second 1790/3850 - 25 frames, 1 clips
        Second 1800/3850 - 25 frames, 1 clips
        Second 1810/3850 - 25 frames, 1 clips
        Second 1820/3850 - 25 frames, 1 clips
        Second 1830/3850 - 25 frames, 1 clips
        Second 1840/3850 - 25 frames, 1 clips
        Second 1850/3850 - 25 frames, 1 clips
        Second 1860/3850 - 25 frames, 1 clips
        Second 1870/3850 - 25 frames, 1 clips
        Second 1880/3850 - 25 frames, 1 clips
        Second 1890/3850 - 25 frames, 1 clips
        Second 1900/3850 - 25 frames, 1 clips
        Second 1910/3850 - 25 frames, 1 clips
        Second 1920/3850 - 25 frames, 1 clips
        Second 1930/3850 - 25 frames, 1 clips
        Second 1940/3850 - 25 frames, 1 clips
        Second 1950/3850 - 25 frames, 1 clips
        Second 1960/3850 - 25 frames, 1 clips
        Second 1970/3850 - 25 frames, 1 clips
        Second 1980/3850 - 25 frames, 1 clips
        Second 1990/3850 - 25 frames, 1 clips
        Second 2000/3850 - 25 frames, 1 clips
        Second 2010/3850 - 25 frames, 1 clips
        Second 2020/3850 - 25 frames, 1 clips
        Second 2030/3850 - 25 frames, 1 clips
        Second 2040/3850 - 25 frames, 1 clips
        Second 2050/3850 - 25 frames, 1 clips
        Second 2060/3850 - 25 frames, 1 clips
        Second 2070/3850 - 25 frames, 1 clips
        Second 2080/3850 - 25 frames, 1 clips
        Second 2090/3850 - 25 frames, 1 clips
        Second 2100/3850 - 25 frames, 1 clips
        Second 2110/3850 - 25 frames, 1 clips
        Second 2120/3850 - 25 frames, 1 clips
        Second 2130/3850 - 25 frames, 1 clips
        Second 2140/3850 - 25 frames, 1 clips
        Second 2150/3850 - 25 frames, 1 clips
        Second 2160/3850 - 25 frames, 1 clips
        Second 2170/3850 - 25 frames, 1 clips
        Second 2180/3850 - 25 frames, 1 clips
        Second 2190/3850 - 25 frames, 1 clips
        Second 2200/3850 - 25 frames, 1 clips
        Second 2210/3850 - 25 frames, 1 clips
        Second 2220/3850 - 25 frames, 1 clips
        Second 2230/3850 - 25 frames, 1 clips
        Second 2240/3850 - 25 frames, 1 clips
        Second 2250/3850 - 25 frames, 1 clips
        Second 2260/3850 - 25 frames, 1 clips
        Second 2270/3850 - 25 frames, 1 clips
        Second 2280/3850 - 25 frames, 1 clips
        Second 2290/3850 - 25 frames, 1 clips
        Second 2300/3850 - 25 frames, 1 clips
        Second 2310/3850 - 25 frames, 1 clips
        Second 2320/3850 - 25 frames, 1 clips
        Second 2330/3850 - 25 frames, 1 clips
        Second 2340/3850 - 25 frames, 1 clips
        Second 2350/3850 - 25 frames, 1 clips
        Second 2360/3850 - 25 frames, 1 clips
        Second 2370/3850 - 25 frames, 1 clips
        Second 2380/3850 - 25 frames, 1 clips
        Second 2390/3850 - 25 frames, 1 clips
        Second 2400/3850 - 25 frames, 1 clips
        Second 2410/3850 - 25 frames, 1 clips
        Second 2420/3850 - 25 frames, 1 clips
        Second 2430/3850 - 25 frames, 1 clips
        Second 2440/3850 - 25 frames, 1 clips
        Second 2450/3850 - 25 frames, 1 clips
        Second 2460/3850 - 25 frames, 1 clips
        Second 2470/3850 - 25 frames, 1 clips
        Second 2480/3850 - 25 frames, 1 clips
        Second 2490/3850 - 25 frames, 1 clips
        Second 2500/3850 - 25 frames, 1 clips
        Second 2510/3850 - 25 frames, 1 clips
        Second 2520/3850 - 25 frames, 1 clips
        Second 2530/3850 - 25 frames, 1 clips
        Second 2540/3850 - 25 frames, 1 clips
        Second 2550/3850 - 25 frames, 1 clips
        Second 2560/3850 - 25 frames, 1 clips
        Second 2570/3850 - 25 frames, 1 clips
        Second 2580/3850 - 25 frames, 1 clips
        Second 2590/3850 - 25 frames, 1 clips
        Second 2600/3850 - 25 frames, 1 clips
        Second 2610/3850 - 25 frames, 1 clips
        Second 2620/3850 - 25 frames, 1 clips
        Second 2630/3850 - 25 frames, 1 clips
        Second 2640/3850 - 25 frames, 1 clips
        Second 2650/3850 - 25 frames, 1 clips
        Second 2660/3850 - 25 frames, 1 clips
        Second 2670/3850 - 25 frames, 1 clips
        Second 2680/3850 - 25 frames, 1 clips
        Second 2690/3850 - 25 frames, 1 clips
        Second 2700/3850 - 25 frames, 1 clips
        Second 2710/3850 - 25 frames, 1 clips
        Second 2720/3850 - 25 frames, 1 clips
        Second 2730/3850 - 25 frames, 1 clips
        Second 2740/3850 - 25 frames, 1 clips
        Second 2750/3850 - 25 frames, 1 clips
        Second 2760/3850 - 25 frames, 1 clips
        Second 2770/3850 - 25 frames, 1 clips
        Second 2780/3850 - 25 frames, 1 clips
        Second 2790/3850 - 25 frames, 1 clips
        Second 2800/3850 - 25 frames, 1 clips
        Second 2810/3850 - 25 frames, 1 clips
        Second 2820/3850 - 25 frames, 1 clips
        Second 2830/3850 - 25 frames, 1 clips
        Second 2840/3850 - 25 frames, 1 clips
        Second 2850/3850 - 25 frames, 1 clips
        Second 2860/3850 - 25 frames, 1 clips
        Second 2870/3850 - 25 frames, 1 clips
        Second 2880/3850 - 25 frames, 1 clips
        Second 2890/3850 - 25 frames, 1 clips
        Second 2900/3850 - 25 frames, 1 clips
        Second 2910/3850 - 25 frames, 1 clips
        Second 2920/3850 - 25 frames, 1 clips
        Second 2930/3850 - 25 frames, 1 clips
        Second 2940/3850 - 25 frames, 1 clips
        Second 2950/3850 - 25 frames, 1 clips
        Second 2960/3850 - 25 frames, 1 clips
        Second 2970/3850 - 25 frames, 1 clips
        Second 2980/3850 - 25 frames, 1 clips
        Second 2990/3850 - 25 frames, 1 clips
        Second 3000/3850 - 25 frames, 1 clips
        Second 3010/3850 - 25 frames, 1 clips
        Second 3020/3850 - 25 frames, 1 clips
        Second 3030/3850 - 25 frames, 1 clips
        Second 3040/3850 - 25 frames, 1 clips
        Second 3050/3850 - 25 frames, 1 clips
        Second 3060/3850 - 25 frames, 1 clips
        Second 3070/3850 - 25 frames, 1 clips
        Second 3080/3850 - 25 frames, 1 clips
        Second 3090/3850 - 25 frames, 1 clips
        Second 3100/3850 - 25 frames, 1 clips
        Second 3110/3850 - 25 frames, 1 clips
        Second 3120/3850 - 25 frames, 1 clips
        Second 3130/3850 - 25 frames, 1 clips
        Second 3140/3850 - 25 frames, 1 clips
        Second 3150/3850 - 25 frames, 1 clips
        Second 3160/3850 - 25 frames, 1 clips
        Second 3170/3850 - 25 frames, 1 clips
        Second 3180/3850 - 25 frames, 1 clips
        Second 3190/3850 - 25 frames, 1 clips
        Second 3200/3850 - 25 frames, 1 clips
        Second 3210/3850 - 25 frames, 1 clips
        Second 3220/3850 - 25 frames, 1 clips
        Second 3230/3850 - 25 frames, 1 clips
        Second 3240/3850 - 25 frames, 1 clips
        Second 3250/3850 - 25 frames, 1 clips
        Second 3260/3850 - 25 frames, 1 clips
        Second 3270/3850 - 25 frames, 1 clips
        Second 3280/3850 - 25 frames, 1 clips
        Second 3290/3850 - 25 frames, 1 clips
        Second 3300/3850 - 25 frames, 1 clips
        Second 3310/3850 - 25 frames, 1 clips
        Second 3320/3850 - 25 frames, 1 clips
        Second 3330/3850 - 25 frames, 1 clips
        Second 3340/3850 - 25 frames, 1 clips
        Second 3350/3850 - 25 frames, 1 clips
        Second 3360/3850 - 25 frames, 1 clips
        Second 3370/3850 - 25 frames, 1 clips
        Second 3380/3850 - 25 frames, 1 clips
        Second 3390/3850 - 25 frames, 1 clips
        Second 3400/3850 - 25 frames, 1 clips
        Second 3410/3850 - 25 frames, 1 clips
        Second 3420/3850 - 25 frames, 1 clips
        Second 3430/3850 - 25 frames, 1 clips
        Second 3440/3850 - 25 frames, 1 clips
        Second 3450/3850 - 25 frames, 1 clips
        Second 3460/3850 - 25 frames, 1 clips
        Second 3470/3850 - 25 frames, 1 clips
        Second 3480/3850 - 25 frames, 1 clips
        Second 3490/3850 - 25 frames, 1 clips
        Second 3500/3850 - 25 frames, 1 clips
        Second 3510/3850 - 25 frames, 1 clips
        Second 3520/3850 - 25 frames, 1 clips
        Second 3530/3850 - 25 frames, 1 clips
        Second 3540/3850 - 25 frames, 1 clips
        Second 3550/3850 - 25 frames, 1 clips
        Second 3560/3850 - 25 frames, 1 clips
        Second 3570/3850 - 25 frames, 1 clips
        Second 3580/3850 - 25 frames, 1 clips
        Second 3590/3850 - 25 frames, 1 clips
        Second 3600/3850 - 25 frames, 1 clips
        Second 3610/3850 - 25 frames, 1 clips
        Second 3620/3850 - 25 frames, 1 clips
        Second 3630/3850 - 25 frames, 1 clips
        Second 3640/3850 - 25 frames, 1 clips
        Second 3650/3850 - 25 frames, 1 clips
        Second 3660/3850 - 25 frames, 1 clips
        Second 3670/3850 - 25 frames, 1 clips
        Second 3680/3850 - 25 frames, 1 clips
        Second 3690/3850 - 25 frames, 1 clips
        Second 3700/3850 - 25 frames, 1 clips
        Second 3710/3850 - 25 frames, 1 clips
        Second 3720/3850 - 25 frames, 1 clips
        Second 3730/3850 - 25 frames, 1 clips
        Second 3740/3850 - 25 frames, 1 clips
        Second 3750/3850 - 25 frames, 1 clips
        Second 3760/3850 - 25 frames, 1 clips
        Second 3770/3850 - 25 frames, 1 clips
        Second 3780/3850 - 25 frames, 1 clips
        Second 3790/3850 - 25 frames, 1 clips
        Second 3800/3850 - 25 frames, 1 clips
        Second 3810/3850 - 25 frames, 1 clips
        Second 3820/3850 - 25 frames, 1 clips
        Second 3830/3850 - 25 frames, 1 clips
        Second 3840/3850 - 25 frames, 1 clips
        Second 3850/3850 - NO FRAMES (zero feature)
      ───────────────────────────────────────────────────────
      FEATURE EXTRACTION COMPLETE
      ───────────────────────────────────────────────────────
      Final features shape: (3850, 1024)
      Features per second: 3850
      Feature dimension: 1024
      ═══════════════════════════════════════════════════════

[ID24]   Features extracted: (3850, 1024)
[ID24] Step 2/4: Converting to binary labels and removing unwanted classes...
[ID24]   Number of seconds: 3850
      CSV columns: ['start_time', 'end_time', 'licking', 'shaking']
      CSV shape: (3840, 4)
      Video seconds: 3850
      Total rows in CSV: 3840
      Valid rows (within video duration): 3840
      Rows kept after removing shaking: 3808
[ID24]   Original seconds: 3850
[ID24]   After removing shaking/licking_shaking: 3808
[ID24] Step 3/4: Balancing classes...
      Before balancing:
        Background: 2969 samples
        Licking: 839 samples
        Ratio: 3.54:1
      After balancing:
        Background: 839 samples
        Licking: 839 samples
        Total: 1678 samples
[ID24] Step 4/4: Saving processed data...
[ID24]   Saved features: /data-8tb/nvaci/dataset/dataset_Stanford/FACT_method/preprocessed_data_2class_originalFPS/features/ID24.npy
[ID24]     Shape: (1678, 1024)
[ID24]     Size: 6.55 MB
[ID24]   Final label distribution:
[ID24]     - background: 839 seconds (50.0%)
[ID24]     - licking: 839 seconds (50.0%)
[ID24]   Saved labels: /data-8tb/nvaci/dataset/dataset_Stanford/FACT_method/preprocessed_data_2class_originalFPS/groundTruth/ID24.txt
[ID24] SUCCESS - Video processed successfully


================================================================================
Processing video 25/32: ID25
================================================================================
[ID25] Found label file: 25-021_ID25.csv
[ID25] Step 1/4: Extracting features (per second)...
      Opening video file...

      ═══════════════════════════════════════════════════════
      VIDEO PROPERTIES
      ═══════════════════════════════════════════════════════
      FPS detected: 25.00
      Clip length (auto): 25 frames
      Total frames: 100409
      Duration: 4016.36 seconds
      Expected seconds: 4017
      Frames per second: ~25.0
      ═══════════════════════════════════════════════════════

      Using ORIGINAL FPS with per-second aggregation
      Aggregation method: mean
      ───────────────────────────────────────────────────────
      READING ALL FRAMES FROM VIDEO
      ───────────────────────────────────────────────────────
      Progress: 500/100409 frames (0.5%)
      Progress: 1000/100409 frames (1.0%)
      Progress: 1500/100409 frames (1.5%)
      Progress: 2000/100409 frames (2.0%)
      Progress: 2500/100409 frames (2.5%)
      Progress: 3000/100409 frames (3.0%)
      Progress: 3500/100409 frames (3.5%)
      Progress: 4000/100409 frames (4.0%)
      Progress: 4500/100409 frames (4.5%)
      Progress: 5000/100409 frames (5.0%)
      Progress: 5500/100409 frames (5.5%)
      Progress: 6000/100409 frames (6.0%)
      Progress: 6500/100409 frames (6.5%)
      Progress: 7000/100409 frames (7.0%)
      Progress: 7500/100409 frames (7.5%)
      Progress: 8000/100409 frames (8.0%)
      Progress: 8500/100409 frames (8.5%)
      Progress: 9000/100409 frames (9.0%)
      Progress: 9500/100409 frames (9.5%)
      Progress: 10000/100409 frames (10.0%)
      Progress: 10500/100409 frames (10.5%)
      Progress: 11000/100409 frames (11.0%)
      Progress: 11500/100409 frames (11.5%)
      Progress: 12000/100409 frames (12.0%)
      Progress: 12500/100409 frames (12.4%)
      Progress: 13000/100409 frames (12.9%)
      Progress: 13500/100409 frames (13.4%)
      Progress: 14000/100409 frames (13.9%)
      Progress: 14500/100409 frames (14.4%)
      Progress: 15000/100409 frames (14.9%)
      Progress: 15500/100409 frames (15.4%)
      Progress: 16000/100409 frames (15.9%)
      Progress: 16500/100409 frames (16.4%)
      Progress: 17000/100409 frames (16.9%)
      Progress: 17500/100409 frames (17.4%)
      Progress: 18000/100409 frames (17.9%)
      Progress: 18500/100409 frames (18.4%)
      Progress: 19000/100409 frames (18.9%)
      Progress: 19500/100409 frames (19.4%)
      Progress: 20000/100409 frames (19.9%)
      Progress: 20500/100409 frames (20.4%)
      Progress: 21000/100409 frames (20.9%)
      Progress: 21500/100409 frames (21.4%)
      Progress: 22000/100409 frames (21.9%)
      Progress: 22500/100409 frames (22.4%)
      Progress: 23000/100409 frames (22.9%)
      Progress: 23500/100409 frames (23.4%)
      Progress: 24000/100409 frames (23.9%)
      Progress: 24500/100409 frames (24.4%)
      Progress: 25000/100409 frames (24.9%)
      Progress: 25500/100409 frames (25.4%)
      Progress: 26000/100409 frames (25.9%)
      Progress: 26500/100409 frames (26.4%)
      Progress: 27000/100409 frames (26.9%)
      Progress: 27500/100409 frames (27.4%)
      Progress: 28000/100409 frames (27.9%)
      Progress: 28500/100409 frames (28.4%)
      Progress: 29000/100409 frames (28.9%)
      Progress: 29500/100409 frames (29.4%)
      Progress: 30000/100409 frames (29.9%)
      Progress: 30500/100409 frames (30.4%)
      Progress: 31000/100409 frames (30.9%)
      Progress: 31500/100409 frames (31.4%)
      Progress: 32000/100409 frames (31.9%)
      Progress: 32500/100409 frames (32.4%)
      Progress: 33000/100409 frames (32.9%)
      Progress: 33500/100409 frames (33.4%)
      Progress: 34000/100409 frames (33.9%)
      Progress: 34500/100409 frames (34.4%)
      Progress: 35000/100409 frames (34.9%)
      Progress: 35500/100409 frames (35.4%)
      Progress: 36000/100409 frames (35.9%)
      Progress: 36500/100409 frames (36.4%)
      Progress: 37000/100409 frames (36.8%)
      Progress: 37500/100409 frames (37.3%)
      Progress: 38000/100409 frames (37.8%)
      Progress: 38500/100409 frames (38.3%)
      Progress: 39000/100409 frames (38.8%)
      Progress: 39500/100409 frames (39.3%)
      Progress: 40000/100409 frames (39.8%)
      Progress: 40500/100409 frames (40.3%)
      Progress: 41000/100409 frames (40.8%)
      Progress: 41500/100409 frames (41.3%)
      Progress: 42000/100409 frames (41.8%)
      Progress: 42500/100409 frames (42.3%)
      Progress: 43000/100409 frames (42.8%)
      Progress: 43500/100409 frames (43.3%)
      Progress: 44000/100409 frames (43.8%)
      Progress: 44500/100409 frames (44.3%)
      Progress: 45000/100409 frames (44.8%)
      Progress: 45500/100409 frames (45.3%)
      Progress: 46000/100409 frames (45.8%)
      Progress: 46500/100409 frames (46.3%)
      Progress: 47000/100409 frames (46.8%)
      Progress: 47500/100409 frames (47.3%)
      Progress: 48000/100409 frames (47.8%)
      Progress: 48500/100409 frames (48.3%)
      Progress: 49000/100409 frames (48.8%)
      Progress: 49500/100409 frames (49.3%)
      Progress: 50000/100409 frames (49.8%)
      Progress: 50500/100409 frames (50.3%)
      Progress: 51000/100409 frames (50.8%)
      Progress: 51500/100409 frames (51.3%)
      Progress: 52000/100409 frames (51.8%)
      Progress: 52500/100409 frames (52.3%)
      Progress: 53000/100409 frames (52.8%)
      Progress: 53500/100409 frames (53.3%)
      Progress: 54000/100409 frames (53.8%)
      Progress: 54500/100409 frames (54.3%)
      Progress: 55000/100409 frames (54.8%)
      Progress: 55500/100409 frames (55.3%)
      Progress: 56000/100409 frames (55.8%)
      Progress: 56500/100409 frames (56.3%)
      Progress: 57000/100409 frames (56.8%)
      Progress: 57500/100409 frames (57.3%)
      Progress: 58000/100409 frames (57.8%)
      Progress: 58500/100409 frames (58.3%)
      Progress: 59000/100409 frames (58.8%)
      Progress: 59500/100409 frames (59.3%)
      Progress: 60000/100409 frames (59.8%)
      Progress: 60500/100409 frames (60.3%)
      Progress: 61000/100409 frames (60.8%)
      Progress: 61500/100409 frames (61.2%)
      Progress: 62000/100409 frames (61.7%)
      Progress: 62500/100409 frames (62.2%)
      Progress: 63000/100409 frames (62.7%)
      Progress: 63500/100409 frames (63.2%)
      Progress: 64000/100409 frames (63.7%)
      Progress: 64500/100409 frames (64.2%)
      Progress: 65000/100409 frames (64.7%)
      Progress: 65500/100409 frames (65.2%)
      Progress: 66000/100409 frames (65.7%)
      Progress: 66500/100409 frames (66.2%)
      Progress: 67000/100409 frames (66.7%)
      Progress: 67500/100409 frames (67.2%)
      Progress: 68000/100409 frames (67.7%)
      Progress: 68500/100409 frames (68.2%)
      Progress: 69000/100409 frames (68.7%)
      Progress: 69500/100409 frames (69.2%)
      Progress: 70000/100409 frames (69.7%)
      Progress: 70500/100409 frames (70.2%)
      Progress: 71000/100409 frames (70.7%)
      Progress: 71500/100409 frames (71.2%)
      Progress: 72000/100409 frames (71.7%)
      Progress: 72500/100409 frames (72.2%)
      Progress: 73000/100409 frames (72.7%)
      Progress: 73500/100409 frames (73.2%)
      Progress: 74000/100409 frames (73.7%)
      Progress: 74500/100409 frames (74.2%)
      Progress: 75000/100409 frames (74.7%)
      Progress: 75500/100409 frames (75.2%)
      Progress: 76000/100409 frames (75.7%)
      Progress: 76500/100409 frames (76.2%)
      Progress: 77000/100409 frames (76.7%)
      Progress: 77500/100409 frames (77.2%)
      Progress: 78000/100409 frames (77.7%)
      Progress: 78500/100409 frames (78.2%)
      Progress: 79000/100409 frames (78.7%)
      Progress: 79500/100409 frames (79.2%)
      Progress: 80000/100409 frames (79.7%)
      Progress: 80500/100409 frames (80.2%)
      Progress: 81000/100409 frames (80.7%)
      Progress: 81500/100409 frames (81.2%)
      Progress: 82000/100409 frames (81.7%)
      Progress: 82500/100409 frames (82.2%)
      Progress: 83000/100409 frames (82.7%)
      Progress: 83500/100409 frames (83.2%)
      Progress: 84000/100409 frames (83.7%)
      Progress: 84500/100409 frames (84.2%)
      Progress: 85000/100409 frames (84.7%)
      Progress: 85500/100409 frames (85.2%)
      Progress: 86000/100409 frames (85.6%)
      Progress: 86500/100409 frames (86.1%)
      Progress: 87000/100409 frames (86.6%)
      Progress: 87500/100409 frames (87.1%)
      Progress: 88000/100409 frames (87.6%)
      Progress: 88500/100409 frames (88.1%)
      Progress: 89000/100409 frames (88.6%)
      Progress: 89500/100409 frames (89.1%)
      Progress: 90000/100409 frames (89.6%)
      Progress: 90500/100409 frames (90.1%)
      Progress: 91000/100409 frames (90.6%)
      Progress: 91500/100409 frames (91.1%)
      Progress: 92000/100409 frames (91.6%)
      Progress: 92500/100409 frames (92.1%)
      Progress: 93000/100409 frames (92.6%)
      Progress: 93500/100409 frames (93.1%)
      Progress: 94000/100409 frames (93.6%)
      Progress: 94500/100409 frames (94.1%)
      Progress: 95000/100409 frames (94.6%)
      Progress: 95500/100409 frames (95.1%)
      Progress: 96000/100409 frames (95.6%)
      Progress: 96500/100409 frames (96.1%)
      Progress: 97000/100409 frames (96.6%)
      Progress: 97500/100409 frames (97.1%)
      Progress: 98000/100409 frames (97.6%)
      Progress: 98500/100409 frames (98.1%)
      Progress: 99000/100409 frames (98.6%)
      Progress: 99500/100409 frames (99.1%)
      Progress: 100000/100409 frames (99.6%)
      ───────────────────────────────────────────────────────
      FRAME READING COMPLETE
      ───────────────────────────────────────────────────────
      Expected frames: 100409
      Frames read: 100284
      Frames missing: 125
      WARNING: 125 frames could not be read!
      ───────────────────────────────────────────────────────

      FRAMES DISTRIBUTION BY SECOND:
        Second   0:  25 frames
        Second   1:  25 frames
        Second   2:  25 frames
        Second   3:  25 frames
        Second   4:  25 frames
        Second   5:  25 frames
        Second   6:  25 frames
        Second   7:  25 frames
        Second   8:  25 frames
        Second   9:  25 frames
        ... (4007 more seconds)
      
      Frame statistics:
        Average frames/second: 25.0
        Min frames/second: 0
        Max frames/second: 25
      
      ───────────────────────────────────────────────────────
      EXTRACTING FEATURES PER SECOND
      ───────────────────────────────────────────────────────
      Total seconds to process: 4017
        Second 10/4017 - 25 frames, 1 clips
        Second 20/4017 - 25 frames, 1 clips
        Second 30/4017 - 25 frames, 1 clips
        Second 40/4017 - 25 frames, 1 clips
        Second 50/4017 - 25 frames, 1 clips
        Second 60/4017 - 25 frames, 1 clips
        Second 70/4017 - 25 frames, 1 clips
        Second 80/4017 - 25 frames, 1 clips
        Second 90/4017 - 25 frames, 1 clips
        Second 100/4017 - 25 frames, 1 clips
        Second 110/4017 - 25 frames, 1 clips
        Second 120/4017 - 25 frames, 1 clips
        Second 130/4017 - 25 frames, 1 clips
        Second 140/4017 - 25 frames, 1 clips
        Second 150/4017 - 25 frames, 1 clips
        Second 160/4017 - 25 frames, 1 clips
        Second 170/4017 - 25 frames, 1 clips
        Second 180/4017 - 25 frames, 1 clips
        Second 190/4017 - 25 frames, 1 clips
        Second 200/4017 - 25 frames, 1 clips
        Second 210/4017 - 25 frames, 1 clips
        Second 220/4017 - 25 frames, 1 clips
        Second 230/4017 - 25 frames, 1 clips
        Second 240/4017 - 25 frames, 1 clips
        Second 250/4017 - 25 frames, 1 clips
        Second 260/4017 - 25 frames, 1 clips
        Second 270/4017 - 25 frames, 1 clips
        Second 280/4017 - 25 frames, 1 clips
        Second 290/4017 - 25 frames, 1 clips
        Second 300/4017 - 25 frames, 1 clips
        Second 310/4017 - 25 frames, 1 clips
        Second 320/4017 - 25 frames, 1 clips
        Second 330/4017 - 25 frames, 1 clips
        Second 340/4017 - 25 frames, 1 clips
        Second 350/4017 - 25 frames, 1 clips
        Second 360/4017 - 25 frames, 1 clips
        Second 370/4017 - 25 frames, 1 clips
        Second 380/4017 - 25 frames, 1 clips
        Second 390/4017 - 25 frames, 1 clips
        Second 400/4017 - 25 frames, 1 clips
        Second 410/4017 - 25 frames, 1 clips
        Second 420/4017 - 25 frames, 1 clips
        Second 430/4017 - 25 frames, 1 clips
        Second 440/4017 - 25 frames, 1 clips
        Second 450/4017 - 25 frames, 1 clips
        Second 460/4017 - 25 frames, 1 clips
        Second 470/4017 - 25 frames, 1 clips
        Second 480/4017 - 25 frames, 1 clips
        Second 490/4017 - 25 frames, 1 clips
        Second 500/4017 - 25 frames, 1 clips
        Second 510/4017 - 25 frames, 1 clips
        Second 520/4017 - 25 frames, 1 clips
        Second 530/4017 - 25 frames, 1 clips
        Second 540/4017 - 25 frames, 1 clips
        Second 550/4017 - 25 frames, 1 clips
        Second 560/4017 - 25 frames, 1 clips
        Second 570/4017 - 25 frames, 1 clips
        Second 580/4017 - 25 frames, 1 clips
        Second 590/4017 - 25 frames, 1 clips
        Second 600/4017 - 25 frames, 1 clips
        Second 610/4017 - 25 frames, 1 clips
        Second 620/4017 - 25 frames, 1 clips
        Second 630/4017 - 25 frames, 1 clips
        Second 640/4017 - 25 frames, 1 clips
        Second 650/4017 - 25 frames, 1 clips
        Second 660/4017 - 25 frames, 1 clips
        Second 670/4017 - 25 frames, 1 clips
        Second 680/4017 - 25 frames, 1 clips
        Second 690/4017 - 25 frames, 1 clips
        Second 700/4017 - 25 frames, 1 clips
        Second 710/4017 - 25 frames, 1 clips
        Second 720/4017 - 25 frames, 1 clips
        Second 730/4017 - 25 frames, 1 clips
        Second 740/4017 - 25 frames, 1 clips
        Second 750/4017 - 25 frames, 1 clips
        Second 760/4017 - 25 frames, 1 clips
        Second 770/4017 - 25 frames, 1 clips
        Second 780/4017 - 25 frames, 1 clips
        Second 790/4017 - 25 frames, 1 clips
        Second 800/4017 - 25 frames, 1 clips
        Second 810/4017 - 25 frames, 1 clips
        Second 820/4017 - 25 frames, 1 clips
        Second 830/4017 - 25 frames, 1 clips
        Second 840/4017 - 25 frames, 1 clips
        Second 850/4017 - 25 frames, 1 clips
        Second 860/4017 - 25 frames, 1 clips
        Second 870/4017 - 25 frames, 1 clips
        Second 880/4017 - 25 frames, 1 clips
        Second 890/4017 - 25 frames, 1 clips
        Second 900/4017 - 25 frames, 1 clips
        Second 910/4017 - 25 frames, 1 clips
        Second 920/4017 - 25 frames, 1 clips
        Second 930/4017 - 25 frames, 1 clips
        Second 940/4017 - 25 frames, 1 clips
        Second 950/4017 - 25 frames, 1 clips
        Second 960/4017 - 25 frames, 1 clips
        Second 970/4017 - 25 frames, 1 clips
        Second 980/4017 - 25 frames, 1 clips
        Second 990/4017 - 25 frames, 1 clips
        Second 1000/4017 - 25 frames, 1 clips
        Second 1010/4017 - 25 frames, 1 clips
        Second 1020/4017 - 25 frames, 1 clips
        Second 1030/4017 - 25 frames, 1 clips
        Second 1040/4017 - 25 frames, 1 clips
        Second 1050/4017 - 25 frames, 1 clips
        Second 1060/4017 - 25 frames, 1 clips
        Second 1070/4017 - 25 frames, 1 clips
        Second 1080/4017 - 25 frames, 1 clips
        Second 1090/4017 - 25 frames, 1 clips
        Second 1100/4017 - 25 frames, 1 clips
        Second 1110/4017 - 25 frames, 1 clips
        Second 1120/4017 - 25 frames, 1 clips
        Second 1130/4017 - 25 frames, 1 clips
        Second 1140/4017 - 25 frames, 1 clips
        Second 1150/4017 - 25 frames, 1 clips
        Second 1160/4017 - 25 frames, 1 clips
        Second 1170/4017 - 25 frames, 1 clips
        Second 1180/4017 - 25 frames, 1 clips
        Second 1190/4017 - 25 frames, 1 clips
        Second 1200/4017 - 25 frames, 1 clips
        Second 1210/4017 - 25 frames, 1 clips
        Second 1220/4017 - 25 frames, 1 clips
        Second 1230/4017 - 25 frames, 1 clips
        Second 1240/4017 - 25 frames, 1 clips
        Second 1250/4017 - 25 frames, 1 clips
        Second 1260/4017 - 25 frames, 1 clips
        Second 1270/4017 - 25 frames, 1 clips
        Second 1280/4017 - 25 frames, 1 clips
        Second 1290/4017 - 25 frames, 1 clips
        Second 1300/4017 - 25 frames, 1 clips
        Second 1310/4017 - 25 frames, 1 clips
        Second 1320/4017 - 25 frames, 1 clips
        Second 1330/4017 - 25 frames, 1 clips
        Second 1340/4017 - 25 frames, 1 clips
        Second 1350/4017 - 25 frames, 1 clips
        Second 1360/4017 - 25 frames, 1 clips
        Second 1370/4017 - 25 frames, 1 clips
        Second 1380/4017 - 25 frames, 1 clips
        Second 1390/4017 - 25 frames, 1 clips
        Second 1400/4017 - 25 frames, 1 clips
        Second 1410/4017 - 25 frames, 1 clips
        Second 1420/4017 - 25 frames, 1 clips
        Second 1430/4017 - 25 frames, 1 clips
        Second 1440/4017 - 25 frames, 1 clips
        Second 1450/4017 - 25 frames, 1 clips
        Second 1460/4017 - 25 frames, 1 clips
        Second 1470/4017 - 25 frames, 1 clips
        Second 1480/4017 - 25 frames, 1 clips
        Second 1490/4017 - 25 frames, 1 clips
        Second 1500/4017 - 25 frames, 1 clips
        Second 1510/4017 - 25 frames, 1 clips
        Second 1520/4017 - 25 frames, 1 clips
        Second 1530/4017 - 25 frames, 1 clips
        Second 1540/4017 - 25 frames, 1 clips
        Second 1550/4017 - 25 frames, 1 clips
        Second 1560/4017 - 25 frames, 1 clips
        Second 1570/4017 - 25 frames, 1 clips
        Second 1580/4017 - 25 frames, 1 clips
        Second 1590/4017 - 25 frames, 1 clips
        Second 1600/4017 - 25 frames, 1 clips
        Second 1610/4017 - 25 frames, 1 clips
        Second 1620/4017 - 25 frames, 1 clips
        Second 1630/4017 - 25 frames, 1 clips
        Second 1640/4017 - 25 frames, 1 clips
        Second 1650/4017 - 25 frames, 1 clips
        Second 1660/4017 - 25 frames, 1 clips
        Second 1670/4017 - 25 frames, 1 clips
        Second 1680/4017 - 25 frames, 1 clips
        Second 1690/4017 - 25 frames, 1 clips
        Second 1700/4017 - 25 frames, 1 clips
        Second 1710/4017 - 25 frames, 1 clips
        Second 1720/4017 - 25 frames, 1 clips
        Second 1730/4017 - 25 frames, 1 clips
        Second 1740/4017 - 25 frames, 1 clips
        Second 1750/4017 - 25 frames, 1 clips
        Second 1760/4017 - 25 frames, 1 clips
        Second 1770/4017 - 25 frames, 1 clips
        Second 1780/4017 - 25 frames, 1 clips
        Second 1790/4017 - 25 frames, 1 clips
        Second 1800/4017 - 25 frames, 1 clips
        Second 1810/4017 - 25 frames, 1 clips
        Second 1820/4017 - 25 frames, 1 clips
        Second 1830/4017 - 25 frames, 1 clips
        Second 1840/4017 - 25 frames, 1 clips
        Second 1850/4017 - 25 frames, 1 clips
        Second 1860/4017 - 25 frames, 1 clips
        Second 1870/4017 - 25 frames, 1 clips
        Second 1880/4017 - 25 frames, 1 clips
        Second 1890/4017 - 25 frames, 1 clips
        Second 1900/4017 - 25 frames, 1 clips
        Second 1910/4017 - 25 frames, 1 clips
        Second 1920/4017 - 25 frames, 1 clips
        Second 1930/4017 - 25 frames, 1 clips
        Second 1940/4017 - 25 frames, 1 clips
        Second 1950/4017 - 25 frames, 1 clips
        Second 1960/4017 - 25 frames, 1 clips
        Second 1970/4017 - 25 frames, 1 clips
        Second 1980/4017 - 25 frames, 1 clips
        Second 1990/4017 - 25 frames, 1 clips
        Second 2000/4017 - 25 frames, 1 clips
        Second 2010/4017 - 25 frames, 1 clips
        Second 2020/4017 - 25 frames, 1 clips
        Second 2030/4017 - 25 frames, 1 clips
        Second 2040/4017 - 25 frames, 1 clips
        Second 2050/4017 - 25 frames, 1 clips
        Second 2060/4017 - 25 frames, 1 clips
        Second 2070/4017 - 25 frames, 1 clips
        Second 2080/4017 - 25 frames, 1 clips
        Second 2090/4017 - 25 frames, 1 clips
        Second 2100/4017 - 25 frames, 1 clips
        Second 2110/4017 - 25 frames, 1 clips
        Second 2120/4017 - 25 frames, 1 clips
        Second 2130/4017 - 25 frames, 1 clips
        Second 2140/4017 - 25 frames, 1 clips
        Second 2150/4017 - 25 frames, 1 clips
        Second 2160/4017 - 25 frames, 1 clips
        Second 2170/4017 - 25 frames, 1 clips
        Second 2180/4017 - 25 frames, 1 clips
        Second 2190/4017 - 25 frames, 1 clips
        Second 2200/4017 - 25 frames, 1 clips
        Second 2210/4017 - 25 frames, 1 clips
        Second 2220/4017 - 25 frames, 1 clips
        Second 2230/4017 - 25 frames, 1 clips
        Second 2240/4017 - 25 frames, 1 clips
        Second 2250/4017 - 25 frames, 1 clips
        Second 2260/4017 - 25 frames, 1 clips
        Second 2270/4017 - 25 frames, 1 clips
        Second 2280/4017 - 25 frames, 1 clips
        Second 2290/4017 - 25 frames, 1 clips
        Second 2300/4017 - 25 frames, 1 clips
        Second 2310/4017 - 25 frames, 1 clips
        Second 2320/4017 - 25 frames, 1 clips
        Second 2330/4017 - 25 frames, 1 clips
        Second 2340/4017 - 25 frames, 1 clips
        Second 2350/4017 - 25 frames, 1 clips
        Second 2360/4017 - 25 frames, 1 clips
        Second 2370/4017 - 25 frames, 1 clips
        Second 2380/4017 - 25 frames, 1 clips
        Second 2390/4017 - 25 frames, 1 clips
        Second 2400/4017 - 25 frames, 1 clips
        Second 2410/4017 - 25 frames, 1 clips
        Second 2420/4017 - 25 frames, 1 clips
        Second 2430/4017 - 25 frames, 1 clips
        Second 2440/4017 - 25 frames, 1 clips
        Second 2450/4017 - 25 frames, 1 clips
        Second 2460/4017 - 25 frames, 1 clips
        Second 2470/4017 - 25 frames, 1 clips
        Second 2480/4017 - 25 frames, 1 clips
        Second 2490/4017 - 25 frames, 1 clips
        Second 2500/4017 - 25 frames, 1 clips
        Second 2510/4017 - 25 frames, 1 clips
        Second 2520/4017 - 25 frames, 1 clips
        Second 2530/4017 - 25 frames, 1 clips
        Second 2540/4017 - 25 frames, 1 clips
        Second 2550/4017 - 25 frames, 1 clips
        Second 2560/4017 - 25 frames, 1 clips
        Second 2570/4017 - 25 frames, 1 clips
        Second 2580/4017 - 25 frames, 1 clips
        Second 2590/4017 - 25 frames, 1 clips
        Second 2600/4017 - 25 frames, 1 clips
        Second 2610/4017 - 25 frames, 1 clips
        Second 2620/4017 - 25 frames, 1 clips
        Second 2630/4017 - 25 frames, 1 clips
        Second 2640/4017 - 25 frames, 1 clips
        Second 2650/4017 - 25 frames, 1 clips
        Second 2660/4017 - 25 frames, 1 clips
        Second 2670/4017 - 25 frames, 1 clips
        Second 2680/4017 - 25 frames, 1 clips
        Second 2690/4017 - 25 frames, 1 clips
        Second 2700/4017 - 25 frames, 1 clips
        Second 2710/4017 - 25 frames, 1 clips
        Second 2720/4017 - 25 frames, 1 clips
        Second 2730/4017 - 25 frames, 1 clips
        Second 2740/4017 - 25 frames, 1 clips
        Second 2750/4017 - 25 frames, 1 clips
        Second 2760/4017 - 25 frames, 1 clips
        Second 2770/4017 - 25 frames, 1 clips
        Second 2780/4017 - 25 frames, 1 clips
        Second 2790/4017 - 25 frames, 1 clips
        Second 2800/4017 - 25 frames, 1 clips
        Second 2810/4017 - 25 frames, 1 clips
        Second 2820/4017 - 25 frames, 1 clips
        Second 2830/4017 - 25 frames, 1 clips
        Second 2840/4017 - 25 frames, 1 clips
        Second 2850/4017 - 25 frames, 1 clips
        Second 2860/4017 - 25 frames, 1 clips
        Second 2870/4017 - 25 frames, 1 clips
        Second 2880/4017 - 25 frames, 1 clips
        Second 2890/4017 - 25 frames, 1 clips
        Second 2900/4017 - 25 frames, 1 clips
        Second 2910/4017 - 25 frames, 1 clips
        Second 2920/4017 - 25 frames, 1 clips
        Second 2930/4017 - 25 frames, 1 clips
        Second 2940/4017 - 25 frames, 1 clips
        Second 2950/4017 - 25 frames, 1 clips
        Second 2960/4017 - 25 frames, 1 clips
        Second 2970/4017 - 25 frames, 1 clips
        Second 2980/4017 - 25 frames, 1 clips
        Second 2990/4017 - 25 frames, 1 clips
        Second 3000/4017 - 25 frames, 1 clips
        Second 3010/4017 - 25 frames, 1 clips
        Second 3020/4017 - 25 frames, 1 clips
        Second 3030/4017 - 25 frames, 1 clips
        Second 3040/4017 - 25 frames, 1 clips
        Second 3050/4017 - 25 frames, 1 clips
        Second 3060/4017 - 25 frames, 1 clips
        Second 3070/4017 - 25 frames, 1 clips
        Second 3080/4017 - 25 frames, 1 clips
        Second 3090/4017 - 25 frames, 1 clips
        Second 3100/4017 - 25 frames, 1 clips
        Second 3110/4017 - 25 frames, 1 clips
        Second 3120/4017 - 25 frames, 1 clips
        Second 3130/4017 - 25 frames, 1 clips
        Second 3140/4017 - 25 frames, 1 clips
        Second 3150/4017 - 25 frames, 1 clips
        Second 3160/4017 - 25 frames, 1 clips
        Second 3170/4017 - 25 frames, 1 clips
        Second 3180/4017 - 25 frames, 1 clips
        Second 3190/4017 - 25 frames, 1 clips
        Second 3200/4017 - 25 frames, 1 clips
        Second 3210/4017 - 25 frames, 1 clips
        Second 3220/4017 - 25 frames, 1 clips
        Second 3230/4017 - 25 frames, 1 clips
        Second 3240/4017 - 25 frames, 1 clips
        Second 3250/4017 - 25 frames, 1 clips
        Second 3260/4017 - 25 frames, 1 clips
        Second 3270/4017 - 25 frames, 1 clips
        Second 3280/4017 - 25 frames, 1 clips
        Second 3290/4017 - 25 frames, 1 clips
        Second 3300/4017 - 25 frames, 1 clips
        Second 3310/4017 - 25 frames, 1 clips
        Second 3320/4017 - 25 frames, 1 clips
        Second 3330/4017 - 25 frames, 1 clips
        Second 3340/4017 - 25 frames, 1 clips
        Second 3350/4017 - 25 frames, 1 clips
        Second 3360/4017 - 25 frames, 1 clips
        Second 3370/4017 - 25 frames, 1 clips
        Second 3380/4017 - 25 frames, 1 clips
        Second 3390/4017 - 25 frames, 1 clips
        Second 3400/4017 - 25 frames, 1 clips
        Second 3410/4017 - 25 frames, 1 clips
        Second 3420/4017 - 25 frames, 1 clips
        Second 3430/4017 - 25 frames, 1 clips
        Second 3440/4017 - 25 frames, 1 clips
        Second 3450/4017 - 25 frames, 1 clips
        Second 3460/4017 - 25 frames, 1 clips
        Second 3470/4017 - 25 frames, 1 clips
        Second 3480/4017 - 25 frames, 1 clips
        Second 3490/4017 - 25 frames, 1 clips
        Second 3500/4017 - 25 frames, 1 clips
        Second 3510/4017 - 25 frames, 1 clips
        Second 3520/4017 - 25 frames, 1 clips
        Second 3530/4017 - 25 frames, 1 clips
        Second 3540/4017 - 25 frames, 1 clips
        Second 3550/4017 - 25 frames, 1 clips
        Second 3560/4017 - 25 frames, 1 clips
        Second 3570/4017 - 25 frames, 1 clips
        Second 3580/4017 - 25 frames, 1 clips
        Second 3590/4017 - 25 frames, 1 clips
        Second 3600/4017 - 25 frames, 1 clips
        Second 3610/4017 - 25 frames, 1 clips
        Second 3620/4017 - 25 frames, 1 clips
        Second 3630/4017 - 25 frames, 1 clips
        Second 3640/4017 - 25 frames, 1 clips
        Second 3650/4017 - 25 frames, 1 clips
        Second 3660/4017 - 25 frames, 1 clips
        Second 3670/4017 - 25 frames, 1 clips
        Second 3680/4017 - 25 frames, 1 clips
        Second 3690/4017 - 25 frames, 1 clips
        Second 3700/4017 - 25 frames, 1 clips
        Second 3710/4017 - 25 frames, 1 clips
        Second 3720/4017 - 25 frames, 1 clips
        Second 3730/4017 - 25 frames, 1 clips
        Second 3740/4017 - 25 frames, 1 clips
        Second 3750/4017 - 25 frames, 1 clips
        Second 3760/4017 - 25 frames, 1 clips
        Second 3770/4017 - 25 frames, 1 clips
        Second 3780/4017 - 25 frames, 1 clips
        Second 3790/4017 - 25 frames, 1 clips
        Second 3800/4017 - 25 frames, 1 clips
        Second 3810/4017 - 25 frames, 1 clips
        Second 3820/4017 - 25 frames, 1 clips
        Second 3830/4017 - 25 frames, 1 clips
        Second 3840/4017 - 25 frames, 1 clips
        Second 3850/4017 - 25 frames, 1 clips
        Second 3860/4017 - 25 frames, 1 clips
        Second 3870/4017 - 25 frames, 1 clips
        Second 3880/4017 - 25 frames, 1 clips
        Second 3890/4017 - 25 frames, 1 clips
        Second 3900/4017 - 25 frames, 1 clips
        Second 3910/4017 - 25 frames, 1 clips
        Second 3920/4017 - 25 frames, 1 clips
        Second 3930/4017 - 25 frames, 1 clips
        Second 3940/4017 - 25 frames, 1 clips
        Second 3950/4017 - 25 frames, 1 clips
        Second 3960/4017 - 25 frames, 1 clips
        Second 3970/4017 - 25 frames, 1 clips
        Second 3980/4017 - 25 frames, 1 clips
        Second 3990/4017 - 25 frames, 1 clips
        Second 4000/4017 - 25 frames, 1 clips
        Second 4010/4017 - 25 frames, 1 clips
      ───────────────────────────────────────────────────────
      FEATURE EXTRACTION COMPLETE
      ───────────────────────────────────────────────────────
      Final features shape: (4017, 1024)
      Features per second: 4017
      Feature dimension: 1024
      ═══════════════════════════════════════════════════════

[ID25]   Features extracted: (4017, 1024)
[ID25] Step 2/4: Converting to binary labels and removing unwanted classes...
[ID25]   Number of seconds: 4017
      CSV columns: ['start_time', 'end_time', 'licking', 'shaking']
      CSV shape: (3840, 4)
      Video seconds: 4017
      Total rows in CSV: 3840
      Valid rows (within video duration): 3840
      Rows kept after removing shaking: 3815
[ID25]   Original seconds: 4017
[ID25]   After removing shaking/licking_shaking: 3815
[ID25] Step 3/4: Balancing classes...
      Before balancing:
        Background: 3383 samples
        Licking: 432 samples
        Ratio: 7.83:1
      After balancing:
        Background: 432 samples
        Licking: 432 samples
        Total: 864 samples
[ID25] Step 4/4: Saving processed data...
[ID25]   Saved features: /data-8tb/nvaci/dataset/dataset_Stanford/FACT_method/preprocessed_data_2class_originalFPS/features/ID25.npy
[ID25]     Shape: (864, 1024)
[ID25]     Size: 3.38 MB
[ID25]   Final label distribution:
[ID25]     - background: 432 seconds (50.0%)
[ID25]     - licking: 432 seconds (50.0%)
[ID25]   Saved labels: /data-8tb/nvaci/dataset/dataset_Stanford/FACT_method/preprocessed_data_2class_originalFPS/groundTruth/ID25.txt
[ID25] SUCCESS - Video processed successfully


================================================================================
Processing video 26/32: ID26
================================================================================
[ID26] Found label file: 25-021_ID26.csv
[ID26] Step 1/4: Extracting features (per second)...
      Opening video file...

      ═══════════════════════════════════════════════════════
      VIDEO PROPERTIES
      ═══════════════════════════════════════════════════════
      FPS detected: 25.00
      Clip length (auto): 25 frames
      Total frames: 99659
      Duration: 3986.36 seconds
      Expected seconds: 3987
      Frames per second: ~25.0
      ═══════════════════════════════════════════════════════

      Using ORIGINAL FPS with per-second aggregation
      Aggregation method: mean
      ───────────────────────────────────────────────────────
      READING ALL FRAMES FROM VIDEO
      ───────────────────────────────────────────────────────
      Progress: 500/99659 frames (0.5%)
      Progress: 1000/99659 frames (1.0%)
      Progress: 1500/99659 frames (1.5%)
      Progress: 2000/99659 frames (2.0%)
      Progress: 2500/99659 frames (2.5%)
      Progress: 3000/99659 frames (3.0%)
      Progress: 3500/99659 frames (3.5%)
      Progress: 4000/99659 frames (4.0%)
      Progress: 4500/99659 frames (4.5%)
      Progress: 5000/99659 frames (5.0%)
      Progress: 5500/99659 frames (5.5%)
      Progress: 6000/99659 frames (6.0%)
      Progress: 6500/99659 frames (6.5%)
      Progress: 7000/99659 frames (7.0%)
      Progress: 7500/99659 frames (7.5%)
      Progress: 8000/99659 frames (8.0%)
      Progress: 8500/99659 frames (8.5%)
      Progress: 9000/99659 frames (9.0%)
      Progress: 9500/99659 frames (9.5%)
      Progress: 10000/99659 frames (10.0%)
      Progress: 10500/99659 frames (10.5%)
      Progress: 11000/99659 frames (11.0%)
      Progress: 11500/99659 frames (11.5%)
      Progress: 12000/99659 frames (12.0%)
      Progress: 12500/99659 frames (12.5%)
      Progress: 13000/99659 frames (13.0%)
      Progress: 13500/99659 frames (13.5%)
      Progress: 14000/99659 frames (14.0%)
      Progress: 14500/99659 frames (14.5%)
      Progress: 15000/99659 frames (15.1%)
      Progress: 15500/99659 frames (15.6%)
      Progress: 16000/99659 frames (16.1%)
      Progress: 16500/99659 frames (16.6%)
      Progress: 17000/99659 frames (17.1%)
      Progress: 17500/99659 frames (17.6%)
      Progress: 18000/99659 frames (18.1%)
      Progress: 18500/99659 frames (18.6%)
      Progress: 19000/99659 frames (19.1%)
      Progress: 19500/99659 frames (19.6%)
      Progress: 20000/99659 frames (20.1%)
      Progress: 20500/99659 frames (20.6%)
      Progress: 21000/99659 frames (21.1%)
      Progress: 21500/99659 frames (21.6%)
      Progress: 22000/99659 frames (22.1%)
      Progress: 22500/99659 frames (22.6%)
      Progress: 23000/99659 frames (23.1%)
      Progress: 23500/99659 frames (23.6%)
      Progress: 24000/99659 frames (24.1%)
      Progress: 24500/99659 frames (24.6%)
      Progress: 25000/99659 frames (25.1%)
      Progress: 25500/99659 frames (25.6%)
      Progress: 26000/99659 frames (26.1%)
      Progress: 26500/99659 frames (26.6%)
      Progress: 27000/99659 frames (27.1%)
      Progress: 27500/99659 frames (27.6%)
      Progress: 28000/99659 frames (28.1%)
      Progress: 28500/99659 frames (28.6%)
      Progress: 29000/99659 frames (29.1%)
      Progress: 29500/99659 frames (29.6%)
      Progress: 30000/99659 frames (30.1%)
      Progress: 30500/99659 frames (30.6%)
      Progress: 31000/99659 frames (31.1%)
      Progress: 31500/99659 frames (31.6%)
      Progress: 32000/99659 frames (32.1%)
      Progress: 32500/99659 frames (32.6%)
      Progress: 33000/99659 frames (33.1%)
      Progress: 33500/99659 frames (33.6%)
      Progress: 34000/99659 frames (34.1%)
      Progress: 34500/99659 frames (34.6%)
      Progress: 35000/99659 frames (35.1%)
      Progress: 35500/99659 frames (35.6%)
      Progress: 36000/99659 frames (36.1%)
      Progress: 36500/99659 frames (36.6%)
      Progress: 37000/99659 frames (37.1%)
      Progress: 37500/99659 frames (37.6%)
      Progress: 38000/99659 frames (38.1%)
      Progress: 38500/99659 frames (38.6%)
      Progress: 39000/99659 frames (39.1%)
      Progress: 39500/99659 frames (39.6%)
      Progress: 40000/99659 frames (40.1%)
      Progress: 40500/99659 frames (40.6%)
      Progress: 41000/99659 frames (41.1%)
      Progress: 41500/99659 frames (41.6%)
      Progress: 42000/99659 frames (42.1%)
      Progress: 42500/99659 frames (42.6%)
      Progress: 43000/99659 frames (43.1%)
      Progress: 43500/99659 frames (43.6%)
      Progress: 44000/99659 frames (44.2%)
      Progress: 44500/99659 frames (44.7%)
      Progress: 45000/99659 frames (45.2%)
      Progress: 45500/99659 frames (45.7%)
      Progress: 46000/99659 frames (46.2%)
      Progress: 46500/99659 frames (46.7%)
      Progress: 47000/99659 frames (47.2%)
      Progress: 47500/99659 frames (47.7%)
      Progress: 48000/99659 frames (48.2%)
      Progress: 48500/99659 frames (48.7%)
      Progress: 49000/99659 frames (49.2%)
      Progress: 49500/99659 frames (49.7%)
      Progress: 50000/99659 frames (50.2%)
      Progress: 50500/99659 frames (50.7%)
      Progress: 51000/99659 frames (51.2%)
      Progress: 51500/99659 frames (51.7%)
      Progress: 52000/99659 frames (52.2%)
      Progress: 52500/99659 frames (52.7%)
      Progress: 53000/99659 frames (53.2%)
      Progress: 53500/99659 frames (53.7%)
      Progress: 54000/99659 frames (54.2%)
      Progress: 54500/99659 frames (54.7%)
      Progress: 55000/99659 frames (55.2%)
      Progress: 55500/99659 frames (55.7%)
      Progress: 56000/99659 frames (56.2%)
      Progress: 56500/99659 frames (56.7%)
      Progress: 57000/99659 frames (57.2%)
      Progress: 57500/99659 frames (57.7%)
      Progress: 58000/99659 frames (58.2%)
      Progress: 58500/99659 frames (58.7%)
      Progress: 59000/99659 frames (59.2%)
      Progress: 59500/99659 frames (59.7%)
      Progress: 60000/99659 frames (60.2%)
      Progress: 60500/99659 frames (60.7%)
      Progress: 61000/99659 frames (61.2%)
      Progress: 61500/99659 frames (61.7%)
      Progress: 62000/99659 frames (62.2%)
      Progress: 62500/99659 frames (62.7%)
      Progress: 63000/99659 frames (63.2%)
      Progress: 63500/99659 frames (63.7%)
      Progress: 64000/99659 frames (64.2%)
      Progress: 64500/99659 frames (64.7%)
      Progress: 65000/99659 frames (65.2%)
      Progress: 65500/99659 frames (65.7%)
      Progress: 66000/99659 frames (66.2%)
      Progress: 66500/99659 frames (66.7%)
      Progress: 67000/99659 frames (67.2%)
      Progress: 67500/99659 frames (67.7%)
      Progress: 68000/99659 frames (68.2%)
      Progress: 68500/99659 frames (68.7%)
      Progress: 69000/99659 frames (69.2%)
      Progress: 69500/99659 frames (69.7%)
      Progress: 70000/99659 frames (70.2%)
      Progress: 70500/99659 frames (70.7%)
      Progress: 71000/99659 frames (71.2%)
      Progress: 71500/99659 frames (71.7%)
      Progress: 72000/99659 frames (72.2%)
      Progress: 72500/99659 frames (72.7%)
      Progress: 73000/99659 frames (73.2%)
      Progress: 73500/99659 frames (73.8%)
      Progress: 74000/99659 frames (74.3%)
      Progress: 74500/99659 frames (74.8%)
      Progress: 75000/99659 frames (75.3%)
      Progress: 75500/99659 frames (75.8%)
      Progress: 76000/99659 frames (76.3%)
      Progress: 76500/99659 frames (76.8%)
      Progress: 77000/99659 frames (77.3%)
      Progress: 77500/99659 frames (77.8%)
      Progress: 78000/99659 frames (78.3%)
      Progress: 78500/99659 frames (78.8%)
      Progress: 79000/99659 frames (79.3%)
      Progress: 79500/99659 frames (79.8%)
      Progress: 80000/99659 frames (80.3%)
      Progress: 80500/99659 frames (80.8%)
      Progress: 81000/99659 frames (81.3%)
      Progress: 81500/99659 frames (81.8%)
      Progress: 82000/99659 frames (82.3%)
      Progress: 82500/99659 frames (82.8%)
      Progress: 83000/99659 frames (83.3%)
      Progress: 83500/99659 frames (83.8%)
      Progress: 84000/99659 frames (84.3%)
      Progress: 84500/99659 frames (84.8%)
      Progress: 85000/99659 frames (85.3%)
      Progress: 85500/99659 frames (85.8%)
      Progress: 86000/99659 frames (86.3%)
      Progress: 86500/99659 frames (86.8%)
      Progress: 87000/99659 frames (87.3%)
      Progress: 87500/99659 frames (87.8%)
      Progress: 88000/99659 frames (88.3%)
      Progress: 88500/99659 frames (88.8%)
      Progress: 89000/99659 frames (89.3%)
      Progress: 89500/99659 frames (89.8%)
      Progress: 90000/99659 frames (90.3%)
      Progress: 90500/99659 frames (90.8%)
      Progress: 91000/99659 frames (91.3%)
      Progress: 91500/99659 frames (91.8%)
      Progress: 92000/99659 frames (92.3%)
      Progress: 92500/99659 frames (92.8%)
      Progress: 93000/99659 frames (93.3%)
      Progress: 93500/99659 frames (93.8%)
      Progress: 94000/99659 frames (94.3%)
      Progress: 94500/99659 frames (94.8%)
      Progress: 95000/99659 frames (95.3%)
      Progress: 95500/99659 frames (95.8%)
      Progress: 96000/99659 frames (96.3%)
      Progress: 96500/99659 frames (96.8%)
      Progress: 97000/99659 frames (97.3%)
      Progress: 97500/99659 frames (97.8%)
      Progress: 98000/99659 frames (98.3%)
      Progress: 98500/99659 frames (98.8%)
      Progress: 99000/99659 frames (99.3%)
      ───────────────────────────────────────────────────────
      FRAME READING COMPLETE
      ───────────────────────────────────────────────────────
      Expected frames: 99659
      Frames read: 99484
      Frames missing: 175
      WARNING: 175 frames could not be read!
      ───────────────────────────────────────────────────────

      FRAMES DISTRIBUTION BY SECOND:
        Second   0:  25 frames
        Second   1:  25 frames
        Second   2:  25 frames
        Second   3:  25 frames
        Second   4:  25 frames
        Second   5:  25 frames
        Second   6:  25 frames
        Second   7:  25 frames
        Second   8:  25 frames
        Second   9:  25 frames
        ... (3977 more seconds)
      
      Frame statistics:
        Average frames/second: 25.0
        Min frames/second: 0
        Max frames/second: 25
      
      ───────────────────────────────────────────────────────
      EXTRACTING FEATURES PER SECOND
      ───────────────────────────────────────────────────────
      Total seconds to process: 3987
        Second 10/3987 - 25 frames, 1 clips
        Second 20/3987 - 25 frames, 1 clips
        Second 30/3987 - 25 frames, 1 clips
        Second 40/3987 - 25 frames, 1 clips
        Second 50/3987 - 25 frames, 1 clips
        Second 60/3987 - 25 frames, 1 clips
        Second 70/3987 - 25 frames, 1 clips
        Second 80/3987 - 25 frames, 1 clips
        Second 90/3987 - 25 frames, 1 clips
        Second 100/3987 - 25 frames, 1 clips
        Second 110/3987 - 25 frames, 1 clips
        Second 120/3987 - 25 frames, 1 clips
        Second 130/3987 - 25 frames, 1 clips
        Second 140/3987 - 25 frames, 1 clips
        Second 150/3987 - 25 frames, 1 clips
        Second 160/3987 - 25 frames, 1 clips
        Second 170/3987 - 25 frames, 1 clips
        Second 180/3987 - 25 frames, 1 clips
        Second 190/3987 - 25 frames, 1 clips
        Second 200/3987 - 25 frames, 1 clips
        Second 210/3987 - 25 frames, 1 clips
        Second 220/3987 - 25 frames, 1 clips
        Second 230/3987 - 25 frames, 1 clips
        Second 240/3987 - 25 frames, 1 clips
        Second 250/3987 - 25 frames, 1 clips
        Second 260/3987 - 25 frames, 1 clips
        Second 270/3987 - 25 frames, 1 clips
        Second 280/3987 - 25 frames, 1 clips
        Second 290/3987 - 25 frames, 1 clips
        Second 300/3987 - 25 frames, 1 clips
        Second 310/3987 - 25 frames, 1 clips
        Second 320/3987 - 25 frames, 1 clips
        Second 330/3987 - 25 frames, 1 clips
        Second 340/3987 - 25 frames, 1 clips
        Second 350/3987 - 25 frames, 1 clips
        Second 360/3987 - 25 frames, 1 clips
        Second 370/3987 - 25 frames, 1 clips
        Second 380/3987 - 25 frames, 1 clips
        Second 390/3987 - 25 frames, 1 clips
        Second 400/3987 - 25 frames, 1 clips
        Second 410/3987 - 25 frames, 1 clips
        Second 420/3987 - 25 frames, 1 clips
        Second 430/3987 - 25 frames, 1 clips
        Second 440/3987 - 25 frames, 1 clips
        Second 450/3987 - 25 frames, 1 clips
        Second 460/3987 - 25 frames, 1 clips
        Second 470/3987 - 25 frames, 1 clips
        Second 480/3987 - 25 frames, 1 clips
        Second 490/3987 - 25 frames, 1 clips
        Second 500/3987 - 25 frames, 1 clips
        Second 510/3987 - 25 frames, 1 clips
        Second 520/3987 - 25 frames, 1 clips
        Second 530/3987 - 25 frames, 1 clips
        Second 540/3987 - 25 frames, 1 clips
        Second 550/3987 - 25 frames, 1 clips
        Second 560/3987 - 25 frames, 1 clips
        Second 570/3987 - 25 frames, 1 clips
        Second 580/3987 - 25 frames, 1 clips
        Second 590/3987 - 25 frames, 1 clips
        Second 600/3987 - 25 frames, 1 clips
        Second 610/3987 - 25 frames, 1 clips
        Second 620/3987 - 25 frames, 1 clips
        Second 630/3987 - 25 frames, 1 clips
        Second 640/3987 - 25 frames, 1 clips
        Second 650/3987 - 25 frames, 1 clips
        Second 660/3987 - 25 frames, 1 clips
        Second 670/3987 - 25 frames, 1 clips
        Second 680/3987 - 25 frames, 1 clips
        Second 690/3987 - 25 frames, 1 clips
        Second 700/3987 - 25 frames, 1 clips
        Second 710/3987 - 25 frames, 1 clips
        Second 720/3987 - 25 frames, 1 clips
        Second 730/3987 - 25 frames, 1 clips
        Second 740/3987 - 25 frames, 1 clips
        Second 750/3987 - 25 frames, 1 clips
        Second 760/3987 - 25 frames, 1 clips
        Second 770/3987 - 25 frames, 1 clips
        Second 780/3987 - 25 frames, 1 clips
        Second 790/3987 - 25 frames, 1 clips
        Second 800/3987 - 25 frames, 1 clips
        Second 810/3987 - 25 frames, 1 clips
        Second 820/3987 - 25 frames, 1 clips
        Second 830/3987 - 25 frames, 1 clips
        Second 840/3987 - 25 frames, 1 clips
        Second 850/3987 - 25 frames, 1 clips
        Second 860/3987 - 25 frames, 1 clips
        Second 870/3987 - 25 frames, 1 clips
        Second 880/3987 - 25 frames, 1 clips
        Second 890/3987 - 25 frames, 1 clips
        Second 900/3987 - 25 frames, 1 clips
        Second 910/3987 - 25 frames, 1 clips
        Second 920/3987 - 25 frames, 1 clips
        Second 930/3987 - 25 frames, 1 clips
        Second 940/3987 - 25 frames, 1 clips
        Second 950/3987 - 25 frames, 1 clips
        Second 960/3987 - 25 frames, 1 clips
        Second 970/3987 - 25 frames, 1 clips
        Second 980/3987 - 25 frames, 1 clips
        Second 990/3987 - 25 frames, 1 clips
        Second 1000/3987 - 25 frames, 1 clips
        Second 1010/3987 - 25 frames, 1 clips
        Second 1020/3987 - 25 frames, 1 clips
        Second 1030/3987 - 25 frames, 1 clips
        Second 1040/3987 - 25 frames, 1 clips
        Second 1050/3987 - 25 frames, 1 clips
        Second 1060/3987 - 25 frames, 1 clips
        Second 1070/3987 - 25 frames, 1 clips
        Second 1080/3987 - 25 frames, 1 clips
        Second 1090/3987 - 25 frames, 1 clips
        Second 1100/3987 - 25 frames, 1 clips
        Second 1110/3987 - 25 frames, 1 clips
        Second 1120/3987 - 25 frames, 1 clips
        Second 1130/3987 - 25 frames, 1 clips
        Second 1140/3987 - 25 frames, 1 clips
        Second 1150/3987 - 25 frames, 1 clips
        Second 1160/3987 - 25 frames, 1 clips
        Second 1170/3987 - 25 frames, 1 clips
        Second 1180/3987 - 25 frames, 1 clips
        Second 1190/3987 - 25 frames, 1 clips
        Second 1200/3987 - 25 frames, 1 clips
        Second 1210/3987 - 25 frames, 1 clips
        Second 1220/3987 - 25 frames, 1 clips
        Second 1230/3987 - 25 frames, 1 clips
        Second 1240/3987 - 25 frames, 1 clips
        Second 1250/3987 - 25 frames, 1 clips
        Second 1260/3987 - 25 frames, 1 clips
        Second 1270/3987 - 25 frames, 1 clips
        Second 1280/3987 - 25 frames, 1 clips
        Second 1290/3987 - 25 frames, 1 clips
        Second 1300/3987 - 25 frames, 1 clips
        Second 1310/3987 - 25 frames, 1 clips
        Second 1320/3987 - 25 frames, 1 clips
        Second 1330/3987 - 25 frames, 1 clips
        Second 1340/3987 - 25 frames, 1 clips
        Second 1350/3987 - 25 frames, 1 clips
        Second 1360/3987 - 25 frames, 1 clips
        Second 1370/3987 - 25 frames, 1 clips
        Second 1380/3987 - 25 frames, 1 clips
        Second 1390/3987 - 25 frames, 1 clips
        Second 1400/3987 - 25 frames, 1 clips
        Second 1410/3987 - 25 frames, 1 clips
        Second 1420/3987 - 25 frames, 1 clips
        Second 1430/3987 - 25 frames, 1 clips
        Second 1440/3987 - 25 frames, 1 clips
        Second 1450/3987 - 25 frames, 1 clips
        Second 1460/3987 - 25 frames, 1 clips
        Second 1470/3987 - 25 frames, 1 clips
        Second 1480/3987 - 25 frames, 1 clips
        Second 1490/3987 - 25 frames, 1 clips
        Second 1500/3987 - 25 frames, 1 clips
        Second 1510/3987 - 25 frames, 1 clips
        Second 1520/3987 - 25 frames, 1 clips
        Second 1530/3987 - 25 frames, 1 clips
        Second 1540/3987 - 25 frames, 1 clips
        Second 1550/3987 - 25 frames, 1 clips
        Second 1560/3987 - 25 frames, 1 clips
        Second 1570/3987 - 25 frames, 1 clips
        Second 1580/3987 - 25 frames, 1 clips
        Second 1590/3987 - 25 frames, 1 clips
        Second 1600/3987 - 25 frames, 1 clips
        Second 1610/3987 - 25 frames, 1 clips
        Second 1620/3987 - 25 frames, 1 clips
        Second 1630/3987 - 25 frames, 1 clips
        Second 1640/3987 - 25 frames, 1 clips
        Second 1650/3987 - 25 frames, 1 clips
        Second 1660/3987 - 25 frames, 1 clips
        Second 1670/3987 - 25 frames, 1 clips
        Second 1680/3987 - 25 frames, 1 clips
        Second 1690/3987 - 25 frames, 1 clips
        Second 1700/3987 - 25 frames, 1 clips
        Second 1710/3987 - 25 frames, 1 clips
        Second 1720/3987 - 25 frames, 1 clips
        Second 1730/3987 - 25 frames, 1 clips
        Second 1740/3987 - 25 frames, 1 clips
        Second 1750/3987 - 25 frames, 1 clips
        Second 1760/3987 - 25 frames, 1 clips
        Second 1770/3987 - 25 frames, 1 clips
        Second 1780/3987 - 25 frames, 1 clips
        Second 1790/3987 - 25 frames, 1 clips
        Second 1800/3987 - 25 frames, 1 clips
        Second 1810/3987 - 25 frames, 1 clips
        Second 1820/3987 - 25 frames, 1 clips
        Second 1830/3987 - 25 frames, 1 clips
        Second 1840/3987 - 25 frames, 1 clips
        Second 1850/3987 - 25 frames, 1 clips
        Second 1860/3987 - 25 frames, 1 clips
        Second 1870/3987 - 25 frames, 1 clips
        Second 1880/3987 - 25 frames, 1 clips
        Second 1890/3987 - 25 frames, 1 clips
        Second 1900/3987 - 25 frames, 1 clips
        Second 1910/3987 - 25 frames, 1 clips
        Second 1920/3987 - 25 frames, 1 clips
        Second 1930/3987 - 25 frames, 1 clips
        Second 1940/3987 - 25 frames, 1 clips
        Second 1950/3987 - 25 frames, 1 clips
        Second 1960/3987 - 25 frames, 1 clips
        Second 1970/3987 - 25 frames, 1 clips
        Second 1980/3987 - 25 frames, 1 clips
        Second 1990/3987 - 25 frames, 1 clips
        Second 2000/3987 - 25 frames, 1 clips
        Second 2010/3987 - 25 frames, 1 clips
        Second 2020/3987 - 25 frames, 1 clips
        Second 2030/3987 - 25 frames, 1 clips
        Second 2040/3987 - 25 frames, 1 clips
        Second 2050/3987 - 25 frames, 1 clips
        Second 2060/3987 - 25 frames, 1 clips
        Second 2070/3987 - 25 frames, 1 clips
        Second 2080/3987 - 25 frames, 1 clips
        Second 2090/3987 - 25 frames, 1 clips
        Second 2100/3987 - 25 frames, 1 clips
        Second 2110/3987 - 25 frames, 1 clips
        Second 2120/3987 - 25 frames, 1 clips
        Second 2130/3987 - 25 frames, 1 clips
        Second 2140/3987 - 25 frames, 1 clips
        Second 2150/3987 - 25 frames, 1 clips
        Second 2160/3987 - 25 frames, 1 clips
        Second 2170/3987 - 25 frames, 1 clips
        Second 2180/3987 - 25 frames, 1 clips
        Second 2190/3987 - 25 frames, 1 clips
        Second 2200/3987 - 25 frames, 1 clips
        Second 2210/3987 - 25 frames, 1 clips
        Second 2220/3987 - 25 frames, 1 clips
        Second 2230/3987 - 25 frames, 1 clips
        Second 2240/3987 - 25 frames, 1 clips
        Second 2250/3987 - 25 frames, 1 clips
        Second 2260/3987 - 25 frames, 1 clips
        Second 2270/3987 - 25 frames, 1 clips
        Second 2280/3987 - 25 frames, 1 clips
        Second 2290/3987 - 25 frames, 1 clips
        Second 2300/3987 - 25 frames, 1 clips
        Second 2310/3987 - 25 frames, 1 clips
        Second 2320/3987 - 25 frames, 1 clips
        Second 2330/3987 - 25 frames, 1 clips
        Second 2340/3987 - 25 frames, 1 clips
        Second 2350/3987 - 25 frames, 1 clips
        Second 2360/3987 - 25 frames, 1 clips
        Second 2370/3987 - 25 frames, 1 clips
        Second 2380/3987 - 25 frames, 1 clips
        Second 2390/3987 - 25 frames, 1 clips
        Second 2400/3987 - 25 frames, 1 clips
        Second 2410/3987 - 25 frames, 1 clips
        Second 2420/3987 - 25 frames, 1 clips
        Second 2430/3987 - 25 frames, 1 clips
        Second 2440/3987 - 25 frames, 1 clips
        Second 2450/3987 - 25 frames, 1 clips
        Second 2460/3987 - 25 frames, 1 clips
        Second 2470/3987 - 25 frames, 1 clips
        Second 2480/3987 - 25 frames, 1 clips
        Second 2490/3987 - 25 frames, 1 clips
        Second 2500/3987 - 25 frames, 1 clips
        Second 2510/3987 - 25 frames, 1 clips
        Second 2520/3987 - 25 frames, 1 clips
        Second 2530/3987 - 25 frames, 1 clips
        Second 2540/3987 - 25 frames, 1 clips
        Second 2550/3987 - 25 frames, 1 clips
        Second 2560/3987 - 25 frames, 1 clips
        Second 2570/3987 - 25 frames, 1 clips
        Second 2580/3987 - 25 frames, 1 clips
        Second 2590/3987 - 25 frames, 1 clips
        Second 2600/3987 - 25 frames, 1 clips
        Second 2610/3987 - 25 frames, 1 clips
        Second 2620/3987 - 25 frames, 1 clips
        Second 2630/3987 - 25 frames, 1 clips
        Second 2640/3987 - 25 frames, 1 clips
        Second 2650/3987 - 25 frames, 1 clips
        Second 2660/3987 - 25 frames, 1 clips
        Second 2670/3987 - 25 frames, 1 clips
        Second 2680/3987 - 25 frames, 1 clips
        Second 2690/3987 - 25 frames, 1 clips
        Second 2700/3987 - 25 frames, 1 clips
        Second 2710/3987 - 25 frames, 1 clips
        Second 2720/3987 - 25 frames, 1 clips
        Second 2730/3987 - 25 frames, 1 clips
        Second 2740/3987 - 25 frames, 1 clips
        Second 2750/3987 - 25 frames, 1 clips
        Second 2760/3987 - 25 frames, 1 clips
        Second 2770/3987 - 25 frames, 1 clips
        Second 2780/3987 - 25 frames, 1 clips
        Second 2790/3987 - 25 frames, 1 clips
        Second 2800/3987 - 25 frames, 1 clips
        Second 2810/3987 - 25 frames, 1 clips
        Second 2820/3987 - 25 frames, 1 clips
        Second 2830/3987 - 25 frames, 1 clips
        Second 2840/3987 - 25 frames, 1 clips
        Second 2850/3987 - 25 frames, 1 clips
        Second 2860/3987 - 25 frames, 1 clips
        Second 2870/3987 - 25 frames, 1 clips
        Second 2880/3987 - 25 frames, 1 clips
        Second 2890/3987 - 25 frames, 1 clips
        Second 2900/3987 - 25 frames, 1 clips
        Second 2910/3987 - 25 frames, 1 clips
        Second 2920/3987 - 25 frames, 1 clips
        Second 2930/3987 - 25 frames, 1 clips
        Second 2940/3987 - 25 frames, 1 clips
        Second 2950/3987 - 25 frames, 1 clips
        Second 2960/3987 - 25 frames, 1 clips
        Second 2970/3987 - 25 frames, 1 clips
        Second 2980/3987 - 25 frames, 1 clips
        Second 2990/3987 - 25 frames, 1 clips
        Second 3000/3987 - 25 frames, 1 clips
        Second 3010/3987 - 25 frames, 1 clips
        Second 3020/3987 - 25 frames, 1 clips
        Second 3030/3987 - 25 frames, 1 clips
        Second 3040/3987 - 25 frames, 1 clips
        Second 3050/3987 - 25 frames, 1 clips
        Second 3060/3987 - 25 frames, 1 clips
        Second 3070/3987 - 25 frames, 1 clips
        Second 3080/3987 - 25 frames, 1 clips
        Second 3090/3987 - 25 frames, 1 clips
        Second 3100/3987 - 25 frames, 1 clips
        Second 3110/3987 - 25 frames, 1 clips
        Second 3120/3987 - 25 frames, 1 clips
        Second 3130/3987 - 25 frames, 1 clips
        Second 3140/3987 - 25 frames, 1 clips
        Second 3150/3987 - 25 frames, 1 clips
        Second 3160/3987 - 25 frames, 1 clips
        Second 3170/3987 - 25 frames, 1 clips
        Second 3180/3987 - 25 frames, 1 clips
        Second 3190/3987 - 25 frames, 1 clips
        Second 3200/3987 - 25 frames, 1 clips
        Second 3210/3987 - 25 frames, 1 clips
        Second 3220/3987 - 25 frames, 1 clips
        Second 3230/3987 - 25 frames, 1 clips
        Second 3240/3987 - 25 frames, 1 clips
        Second 3250/3987 - 25 frames, 1 clips
        Second 3260/3987 - 25 frames, 1 clips
        Second 3270/3987 - 25 frames, 1 clips
        Second 3280/3987 - 25 frames, 1 clips
        Second 3290/3987 - 25 frames, 1 clips
        Second 3300/3987 - 25 frames, 1 clips
        Second 3310/3987 - 25 frames, 1 clips
        Second 3320/3987 - 25 frames, 1 clips
        Second 3330/3987 - 25 frames, 1 clips
        Second 3340/3987 - 25 frames, 1 clips
        Second 3350/3987 - 25 frames, 1 clips
        Second 3360/3987 - 25 frames, 1 clips
        Second 3370/3987 - 25 frames, 1 clips
        Second 3380/3987 - 25 frames, 1 clips
        Second 3390/3987 - 25 frames, 1 clips
        Second 3400/3987 - 25 frames, 1 clips
        Second 3410/3987 - 25 frames, 1 clips
        Second 3420/3987 - 25 frames, 1 clips
        Second 3430/3987 - 25 frames, 1 clips
        Second 3440/3987 - 25 frames, 1 clips
        Second 3450/3987 - 25 frames, 1 clips
        Second 3460/3987 - 25 frames, 1 clips
        Second 3470/3987 - 25 frames, 1 clips
        Second 3480/3987 - 25 frames, 1 clips
        Second 3490/3987 - 25 frames, 1 clips
        Second 3500/3987 - 25 frames, 1 clips
        Second 3510/3987 - 25 frames, 1 clips
        Second 3520/3987 - 25 frames, 1 clips
        Second 3530/3987 - 25 frames, 1 clips
        Second 3540/3987 - 25 frames, 1 clips
        Second 3550/3987 - 25 frames, 1 clips
        Second 3560/3987 - 25 frames, 1 clips
        Second 3570/3987 - 25 frames, 1 clips
        Second 3580/3987 - 25 frames, 1 clips
        Second 3590/3987 - 25 frames, 1 clips
        Second 3600/3987 - 25 frames, 1 clips
        Second 3610/3987 - 25 frames, 1 clips
        Second 3620/3987 - 25 frames, 1 clips
        Second 3630/3987 - 25 frames, 1 clips
        Second 3640/3987 - 25 frames, 1 clips
        Second 3650/3987 - 25 frames, 1 clips
        Second 3660/3987 - 25 frames, 1 clips
        Second 3670/3987 - 25 frames, 1 clips
        Second 3680/3987 - 25 frames, 1 clips
        Second 3690/3987 - 25 frames, 1 clips
        Second 3700/3987 - 25 frames, 1 clips
        Second 3710/3987 - 25 frames, 1 clips
        Second 3720/3987 - 25 frames, 1 clips
        Second 3730/3987 - 25 frames, 1 clips
        Second 3740/3987 - 25 frames, 1 clips
        Second 3750/3987 - 25 frames, 1 clips
        Second 3760/3987 - 25 frames, 1 clips
        Second 3770/3987 - 25 frames, 1 clips
        Second 3780/3987 - 25 frames, 1 clips
        Second 3790/3987 - 25 frames, 1 clips
        Second 3800/3987 - 25 frames, 1 clips
        Second 3810/3987 - 25 frames, 1 clips
        Second 3820/3987 - 25 frames, 1 clips
        Second 3830/3987 - 25 frames, 1 clips
        Second 3840/3987 - 25 frames, 1 clips
        Second 3850/3987 - 25 frames, 1 clips
        Second 3860/3987 - 25 frames, 1 clips
        Second 3870/3987 - 25 frames, 1 clips
        Second 3880/3987 - 25 frames, 1 clips
        Second 3890/3987 - 25 frames, 1 clips
        Second 3900/3987 - 25 frames, 1 clips
        Second 3910/3987 - 25 frames, 1 clips
        Second 3920/3987 - 25 frames, 1 clips
        Second 3930/3987 - 25 frames, 1 clips
        Second 3940/3987 - 25 frames, 1 clips
        Second 3950/3987 - 25 frames, 1 clips
        Second 3960/3987 - 25 frames, 1 clips
        Second 3970/3987 - 25 frames, 1 clips
        Second 3980/3987 - 9 frames (padded to 25)
      ───────────────────────────────────────────────────────
      FEATURE EXTRACTION COMPLETE
      ───────────────────────────────────────────────────────
      Final features shape: (3987, 1024)
      Features per second: 3987
      Feature dimension: 1024
      ═══════════════════════════════════════════════════════

[ID26]   Features extracted: (3987, 1024)
[ID26] Step 2/4: Converting to binary labels and removing unwanted classes...
[ID26]   Number of seconds: 3987
      CSV columns: ['start_time', 'end_time', 'licking', 'shaking']
      CSV shape: (3840, 4)
      Video seconds: 3987
      Total rows in CSV: 3840
      Valid rows (within video duration): 3840
      Rows kept after removing shaking: 3829
[ID26]   Original seconds: 3987
[ID26]   After removing shaking/licking_shaking: 3829
[ID26] Step 3/4: Balancing classes...
      Before balancing:
        Background: 3321 samples
        Licking: 508 samples
        Ratio: 6.54:1
      After balancing:
        Background: 508 samples
        Licking: 508 samples
        Total: 1016 samples
[ID26] Step 4/4: Saving processed data...
[ID26]   Saved features: /data-8tb/nvaci/dataset/dataset_Stanford/FACT_method/preprocessed_data_2class_originalFPS/features/ID26.npy
[ID26]     Shape: (1016, 1024)
[ID26]     Size: 3.97 MB
[ID26]   Final label distribution:
[ID26]     - background: 508 seconds (50.0%)
[ID26]     - licking: 508 seconds (50.0%)
[ID26]   Saved labels: /data-8tb/nvaci/dataset/dataset_Stanford/FACT_method/preprocessed_data_2class_originalFPS/groundTruth/ID26.txt
[ID26] SUCCESS - Video processed successfully


================================================================================
Processing video 27/32: ID27
================================================================================
[ID27] Found label file: 25-021_ID27.csv
[ID27] Step 1/4: Extracting features (per second)...
      Opening video file...

      ═══════════════════════════════════════════════════════
      VIDEO PROPERTIES
      ═══════════════════════════════════════════════════════
      FPS detected: 25.00
      Clip length (auto): 25 frames
      Total frames: 97975
      Duration: 3919.00 seconds
      Expected seconds: 3919
      Frames per second: ~25.0
      ═══════════════════════════════════════════════════════

      Using ORIGINAL FPS with per-second aggregation
      Aggregation method: mean
      ───────────────────────────────────────────────────────
      READING ALL FRAMES FROM VIDEO
      ───────────────────────────────────────────────────────
      Progress: 500/97975 frames (0.5%)
      Progress: 1000/97975 frames (1.0%)
      Progress: 1500/97975 frames (1.5%)
      Progress: 2000/97975 frames (2.0%)
      Progress: 2500/97975 frames (2.6%)
      Progress: 3000/97975 frames (3.1%)
      Progress: 3500/97975 frames (3.6%)
      Progress: 4000/97975 frames (4.1%)
      Progress: 4500/97975 frames (4.6%)
      Progress: 5000/97975 frames (5.1%)
      Progress: 5500/97975 frames (5.6%)
      Progress: 6000/97975 frames (6.1%)
      Progress: 6500/97975 frames (6.6%)
      Progress: 7000/97975 frames (7.1%)
      Progress: 7500/97975 frames (7.7%)
      Progress: 8000/97975 frames (8.2%)
      Progress: 8500/97975 frames (8.7%)
      Progress: 9000/97975 frames (9.2%)
      Progress: 9500/97975 frames (9.7%)
      Progress: 10000/97975 frames (10.2%)
      Progress: 10500/97975 frames (10.7%)
      Progress: 11000/97975 frames (11.2%)
      Progress: 11500/97975 frames (11.7%)
      Progress: 12000/97975 frames (12.2%)
      Progress: 12500/97975 frames (12.8%)
      Progress: 13000/97975 frames (13.3%)
      Progress: 13500/97975 frames (13.8%)
      Progress: 14000/97975 frames (14.3%)
      Progress: 14500/97975 frames (14.8%)
      Progress: 15000/97975 frames (15.3%)
      Progress: 15500/97975 frames (15.8%)
      Progress: 16000/97975 frames (16.3%)
      Progress: 16500/97975 frames (16.8%)
      Progress: 17000/97975 frames (17.4%)
      Progress: 17500/97975 frames (17.9%)
      Progress: 18000/97975 frames (18.4%)
      Progress: 18500/97975 frames (18.9%)
      Progress: 19000/97975 frames (19.4%)
      Progress: 19500/97975 frames (19.9%)
      Progress: 20000/97975 frames (20.4%)
      Progress: 20500/97975 frames (20.9%)
      Progress: 21000/97975 frames (21.4%)
      Progress: 21500/97975 frames (21.9%)
      Progress: 22000/97975 frames (22.5%)
      Progress: 22500/97975 frames (23.0%)
      Progress: 23000/97975 frames (23.5%)
      Progress: 23500/97975 frames (24.0%)
      Progress: 24000/97975 frames (24.5%)
      Progress: 24500/97975 frames (25.0%)
      Progress: 25000/97975 frames (25.5%)
      Progress: 25500/97975 frames (26.0%)
      Progress: 26000/97975 frames (26.5%)
      Progress: 26500/97975 frames (27.0%)
      Progress: 27000/97975 frames (27.6%)
      Progress: 27500/97975 frames (28.1%)
      Progress: 28000/97975 frames (28.6%)
      Progress: 28500/97975 frames (29.1%)
      Progress: 29000/97975 frames (29.6%)
      Progress: 29500/97975 frames (30.1%)
      Progress: 30000/97975 frames (30.6%)
      Progress: 30500/97975 frames (31.1%)
      Progress: 31000/97975 frames (31.6%)
      Progress: 31500/97975 frames (32.2%)
      Progress: 32000/97975 frames (32.7%)
      Progress: 32500/97975 frames (33.2%)
      Progress: 33000/97975 frames (33.7%)
      Progress: 33500/97975 frames (34.2%)
      Progress: 34000/97975 frames (34.7%)
      Progress: 34500/97975 frames (35.2%)
      Progress: 35000/97975 frames (35.7%)
      Progress: 35500/97975 frames (36.2%)
      Progress: 36000/97975 frames (36.7%)
      Progress: 36500/97975 frames (37.3%)
      Progress: 37000/97975 frames (37.8%)
      Progress: 37500/97975 frames (38.3%)
      Progress: 38000/97975 frames (38.8%)
      Progress: 38500/97975 frames (39.3%)
      Progress: 39000/97975 frames (39.8%)
      Progress: 39500/97975 frames (40.3%)
      Progress: 40000/97975 frames (40.8%)
      Progress: 40500/97975 frames (41.3%)
      Progress: 41000/97975 frames (41.8%)
      Progress: 41500/97975 frames (42.4%)
      Progress: 42000/97975 frames (42.9%)
      Progress: 42500/97975 frames (43.4%)
      Progress: 43000/97975 frames (43.9%)
      Progress: 43500/97975 frames (44.4%)
      Progress: 44000/97975 frames (44.9%)
      Progress: 44500/97975 frames (45.4%)
      Progress: 45000/97975 frames (45.9%)
      Progress: 45500/97975 frames (46.4%)
      Progress: 46000/97975 frames (47.0%)
      Progress: 46500/97975 frames (47.5%)
      Progress: 47000/97975 frames (48.0%)
      Progress: 47500/97975 frames (48.5%)
      Progress: 48000/97975 frames (49.0%)
      Progress: 48500/97975 frames (49.5%)
      Progress: 49000/97975 frames (50.0%)
      Progress: 49500/97975 frames (50.5%)
      Progress: 50000/97975 frames (51.0%)
      Progress: 50500/97975 frames (51.5%)
      Progress: 51000/97975 frames (52.1%)
      Progress: 51500/97975 frames (52.6%)
      Progress: 52000/97975 frames (53.1%)
      Progress: 52500/97975 frames (53.6%)
      Progress: 53000/97975 frames (54.1%)
      Progress: 53500/97975 frames (54.6%)
      Progress: 54000/97975 frames (55.1%)
      Progress: 54500/97975 frames (55.6%)
      Progress: 55000/97975 frames (56.1%)
      Progress: 55500/97975 frames (56.6%)
      Progress: 56000/97975 frames (57.2%)
      Progress: 56500/97975 frames (57.7%)
      Progress: 57000/97975 frames (58.2%)
      Progress: 57500/97975 frames (58.7%)
      Progress: 58000/97975 frames (59.2%)
      Progress: 58500/97975 frames (59.7%)
      Progress: 59000/97975 frames (60.2%)
      Progress: 59500/97975 frames (60.7%)
      Progress: 60000/97975 frames (61.2%)
      Progress: 60500/97975 frames (61.8%)
      Progress: 61000/97975 frames (62.3%)
      Progress: 61500/97975 frames (62.8%)
      Progress: 62000/97975 frames (63.3%)
      Progress: 62500/97975 frames (63.8%)
      Progress: 63000/97975 frames (64.3%)
      Progress: 63500/97975 frames (64.8%)
      Progress: 64000/97975 frames (65.3%)
      Progress: 64500/97975 frames (65.8%)
      Progress: 65000/97975 frames (66.3%)
      Progress: 65500/97975 frames (66.9%)
      Progress: 66000/97975 frames (67.4%)
      Progress: 66500/97975 frames (67.9%)
      Progress: 67000/97975 frames (68.4%)
      Progress: 67500/97975 frames (68.9%)
      Progress: 68000/97975 frames (69.4%)
      Progress: 68500/97975 frames (69.9%)
      Progress: 69000/97975 frames (70.4%)
      Progress: 69500/97975 frames (70.9%)
      Progress: 70000/97975 frames (71.4%)
      Progress: 70500/97975 frames (72.0%)
      Progress: 71000/97975 frames (72.5%)
      Progress: 71500/97975 frames (73.0%)
      Progress: 72000/97975 frames (73.5%)
      Progress: 72500/97975 frames (74.0%)
      Progress: 73000/97975 frames (74.5%)
      Progress: 73500/97975 frames (75.0%)
      Progress: 74000/97975 frames (75.5%)
      Progress: 74500/97975 frames (76.0%)
      Progress: 75000/97975 frames (76.6%)
      Progress: 75500/97975 frames (77.1%)
      Progress: 76000/97975 frames (77.6%)
      Progress: 76500/97975 frames (78.1%)
      Progress: 77000/97975 frames (78.6%)
      Progress: 77500/97975 frames (79.1%)
      Progress: 78000/97975 frames (79.6%)
      Progress: 78500/97975 frames (80.1%)
      Progress: 79000/97975 frames (80.6%)
      Progress: 79500/97975 frames (81.1%)
      Progress: 80000/97975 frames (81.7%)
      Progress: 80500/97975 frames (82.2%)
      Progress: 81000/97975 frames (82.7%)
      Progress: 81500/97975 frames (83.2%)
      Progress: 82000/97975 frames (83.7%)
      Progress: 82500/97975 frames (84.2%)
      Progress: 83000/97975 frames (84.7%)
      Progress: 83500/97975 frames (85.2%)
      Progress: 84000/97975 frames (85.7%)
      Progress: 84500/97975 frames (86.2%)
      Progress: 85000/97975 frames (86.8%)
      Progress: 85500/97975 frames (87.3%)
      Progress: 86000/97975 frames (87.8%)
      Progress: 86500/97975 frames (88.3%)
      Progress: 87000/97975 frames (88.8%)
      Progress: 87500/97975 frames (89.3%)
      Progress: 88000/97975 frames (89.8%)
      Progress: 88500/97975 frames (90.3%)
      Progress: 89000/97975 frames (90.8%)
      Progress: 89500/97975 frames (91.3%)
      Progress: 90000/97975 frames (91.9%)
      Progress: 90500/97975 frames (92.4%)
      Progress: 91000/97975 frames (92.9%)
      Progress: 91500/97975 frames (93.4%)
      Progress: 92000/97975 frames (93.9%)
      Progress: 92500/97975 frames (94.4%)
      Progress: 93000/97975 frames (94.9%)
      Progress: 93500/97975 frames (95.4%)
      Progress: 94000/97975 frames (95.9%)
      Progress: 94500/97975 frames (96.5%)
      Progress: 95000/97975 frames (97.0%)
      Progress: 95500/97975 frames (97.5%)
      Progress: 96000/97975 frames (98.0%)
      Progress: 96500/97975 frames (98.5%)
      Progress: 97000/97975 frames (99.0%)
      Progress: 97500/97975 frames (99.5%)
      ───────────────────────────────────────────────────────
      FRAME READING COMPLETE
      ───────────────────────────────────────────────────────
      Expected frames: 97975
      Frames read: 97884
      Frames missing: 91
      WARNING: 91 frames could not be read!
      ───────────────────────────────────────────────────────

      FRAMES DISTRIBUTION BY SECOND:
        Second   0:  25 frames
        Second   1:  25 frames
        Second   2:  25 frames
        Second   3:  25 frames
        Second   4:  25 frames
        Second   5:  25 frames
        Second   6:  25 frames
        Second   7:  25 frames
        Second   8:  25 frames
        Second   9:  25 frames
        ... (3909 more seconds)
      
      Frame statistics:
        Average frames/second: 25.0
        Min frames/second: 0
        Max frames/second: 25
      
      ───────────────────────────────────────────────────────
      EXTRACTING FEATURES PER SECOND
      ───────────────────────────────────────────────────────
      Total seconds to process: 3919
        Second 10/3919 - 25 frames, 1 clips
        Second 20/3919 - 25 frames, 1 clips
        Second 30/3919 - 25 frames, 1 clips
        Second 40/3919 - 25 frames, 1 clips
        Second 50/3919 - 25 frames, 1 clips
        Second 60/3919 - 25 frames, 1 clips
        Second 70/3919 - 25 frames, 1 clips
        Second 80/3919 - 25 frames, 1 clips
        Second 90/3919 - 25 frames, 1 clips
        Second 100/3919 - 25 frames, 1 clips
        Second 110/3919 - 25 frames, 1 clips
        Second 120/3919 - 25 frames, 1 clips
        Second 130/3919 - 25 frames, 1 clips
        Second 140/3919 - 25 frames, 1 clips
        Second 150/3919 - 25 frames, 1 clips
        Second 160/3919 - 25 frames, 1 clips
        Second 170/3919 - 25 frames, 1 clips
        Second 180/3919 - 25 frames, 1 clips
        Second 190/3919 - 25 frames, 1 clips
        Second 200/3919 - 25 frames, 1 clips
        Second 210/3919 - 25 frames, 1 clips
        Second 220/3919 - 25 frames, 1 clips
        Second 230/3919 - 25 frames, 1 clips
        Second 240/3919 - 25 frames, 1 clips
        Second 250/3919 - 25 frames, 1 clips
        Second 260/3919 - 25 frames, 1 clips
        Second 270/3919 - 25 frames, 1 clips
        Second 280/3919 - 25 frames, 1 clips
        Second 290/3919 - 25 frames, 1 clips
        Second 300/3919 - 25 frames, 1 clips
        Second 310/3919 - 25 frames, 1 clips
        Second 320/3919 - 25 frames, 1 clips
        Second 330/3919 - 25 frames, 1 clips
        Second 340/3919 - 25 frames, 1 clips
        Second 350/3919 - 25 frames, 1 clips
        Second 360/3919 - 25 frames, 1 clips
        Second 370/3919 - 25 frames, 1 clips
        Second 380/3919 - 25 frames, 1 clips
        Second 390/3919 - 25 frames, 1 clips
        Second 400/3919 - 25 frames, 1 clips
        Second 410/3919 - 25 frames, 1 clips
        Second 420/3919 - 25 frames, 1 clips
        Second 430/3919 - 25 frames, 1 clips
        Second 440/3919 - 25 frames, 1 clips
        Second 450/3919 - 25 frames, 1 clips
        Second 460/3919 - 25 frames, 1 clips
        Second 470/3919 - 25 frames, 1 clips
        Second 480/3919 - 25 frames, 1 clips
        Second 490/3919 - 25 frames, 1 clips
        Second 500/3919 - 25 frames, 1 clips
        Second 510/3919 - 25 frames, 1 clips
        Second 520/3919 - 25 frames, 1 clips
        Second 530/3919 - 25 frames, 1 clips
        Second 540/3919 - 25 frames, 1 clips
        Second 550/3919 - 25 frames, 1 clips
        Second 560/3919 - 25 frames, 1 clips
        Second 570/3919 - 25 frames, 1 clips
        Second 580/3919 - 25 frames, 1 clips
        Second 590/3919 - 25 frames, 1 clips
        Second 600/3919 - 25 frames, 1 clips
        Second 610/3919 - 25 frames, 1 clips
        Second 620/3919 - 25 frames, 1 clips
        Second 630/3919 - 25 frames, 1 clips
        Second 640/3919 - 25 frames, 1 clips
        Second 650/3919 - 25 frames, 1 clips
        Second 660/3919 - 25 frames, 1 clips
        Second 670/3919 - 25 frames, 1 clips
        Second 680/3919 - 25 frames, 1 clips
        Second 690/3919 - 25 frames, 1 clips
        Second 700/3919 - 25 frames, 1 clips
        Second 710/3919 - 25 frames, 1 clips
        Second 720/3919 - 25 frames, 1 clips
        Second 730/3919 - 25 frames, 1 clips
        Second 740/3919 - 25 frames, 1 clips
        Second 750/3919 - 25 frames, 1 clips
        Second 760/3919 - 25 frames, 1 clips
        Second 770/3919 - 25 frames, 1 clips
        Second 780/3919 - 25 frames, 1 clips
        Second 790/3919 - 25 frames, 1 clips
        Second 800/3919 - 25 frames, 1 clips
        Second 810/3919 - 25 frames, 1 clips
        Second 820/3919 - 25 frames, 1 clips
        Second 830/3919 - 25 frames, 1 clips
        Second 840/3919 - 25 frames, 1 clips
        Second 850/3919 - 25 frames, 1 clips
        Second 860/3919 - 25 frames, 1 clips
        Second 870/3919 - 25 frames, 1 clips
        Second 880/3919 - 25 frames, 1 clips
        Second 890/3919 - 25 frames, 1 clips
        Second 900/3919 - 25 frames, 1 clips
        Second 910/3919 - 25 frames, 1 clips
        Second 920/3919 - 25 frames, 1 clips
        Second 930/3919 - 25 frames, 1 clips
        Second 940/3919 - 25 frames, 1 clips
        Second 950/3919 - 25 frames, 1 clips
        Second 960/3919 - 25 frames, 1 clips
        Second 970/3919 - 25 frames, 1 clips
        Second 980/3919 - 25 frames, 1 clips
        Second 990/3919 - 25 frames, 1 clips
        Second 1000/3919 - 25 frames, 1 clips
        Second 1010/3919 - 25 frames, 1 clips
        Second 1020/3919 - 25 frames, 1 clips
        Second 1030/3919 - 25 frames, 1 clips
        Second 1040/3919 - 25 frames, 1 clips
        Second 1050/3919 - 25 frames, 1 clips
        Second 1060/3919 - 25 frames, 1 clips
        Second 1070/3919 - 25 frames, 1 clips
        Second 1080/3919 - 25 frames, 1 clips
        Second 1090/3919 - 25 frames, 1 clips
        Second 1100/3919 - 25 frames, 1 clips
        Second 1110/3919 - 25 frames, 1 clips
        Second 1120/3919 - 25 frames, 1 clips
        Second 1130/3919 - 25 frames, 1 clips
        Second 1140/3919 - 25 frames, 1 clips
        Second 1150/3919 - 25 frames, 1 clips
        Second 1160/3919 - 25 frames, 1 clips
        Second 1170/3919 - 25 frames, 1 clips
        Second 1180/3919 - 25 frames, 1 clips
        Second 1190/3919 - 25 frames, 1 clips
        Second 1200/3919 - 25 frames, 1 clips
        Second 1210/3919 - 25 frames, 1 clips
        Second 1220/3919 - 25 frames, 1 clips
        Second 1230/3919 - 25 frames, 1 clips
        Second 1240/3919 - 25 frames, 1 clips
        Second 1250/3919 - 25 frames, 1 clips
        Second 1260/3919 - 25 frames, 1 clips
        Second 1270/3919 - 25 frames, 1 clips
        Second 1280/3919 - 25 frames, 1 clips
        Second 1290/3919 - 25 frames, 1 clips
        Second 1300/3919 - 25 frames, 1 clips
        Second 1310/3919 - 25 frames, 1 clips
        Second 1320/3919 - 25 frames, 1 clips
        Second 1330/3919 - 25 frames, 1 clips
        Second 1340/3919 - 25 frames, 1 clips
        Second 1350/3919 - 25 frames, 1 clips
        Second 1360/3919 - 25 frames, 1 clips
        Second 1370/3919 - 25 frames, 1 clips
        Second 1380/3919 - 25 frames, 1 clips
        Second 1390/3919 - 25 frames, 1 clips
        Second 1400/3919 - 25 frames, 1 clips
        Second 1410/3919 - 25 frames, 1 clips
        Second 1420/3919 - 25 frames, 1 clips
        Second 1430/3919 - 25 frames, 1 clips
        Second 1440/3919 - 25 frames, 1 clips
        Second 1450/3919 - 25 frames, 1 clips
        Second 1460/3919 - 25 frames, 1 clips
        Second 1470/3919 - 25 frames, 1 clips
        Second 1480/3919 - 25 frames, 1 clips
        Second 1490/3919 - 25 frames, 1 clips
        Second 1500/3919 - 25 frames, 1 clips
        Second 1510/3919 - 25 frames, 1 clips
        Second 1520/3919 - 25 frames, 1 clips
        Second 1530/3919 - 25 frames, 1 clips
        Second 1540/3919 - 25 frames, 1 clips
        Second 1550/3919 - 25 frames, 1 clips
        Second 1560/3919 - 25 frames, 1 clips
        Second 1570/3919 - 25 frames, 1 clips
        Second 1580/3919 - 25 frames, 1 clips
        Second 1590/3919 - 25 frames, 1 clips
        Second 1600/3919 - 25 frames, 1 clips
        Second 1610/3919 - 25 frames, 1 clips
        Second 1620/3919 - 25 frames, 1 clips
        Second 1630/3919 - 25 frames, 1 clips
        Second 1640/3919 - 25 frames, 1 clips
        Second 1650/3919 - 25 frames, 1 clips
        Second 1660/3919 - 25 frames, 1 clips
        Second 1670/3919 - 25 frames, 1 clips
        Second 1680/3919 - 25 frames, 1 clips
        Second 1690/3919 - 25 frames, 1 clips
        Second 1700/3919 - 25 frames, 1 clips
        Second 1710/3919 - 25 frames, 1 clips
        Second 1720/3919 - 25 frames, 1 clips
        Second 1730/3919 - 25 frames, 1 clips
        Second 1740/3919 - 25 frames, 1 clips
        Second 1750/3919 - 25 frames, 1 clips
        Second 1760/3919 - 25 frames, 1 clips
        Second 1770/3919 - 25 frames, 1 clips
        Second 1780/3919 - 25 frames, 1 clips
        Second 1790/3919 - 25 frames, 1 clips
        Second 1800/3919 - 25 frames, 1 clips
        Second 1810/3919 - 25 frames, 1 clips
        Second 1820/3919 - 25 frames, 1 clips
        Second 1830/3919 - 25 frames, 1 clips
        Second 1840/3919 - 25 frames, 1 clips
        Second 1850/3919 - 25 frames, 1 clips
        Second 1860/3919 - 25 frames, 1 clips
        Second 1870/3919 - 25 frames, 1 clips
        Second 1880/3919 - 25 frames, 1 clips
        Second 1890/3919 - 25 frames, 1 clips
        Second 1900/3919 - 25 frames, 1 clips
        Second 1910/3919 - 25 frames, 1 clips
        Second 1920/3919 - 25 frames, 1 clips
        Second 1930/3919 - 25 frames, 1 clips
        Second 1940/3919 - 25 frames, 1 clips
        Second 1950/3919 - 25 frames, 1 clips
        Second 1960/3919 - 25 frames, 1 clips
        Second 1970/3919 - 25 frames, 1 clips
        Second 1980/3919 - 25 frames, 1 clips
        Second 1990/3919 - 25 frames, 1 clips
        Second 2000/3919 - 25 frames, 1 clips
        Second 2010/3919 - 25 frames, 1 clips
        Second 2020/3919 - 25 frames, 1 clips
        Second 2030/3919 - 25 frames, 1 clips
        Second 2040/3919 - 25 frames, 1 clips
        Second 2050/3919 - 25 frames, 1 clips
        Second 2060/3919 - 25 frames, 1 clips
        Second 2070/3919 - 25 frames, 1 clips
        Second 2080/3919 - 25 frames, 1 clips
        Second 2090/3919 - 25 frames, 1 clips
        Second 2100/3919 - 25 frames, 1 clips
        Second 2110/3919 - 25 frames, 1 clips
        Second 2120/3919 - 25 frames, 1 clips
        Second 2130/3919 - 25 frames, 1 clips
        Second 2140/3919 - 25 frames, 1 clips
        Second 2150/3919 - 25 frames, 1 clips
        Second 2160/3919 - 25 frames, 1 clips
        Second 2170/3919 - 25 frames, 1 clips
        Second 2180/3919 - 25 frames, 1 clips
        Second 2190/3919 - 25 frames, 1 clips
        Second 2200/3919 - 25 frames, 1 clips
        Second 2210/3919 - 25 frames, 1 clips
        Second 2220/3919 - 25 frames, 1 clips
        Second 2230/3919 - 25 frames, 1 clips
        Second 2240/3919 - 25 frames, 1 clips
        Second 2250/3919 - 25 frames, 1 clips
        Second 2260/3919 - 25 frames, 1 clips
        Second 2270/3919 - 25 frames, 1 clips
        Second 2280/3919 - 25 frames, 1 clips
        Second 2290/3919 - 25 frames, 1 clips
        Second 2300/3919 - 25 frames, 1 clips
        Second 2310/3919 - 25 frames, 1 clips
        Second 2320/3919 - 25 frames, 1 clips
        Second 2330/3919 - 25 frames, 1 clips
        Second 2340/3919 - 25 frames, 1 clips
        Second 2350/3919 - 25 frames, 1 clips
        Second 2360/3919 - 25 frames, 1 clips
        Second 2370/3919 - 25 frames, 1 clips
        Second 2380/3919 - 25 frames, 1 clips
        Second 2390/3919 - 25 frames, 1 clips
        Second 2400/3919 - 25 frames, 1 clips
        Second 2410/3919 - 25 frames, 1 clips
        Second 2420/3919 - 25 frames, 1 clips
        Second 2430/3919 - 25 frames, 1 clips
        Second 2440/3919 - 25 frames, 1 clips
        Second 2450/3919 - 25 frames, 1 clips
        Second 2460/3919 - 25 frames, 1 clips
        Second 2470/3919 - 25 frames, 1 clips
        Second 2480/3919 - 25 frames, 1 clips
        Second 2490/3919 - 25 frames, 1 clips
        Second 2500/3919 - 25 frames, 1 clips
        Second 2510/3919 - 25 frames, 1 clips
        Second 2520/3919 - 25 frames, 1 clips
        Second 2530/3919 - 25 frames, 1 clips
        Second 2540/3919 - 25 frames, 1 clips
        Second 2550/3919 - 25 frames, 1 clips
        Second 2560/3919 - 25 frames, 1 clips
        Second 2570/3919 - 25 frames, 1 clips
        Second 2580/3919 - 25 frames, 1 clips
        Second 2590/3919 - 25 frames, 1 clips
        Second 2600/3919 - 25 frames, 1 clips
        Second 2610/3919 - 25 frames, 1 clips
        Second 2620/3919 - 25 frames, 1 clips
        Second 2630/3919 - 25 frames, 1 clips
        Second 2640/3919 - 25 frames, 1 clips
        Second 2650/3919 - 25 frames, 1 clips
        Second 2660/3919 - 25 frames, 1 clips
        Second 2670/3919 - 25 frames, 1 clips
        Second 2680/3919 - 25 frames, 1 clips
        Second 2690/3919 - 25 frames, 1 clips
        Second 2700/3919 - 25 frames, 1 clips
        Second 2710/3919 - 25 frames, 1 clips
        Second 2720/3919 - 25 frames, 1 clips
        Second 2730/3919 - 25 frames, 1 clips
        Second 2740/3919 - 25 frames, 1 clips
        Second 2750/3919 - 25 frames, 1 clips
        Second 2760/3919 - 25 frames, 1 clips
        Second 2770/3919 - 25 frames, 1 clips
        Second 2780/3919 - 25 frames, 1 clips
        Second 2790/3919 - 25 frames, 1 clips
        Second 2800/3919 - 25 frames, 1 clips
        Second 2810/3919 - 25 frames, 1 clips
        Second 2820/3919 - 25 frames, 1 clips
        Second 2830/3919 - 25 frames, 1 clips
        Second 2840/3919 - 25 frames, 1 clips
        Second 2850/3919 - 25 frames, 1 clips
        Second 2860/3919 - 25 frames, 1 clips
        Second 2870/3919 - 25 frames, 1 clips
        Second 2880/3919 - 25 frames, 1 clips
        Second 2890/3919 - 25 frames, 1 clips
        Second 2900/3919 - 25 frames, 1 clips
        Second 2910/3919 - 25 frames, 1 clips
        Second 2920/3919 - 25 frames, 1 clips
        Second 2930/3919 - 25 frames, 1 clips
        Second 2940/3919 - 25 frames, 1 clips
        Second 2950/3919 - 25 frames, 1 clips
        Second 2960/3919 - 25 frames, 1 clips
        Second 2970/3919 - 25 frames, 1 clips
        Second 2980/3919 - 25 frames, 1 clips
        Second 2990/3919 - 25 frames, 1 clips
        Second 3000/3919 - 25 frames, 1 clips
        Second 3010/3919 - 25 frames, 1 clips
        Second 3020/3919 - 25 frames, 1 clips
        Second 3030/3919 - 25 frames, 1 clips
        Second 3040/3919 - 25 frames, 1 clips
        Second 3050/3919 - 25 frames, 1 clips
        Second 3060/3919 - 25 frames, 1 clips
        Second 3070/3919 - 25 frames, 1 clips
        Second 3080/3919 - 25 frames, 1 clips
        Second 3090/3919 - 25 frames, 1 clips
        Second 3100/3919 - 25 frames, 1 clips
        Second 3110/3919 - 25 frames, 1 clips
        Second 3120/3919 - 25 frames, 1 clips
        Second 3130/3919 - 25 frames, 1 clips
        Second 3140/3919 - 25 frames, 1 clips
        Second 3150/3919 - 25 frames, 1 clips
        Second 3160/3919 - 25 frames, 1 clips
        Second 3170/3919 - 25 frames, 1 clips
        Second 3180/3919 - 25 frames, 1 clips
        Second 3190/3919 - 25 frames, 1 clips
        Second 3200/3919 - 25 frames, 1 clips
        Second 3210/3919 - 25 frames, 1 clips
        Second 3220/3919 - 25 frames, 1 clips
        Second 3230/3919 - 25 frames, 1 clips
        Second 3240/3919 - 25 frames, 1 clips
        Second 3250/3919 - 25 frames, 1 clips
        Second 3260/3919 - 25 frames, 1 clips
        Second 3270/3919 - 25 frames, 1 clips
        Second 3280/3919 - 25 frames, 1 clips
        Second 3290/3919 - 25 frames, 1 clips
        Second 3300/3919 - 25 frames, 1 clips
        Second 3310/3919 - 25 frames, 1 clips
        Second 3320/3919 - 25 frames, 1 clips
        Second 3330/3919 - 25 frames, 1 clips
        Second 3340/3919 - 25 frames, 1 clips
        Second 3350/3919 - 25 frames, 1 clips
        Second 3360/3919 - 25 frames, 1 clips
        Second 3370/3919 - 25 frames, 1 clips
        Second 3380/3919 - 25 frames, 1 clips
        Second 3390/3919 - 25 frames, 1 clips
        Second 3400/3919 - 25 frames, 1 clips
        Second 3410/3919 - 25 frames, 1 clips
        Second 3420/3919 - 25 frames, 1 clips
        Second 3430/3919 - 25 frames, 1 clips
        Second 3440/3919 - 25 frames, 1 clips
        Second 3450/3919 - 25 frames, 1 clips
        Second 3460/3919 - 25 frames, 1 clips
        Second 3470/3919 - 25 frames, 1 clips
        Second 3480/3919 - 25 frames, 1 clips
        Second 3490/3919 - 25 frames, 1 clips
        Second 3500/3919 - 25 frames, 1 clips
        Second 3510/3919 - 25 frames, 1 clips
        Second 3520/3919 - 25 frames, 1 clips
        Second 3530/3919 - 25 frames, 1 clips
        Second 3540/3919 - 25 frames, 1 clips
        Second 3550/3919 - 25 frames, 1 clips
        Second 3560/3919 - 25 frames, 1 clips
        Second 3570/3919 - 25 frames, 1 clips
        Second 3580/3919 - 25 frames, 1 clips
        Second 3590/3919 - 25 frames, 1 clips
        Second 3600/3919 - 25 frames, 1 clips
        Second 3610/3919 - 25 frames, 1 clips
        Second 3620/3919 - 25 frames, 1 clips
        Second 3630/3919 - 25 frames, 1 clips
        Second 3640/3919 - 25 frames, 1 clips
        Second 3650/3919 - 25 frames, 1 clips
        Second 3660/3919 - 25 frames, 1 clips
        Second 3670/3919 - 25 frames, 1 clips
        Second 3680/3919 - 25 frames, 1 clips
        Second 3690/3919 - 25 frames, 1 clips
        Second 3700/3919 - 25 frames, 1 clips
        Second 3710/3919 - 25 frames, 1 clips
        Second 3720/3919 - 25 frames, 1 clips
        Second 3730/3919 - 25 frames, 1 clips
        Second 3740/3919 - 25 frames, 1 clips
        Second 3750/3919 - 25 frames, 1 clips
        Second 3760/3919 - 25 frames, 1 clips
        Second 3770/3919 - 25 frames, 1 clips
        Second 3780/3919 - 25 frames, 1 clips
        Second 3790/3919 - 25 frames, 1 clips
        Second 3800/3919 - 25 frames, 1 clips
        Second 3810/3919 - 25 frames, 1 clips
        Second 3820/3919 - 25 frames, 1 clips
        Second 3830/3919 - 25 frames, 1 clips
        Second 3840/3919 - 25 frames, 1 clips
        Second 3850/3919 - 25 frames, 1 clips
        Second 3860/3919 - 25 frames, 1 clips
        Second 3870/3919 - 25 frames, 1 clips
        Second 3880/3919 - 25 frames, 1 clips
        Second 3890/3919 - 25 frames, 1 clips
        Second 3900/3919 - 25 frames, 1 clips
        Second 3910/3919 - 25 frames, 1 clips
      ───────────────────────────────────────────────────────
      FEATURE EXTRACTION COMPLETE
      ───────────────────────────────────────────────────────
      Final features shape: (3919, 1024)
      Features per second: 3919
      Feature dimension: 1024
      ═══════════════════════════════════════════════════════

[ID27]   Features extracted: (3919, 1024)
[ID27] Step 2/4: Converting to binary labels and removing unwanted classes...
[ID27]   Number of seconds: 3919
      CSV columns: ['start_time', 'end_time', 'licking', 'shaking']
      CSV shape: (3840, 4)
      Video seconds: 3919
      Total rows in CSV: 3840
      Valid rows (within video duration): 3840
      Rows kept after removing shaking: 3840
[ID27]   Original seconds: 3919
[ID27]   After removing shaking/licking_shaking: 3840
[ID27] Step 3/4: Balancing classes...
      Before balancing:
        Background: 3788 samples
        Licking: 52 samples
        Ratio: 72.85:1
      After balancing:
        Background: 52 samples
        Licking: 52 samples
        Total: 104 samples
[ID27] Step 4/4: Saving processed data...
[ID27]   Saved features: /data-8tb/nvaci/dataset/dataset_Stanford/FACT_method/preprocessed_data_2class_originalFPS/features/ID27.npy
[ID27]     Shape: (104, 1024)
[ID27]     Size: 0.41 MB
[ID27]   Final label distribution:
[ID27]     - background: 52 seconds (50.0%)
[ID27]     - licking: 52 seconds (50.0%)
[ID27]   Saved labels: /data-8tb/nvaci/dataset/dataset_Stanford/FACT_method/preprocessed_data_2class_originalFPS/groundTruth/ID27.txt
[ID27] SUCCESS - Video processed successfully


================================================================================
Processing video 28/32: ID28
================================================================================
[ID28] Found label file: 25-021_ID28.csv
[ID28] Step 1/4: Extracting features (per second)...
      Opening video file...

      ═══════════════════════════════════════════════════════
      VIDEO PROPERTIES
      ═══════════════════════════════════════════════════════
      FPS detected: 25.00
      Clip length (auto): 25 frames
      Total frames: 96960
      Duration: 3878.40 seconds
      Expected seconds: 3879
      Frames per second: ~25.0
      ═══════════════════════════════════════════════════════

      Using ORIGINAL FPS with per-second aggregation
      Aggregation method: mean
      ───────────────────────────────────────────────────────
      READING ALL FRAMES FROM VIDEO
      ───────────────────────────────────────────────────────
      Progress: 500/96960 frames (0.5%)
      Progress: 1000/96960 frames (1.0%)
      Progress: 1500/96960 frames (1.5%)
      Progress: 2000/96960 frames (2.1%)
      Progress: 2500/96960 frames (2.6%)
      Progress: 3000/96960 frames (3.1%)
      Progress: 3500/96960 frames (3.6%)
      Progress: 4000/96960 frames (4.1%)
      Progress: 4500/96960 frames (4.6%)
      Progress: 5000/96960 frames (5.2%)
      Progress: 5500/96960 frames (5.7%)
      Progress: 6000/96960 frames (6.2%)
      Progress: 6500/96960 frames (6.7%)
      Progress: 7000/96960 frames (7.2%)
      Progress: 7500/96960 frames (7.7%)
      Progress: 8000/96960 frames (8.3%)
      Progress: 8500/96960 frames (8.8%)
      Progress: 9000/96960 frames (9.3%)
      Progress: 9500/96960 frames (9.8%)
      Progress: 10000/96960 frames (10.3%)
      Progress: 10500/96960 frames (10.8%)
      Progress: 11000/96960 frames (11.3%)
      Progress: 11500/96960 frames (11.9%)
      Progress: 12000/96960 frames (12.4%)
      Progress: 12500/96960 frames (12.9%)
      Progress: 13000/96960 frames (13.4%)
      Progress: 13500/96960 frames (13.9%)
      Progress: 14000/96960 frames (14.4%)
      Progress: 14500/96960 frames (15.0%)
      Progress: 15000/96960 frames (15.5%)
      Progress: 15500/96960 frames (16.0%)
      Progress: 16000/96960 frames (16.5%)
      Progress: 16500/96960 frames (17.0%)
      Progress: 17000/96960 frames (17.5%)
      Progress: 17500/96960 frames (18.0%)
      Progress: 18000/96960 frames (18.6%)
      Progress: 18500/96960 frames (19.1%)
      Progress: 19000/96960 frames (19.6%)
      Progress: 19500/96960 frames (20.1%)
      Progress: 20000/96960 frames (20.6%)
      Progress: 20500/96960 frames (21.1%)
      Progress: 21000/96960 frames (21.7%)
      Progress: 21500/96960 frames (22.2%)
      Progress: 22000/96960 frames (22.7%)
      Progress: 22500/96960 frames (23.2%)
      Progress: 23000/96960 frames (23.7%)
      Progress: 23500/96960 frames (24.2%)
      Progress: 24000/96960 frames (24.8%)
      Progress: 24500/96960 frames (25.3%)
      Progress: 25000/96960 frames (25.8%)
      Progress: 25500/96960 frames (26.3%)
      Progress: 26000/96960 frames (26.8%)
      Progress: 26500/96960 frames (27.3%)
      Progress: 27000/96960 frames (27.8%)
      Progress: 27500/96960 frames (28.4%)
      Progress: 28000/96960 frames (28.9%)
      Progress: 28500/96960 frames (29.4%)
      Progress: 29000/96960 frames (29.9%)
      Progress: 29500/96960 frames (30.4%)
      Progress: 30000/96960 frames (30.9%)
      Progress: 30500/96960 frames (31.5%)
      Progress: 31000/96960 frames (32.0%)
      Progress: 31500/96960 frames (32.5%)
      Progress: 32000/96960 frames (33.0%)
      Progress: 32500/96960 frames (33.5%)
      Progress: 33000/96960 frames (34.0%)
      Progress: 33500/96960 frames (34.6%)
      Progress: 34000/96960 frames (35.1%)
      Progress: 34500/96960 frames (35.6%)
      Progress: 35000/96960 frames (36.1%)
      Progress: 35500/96960 frames (36.6%)
      Progress: 36000/96960 frames (37.1%)
      Progress: 36500/96960 frames (37.6%)
      Progress: 37000/96960 frames (38.2%)
      Progress: 37500/96960 frames (38.7%)
      Progress: 38000/96960 frames (39.2%)
      Progress: 38500/96960 frames (39.7%)
      Progress: 39000/96960 frames (40.2%)
      Progress: 39500/96960 frames (40.7%)
      Progress: 40000/96960 frames (41.3%)
      Progress: 40500/96960 frames (41.8%)
      Progress: 41000/96960 frames (42.3%)
      Progress: 41500/96960 frames (42.8%)
      Progress: 42000/96960 frames (43.3%)
      Progress: 42500/96960 frames (43.8%)
      Progress: 43000/96960 frames (44.3%)
      Progress: 43500/96960 frames (44.9%)
      Progress: 44000/96960 frames (45.4%)
      Progress: 44500/96960 frames (45.9%)
      Progress: 45000/96960 frames (46.4%)
      Progress: 45500/96960 frames (46.9%)
      Progress: 46000/96960 frames (47.4%)
      Progress: 46500/96960 frames (48.0%)
      Progress: 47000/96960 frames (48.5%)
      Progress: 47500/96960 frames (49.0%)
      Progress: 48000/96960 frames (49.5%)
      Progress: 48500/96960 frames (50.0%)
      Progress: 49000/96960 frames (50.5%)
      Progress: 49500/96960 frames (51.1%)
      Progress: 50000/96960 frames (51.6%)
      Progress: 50500/96960 frames (52.1%)
      Progress: 51000/96960 frames (52.6%)
      Progress: 51500/96960 frames (53.1%)
      Progress: 52000/96960 frames (53.6%)
      Progress: 52500/96960 frames (54.1%)
      Progress: 53000/96960 frames (54.7%)
      Progress: 53500/96960 frames (55.2%)
      Progress: 54000/96960 frames (55.7%)
      Progress: 54500/96960 frames (56.2%)
      Progress: 55000/96960 frames (56.7%)
      Progress: 55500/96960 frames (57.2%)
      Progress: 56000/96960 frames (57.8%)
      Progress: 56500/96960 frames (58.3%)
      Progress: 57000/96960 frames (58.8%)
      Progress: 57500/96960 frames (59.3%)
      Progress: 58000/96960 frames (59.8%)
      Progress: 58500/96960 frames (60.3%)
      Progress: 59000/96960 frames (60.8%)
      Progress: 59500/96960 frames (61.4%)
      Progress: 60000/96960 frames (61.9%)
      Progress: 60500/96960 frames (62.4%)
      Progress: 61000/96960 frames (62.9%)
      Progress: 61500/96960 frames (63.4%)
      Progress: 62000/96960 frames (63.9%)
      Progress: 62500/96960 frames (64.5%)
      Progress: 63000/96960 frames (65.0%)
      Progress: 63500/96960 frames (65.5%)
      Progress: 64000/96960 frames (66.0%)
      Progress: 64500/96960 frames (66.5%)
      Progress: 65000/96960 frames (67.0%)
      Progress: 65500/96960 frames (67.6%)
      Progress: 66000/96960 frames (68.1%)
      Progress: 66500/96960 frames (68.6%)
      Progress: 67000/96960 frames (69.1%)
      Progress: 67500/96960 frames (69.6%)
      Progress: 68000/96960 frames (70.1%)
      Progress: 68500/96960 frames (70.6%)
      Progress: 69000/96960 frames (71.2%)
      Progress: 69500/96960 frames (71.7%)
      Progress: 70000/96960 frames (72.2%)
      Progress: 70500/96960 frames (72.7%)
      Progress: 71000/96960 frames (73.2%)
      Progress: 71500/96960 frames (73.7%)
      Progress: 72000/96960 frames (74.3%)
      Progress: 72500/96960 frames (74.8%)
      Progress: 73000/96960 frames (75.3%)
      Progress: 73500/96960 frames (75.8%)
      Progress: 74000/96960 frames (76.3%)
      Progress: 74500/96960 frames (76.8%)
      Progress: 75000/96960 frames (77.4%)
      Progress: 75500/96960 frames (77.9%)
      Progress: 76000/96960 frames (78.4%)
      Progress: 76500/96960 frames (78.9%)
      Progress: 77000/96960 frames (79.4%)
      Progress: 77500/96960 frames (79.9%)
      Progress: 78000/96960 frames (80.4%)
      Progress: 78500/96960 frames (81.0%)
      Progress: 79000/96960 frames (81.5%)
      Progress: 79500/96960 frames (82.0%)
      Progress: 80000/96960 frames (82.5%)
      Progress: 80500/96960 frames (83.0%)
      Progress: 81000/96960 frames (83.5%)
      Progress: 81500/96960 frames (84.1%)
      Progress: 82000/96960 frames (84.6%)
      Progress: 82500/96960 frames (85.1%)
      Progress: 83000/96960 frames (85.6%)
      Progress: 83500/96960 frames (86.1%)
      Progress: 84000/96960 frames (86.6%)
      Progress: 84500/96960 frames (87.1%)
      Progress: 85000/96960 frames (87.7%)
      Progress: 85500/96960 frames (88.2%)
      Progress: 86000/96960 frames (88.7%)
      Progress: 86500/96960 frames (89.2%)
      Progress: 87000/96960 frames (89.7%)
      Progress: 87500/96960 frames (90.2%)
      Progress: 88000/96960 frames (90.8%)
      Progress: 88500/96960 frames (91.3%)
      Progress: 89000/96960 frames (91.8%)
      Progress: 89500/96960 frames (92.3%)
      Progress: 90000/96960 frames (92.8%)
      Progress: 90500/96960 frames (93.3%)
      Progress: 91000/96960 frames (93.9%)
      Progress: 91500/96960 frames (94.4%)
      Progress: 92000/96960 frames (94.9%)
      Progress: 92500/96960 frames (95.4%)
      Progress: 93000/96960 frames (95.9%)
      Progress: 93500/96960 frames (96.4%)
      Progress: 94000/96960 frames (96.9%)
      Progress: 94500/96960 frames (97.5%)
      Progress: 95000/96960 frames (98.0%)
      Progress: 95500/96960 frames (98.5%)
      Progress: 96000/96960 frames (99.0%)
      Progress: 96500/96960 frames (99.5%)
      ───────────────────────────────────────────────────────
      FRAME READING COMPLETE
      ───────────────────────────────────────────────────────
      Expected frames: 96960
      Frames read: 96859
      Frames missing: 101
      WARNING: 101 frames could not be read!
      ───────────────────────────────────────────────────────

      FRAMES DISTRIBUTION BY SECOND:
        Second   0:  25 frames
        Second   1:  25 frames
        Second   2:  25 frames
        Second   3:  25 frames
        Second   4:  25 frames
        Second   5:  25 frames
        Second   6:  25 frames
        Second   7:  25 frames
        Second   8:  25 frames
        Second   9:  25 frames
        ... (3869 more seconds)
      
      Frame statistics:
        Average frames/second: 25.0
        Min frames/second: 0
        Max frames/second: 25
      
      ───────────────────────────────────────────────────────
      EXTRACTING FEATURES PER SECOND
      ───────────────────────────────────────────────────────
      Total seconds to process: 3879
        Second 10/3879 - 25 frames, 1 clips
        Second 20/3879 - 25 frames, 1 clips
        Second 30/3879 - 25 frames, 1 clips
        Second 40/3879 - 25 frames, 1 clips
        Second 50/3879 - 25 frames, 1 clips
        Second 60/3879 - 25 frames, 1 clips
        Second 70/3879 - 25 frames, 1 clips
        Second 80/3879 - 25 frames, 1 clips
        Second 90/3879 - 25 frames, 1 clips
        Second 100/3879 - 25 frames, 1 clips
        Second 110/3879 - 25 frames, 1 clips
        Second 120/3879 - 25 frames, 1 clips
        Second 130/3879 - 25 frames, 1 clips
        Second 140/3879 - 25 frames, 1 clips
        Second 150/3879 - 25 frames, 1 clips
        Second 160/3879 - 25 frames, 1 clips
        Second 170/3879 - 25 frames, 1 clips
        Second 180/3879 - 25 frames, 1 clips
        Second 190/3879 - 25 frames, 1 clips
        Second 200/3879 - 25 frames, 1 clips
        Second 210/3879 - 25 frames, 1 clips
        Second 220/3879 - 25 frames, 1 clips
        Second 230/3879 - 25 frames, 1 clips
        Second 240/3879 - 25 frames, 1 clips
        Second 250/3879 - 25 frames, 1 clips
        Second 260/3879 - 25 frames, 1 clips
        Second 270/3879 - 25 frames, 1 clips
        Second 280/3879 - 25 frames, 1 clips
        Second 290/3879 - 25 frames, 1 clips
        Second 300/3879 - 25 frames, 1 clips
        Second 310/3879 - 25 frames, 1 clips
        Second 320/3879 - 25 frames, 1 clips
        Second 330/3879 - 25 frames, 1 clips
        Second 340/3879 - 25 frames, 1 clips
        Second 350/3879 - 25 frames, 1 clips
        Second 360/3879 - 25 frames, 1 clips
        Second 370/3879 - 25 frames, 1 clips
        Second 380/3879 - 25 frames, 1 clips
        Second 390/3879 - 25 frames, 1 clips
        Second 400/3879 - 25 frames, 1 clips
        Second 410/3879 - 25 frames, 1 clips
        Second 420/3879 - 25 frames, 1 clips
        Second 430/3879 - 25 frames, 1 clips
        Second 440/3879 - 25 frames, 1 clips
        Second 450/3879 - 25 frames, 1 clips
        Second 460/3879 - 25 frames, 1 clips
        Second 470/3879 - 25 frames, 1 clips
        Second 480/3879 - 25 frames, 1 clips
        Second 490/3879 - 25 frames, 1 clips
        Second 500/3879 - 25 frames, 1 clips
        Second 510/3879 - 25 frames, 1 clips
        Second 520/3879 - 25 frames, 1 clips
        Second 530/3879 - 25 frames, 1 clips
        Second 540/3879 - 25 frames, 1 clips
        Second 550/3879 - 25 frames, 1 clips
        Second 560/3879 - 25 frames, 1 clips
        Second 570/3879 - 25 frames, 1 clips
        Second 580/3879 - 25 frames, 1 clips
        Second 590/3879 - 25 frames, 1 clips
        Second 600/3879 - 25 frames, 1 clips
        Second 610/3879 - 25 frames, 1 clips
        Second 620/3879 - 25 frames, 1 clips
        Second 630/3879 - 25 frames, 1 clips
        Second 640/3879 - 25 frames, 1 clips
        Second 650/3879 - 25 frames, 1 clips
        Second 660/3879 - 25 frames, 1 clips
        Second 670/3879 - 25 frames, 1 clips
        Second 680/3879 - 25 frames, 1 clips
        Second 690/3879 - 25 frames, 1 clips
        Second 700/3879 - 25 frames, 1 clips
        Second 710/3879 - 25 frames, 1 clips
        Second 720/3879 - 25 frames, 1 clips
        Second 730/3879 - 25 frames, 1 clips
        Second 740/3879 - 25 frames, 1 clips
        Second 750/3879 - 25 frames, 1 clips
        Second 760/3879 - 25 frames, 1 clips
        Second 770/3879 - 25 frames, 1 clips
        Second 780/3879 - 25 frames, 1 clips
        Second 790/3879 - 25 frames, 1 clips
        Second 800/3879 - 25 frames, 1 clips
        Second 810/3879 - 25 frames, 1 clips
        Second 820/3879 - 25 frames, 1 clips
        Second 830/3879 - 25 frames, 1 clips
        Second 840/3879 - 25 frames, 1 clips
        Second 850/3879 - 25 frames, 1 clips
        Second 860/3879 - 25 frames, 1 clips
        Second 870/3879 - 25 frames, 1 clips
        Second 880/3879 - 25 frames, 1 clips
        Second 890/3879 - 25 frames, 1 clips
        Second 900/3879 - 25 frames, 1 clips
        Second 910/3879 - 25 frames, 1 clips
        Second 920/3879 - 25 frames, 1 clips
        Second 930/3879 - 25 frames, 1 clips
        Second 940/3879 - 25 frames, 1 clips
        Second 950/3879 - 25 frames, 1 clips
        Second 960/3879 - 25 frames, 1 clips
        Second 970/3879 - 25 frames, 1 clips
        Second 980/3879 - 25 frames, 1 clips
        Second 990/3879 - 25 frames, 1 clips
        Second 1000/3879 - 25 frames, 1 clips
        Second 1010/3879 - 25 frames, 1 clips
        Second 1020/3879 - 25 frames, 1 clips
        Second 1030/3879 - 25 frames, 1 clips
        Second 1040/3879 - 25 frames, 1 clips
        Second 1050/3879 - 25 frames, 1 clips
        Second 1060/3879 - 25 frames, 1 clips
        Second 1070/3879 - 25 frames, 1 clips
        Second 1080/3879 - 25 frames, 1 clips
        Second 1090/3879 - 25 frames, 1 clips
        Second 1100/3879 - 25 frames, 1 clips
        Second 1110/3879 - 25 frames, 1 clips
        Second 1120/3879 - 25 frames, 1 clips
        Second 1130/3879 - 25 frames, 1 clips
        Second 1140/3879 - 25 frames, 1 clips
        Second 1150/3879 - 25 frames, 1 clips
        Second 1160/3879 - 25 frames, 1 clips
        Second 1170/3879 - 25 frames, 1 clips
        Second 1180/3879 - 25 frames, 1 clips
        Second 1190/3879 - 25 frames, 1 clips
        Second 1200/3879 - 25 frames, 1 clips
        Second 1210/3879 - 25 frames, 1 clips
        Second 1220/3879 - 25 frames, 1 clips
        Second 1230/3879 - 25 frames, 1 clips
        Second 1240/3879 - 25 frames, 1 clips
        Second 1250/3879 - 25 frames, 1 clips
        Second 1260/3879 - 25 frames, 1 clips
        Second 1270/3879 - 25 frames, 1 clips
        Second 1280/3879 - 25 frames, 1 clips
        Second 1290/3879 - 25 frames, 1 clips
        Second 1300/3879 - 25 frames, 1 clips
        Second 1310/3879 - 25 frames, 1 clips
        Second 1320/3879 - 25 frames, 1 clips
        Second 1330/3879 - 25 frames, 1 clips
        Second 1340/3879 - 25 frames, 1 clips
        Second 1350/3879 - 25 frames, 1 clips
        Second 1360/3879 - 25 frames, 1 clips
        Second 1370/3879 - 25 frames, 1 clips
        Second 1380/3879 - 25 frames, 1 clips
        Second 1390/3879 - 25 frames, 1 clips
        Second 1400/3879 - 25 frames, 1 clips
        Second 1410/3879 - 25 frames, 1 clips
        Second 1420/3879 - 25 frames, 1 clips
        Second 1430/3879 - 25 frames, 1 clips
        Second 1440/3879 - 25 frames, 1 clips
        Second 1450/3879 - 25 frames, 1 clips
        Second 1460/3879 - 25 frames, 1 clips
        Second 1470/3879 - 25 frames, 1 clips
        Second 1480/3879 - 25 frames, 1 clips
        Second 1490/3879 - 25 frames, 1 clips
        Second 1500/3879 - 25 frames, 1 clips
        Second 1510/3879 - 25 frames, 1 clips
        Second 1520/3879 - 25 frames, 1 clips
        Second 1530/3879 - 25 frames, 1 clips
        Second 1540/3879 - 25 frames, 1 clips
        Second 1550/3879 - 25 frames, 1 clips
        Second 1560/3879 - 25 frames, 1 clips
        Second 1570/3879 - 25 frames, 1 clips
        Second 1580/3879 - 25 frames, 1 clips
        Second 1590/3879 - 25 frames, 1 clips
        Second 1600/3879 - 25 frames, 1 clips
        Second 1610/3879 - 25 frames, 1 clips
        Second 1620/3879 - 25 frames, 1 clips
        Second 1630/3879 - 25 frames, 1 clips
        Second 1640/3879 - 25 frames, 1 clips
        Second 1650/3879 - 25 frames, 1 clips
        Second 1660/3879 - 25 frames, 1 clips
        Second 1670/3879 - 25 frames, 1 clips
        Second 1680/3879 - 25 frames, 1 clips
        Second 1690/3879 - 25 frames, 1 clips
        Second 1700/3879 - 25 frames, 1 clips
        Second 1710/3879 - 25 frames, 1 clips
        Second 1720/3879 - 25 frames, 1 clips
        Second 1730/3879 - 25 frames, 1 clips
        Second 1740/3879 - 25 frames, 1 clips
        Second 1750/3879 - 25 frames, 1 clips
        Second 1760/3879 - 25 frames, 1 clips
        Second 1770/3879 - 25 frames, 1 clips
        Second 1780/3879 - 25 frames, 1 clips
        Second 1790/3879 - 25 frames, 1 clips
        Second 1800/3879 - 25 frames, 1 clips
        Second 1810/3879 - 25 frames, 1 clips
        Second 1820/3879 - 25 frames, 1 clips
        Second 1830/3879 - 25 frames, 1 clips
        Second 1840/3879 - 25 frames, 1 clips
        Second 1850/3879 - 25 frames, 1 clips
        Second 1860/3879 - 25 frames, 1 clips
        Second 1870/3879 - 25 frames, 1 clips
        Second 1880/3879 - 25 frames, 1 clips
        Second 1890/3879 - 25 frames, 1 clips
        Second 1900/3879 - 25 frames, 1 clips
        Second 1910/3879 - 25 frames, 1 clips
        Second 1920/3879 - 25 frames, 1 clips
        Second 1930/3879 - 25 frames, 1 clips
        Second 1940/3879 - 25 frames, 1 clips
        Second 1950/3879 - 25 frames, 1 clips
        Second 1960/3879 - 25 frames, 1 clips
        Second 1970/3879 - 25 frames, 1 clips
        Second 1980/3879 - 25 frames, 1 clips
        Second 1990/3879 - 25 frames, 1 clips
        Second 2000/3879 - 25 frames, 1 clips
        Second 2010/3879 - 25 frames, 1 clips
        Second 2020/3879 - 25 frames, 1 clips
        Second 2030/3879 - 25 frames, 1 clips
        Second 2040/3879 - 25 frames, 1 clips
        Second 2050/3879 - 25 frames, 1 clips
        Second 2060/3879 - 25 frames, 1 clips
        Second 2070/3879 - 25 frames, 1 clips
        Second 2080/3879 - 25 frames, 1 clips
        Second 2090/3879 - 25 frames, 1 clips
        Second 2100/3879 - 25 frames, 1 clips
        Second 2110/3879 - 25 frames, 1 clips
        Second 2120/3879 - 25 frames, 1 clips
        Second 2130/3879 - 25 frames, 1 clips
        Second 2140/3879 - 25 frames, 1 clips
        Second 2150/3879 - 25 frames, 1 clips
        Second 2160/3879 - 25 frames, 1 clips
        Second 2170/3879 - 25 frames, 1 clips
        Second 2180/3879 - 25 frames, 1 clips
        Second 2190/3879 - 25 frames, 1 clips
        Second 2200/3879 - 25 frames, 1 clips
        Second 2210/3879 - 25 frames, 1 clips
        Second 2220/3879 - 25 frames, 1 clips
        Second 2230/3879 - 25 frames, 1 clips
        Second 2240/3879 - 25 frames, 1 clips
        Second 2250/3879 - 25 frames, 1 clips
        Second 2260/3879 - 25 frames, 1 clips
        Second 2270/3879 - 25 frames, 1 clips
        Second 2280/3879 - 25 frames, 1 clips
        Second 2290/3879 - 25 frames, 1 clips
        Second 2300/3879 - 25 frames, 1 clips
        Second 2310/3879 - 25 frames, 1 clips
        Second 2320/3879 - 25 frames, 1 clips
        Second 2330/3879 - 25 frames, 1 clips
        Second 2340/3879 - 25 frames, 1 clips
        Second 2350/3879 - 25 frames, 1 clips
        Second 2360/3879 - 25 frames, 1 clips
        Second 2370/3879 - 25 frames, 1 clips
        Second 2380/3879 - 25 frames, 1 clips
        Second 2390/3879 - 25 frames, 1 clips
        Second 2400/3879 - 25 frames, 1 clips
        Second 2410/3879 - 25 frames, 1 clips
        Second 2420/3879 - 25 frames, 1 clips
        Second 2430/3879 - 25 frames, 1 clips
        Second 2440/3879 - 25 frames, 1 clips
        Second 2450/3879 - 25 frames, 1 clips
        Second 2460/3879 - 25 frames, 1 clips
        Second 2470/3879 - 25 frames, 1 clips
        Second 2480/3879 - 25 frames, 1 clips
        Second 2490/3879 - 25 frames, 1 clips
        Second 2500/3879 - 25 frames, 1 clips
        Second 2510/3879 - 25 frames, 1 clips
        Second 2520/3879 - 25 frames, 1 clips
        Second 2530/3879 - 25 frames, 1 clips
        Second 2540/3879 - 25 frames, 1 clips
        Second 2550/3879 - 25 frames, 1 clips
        Second 2560/3879 - 25 frames, 1 clips
        Second 2570/3879 - 25 frames, 1 clips
        Second 2580/3879 - 25 frames, 1 clips
        Second 2590/3879 - 25 frames, 1 clips
        Second 2600/3879 - 25 frames, 1 clips
        Second 2610/3879 - 25 frames, 1 clips
        Second 2620/3879 - 25 frames, 1 clips
        Second 2630/3879 - 25 frames, 1 clips
        Second 2640/3879 - 25 frames, 1 clips
        Second 2650/3879 - 25 frames, 1 clips
        Second 2660/3879 - 25 frames, 1 clips
        Second 2670/3879 - 25 frames, 1 clips
        Second 2680/3879 - 25 frames, 1 clips
        Second 2690/3879 - 25 frames, 1 clips
        Second 2700/3879 - 25 frames, 1 clips
        Second 2710/3879 - 25 frames, 1 clips
        Second 2720/3879 - 25 frames, 1 clips
        Second 2730/3879 - 25 frames, 1 clips
        Second 2740/3879 - 25 frames, 1 clips
        Second 2750/3879 - 25 frames, 1 clips
        Second 2760/3879 - 25 frames, 1 clips
        Second 2770/3879 - 25 frames, 1 clips
        Second 2780/3879 - 25 frames, 1 clips
        Second 2790/3879 - 25 frames, 1 clips
        Second 2800/3879 - 25 frames, 1 clips
        Second 2810/3879 - 25 frames, 1 clips
        Second 2820/3879 - 25 frames, 1 clips
        Second 2830/3879 - 25 frames, 1 clips
        Second 2840/3879 - 25 frames, 1 clips
        Second 2850/3879 - 25 frames, 1 clips
        Second 2860/3879 - 25 frames, 1 clips
        Second 2870/3879 - 25 frames, 1 clips
        Second 2880/3879 - 25 frames, 1 clips
        Second 2890/3879 - 25 frames, 1 clips
        Second 2900/3879 - 25 frames, 1 clips
        Second 2910/3879 - 25 frames, 1 clips
        Second 2920/3879 - 25 frames, 1 clips
        Second 2930/3879 - 25 frames, 1 clips
        Second 2940/3879 - 25 frames, 1 clips
        Second 2950/3879 - 25 frames, 1 clips
        Second 2960/3879 - 25 frames, 1 clips
        Second 2970/3879 - 25 frames, 1 clips
        Second 2980/3879 - 25 frames, 1 clips
        Second 2990/3879 - 25 frames, 1 clips
        Second 3000/3879 - 25 frames, 1 clips
        Second 3010/3879 - 25 frames, 1 clips
        Second 3020/3879 - 25 frames, 1 clips
        Second 3030/3879 - 25 frames, 1 clips
        Second 3040/3879 - 25 frames, 1 clips
        Second 3050/3879 - 25 frames, 1 clips
        Second 3060/3879 - 25 frames, 1 clips
        Second 3070/3879 - 25 frames, 1 clips
        Second 3080/3879 - 25 frames, 1 clips
        Second 3090/3879 - 25 frames, 1 clips
        Second 3100/3879 - 25 frames, 1 clips
        Second 3110/3879 - 25 frames, 1 clips
        Second 3120/3879 - 25 frames, 1 clips
        Second 3130/3879 - 25 frames, 1 clips
        Second 3140/3879 - 25 frames, 1 clips
        Second 3150/3879 - 25 frames, 1 clips
        Second 3160/3879 - 25 frames, 1 clips
        Second 3170/3879 - 25 frames, 1 clips
        Second 3180/3879 - 25 frames, 1 clips
        Second 3190/3879 - 25 frames, 1 clips
        Second 3200/3879 - 25 frames, 1 clips
        Second 3210/3879 - 25 frames, 1 clips
        Second 3220/3879 - 25 frames, 1 clips
        Second 3230/3879 - 25 frames, 1 clips
        Second 3240/3879 - 25 frames, 1 clips
        Second 3250/3879 - 25 frames, 1 clips
        Second 3260/3879 - 25 frames, 1 clips
        Second 3270/3879 - 25 frames, 1 clips
        Second 3280/3879 - 25 frames, 1 clips
        Second 3290/3879 - 25 frames, 1 clips
        Second 3300/3879 - 25 frames, 1 clips
        Second 3310/3879 - 25 frames, 1 clips
        Second 3320/3879 - 25 frames, 1 clips
        Second 3330/3879 - 25 frames, 1 clips
        Second 3340/3879 - 25 frames, 1 clips
        Second 3350/3879 - 25 frames, 1 clips
        Second 3360/3879 - 25 frames, 1 clips
        Second 3370/3879 - 25 frames, 1 clips
        Second 3380/3879 - 25 frames, 1 clips
        Second 3390/3879 - 25 frames, 1 clips
        Second 3400/3879 - 25 frames, 1 clips
        Second 3410/3879 - 25 frames, 1 clips
        Second 3420/3879 - 25 frames, 1 clips
        Second 3430/3879 - 25 frames, 1 clips
        Second 3440/3879 - 25 frames, 1 clips
        Second 3450/3879 - 25 frames, 1 clips
        Second 3460/3879 - 25 frames, 1 clips
        Second 3470/3879 - 25 frames, 1 clips
        Second 3480/3879 - 25 frames, 1 clips
        Second 3490/3879 - 25 frames, 1 clips
        Second 3500/3879 - 25 frames, 1 clips
        Second 3510/3879 - 25 frames, 1 clips
        Second 3520/3879 - 25 frames, 1 clips
        Second 3530/3879 - 25 frames, 1 clips
        Second 3540/3879 - 25 frames, 1 clips
        Second 3550/3879 - 25 frames, 1 clips
        Second 3560/3879 - 25 frames, 1 clips
        Second 3570/3879 - 25 frames, 1 clips
        Second 3580/3879 - 25 frames, 1 clips
        Second 3590/3879 - 25 frames, 1 clips
        Second 3600/3879 - 25 frames, 1 clips
        Second 3610/3879 - 25 frames, 1 clips
        Second 3620/3879 - 25 frames, 1 clips
        Second 3630/3879 - 25 frames, 1 clips
        Second 3640/3879 - 25 frames, 1 clips
        Second 3650/3879 - 25 frames, 1 clips
        Second 3660/3879 - 25 frames, 1 clips
        Second 3670/3879 - 25 frames, 1 clips
        Second 3680/3879 - 25 frames, 1 clips
        Second 3690/3879 - 25 frames, 1 clips
        Second 3700/3879 - 25 frames, 1 clips
        Second 3710/3879 - 25 frames, 1 clips
        Second 3720/3879 - 25 frames, 1 clips
        Second 3730/3879 - 25 frames, 1 clips
        Second 3740/3879 - 25 frames, 1 clips
        Second 3750/3879 - 25 frames, 1 clips
        Second 3760/3879 - 25 frames, 1 clips
        Second 3770/3879 - 25 frames, 1 clips
        Second 3780/3879 - 25 frames, 1 clips
        Second 3790/3879 - 25 frames, 1 clips
        Second 3800/3879 - 25 frames, 1 clips
        Second 3810/3879 - 25 frames, 1 clips
        Second 3820/3879 - 25 frames, 1 clips
        Second 3830/3879 - 25 frames, 1 clips
        Second 3840/3879 - 25 frames, 1 clips
        Second 3850/3879 - 25 frames, 1 clips
        Second 3860/3879 - 25 frames, 1 clips
        Second 3870/3879 - 25 frames, 1 clips
      ───────────────────────────────────────────────────────
      FEATURE EXTRACTION COMPLETE
      ───────────────────────────────────────────────────────
      Final features shape: (3879, 1024)
      Features per second: 3879
      Feature dimension: 1024
      ═══════════════════════════════════════════════════════

[ID28]   Features extracted: (3879, 1024)
[ID28] Step 2/4: Converting to binary labels and removing unwanted classes...
[ID28]   Number of seconds: 3879
      CSV columns: ['start_time', 'end_time', 'licking', 'shaking']
      CSV shape: (3840, 4)
      Video seconds: 3879
      Total rows in CSV: 3840
      Valid rows (within video duration): 3840
      Rows kept after removing shaking: 3822
[ID28]   Original seconds: 3879
[ID28]   After removing shaking/licking_shaking: 3822
[ID28] Step 3/4: Balancing classes...
      Before balancing:
        Background: 3114 samples
        Licking: 708 samples
        Ratio: 4.40:1
      After balancing:
        Background: 708 samples
        Licking: 708 samples
        Total: 1416 samples
[ID28] Step 4/4: Saving processed data...
[ID28]   Saved features: /data-8tb/nvaci/dataset/dataset_Stanford/FACT_method/preprocessed_data_2class_originalFPS/features/ID28.npy
[ID28]     Shape: (1416, 1024)
[ID28]     Size: 5.53 MB
[ID28]   Final label distribution:
[ID28]     - background: 708 seconds (50.0%)
[ID28]     - licking: 708 seconds (50.0%)
[ID28]   Saved labels: /data-8tb/nvaci/dataset/dataset_Stanford/FACT_method/preprocessed_data_2class_originalFPS/groundTruth/ID28.txt
[ID28] SUCCESS - Video processed successfully


================================================================================
Processing video 29/32: ID29
================================================================================
[ID29] Found label file: 25-021_ID29.csv
[ID29] Step 1/4: Extracting features (per second)...
      Opening video file...

      ═══════════════════════════════════════════════════════
      VIDEO PROPERTIES
      ═══════════════════════════════════════════════════════
      FPS detected: 25.00
      Clip length (auto): 25 frames
      Total frames: 95496
      Duration: 3819.84 seconds
      Expected seconds: 3820
      Frames per second: ~25.0
      ═══════════════════════════════════════════════════════

      Using ORIGINAL FPS with per-second aggregation
      Aggregation method: mean
      ───────────────────────────────────────────────────────
      READING ALL FRAMES FROM VIDEO
      ───────────────────────────────────────────────────────
      Progress: 500/95496 frames (0.5%)
      Progress: 1000/95496 frames (1.0%)
      Progress: 1500/95496 frames (1.6%)
      Progress: 2000/95496 frames (2.1%)
      Progress: 2500/95496 frames (2.6%)
      Progress: 3000/95496 frames (3.1%)
      Progress: 3500/95496 frames (3.7%)
      Progress: 4000/95496 frames (4.2%)
      Progress: 4500/95496 frames (4.7%)
      Progress: 5000/95496 frames (5.2%)
      Progress: 5500/95496 frames (5.8%)
      Progress: 6000/95496 frames (6.3%)
      Progress: 6500/95496 frames (6.8%)
      Progress: 7000/95496 frames (7.3%)
      Progress: 7500/95496 frames (7.9%)
      Progress: 8000/95496 frames (8.4%)
      Progress: 8500/95496 frames (8.9%)
      Progress: 9000/95496 frames (9.4%)
      Progress: 9500/95496 frames (9.9%)
      Progress: 10000/95496 frames (10.5%)
      Progress: 10500/95496 frames (11.0%)
      Progress: 11000/95496 frames (11.5%)
      Progress: 11500/95496 frames (12.0%)
      Progress: 12000/95496 frames (12.6%)
      Progress: 12500/95496 frames (13.1%)
      Progress: 13000/95496 frames (13.6%)
      Progress: 13500/95496 frames (14.1%)
      Progress: 14000/95496 frames (14.7%)
      Progress: 14500/95496 frames (15.2%)
      Progress: 15000/95496 frames (15.7%)
      Progress: 15500/95496 frames (16.2%)
      Progress: 16000/95496 frames (16.8%)
      Progress: 16500/95496 frames (17.3%)
      Progress: 17000/95496 frames (17.8%)
      Progress: 17500/95496 frames (18.3%)
      Progress: 18000/95496 frames (18.8%)
      Progress: 18500/95496 frames (19.4%)
      Progress: 19000/95496 frames (19.9%)
      Progress: 19500/95496 frames (20.4%)
      Progress: 20000/95496 frames (20.9%)
      Progress: 20500/95496 frames (21.5%)
      Progress: 21000/95496 frames (22.0%)
      Progress: 21500/95496 frames (22.5%)
      Progress: 22000/95496 frames (23.0%)
      Progress: 22500/95496 frames (23.6%)
      Progress: 23000/95496 frames (24.1%)
      Progress: 23500/95496 frames (24.6%)
      Progress: 24000/95496 frames (25.1%)
      Progress: 24500/95496 frames (25.7%)
      Progress: 25000/95496 frames (26.2%)
      Progress: 25500/95496 frames (26.7%)
      Progress: 26000/95496 frames (27.2%)
      Progress: 26500/95496 frames (27.7%)
      Progress: 27000/95496 frames (28.3%)
      Progress: 27500/95496 frames (28.8%)
      Progress: 28000/95496 frames (29.3%)
      Progress: 28500/95496 frames (29.8%)
      Progress: 29000/95496 frames (30.4%)
      Progress: 29500/95496 frames (30.9%)
      Progress: 30000/95496 frames (31.4%)
      Progress: 30500/95496 frames (31.9%)
      Progress: 31000/95496 frames (32.5%)
      Progress: 31500/95496 frames (33.0%)
      Progress: 32000/95496 frames (33.5%)
      Progress: 32500/95496 frames (34.0%)
      Progress: 33000/95496 frames (34.6%)
      Progress: 33500/95496 frames (35.1%)
      Progress: 34000/95496 frames (35.6%)
      Progress: 34500/95496 frames (36.1%)
      Progress: 35000/95496 frames (36.7%)
      Progress: 35500/95496 frames (37.2%)
      Progress: 36000/95496 frames (37.7%)
      Progress: 36500/95496 frames (38.2%)
      Progress: 37000/95496 frames (38.7%)
      Progress: 37500/95496 frames (39.3%)
      Progress: 38000/95496 frames (39.8%)
      Progress: 38500/95496 frames (40.3%)
      Progress: 39000/95496 frames (40.8%)
      Progress: 39500/95496 frames (41.4%)
      Progress: 40000/95496 frames (41.9%)
      Progress: 40500/95496 frames (42.4%)
      Progress: 41000/95496 frames (42.9%)
      Progress: 41500/95496 frames (43.5%)
      Progress: 42000/95496 frames (44.0%)
      Progress: 42500/95496 frames (44.5%)
      Progress: 43000/95496 frames (45.0%)
      Progress: 43500/95496 frames (45.6%)
      Progress: 44000/95496 frames (46.1%)
      Progress: 44500/95496 frames (46.6%)
      Progress: 45000/95496 frames (47.1%)
      Progress: 45500/95496 frames (47.6%)
      Progress: 46000/95496 frames (48.2%)
      Progress: 46500/95496 frames (48.7%)
      Progress: 47000/95496 frames (49.2%)
      Progress: 47500/95496 frames (49.7%)
      Progress: 48000/95496 frames (50.3%)
      Progress: 48500/95496 frames (50.8%)
      Progress: 49000/95496 frames (51.3%)
      Progress: 49500/95496 frames (51.8%)
      Progress: 50000/95496 frames (52.4%)
      Progress: 50500/95496 frames (52.9%)
      Progress: 51000/95496 frames (53.4%)
      Progress: 51500/95496 frames (53.9%)
      Progress: 52000/95496 frames (54.5%)
      Progress: 52500/95496 frames (55.0%)
      Progress: 53000/95496 frames (55.5%)
      Progress: 53500/95496 frames (56.0%)
      Progress: 54000/95496 frames (56.5%)
      Progress: 54500/95496 frames (57.1%)
      Progress: 55000/95496 frames (57.6%)
      Progress: 55500/95496 frames (58.1%)
      Progress: 56000/95496 frames (58.6%)
      Progress: 56500/95496 frames (59.2%)
      Progress: 57000/95496 frames (59.7%)
      Progress: 57500/95496 frames (60.2%)
      Progress: 58000/95496 frames (60.7%)
      Progress: 58500/95496 frames (61.3%)
      Progress: 59000/95496 frames (61.8%)
      Progress: 59500/95496 frames (62.3%)
      Progress: 60000/95496 frames (62.8%)
      Progress: 60500/95496 frames (63.4%)
      Progress: 61000/95496 frames (63.9%)
      Progress: 61500/95496 frames (64.4%)
      Progress: 62000/95496 frames (64.9%)
      Progress: 62500/95496 frames (65.4%)
      Progress: 63000/95496 frames (66.0%)
      Progress: 63500/95496 frames (66.5%)
      Progress: 64000/95496 frames (67.0%)
      Progress: 64500/95496 frames (67.5%)
      Progress: 65000/95496 frames (68.1%)
      Progress: 65500/95496 frames (68.6%)
      Progress: 66000/95496 frames (69.1%)
      Progress: 66500/95496 frames (69.6%)
      Progress: 67000/95496 frames (70.2%)
      Progress: 67500/95496 frames (70.7%)
      Progress: 68000/95496 frames (71.2%)
      Progress: 68500/95496 frames (71.7%)
      Progress: 69000/95496 frames (72.3%)
      Progress: 69500/95496 frames (72.8%)
      Progress: 70000/95496 frames (73.3%)
      Progress: 70500/95496 frames (73.8%)
      Progress: 71000/95496 frames (74.3%)
      Progress: 71500/95496 frames (74.9%)
      Progress: 72000/95496 frames (75.4%)
      Progress: 72500/95496 frames (75.9%)
      Progress: 73000/95496 frames (76.4%)
      Progress: 73500/95496 frames (77.0%)
      Progress: 74000/95496 frames (77.5%)
      Progress: 74500/95496 frames (78.0%)
      Progress: 75000/95496 frames (78.5%)
      Progress: 75500/95496 frames (79.1%)
      Progress: 76000/95496 frames (79.6%)
      Progress: 76500/95496 frames (80.1%)
      Progress: 77000/95496 frames (80.6%)
      Progress: 77500/95496 frames (81.2%)
      Progress: 78000/95496 frames (81.7%)
      Progress: 78500/95496 frames (82.2%)
      Progress: 79000/95496 frames (82.7%)
      Progress: 79500/95496 frames (83.2%)
      Progress: 80000/95496 frames (83.8%)
      Progress: 80500/95496 frames (84.3%)
      Progress: 81000/95496 frames (84.8%)
      Progress: 81500/95496 frames (85.3%)
      Progress: 82000/95496 frames (85.9%)
      Progress: 82500/95496 frames (86.4%)
      Progress: 83000/95496 frames (86.9%)
      Progress: 83500/95496 frames (87.4%)
      Progress: 84000/95496 frames (88.0%)
      Progress: 84500/95496 frames (88.5%)
      Progress: 85000/95496 frames (89.0%)
      Progress: 85500/95496 frames (89.5%)
      Progress: 86000/95496 frames (90.1%)
      Progress: 86500/95496 frames (90.6%)
      Progress: 87000/95496 frames (91.1%)
      Progress: 87500/95496 frames (91.6%)
      Progress: 88000/95496 frames (92.2%)
      Progress: 88500/95496 frames (92.7%)
      Progress: 89000/95496 frames (93.2%)
      Progress: 89500/95496 frames (93.7%)
      Progress: 90000/95496 frames (94.2%)
      Progress: 90500/95496 frames (94.8%)
      Progress: 91000/95496 frames (95.3%)
      Progress: 91500/95496 frames (95.8%)
      Progress: 92000/95496 frames (96.3%)
      Progress: 92500/95496 frames (96.9%)
      Progress: 93000/95496 frames (97.4%)
      Progress: 93500/95496 frames (97.9%)
      Progress: 94000/95496 frames (98.4%)
      Progress: 94500/95496 frames (99.0%)
      Progress: 95000/95496 frames (99.5%)
      ───────────────────────────────────────────────────────
      FRAME READING COMPLETE
      ───────────────────────────────────────────────────────
      Expected frames: 95496
      Frames read: 95484
      Frames missing: 12
      WARNING: 12 frames could not be read!
      ───────────────────────────────────────────────────────

      FRAMES DISTRIBUTION BY SECOND:
        Second   0:  25 frames
        Second   1:  25 frames
        Second   2:  25 frames
        Second   3:  25 frames
        Second   4:  25 frames
        Second   5:  25 frames
        Second   6:  25 frames
        Second   7:  25 frames
        Second   8:  25 frames
        Second   9:  25 frames
        ... (3810 more seconds)
      
      Frame statistics:
        Average frames/second: 25.0
        Min frames/second: 9
        Max frames/second: 25
      
      ───────────────────────────────────────────────────────
      EXTRACTING FEATURES PER SECOND
      ───────────────────────────────────────────────────────
      Total seconds to process: 3820
        Second 10/3820 - 25 frames, 1 clips
        Second 20/3820 - 25 frames, 1 clips
        Second 30/3820 - 25 frames, 1 clips
        Second 40/3820 - 25 frames, 1 clips
        Second 50/3820 - 25 frames, 1 clips
        Second 60/3820 - 25 frames, 1 clips
        Second 70/3820 - 25 frames, 1 clips
        Second 80/3820 - 25 frames, 1 clips
        Second 90/3820 - 25 frames, 1 clips
        Second 100/3820 - 25 frames, 1 clips
        Second 110/3820 - 25 frames, 1 clips
        Second 120/3820 - 25 frames, 1 clips
        Second 130/3820 - 25 frames, 1 clips
        Second 140/3820 - 25 frames, 1 clips
        Second 150/3820 - 25 frames, 1 clips
        Second 160/3820 - 25 frames, 1 clips
        Second 170/3820 - 25 frames, 1 clips
        Second 180/3820 - 25 frames, 1 clips
        Second 190/3820 - 25 frames, 1 clips
        Second 200/3820 - 25 frames, 1 clips
        Second 210/3820 - 25 frames, 1 clips
        Second 220/3820 - 25 frames, 1 clips
        Second 230/3820 - 25 frames, 1 clips
        Second 240/3820 - 25 frames, 1 clips
        Second 250/3820 - 25 frames, 1 clips
        Second 260/3820 - 25 frames, 1 clips
        Second 270/3820 - 25 frames, 1 clips
        Second 280/3820 - 25 frames, 1 clips
        Second 290/3820 - 25 frames, 1 clips
        Second 300/3820 - 25 frames, 1 clips
        Second 310/3820 - 25 frames, 1 clips
        Second 320/3820 - 25 frames, 1 clips
        Second 330/3820 - 25 frames, 1 clips
        Second 340/3820 - 25 frames, 1 clips
        Second 350/3820 - 25 frames, 1 clips
        Second 360/3820 - 25 frames, 1 clips
        Second 370/3820 - 25 frames, 1 clips
        Second 380/3820 - 25 frames, 1 clips
        Second 390/3820 - 25 frames, 1 clips
        Second 400/3820 - 25 frames, 1 clips
        Second 410/3820 - 25 frames, 1 clips
        Second 420/3820 - 25 frames, 1 clips
        Second 430/3820 - 25 frames, 1 clips
        Second 440/3820 - 25 frames, 1 clips
        Second 450/3820 - 25 frames, 1 clips
        Second 460/3820 - 25 frames, 1 clips
        Second 470/3820 - 25 frames, 1 clips
        Second 480/3820 - 25 frames, 1 clips
        Second 490/3820 - 25 frames, 1 clips
        Second 500/3820 - 25 frames, 1 clips
        Second 510/3820 - 25 frames, 1 clips
        Second 520/3820 - 25 frames, 1 clips
        Second 530/3820 - 25 frames, 1 clips
        Second 540/3820 - 25 frames, 1 clips
        Second 550/3820 - 25 frames, 1 clips
        Second 560/3820 - 25 frames, 1 clips
        Second 570/3820 - 25 frames, 1 clips
        Second 580/3820 - 25 frames, 1 clips
        Second 590/3820 - 25 frames, 1 clips
        Second 600/3820 - 25 frames, 1 clips
        Second 610/3820 - 25 frames, 1 clips
        Second 620/3820 - 25 frames, 1 clips
        Second 630/3820 - 25 frames, 1 clips
        Second 640/3820 - 25 frames, 1 clips
        Second 650/3820 - 25 frames, 1 clips
        Second 660/3820 - 25 frames, 1 clips
        Second 670/3820 - 25 frames, 1 clips
        Second 680/3820 - 25 frames, 1 clips
        Second 690/3820 - 25 frames, 1 clips
        Second 700/3820 - 25 frames, 1 clips
        Second 710/3820 - 25 frames, 1 clips
        Second 720/3820 - 25 frames, 1 clips
        Second 730/3820 - 25 frames, 1 clips
        Second 740/3820 - 25 frames, 1 clips
        Second 750/3820 - 25 frames, 1 clips
        Second 760/3820 - 25 frames, 1 clips
        Second 770/3820 - 25 frames, 1 clips
        Second 780/3820 - 25 frames, 1 clips
        Second 790/3820 - 25 frames, 1 clips
        Second 800/3820 - 25 frames, 1 clips
        Second 810/3820 - 25 frames, 1 clips
        Second 820/3820 - 25 frames, 1 clips
        Second 830/3820 - 25 frames, 1 clips
        Second 840/3820 - 25 frames, 1 clips
        Second 850/3820 - 25 frames, 1 clips
        Second 860/3820 - 25 frames, 1 clips
        Second 870/3820 - 25 frames, 1 clips
        Second 880/3820 - 25 frames, 1 clips
        Second 890/3820 - 25 frames, 1 clips
        Second 900/3820 - 25 frames, 1 clips
        Second 910/3820 - 25 frames, 1 clips
        Second 920/3820 - 25 frames, 1 clips
        Second 930/3820 - 25 frames, 1 clips
        Second 940/3820 - 25 frames, 1 clips
        Second 950/3820 - 25 frames, 1 clips
        Second 960/3820 - 25 frames, 1 clips
        Second 970/3820 - 25 frames, 1 clips
        Second 980/3820 - 25 frames, 1 clips
        Second 990/3820 - 25 frames, 1 clips
        Second 1000/3820 - 25 frames, 1 clips
        Second 1010/3820 - 25 frames, 1 clips
        Second 1020/3820 - 25 frames, 1 clips
        Second 1030/3820 - 25 frames, 1 clips
        Second 1040/3820 - 25 frames, 1 clips
        Second 1050/3820 - 25 frames, 1 clips
        Second 1060/3820 - 25 frames, 1 clips
        Second 1070/3820 - 25 frames, 1 clips
        Second 1080/3820 - 25 frames, 1 clips
        Second 1090/3820 - 25 frames, 1 clips
        Second 1100/3820 - 25 frames, 1 clips
        Second 1110/3820 - 25 frames, 1 clips
        Second 1120/3820 - 25 frames, 1 clips
        Second 1130/3820 - 25 frames, 1 clips
        Second 1140/3820 - 25 frames, 1 clips
        Second 1150/3820 - 25 frames, 1 clips
        Second 1160/3820 - 25 frames, 1 clips
        Second 1170/3820 - 25 frames, 1 clips
        Second 1180/3820 - 25 frames, 1 clips
        Second 1190/3820 - 25 frames, 1 clips
        Second 1200/3820 - 25 frames, 1 clips
        Second 1210/3820 - 25 frames, 1 clips
        Second 1220/3820 - 25 frames, 1 clips
        Second 1230/3820 - 25 frames, 1 clips
        Second 1240/3820 - 25 frames, 1 clips
        Second 1250/3820 - 25 frames, 1 clips
        Second 1260/3820 - 25 frames, 1 clips
        Second 1270/3820 - 25 frames, 1 clips
        Second 1280/3820 - 25 frames, 1 clips
        Second 1290/3820 - 25 frames, 1 clips
        Second 1300/3820 - 25 frames, 1 clips
        Second 1310/3820 - 25 frames, 1 clips
        Second 1320/3820 - 25 frames, 1 clips
        Second 1330/3820 - 25 frames, 1 clips
        Second 1340/3820 - 25 frames, 1 clips
        Second 1350/3820 - 25 frames, 1 clips
        Second 1360/3820 - 25 frames, 1 clips
        Second 1370/3820 - 25 frames, 1 clips
        Second 1380/3820 - 25 frames, 1 clips
        Second 1390/3820 - 25 frames, 1 clips
        Second 1400/3820 - 25 frames, 1 clips
        Second 1410/3820 - 25 frames, 1 clips
        Second 1420/3820 - 25 frames, 1 clips
        Second 1430/3820 - 25 frames, 1 clips
        Second 1440/3820 - 25 frames, 1 clips
        Second 1450/3820 - 25 frames, 1 clips
        Second 1460/3820 - 25 frames, 1 clips
        Second 1470/3820 - 25 frames, 1 clips
        Second 1480/3820 - 25 frames, 1 clips
        Second 1490/3820 - 25 frames, 1 clips
        Second 1500/3820 - 25 frames, 1 clips
        Second 1510/3820 - 25 frames, 1 clips
        Second 1520/3820 - 25 frames, 1 clips
        Second 1530/3820 - 25 frames, 1 clips
        Second 1540/3820 - 25 frames, 1 clips
        Second 1550/3820 - 25 frames, 1 clips
        Second 1560/3820 - 25 frames, 1 clips
        Second 1570/3820 - 25 frames, 1 clips
        Second 1580/3820 - 25 frames, 1 clips
        Second 1590/3820 - 25 frames, 1 clips
        Second 1600/3820 - 25 frames, 1 clips
        Second 1610/3820 - 25 frames, 1 clips
        Second 1620/3820 - 25 frames, 1 clips
        Second 1630/3820 - 25 frames, 1 clips
        Second 1640/3820 - 25 frames, 1 clips
        Second 1650/3820 - 25 frames, 1 clips
        Second 1660/3820 - 25 frames, 1 clips
        Second 1670/3820 - 25 frames, 1 clips
        Second 1680/3820 - 25 frames, 1 clips
        Second 1690/3820 - 25 frames, 1 clips
        Second 1700/3820 - 25 frames, 1 clips
        Second 1710/3820 - 25 frames, 1 clips
        Second 1720/3820 - 25 frames, 1 clips
        Second 1730/3820 - 25 frames, 1 clips
        Second 1740/3820 - 25 frames, 1 clips
        Second 1750/3820 - 25 frames, 1 clips
        Second 1760/3820 - 25 frames, 1 clips
        Second 1770/3820 - 25 frames, 1 clips
        Second 1780/3820 - 25 frames, 1 clips
        Second 1790/3820 - 25 frames, 1 clips
        Second 1800/3820 - 25 frames, 1 clips
        Second 1810/3820 - 25 frames, 1 clips
        Second 1820/3820 - 25 frames, 1 clips
        Second 1830/3820 - 25 frames, 1 clips
        Second 1840/3820 - 25 frames, 1 clips
        Second 1850/3820 - 25 frames, 1 clips
        Second 1860/3820 - 25 frames, 1 clips
        Second 1870/3820 - 25 frames, 1 clips
        Second 1880/3820 - 25 frames, 1 clips
        Second 1890/3820 - 25 frames, 1 clips
        Second 1900/3820 - 25 frames, 1 clips
        Second 1910/3820 - 25 frames, 1 clips
        Second 1920/3820 - 25 frames, 1 clips
        Second 1930/3820 - 25 frames, 1 clips
        Second 1940/3820 - 25 frames, 1 clips
        Second 1950/3820 - 25 frames, 1 clips
        Second 1960/3820 - 25 frames, 1 clips
        Second 1970/3820 - 25 frames, 1 clips
        Second 1980/3820 - 25 frames, 1 clips
        Second 1990/3820 - 25 frames, 1 clips
        Second 2000/3820 - 25 frames, 1 clips
        Second 2010/3820 - 25 frames, 1 clips
        Second 2020/3820 - 25 frames, 1 clips
        Second 2030/3820 - 25 frames, 1 clips
        Second 2040/3820 - 25 frames, 1 clips
        Second 2050/3820 - 25 frames, 1 clips
        Second 2060/3820 - 25 frames, 1 clips
        Second 2070/3820 - 25 frames, 1 clips
        Second 2080/3820 - 25 frames, 1 clips
        Second 2090/3820 - 25 frames, 1 clips
        Second 2100/3820 - 25 frames, 1 clips
        Second 2110/3820 - 25 frames, 1 clips
        Second 2120/3820 - 25 frames, 1 clips
        Second 2130/3820 - 25 frames, 1 clips
        Second 2140/3820 - 25 frames, 1 clips
        Second 2150/3820 - 25 frames, 1 clips
        Second 2160/3820 - 25 frames, 1 clips
        Second 2170/3820 - 25 frames, 1 clips
        Second 2180/3820 - 25 frames, 1 clips
        Second 2190/3820 - 25 frames, 1 clips
        Second 2200/3820 - 25 frames, 1 clips
        Second 2210/3820 - 25 frames, 1 clips
        Second 2220/3820 - 25 frames, 1 clips
        Second 2230/3820 - 25 frames, 1 clips
        Second 2240/3820 - 25 frames, 1 clips
        Second 2250/3820 - 25 frames, 1 clips
        Second 2260/3820 - 25 frames, 1 clips
        Second 2270/3820 - 25 frames, 1 clips
        Second 2280/3820 - 25 frames, 1 clips
        Second 2290/3820 - 25 frames, 1 clips
        Second 2300/3820 - 25 frames, 1 clips
        Second 2310/3820 - 25 frames, 1 clips
        Second 2320/3820 - 25 frames, 1 clips
        Second 2330/3820 - 25 frames, 1 clips
        Second 2340/3820 - 25 frames, 1 clips
        Second 2350/3820 - 25 frames, 1 clips
        Second 2360/3820 - 25 frames, 1 clips
        Second 2370/3820 - 25 frames, 1 clips
        Second 2380/3820 - 25 frames, 1 clips
        Second 2390/3820 - 25 frames, 1 clips
        Second 2400/3820 - 25 frames, 1 clips
        Second 2410/3820 - 25 frames, 1 clips
        Second 2420/3820 - 25 frames, 1 clips
        Second 2430/3820 - 25 frames, 1 clips
        Second 2440/3820 - 25 frames, 1 clips
        Second 2450/3820 - 25 frames, 1 clips
        Second 2460/3820 - 25 frames, 1 clips
        Second 2470/3820 - 25 frames, 1 clips
        Second 2480/3820 - 25 frames, 1 clips
        Second 2490/3820 - 25 frames, 1 clips
        Second 2500/3820 - 25 frames, 1 clips
        Second 2510/3820 - 25 frames, 1 clips
        Second 2520/3820 - 25 frames, 1 clips
        Second 2530/3820 - 25 frames, 1 clips
        Second 2540/3820 - 25 frames, 1 clips
        Second 2550/3820 - 25 frames, 1 clips
        Second 2560/3820 - 25 frames, 1 clips
        Second 2570/3820 - 25 frames, 1 clips
        Second 2580/3820 - 25 frames, 1 clips
        Second 2590/3820 - 25 frames, 1 clips
        Second 2600/3820 - 25 frames, 1 clips
        Second 2610/3820 - 25 frames, 1 clips
        Second 2620/3820 - 25 frames, 1 clips
        Second 2630/3820 - 25 frames, 1 clips
        Second 2640/3820 - 25 frames, 1 clips
        Second 2650/3820 - 25 frames, 1 clips
        Second 2660/3820 - 25 frames, 1 clips
        Second 2670/3820 - 25 frames, 1 clips
        Second 2680/3820 - 25 frames, 1 clips
        Second 2690/3820 - 25 frames, 1 clips
        Second 2700/3820 - 25 frames, 1 clips
        Second 2710/3820 - 25 frames, 1 clips
        Second 2720/3820 - 25 frames, 1 clips
        Second 2730/3820 - 25 frames, 1 clips
        Second 2740/3820 - 25 frames, 1 clips
        Second 2750/3820 - 25 frames, 1 clips
        Second 2760/3820 - 25 frames, 1 clips
        Second 2770/3820 - 25 frames, 1 clips
        Second 2780/3820 - 25 frames, 1 clips
        Second 2790/3820 - 25 frames, 1 clips
        Second 2800/3820 - 25 frames, 1 clips
        Second 2810/3820 - 25 frames, 1 clips
        Second 2820/3820 - 25 frames, 1 clips
        Second 2830/3820 - 25 frames, 1 clips
        Second 2840/3820 - 25 frames, 1 clips
        Second 2850/3820 - 25 frames, 1 clips
        Second 2860/3820 - 25 frames, 1 clips
        Second 2870/3820 - 25 frames, 1 clips
        Second 2880/3820 - 25 frames, 1 clips
        Second 2890/3820 - 25 frames, 1 clips
        Second 2900/3820 - 25 frames, 1 clips
        Second 2910/3820 - 25 frames, 1 clips
        Second 2920/3820 - 25 frames, 1 clips
        Second 2930/3820 - 25 frames, 1 clips
        Second 2940/3820 - 25 frames, 1 clips
        Second 2950/3820 - 25 frames, 1 clips
        Second 2960/3820 - 25 frames, 1 clips
        Second 2970/3820 - 25 frames, 1 clips
        Second 2980/3820 - 25 frames, 1 clips
        Second 2990/3820 - 25 frames, 1 clips
        Second 3000/3820 - 25 frames, 1 clips
        Second 3010/3820 - 25 frames, 1 clips
        Second 3020/3820 - 25 frames, 1 clips
        Second 3030/3820 - 25 frames, 1 clips
        Second 3040/3820 - 25 frames, 1 clips
        Second 3050/3820 - 25 frames, 1 clips
        Second 3060/3820 - 25 frames, 1 clips
        Second 3070/3820 - 25 frames, 1 clips
        Second 3080/3820 - 25 frames, 1 clips
        Second 3090/3820 - 25 frames, 1 clips
        Second 3100/3820 - 25 frames, 1 clips
        Second 3110/3820 - 25 frames, 1 clips
        Second 3120/3820 - 25 frames, 1 clips
        Second 3130/3820 - 25 frames, 1 clips
        Second 3140/3820 - 25 frames, 1 clips
        Second 3150/3820 - 25 frames, 1 clips
        Second 3160/3820 - 25 frames, 1 clips
        Second 3170/3820 - 25 frames, 1 clips
        Second 3180/3820 - 25 frames, 1 clips
        Second 3190/3820 - 25 frames, 1 clips
        Second 3200/3820 - 25 frames, 1 clips
        Second 3210/3820 - 25 frames, 1 clips
        Second 3220/3820 - 25 frames, 1 clips
        Second 3230/3820 - 25 frames, 1 clips
        Second 3240/3820 - 25 frames, 1 clips
        Second 3250/3820 - 25 frames, 1 clips
        Second 3260/3820 - 25 frames, 1 clips
        Second 3270/3820 - 25 frames, 1 clips
        Second 3280/3820 - 25 frames, 1 clips
        Second 3290/3820 - 25 frames, 1 clips
        Second 3300/3820 - 25 frames, 1 clips
        Second 3310/3820 - 25 frames, 1 clips
        Second 3320/3820 - 25 frames, 1 clips
        Second 3330/3820 - 25 frames, 1 clips
        Second 3340/3820 - 25 frames, 1 clips
        Second 3350/3820 - 25 frames, 1 clips
        Second 3360/3820 - 25 frames, 1 clips
        Second 3370/3820 - 25 frames, 1 clips
        Second 3380/3820 - 25 frames, 1 clips
        Second 3390/3820 - 25 frames, 1 clips
        Second 3400/3820 - 25 frames, 1 clips
        Second 3410/3820 - 25 frames, 1 clips
        Second 3420/3820 - 25 frames, 1 clips
        Second 3430/3820 - 25 frames, 1 clips
        Second 3440/3820 - 25 frames, 1 clips
        Second 3450/3820 - 25 frames, 1 clips
        Second 3460/3820 - 25 frames, 1 clips
        Second 3470/3820 - 25 frames, 1 clips
        Second 3480/3820 - 25 frames, 1 clips
        Second 3490/3820 - 25 frames, 1 clips
        Second 3500/3820 - 25 frames, 1 clips
        Second 3510/3820 - 25 frames, 1 clips
        Second 3520/3820 - 25 frames, 1 clips
        Second 3530/3820 - 25 frames, 1 clips
        Second 3540/3820 - 25 frames, 1 clips
        Second 3550/3820 - 25 frames, 1 clips
        Second 3560/3820 - 25 frames, 1 clips
        Second 3570/3820 - 25 frames, 1 clips
        Second 3580/3820 - 25 frames, 1 clips
        Second 3590/3820 - 25 frames, 1 clips
        Second 3600/3820 - 25 frames, 1 clips
        Second 3610/3820 - 25 frames, 1 clips
        Second 3620/3820 - 25 frames, 1 clips
        Second 3630/3820 - 25 frames, 1 clips
        Second 3640/3820 - 25 frames, 1 clips
        Second 3650/3820 - 25 frames, 1 clips
        Second 3660/3820 - 25 frames, 1 clips
        Second 3670/3820 - 25 frames, 1 clips
        Second 3680/3820 - 25 frames, 1 clips
        Second 3690/3820 - 25 frames, 1 clips
        Second 3700/3820 - 25 frames, 1 clips
        Second 3710/3820 - 25 frames, 1 clips
        Second 3720/3820 - 25 frames, 1 clips
        Second 3730/3820 - 25 frames, 1 clips
        Second 3740/3820 - 25 frames, 1 clips
        Second 3750/3820 - 25 frames, 1 clips
        Second 3760/3820 - 25 frames, 1 clips
        Second 3770/3820 - 25 frames, 1 clips
        Second 3780/3820 - 25 frames, 1 clips
        Second 3790/3820 - 25 frames, 1 clips
        Second 3800/3820 - 25 frames, 1 clips
        Second 3810/3820 - 25 frames, 1 clips
        Second 3820/3820 - 9 frames (padded to 25)
      ───────────────────────────────────────────────────────
      FEATURE EXTRACTION COMPLETE
      ───────────────────────────────────────────────────────
      Final features shape: (3820, 1024)
      Features per second: 3820
      Feature dimension: 1024
      ═══════════════════════════════════════════════════════

[ID29]   Features extracted: (3820, 1024)
[ID29] Step 2/4: Converting to binary labels and removing unwanted classes...
[ID29]   Number of seconds: 3820
      CSV columns: ['start_time', 'end_time', 'licking', 'shaking']
      CSV shape: (3840, 4)
      Video seconds: 3820
      Total rows in CSV: 3840
      Valid rows (within video duration): 3820
      Rows kept after removing shaking: 3807
[ID29]   Original seconds: 3820
[ID29]   After removing shaking/licking_shaking: 3807
[ID29] Step 3/4: Balancing classes...
      Before balancing:
        Background: 2927 samples
        Licking: 880 samples
        Ratio: 3.33:1
      After balancing:
        Background: 880 samples
        Licking: 880 samples
        Total: 1760 samples
[ID29] Step 4/4: Saving processed data...
[ID29]   Saved features: /data-8tb/nvaci/dataset/dataset_Stanford/FACT_method/preprocessed_data_2class_originalFPS/features/ID29.npy
[ID29]     Shape: (1760, 1024)
[ID29]     Size: 6.88 MB
[ID29]   Final label distribution:
[ID29]     - background: 880 seconds (50.0%)
[ID29]     - licking: 880 seconds (50.0%)
[ID29]   Saved labels: /data-8tb/nvaci/dataset/dataset_Stanford/FACT_method/preprocessed_data_2class_originalFPS/groundTruth/ID29.txt
[ID29] SUCCESS - Video processed successfully


================================================================================
Processing video 30/32: ID30
================================================================================
[ID30] Found label file: 25-021_ID30.csv
[ID30] Step 1/4: Extracting features (per second)...
      Opening video file...

      ═══════════════════════════════════════════════════════
      VIDEO PROPERTIES
      ═══════════════════════════════════════════════════════
      FPS detected: 25.00
      Clip length (auto): 25 frames
      Total frames: 94672
      Duration: 3786.88 seconds
      Expected seconds: 3787
      Frames per second: ~25.0
      ═══════════════════════════════════════════════════════

      Using ORIGINAL FPS with per-second aggregation
      Aggregation method: mean
      ───────────────────────────────────────────────────────
      READING ALL FRAMES FROM VIDEO
      ───────────────────────────────────────────────────────
      Progress: 500/94672 frames (0.5%)
      Progress: 1000/94672 frames (1.1%)
      Progress: 1500/94672 frames (1.6%)
      Progress: 2000/94672 frames (2.1%)
      Progress: 2500/94672 frames (2.6%)
      Progress: 3000/94672 frames (3.2%)
      Progress: 3500/94672 frames (3.7%)
      Progress: 4000/94672 frames (4.2%)
      Progress: 4500/94672 frames (4.8%)
      Progress: 5000/94672 frames (5.3%)
      Progress: 5500/94672 frames (5.8%)
      Progress: 6000/94672 frames (6.3%)
      Progress: 6500/94672 frames (6.9%)
      Progress: 7000/94672 frames (7.4%)
      Progress: 7500/94672 frames (7.9%)
      Progress: 8000/94672 frames (8.5%)
      Progress: 8500/94672 frames (9.0%)
      Progress: 9000/94672 frames (9.5%)
      Progress: 9500/94672 frames (10.0%)
      Progress: 10000/94672 frames (10.6%)
      Progress: 10500/94672 frames (11.1%)
      Progress: 11000/94672 frames (11.6%)
      Progress: 11500/94672 frames (12.1%)
      Progress: 12000/94672 frames (12.7%)
      Progress: 12500/94672 frames (13.2%)
      Progress: 13000/94672 frames (13.7%)
      Progress: 13500/94672 frames (14.3%)
      Progress: 14000/94672 frames (14.8%)
      Progress: 14500/94672 frames (15.3%)
      Progress: 15000/94672 frames (15.8%)
      Progress: 15500/94672 frames (16.4%)
      Progress: 16000/94672 frames (16.9%)
      Progress: 16500/94672 frames (17.4%)
      Progress: 17000/94672 frames (18.0%)
      Progress: 17500/94672 frames (18.5%)
      Progress: 18000/94672 frames (19.0%)
      Progress: 18500/94672 frames (19.5%)
      Progress: 19000/94672 frames (20.1%)
      Progress: 19500/94672 frames (20.6%)
      Progress: 20000/94672 frames (21.1%)
      Progress: 20500/94672 frames (21.7%)
      Progress: 21000/94672 frames (22.2%)
      Progress: 21500/94672 frames (22.7%)
      Progress: 22000/94672 frames (23.2%)
      Progress: 22500/94672 frames (23.8%)
      Progress: 23000/94672 frames (24.3%)
      Progress: 23500/94672 frames (24.8%)
      Progress: 24000/94672 frames (25.4%)
      Progress: 24500/94672 frames (25.9%)
      Progress: 25000/94672 frames (26.4%)
      Progress: 25500/94672 frames (26.9%)
      Progress: 26000/94672 frames (27.5%)
      Progress: 26500/94672 frames (28.0%)
      Progress: 27000/94672 frames (28.5%)
      Progress: 27500/94672 frames (29.0%)
      Progress: 28000/94672 frames (29.6%)
      Progress: 28500/94672 frames (30.1%)
      Progress: 29000/94672 frames (30.6%)
      Progress: 29500/94672 frames (31.2%)
      Progress: 30000/94672 frames (31.7%)
      Progress: 30500/94672 frames (32.2%)
      Progress: 31000/94672 frames (32.7%)
      Progress: 31500/94672 frames (33.3%)
      Progress: 32000/94672 frames (33.8%)
      Progress: 32500/94672 frames (34.3%)
      Progress: 33000/94672 frames (34.9%)
      Progress: 33500/94672 frames (35.4%)
      Progress: 34000/94672 frames (35.9%)
      Progress: 34500/94672 frames (36.4%)
      Progress: 35000/94672 frames (37.0%)
      Progress: 35500/94672 frames (37.5%)
      Progress: 36000/94672 frames (38.0%)
      Progress: 36500/94672 frames (38.6%)
      Progress: 37000/94672 frames (39.1%)
      Progress: 37500/94672 frames (39.6%)
      Progress: 38000/94672 frames (40.1%)
      Progress: 38500/94672 frames (40.7%)
      Progress: 39000/94672 frames (41.2%)
      Progress: 39500/94672 frames (41.7%)
      Progress: 40000/94672 frames (42.3%)
      Progress: 40500/94672 frames (42.8%)
      Progress: 41000/94672 frames (43.3%)
      Progress: 41500/94672 frames (43.8%)
      Progress: 42000/94672 frames (44.4%)
      Progress: 42500/94672 frames (44.9%)
      Progress: 43000/94672 frames (45.4%)
      Progress: 43500/94672 frames (45.9%)
      Progress: 44000/94672 frames (46.5%)
      Progress: 44500/94672 frames (47.0%)
      Progress: 45000/94672 frames (47.5%)
      Progress: 45500/94672 frames (48.1%)
      Progress: 46000/94672 frames (48.6%)
      Progress: 46500/94672 frames (49.1%)
      Progress: 47000/94672 frames (49.6%)
      Progress: 47500/94672 frames (50.2%)
      Progress: 48000/94672 frames (50.7%)
      Progress: 48500/94672 frames (51.2%)
      Progress: 49000/94672 frames (51.8%)
      Progress: 49500/94672 frames (52.3%)
      Progress: 50000/94672 frames (52.8%)
      Progress: 50500/94672 frames (53.3%)
      Progress: 51000/94672 frames (53.9%)
      Progress: 51500/94672 frames (54.4%)
      Progress: 52000/94672 frames (54.9%)
      Progress: 52500/94672 frames (55.5%)
      Progress: 53000/94672 frames (56.0%)
      Progress: 53500/94672 frames (56.5%)
      Progress: 54000/94672 frames (57.0%)
      Progress: 54500/94672 frames (57.6%)
      Progress: 55000/94672 frames (58.1%)
      Progress: 55500/94672 frames (58.6%)
      Progress: 56000/94672 frames (59.2%)
      Progress: 56500/94672 frames (59.7%)
      Progress: 57000/94672 frames (60.2%)
      Progress: 57500/94672 frames (60.7%)
      Progress: 58000/94672 frames (61.3%)
      Progress: 58500/94672 frames (61.8%)
      Progress: 59000/94672 frames (62.3%)
      Progress: 59500/94672 frames (62.8%)
      Progress: 60000/94672 frames (63.4%)
      Progress: 60500/94672 frames (63.9%)
      Progress: 61000/94672 frames (64.4%)
      Progress: 61500/94672 frames (65.0%)
      Progress: 62000/94672 frames (65.5%)
      Progress: 62500/94672 frames (66.0%)
      Progress: 63000/94672 frames (66.5%)
      Progress: 63500/94672 frames (67.1%)
      Progress: 64000/94672 frames (67.6%)
      Progress: 64500/94672 frames (68.1%)
      Progress: 65000/94672 frames (68.7%)
      Progress: 65500/94672 frames (69.2%)
      Progress: 66000/94672 frames (69.7%)
      Progress: 66500/94672 frames (70.2%)
      Progress: 67000/94672 frames (70.8%)
      Progress: 67500/94672 frames (71.3%)
      Progress: 68000/94672 frames (71.8%)
      Progress: 68500/94672 frames (72.4%)
      Progress: 69000/94672 frames (72.9%)
      Progress: 69500/94672 frames (73.4%)
      Progress: 70000/94672 frames (73.9%)
      Progress: 70500/94672 frames (74.5%)
      Progress: 71000/94672 frames (75.0%)
      Progress: 71500/94672 frames (75.5%)
      Progress: 72000/94672 frames (76.1%)
      Progress: 72500/94672 frames (76.6%)
      Progress: 73000/94672 frames (77.1%)
      Progress: 73500/94672 frames (77.6%)
      Progress: 74000/94672 frames (78.2%)
      Progress: 74500/94672 frames (78.7%)
      Progress: 75000/94672 frames (79.2%)
      Progress: 75500/94672 frames (79.7%)
      Progress: 76000/94672 frames (80.3%)
      Progress: 76500/94672 frames (80.8%)
      Progress: 77000/94672 frames (81.3%)
      Progress: 77500/94672 frames (81.9%)
      Progress: 78000/94672 frames (82.4%)
      Progress: 78500/94672 frames (82.9%)
      Progress: 79000/94672 frames (83.4%)
      Progress: 79500/94672 frames (84.0%)
      Progress: 80000/94672 frames (84.5%)
      Progress: 80500/94672 frames (85.0%)
      Progress: 81000/94672 frames (85.6%)
      Progress: 81500/94672 frames (86.1%)
      Progress: 82000/94672 frames (86.6%)
      Progress: 82500/94672 frames (87.1%)
      Progress: 83000/94672 frames (87.7%)
      Progress: 83500/94672 frames (88.2%)
      Progress: 84000/94672 frames (88.7%)
      Progress: 84500/94672 frames (89.3%)
      Progress: 85000/94672 frames (89.8%)
      Progress: 85500/94672 frames (90.3%)
      Progress: 86000/94672 frames (90.8%)
      Progress: 86500/94672 frames (91.4%)
      Progress: 87000/94672 frames (91.9%)
      Progress: 87500/94672 frames (92.4%)
      Progress: 88000/94672 frames (93.0%)
      Progress: 88500/94672 frames (93.5%)
      Progress: 89000/94672 frames (94.0%)
      Progress: 89500/94672 frames (94.5%)
      Progress: 90000/94672 frames (95.1%)
      Progress: 90500/94672 frames (95.6%)
      Progress: 91000/94672 frames (96.1%)
      Progress: 91500/94672 frames (96.6%)
      Progress: 92000/94672 frames (97.2%)
      Progress: 92500/94672 frames (97.7%)
      Progress: 93000/94672 frames (98.2%)
      Progress: 93500/94672 frames (98.8%)
      Progress: 94000/94672 frames (99.3%)
      Progress: 94500/94672 frames (99.8%)
      ───────────────────────────────────────────────────────
      FRAME READING COMPLETE
      ───────────────────────────────────────────────────────
      Expected frames: 94672
      Frames read: 94534
      Frames missing: 138
      WARNING: 138 frames could not be read!
      ───────────────────────────────────────────────────────

      FRAMES DISTRIBUTION BY SECOND:
        Second   0:  25 frames
        Second   1:  25 frames
        Second   2:  25 frames
        Second   3:  25 frames
        Second   4:  25 frames
        Second   5:  25 frames
        Second   6:  25 frames
        Second   7:  25 frames
        Second   8:  25 frames
        Second   9:  25 frames
        ... (3777 more seconds)
      
      Frame statistics:
        Average frames/second: 25.0
        Min frames/second: 0
        Max frames/second: 25
      
      ───────────────────────────────────────────────────────
      EXTRACTING FEATURES PER SECOND
      ───────────────────────────────────────────────────────
      Total seconds to process: 3787
        Second 10/3787 - 25 frames, 1 clips
        Second 20/3787 - 25 frames, 1 clips
        Second 30/3787 - 25 frames, 1 clips
        Second 40/3787 - 25 frames, 1 clips
        Second 50/3787 - 25 frames, 1 clips
        Second 60/3787 - 25 frames, 1 clips
        Second 70/3787 - 25 frames, 1 clips
        Second 80/3787 - 25 frames, 1 clips
        Second 90/3787 - 25 frames, 1 clips
        Second 100/3787 - 25 frames, 1 clips
        Second 110/3787 - 25 frames, 1 clips
        Second 120/3787 - 25 frames, 1 clips
        Second 130/3787 - 25 frames, 1 clips
        Second 140/3787 - 25 frames, 1 clips
        Second 150/3787 - 25 frames, 1 clips
        Second 160/3787 - 25 frames, 1 clips
        Second 170/3787 - 25 frames, 1 clips
        Second 180/3787 - 25 frames, 1 clips
        Second 190/3787 - 25 frames, 1 clips
        Second 200/3787 - 25 frames, 1 clips
        Second 210/3787 - 25 frames, 1 clips
        Second 220/3787 - 25 frames, 1 clips
        Second 230/3787 - 25 frames, 1 clips
        Second 240/3787 - 25 frames, 1 clips
        Second 250/3787 - 25 frames, 1 clips
        Second 260/3787 - 25 frames, 1 clips
        Second 270/3787 - 25 frames, 1 clips
        Second 280/3787 - 25 frames, 1 clips
        Second 290/3787 - 25 frames, 1 clips
        Second 300/3787 - 25 frames, 1 clips
        Second 310/3787 - 25 frames, 1 clips
        Second 320/3787 - 25 frames, 1 clips
        Second 330/3787 - 25 frames, 1 clips
        Second 340/3787 - 25 frames, 1 clips
        Second 350/3787 - 25 frames, 1 clips
        Second 360/3787 - 25 frames, 1 clips
        Second 370/3787 - 25 frames, 1 clips
        Second 380/3787 - 25 frames, 1 clips
        Second 390/3787 - 25 frames, 1 clips
        Second 400/3787 - 25 frames, 1 clips
        Second 410/3787 - 25 frames, 1 clips
        Second 420/3787 - 25 frames, 1 clips
        Second 430/3787 - 25 frames, 1 clips
        Second 440/3787 - 25 frames, 1 clips
        Second 450/3787 - 25 frames, 1 clips
        Second 460/3787 - 25 frames, 1 clips
        Second 470/3787 - 25 frames, 1 clips
        Second 480/3787 - 25 frames, 1 clips
        Second 490/3787 - 25 frames, 1 clips
        Second 500/3787 - 25 frames, 1 clips
        Second 510/3787 - 25 frames, 1 clips
        Second 520/3787 - 25 frames, 1 clips
        Second 530/3787 - 25 frames, 1 clips
        Second 540/3787 - 25 frames, 1 clips
        Second 550/3787 - 25 frames, 1 clips
        Second 560/3787 - 25 frames, 1 clips
        Second 570/3787 - 25 frames, 1 clips
        Second 580/3787 - 25 frames, 1 clips
        Second 590/3787 - 25 frames, 1 clips
        Second 600/3787 - 25 frames, 1 clips
        Second 610/3787 - 25 frames, 1 clips
        Second 620/3787 - 25 frames, 1 clips
        Second 630/3787 - 25 frames, 1 clips
        Second 640/3787 - 25 frames, 1 clips
        Second 650/3787 - 25 frames, 1 clips
        Second 660/3787 - 25 frames, 1 clips
        Second 670/3787 - 25 frames, 1 clips
        Second 680/3787 - 25 frames, 1 clips
        Second 690/3787 - 25 frames, 1 clips
        Second 700/3787 - 25 frames, 1 clips
        Second 710/3787 - 25 frames, 1 clips
        Second 720/3787 - 25 frames, 1 clips
        Second 730/3787 - 25 frames, 1 clips
        Second 740/3787 - 25 frames, 1 clips
        Second 750/3787 - 25 frames, 1 clips
        Second 760/3787 - 25 frames, 1 clips
        Second 770/3787 - 25 frames, 1 clips
        Second 780/3787 - 25 frames, 1 clips
        Second 790/3787 - 25 frames, 1 clips
        Second 800/3787 - 25 frames, 1 clips
        Second 810/3787 - 25 frames, 1 clips
        Second 820/3787 - 25 frames, 1 clips
        Second 830/3787 - 25 frames, 1 clips
        Second 840/3787 - 25 frames, 1 clips
        Second 850/3787 - 25 frames, 1 clips
        Second 860/3787 - 25 frames, 1 clips
        Second 870/3787 - 25 frames, 1 clips
        Second 880/3787 - 25 frames, 1 clips
        Second 890/3787 - 25 frames, 1 clips
        Second 900/3787 - 25 frames, 1 clips
        Second 910/3787 - 25 frames, 1 clips
        Second 920/3787 - 25 frames, 1 clips
        Second 930/3787 - 25 frames, 1 clips
        Second 940/3787 - 25 frames, 1 clips
        Second 950/3787 - 25 frames, 1 clips
        Second 960/3787 - 25 frames, 1 clips
        Second 970/3787 - 25 frames, 1 clips
        Second 980/3787 - 25 frames, 1 clips
        Second 990/3787 - 25 frames, 1 clips
        Second 1000/3787 - 25 frames, 1 clips
        Second 1010/3787 - 25 frames, 1 clips
        Second 1020/3787 - 25 frames, 1 clips
        Second 1030/3787 - 25 frames, 1 clips
        Second 1040/3787 - 25 frames, 1 clips
        Second 1050/3787 - 25 frames, 1 clips
        Second 1060/3787 - 25 frames, 1 clips
        Second 1070/3787 - 25 frames, 1 clips
        Second 1080/3787 - 25 frames, 1 clips
        Second 1090/3787 - 25 frames, 1 clips
        Second 1100/3787 - 25 frames, 1 clips
        Second 1110/3787 - 25 frames, 1 clips
        Second 1120/3787 - 25 frames, 1 clips
        Second 1130/3787 - 25 frames, 1 clips
        Second 1140/3787 - 25 frames, 1 clips
        Second 1150/3787 - 25 frames, 1 clips
        Second 1160/3787 - 25 frames, 1 clips
        Second 1170/3787 - 25 frames, 1 clips
        Second 1180/3787 - 25 frames, 1 clips
        Second 1190/3787 - 25 frames, 1 clips
        Second 1200/3787 - 25 frames, 1 clips
        Second 1210/3787 - 25 frames, 1 clips
        Second 1220/3787 - 25 frames, 1 clips
        Second 1230/3787 - 25 frames, 1 clips
        Second 1240/3787 - 25 frames, 1 clips
        Second 1250/3787 - 25 frames, 1 clips
        Second 1260/3787 - 25 frames, 1 clips
        Second 1270/3787 - 25 frames, 1 clips
        Second 1280/3787 - 25 frames, 1 clips
        Second 1290/3787 - 25 frames, 1 clips
        Second 1300/3787 - 25 frames, 1 clips
        Second 1310/3787 - 25 frames, 1 clips
        Second 1320/3787 - 25 frames, 1 clips
        Second 1330/3787 - 25 frames, 1 clips
        Second 1340/3787 - 25 frames, 1 clips
        Second 1350/3787 - 25 frames, 1 clips
        Second 1360/3787 - 25 frames, 1 clips
        Second 1370/3787 - 25 frames, 1 clips
        Second 1380/3787 - 25 frames, 1 clips
        Second 1390/3787 - 25 frames, 1 clips
        Second 1400/3787 - 25 frames, 1 clips
        Second 1410/3787 - 25 frames, 1 clips
        Second 1420/3787 - 25 frames, 1 clips
        Second 1430/3787 - 25 frames, 1 clips
        Second 1440/3787 - 25 frames, 1 clips
        Second 1450/3787 - 25 frames, 1 clips
        Second 1460/3787 - 25 frames, 1 clips
        Second 1470/3787 - 25 frames, 1 clips
        Second 1480/3787 - 25 frames, 1 clips
        Second 1490/3787 - 25 frames, 1 clips
        Second 1500/3787 - 25 frames, 1 clips
        Second 1510/3787 - 25 frames, 1 clips
        Second 1520/3787 - 25 frames, 1 clips
        Second 1530/3787 - 25 frames, 1 clips
        Second 1540/3787 - 25 frames, 1 clips
        Second 1550/3787 - 25 frames, 1 clips
        Second 1560/3787 - 25 frames, 1 clips
        Second 1570/3787 - 25 frames, 1 clips
        Second 1580/3787 - 25 frames, 1 clips
        Second 1590/3787 - 25 frames, 1 clips
        Second 1600/3787 - 25 frames, 1 clips
        Second 1610/3787 - 25 frames, 1 clips
        Second 1620/3787 - 25 frames, 1 clips
        Second 1630/3787 - 25 frames, 1 clips
        Second 1640/3787 - 25 frames, 1 clips
        Second 1650/3787 - 25 frames, 1 clips
        Second 1660/3787 - 25 frames, 1 clips
        Second 1670/3787 - 25 frames, 1 clips
        Second 1680/3787 - 25 frames, 1 clips
        Second 1690/3787 - 25 frames, 1 clips
        Second 1700/3787 - 25 frames, 1 clips
        Second 1710/3787 - 25 frames, 1 clips
        Second 1720/3787 - 25 frames, 1 clips
        Second 1730/3787 - 25 frames, 1 clips
        Second 1740/3787 - 25 frames, 1 clips
        Second 1750/3787 - 25 frames, 1 clips
        Second 1760/3787 - 25 frames, 1 clips
        Second 1770/3787 - 25 frames, 1 clips
        Second 1780/3787 - 25 frames, 1 clips
        Second 1790/3787 - 25 frames, 1 clips
        Second 1800/3787 - 25 frames, 1 clips
        Second 1810/3787 - 25 frames, 1 clips
        Second 1820/3787 - 25 frames, 1 clips
        Second 1830/3787 - 25 frames, 1 clips
        Second 1840/3787 - 25 frames, 1 clips
        Second 1850/3787 - 25 frames, 1 clips
        Second 1860/3787 - 25 frames, 1 clips
        Second 1870/3787 - 25 frames, 1 clips
        Second 1880/3787 - 25 frames, 1 clips
        Second 1890/3787 - 25 frames, 1 clips
        Second 1900/3787 - 25 frames, 1 clips
        Second 1910/3787 - 25 frames, 1 clips
        Second 1920/3787 - 25 frames, 1 clips
        Second 1930/3787 - 25 frames, 1 clips
        Second 1940/3787 - 25 frames, 1 clips
        Second 1950/3787 - 25 frames, 1 clips
        Second 1960/3787 - 25 frames, 1 clips
        Second 1970/3787 - 25 frames, 1 clips
        Second 1980/3787 - 25 frames, 1 clips
        Second 1990/3787 - 25 frames, 1 clips
        Second 2000/3787 - 25 frames, 1 clips
        Second 2010/3787 - 25 frames, 1 clips
        Second 2020/3787 - 25 frames, 1 clips
        Second 2030/3787 - 25 frames, 1 clips
        Second 2040/3787 - 25 frames, 1 clips
        Second 2050/3787 - 25 frames, 1 clips
        Second 2060/3787 - 25 frames, 1 clips
        Second 2070/3787 - 25 frames, 1 clips
        Second 2080/3787 - 25 frames, 1 clips
        Second 2090/3787 - 25 frames, 1 clips
        Second 2100/3787 - 25 frames, 1 clips
        Second 2110/3787 - 25 frames, 1 clips
        Second 2120/3787 - 25 frames, 1 clips
        Second 2130/3787 - 25 frames, 1 clips
        Second 2140/3787 - 25 frames, 1 clips
        Second 2150/3787 - 25 frames, 1 clips
        Second 2160/3787 - 25 frames, 1 clips
        Second 2170/3787 - 25 frames, 1 clips
        Second 2180/3787 - 25 frames, 1 clips
        Second 2190/3787 - 25 frames, 1 clips
        Second 2200/3787 - 25 frames, 1 clips
        Second 2210/3787 - 25 frames, 1 clips
        Second 2220/3787 - 25 frames, 1 clips
        Second 2230/3787 - 25 frames, 1 clips
        Second 2240/3787 - 25 frames, 1 clips
        Second 2250/3787 - 25 frames, 1 clips
        Second 2260/3787 - 25 frames, 1 clips
        Second 2270/3787 - 25 frames, 1 clips
        Second 2280/3787 - 25 frames, 1 clips
        Second 2290/3787 - 25 frames, 1 clips
        Second 2300/3787 - 25 frames, 1 clips
        Second 2310/3787 - 25 frames, 1 clips
        Second 2320/3787 - 25 frames, 1 clips
        Second 2330/3787 - 25 frames, 1 clips
        Second 2340/3787 - 25 frames, 1 clips
        Second 2350/3787 - 25 frames, 1 clips
        Second 2360/3787 - 25 frames, 1 clips
        Second 2370/3787 - 25 frames, 1 clips
        Second 2380/3787 - 25 frames, 1 clips
        Second 2390/3787 - 25 frames, 1 clips
        Second 2400/3787 - 25 frames, 1 clips
        Second 2410/3787 - 25 frames, 1 clips
        Second 2420/3787 - 25 frames, 1 clips
        Second 2430/3787 - 25 frames, 1 clips
        Second 2440/3787 - 25 frames, 1 clips
        Second 2450/3787 - 25 frames, 1 clips
        Second 2460/3787 - 25 frames, 1 clips
        Second 2470/3787 - 25 frames, 1 clips
        Second 2480/3787 - 25 frames, 1 clips
        Second 2490/3787 - 25 frames, 1 clips
        Second 2500/3787 - 25 frames, 1 clips
        Second 2510/3787 - 25 frames, 1 clips
        Second 2520/3787 - 25 frames, 1 clips
        Second 2530/3787 - 25 frames, 1 clips
        Second 2540/3787 - 25 frames, 1 clips
        Second 2550/3787 - 25 frames, 1 clips
        Second 2560/3787 - 25 frames, 1 clips
        Second 2570/3787 - 25 frames, 1 clips
        Second 2580/3787 - 25 frames, 1 clips
        Second 2590/3787 - 25 frames, 1 clips
        Second 2600/3787 - 25 frames, 1 clips
        Second 2610/3787 - 25 frames, 1 clips
        Second 2620/3787 - 25 frames, 1 clips
        Second 2630/3787 - 25 frames, 1 clips
        Second 2640/3787 - 25 frames, 1 clips
        Second 2650/3787 - 25 frames, 1 clips
        Second 2660/3787 - 25 frames, 1 clips
        Second 2670/3787 - 25 frames, 1 clips
        Second 2680/3787 - 25 frames, 1 clips
        Second 2690/3787 - 25 frames, 1 clips
        Second 2700/3787 - 25 frames, 1 clips
        Second 2710/3787 - 25 frames, 1 clips
        Second 2720/3787 - 25 frames, 1 clips
        Second 2730/3787 - 25 frames, 1 clips
        Second 2740/3787 - 25 frames, 1 clips
        Second 2750/3787 - 25 frames, 1 clips
        Second 2760/3787 - 25 frames, 1 clips
        Second 2770/3787 - 25 frames, 1 clips
        Second 2780/3787 - 25 frames, 1 clips
        Second 2790/3787 - 25 frames, 1 clips
        Second 2800/3787 - 25 frames, 1 clips
        Second 2810/3787 - 25 frames, 1 clips
        Second 2820/3787 - 25 frames, 1 clips
        Second 2830/3787 - 25 frames, 1 clips
        Second 2840/3787 - 25 frames, 1 clips
        Second 2850/3787 - 25 frames, 1 clips
        Second 2860/3787 - 25 frames, 1 clips
        Second 2870/3787 - 25 frames, 1 clips
        Second 2880/3787 - 25 frames, 1 clips
        Second 2890/3787 - 25 frames, 1 clips
        Second 2900/3787 - 25 frames, 1 clips
        Second 2910/3787 - 25 frames, 1 clips
        Second 2920/3787 - 25 frames, 1 clips
        Second 2930/3787 - 25 frames, 1 clips
        Second 2940/3787 - 25 frames, 1 clips
        Second 2950/3787 - 25 frames, 1 clips
        Second 2960/3787 - 25 frames, 1 clips
        Second 2970/3787 - 25 frames, 1 clips
        Second 2980/3787 - 25 frames, 1 clips
        Second 2990/3787 - 25 frames, 1 clips
        Second 3000/3787 - 25 frames, 1 clips
        Second 3010/3787 - 25 frames, 1 clips
        Second 3020/3787 - 25 frames, 1 clips
        Second 3030/3787 - 25 frames, 1 clips
        Second 3040/3787 - 25 frames, 1 clips
        Second 3050/3787 - 25 frames, 1 clips
        Second 3060/3787 - 25 frames, 1 clips
        Second 3070/3787 - 25 frames, 1 clips
        Second 3080/3787 - 25 frames, 1 clips
        Second 3090/3787 - 25 frames, 1 clips
        Second 3100/3787 - 25 frames, 1 clips
        Second 3110/3787 - 25 frames, 1 clips
        Second 3120/3787 - 25 frames, 1 clips
        Second 3130/3787 - 25 frames, 1 clips
        Second 3140/3787 - 25 frames, 1 clips
        Second 3150/3787 - 25 frames, 1 clips
        Second 3160/3787 - 25 frames, 1 clips
        Second 3170/3787 - 25 frames, 1 clips
        Second 3180/3787 - 25 frames, 1 clips
        Second 3190/3787 - 25 frames, 1 clips
        Second 3200/3787 - 25 frames, 1 clips
        Second 3210/3787 - 25 frames, 1 clips
        Second 3220/3787 - 25 frames, 1 clips
        Second 3230/3787 - 25 frames, 1 clips
        Second 3240/3787 - 25 frames, 1 clips
        Second 3250/3787 - 25 frames, 1 clips
        Second 3260/3787 - 25 frames, 1 clips
        Second 3270/3787 - 25 frames, 1 clips
        Second 3280/3787 - 25 frames, 1 clips
        Second 3290/3787 - 25 frames, 1 clips
        Second 3300/3787 - 25 frames, 1 clips
        Second 3310/3787 - 25 frames, 1 clips
        Second 3320/3787 - 25 frames, 1 clips
        Second 3330/3787 - 25 frames, 1 clips
        Second 3340/3787 - 25 frames, 1 clips
        Second 3350/3787 - 25 frames, 1 clips
        Second 3360/3787 - 25 frames, 1 clips
        Second 3370/3787 - 25 frames, 1 clips
        Second 3380/3787 - 25 frames, 1 clips
        Second 3390/3787 - 25 frames, 1 clips
        Second 3400/3787 - 25 frames, 1 clips
        Second 3410/3787 - 25 frames, 1 clips
        Second 3420/3787 - 25 frames, 1 clips
        Second 3430/3787 - 25 frames, 1 clips
        Second 3440/3787 - 25 frames, 1 clips
        Second 3450/3787 - 25 frames, 1 clips
        Second 3460/3787 - 25 frames, 1 clips
        Second 3470/3787 - 25 frames, 1 clips
        Second 3480/3787 - 25 frames, 1 clips
        Second 3490/3787 - 25 frames, 1 clips
        Second 3500/3787 - 25 frames, 1 clips
        Second 3510/3787 - 25 frames, 1 clips
        Second 3520/3787 - 25 frames, 1 clips
        Second 3530/3787 - 25 frames, 1 clips
        Second 3540/3787 - 25 frames, 1 clips
        Second 3550/3787 - 25 frames, 1 clips
        Second 3560/3787 - 25 frames, 1 clips
        Second 3570/3787 - 25 frames, 1 clips
        Second 3580/3787 - 25 frames, 1 clips
        Second 3590/3787 - 25 frames, 1 clips
        Second 3600/3787 - 25 frames, 1 clips
        Second 3610/3787 - 25 frames, 1 clips
        Second 3620/3787 - 25 frames, 1 clips
        Second 3630/3787 - 25 frames, 1 clips
        Second 3640/3787 - 25 frames, 1 clips
        Second 3650/3787 - 25 frames, 1 clips
        Second 3660/3787 - 25 frames, 1 clips
        Second 3670/3787 - 25 frames, 1 clips
        Second 3680/3787 - 25 frames, 1 clips
        Second 3690/3787 - 25 frames, 1 clips
        Second 3700/3787 - 25 frames, 1 clips
        Second 3710/3787 - 25 frames, 1 clips
        Second 3720/3787 - 25 frames, 1 clips
        Second 3730/3787 - 25 frames, 1 clips
        Second 3740/3787 - 25 frames, 1 clips
        Second 3750/3787 - 25 frames, 1 clips
        Second 3760/3787 - 25 frames, 1 clips
        Second 3770/3787 - 25 frames, 1 clips
        Second 3780/3787 - 25 frames, 1 clips
      ───────────────────────────────────────────────────────
      FEATURE EXTRACTION COMPLETE
      ───────────────────────────────────────────────────────
      Final features shape: (3787, 1024)
      Features per second: 3787
      Feature dimension: 1024
      ═══════════════════════════════════════════════════════

[ID30]   Features extracted: (3787, 1024)
[ID30] Step 2/4: Converting to binary labels and removing unwanted classes...
[ID30]   Number of seconds: 3787
      CSV columns: ['start_time', 'end_time', 'licking', 'shaking']
      CSV shape: (3840, 4)
      Video seconds: 3787
      Total rows in CSV: 3840
      Valid rows (within video duration): 3787
      Rows kept after removing shaking: 3769
[ID30]   Original seconds: 3787
[ID30]   After removing shaking/licking_shaking: 3769
[ID30] Step 3/4: Balancing classes...
      Before balancing:
        Background: 3311 samples
        Licking: 458 samples
        Ratio: 7.23:1
      After balancing:
        Background: 458 samples
        Licking: 458 samples
        Total: 916 samples
[ID30] Step 4/4: Saving processed data...
[ID30]   Saved features: /data-8tb/nvaci/dataset/dataset_Stanford/FACT_method/preprocessed_data_2class_originalFPS/features/ID30.npy
[ID30]     Shape: (916, 1024)
[ID30]     Size: 3.58 MB
[ID30]   Final label distribution:
[ID30]     - background: 458 seconds (50.0%)
[ID30]     - licking: 458 seconds (50.0%)
[ID30]   Saved labels: /data-8tb/nvaci/dataset/dataset_Stanford/FACT_method/preprocessed_data_2class_originalFPS/groundTruth/ID30.txt
[ID30] SUCCESS - Video processed successfully


================================================================================
Processing video 31/32: ID31
================================================================================
[ID31] Found label file: 25-021_ID31.csv
[ID31] Step 1/4: Extracting features (per second)...
      Opening video file...

      ═══════════════════════════════════════════════════════
      VIDEO PROPERTIES
      ═══════════════════════════════════════════════════════
      FPS detected: 25.00
      Clip length (auto): 25 frames
      Total frames: 97520
      Duration: 3900.80 seconds
      Expected seconds: 3901
      Frames per second: ~25.0
      ═══════════════════════════════════════════════════════

      Using ORIGINAL FPS with per-second aggregation
      Aggregation method: mean
      ───────────────────────────────────────────────────────
      READING ALL FRAMES FROM VIDEO
      ───────────────────────────────────────────────────────
      Progress: 500/97520 frames (0.5%)
      Progress: 1000/97520 frames (1.0%)
      Progress: 1500/97520 frames (1.5%)
      Progress: 2000/97520 frames (2.1%)
      Progress: 2500/97520 frames (2.6%)
      Progress: 3000/97520 frames (3.1%)
      Progress: 3500/97520 frames (3.6%)
      Progress: 4000/97520 frames (4.1%)
      Progress: 4500/97520 frames (4.6%)
      Progress: 5000/97520 frames (5.1%)
      Progress: 5500/97520 frames (5.6%)
      Progress: 6000/97520 frames (6.2%)
      Progress: 6500/97520 frames (6.7%)
      Progress: 7000/97520 frames (7.2%)
      Progress: 7500/97520 frames (7.7%)
      Progress: 8000/97520 frames (8.2%)
      Progress: 8500/97520 frames (8.7%)
      Progress: 9000/97520 frames (9.2%)
      Progress: 9500/97520 frames (9.7%)
      Progress: 10000/97520 frames (10.3%)
      Progress: 10500/97520 frames (10.8%)
      Progress: 11000/97520 frames (11.3%)
      Progress: 11500/97520 frames (11.8%)
      Progress: 12000/97520 frames (12.3%)
      Progress: 12500/97520 frames (12.8%)
      Progress: 13000/97520 frames (13.3%)
      Progress: 13500/97520 frames (13.8%)
      Progress: 14000/97520 frames (14.4%)
      Progress: 14500/97520 frames (14.9%)
      Progress: 15000/97520 frames (15.4%)
      Progress: 15500/97520 frames (15.9%)
      Progress: 16000/97520 frames (16.4%)
      Progress: 16500/97520 frames (16.9%)
      Progress: 17000/97520 frames (17.4%)
      Progress: 17500/97520 frames (17.9%)
      Progress: 18000/97520 frames (18.5%)
      Progress: 18500/97520 frames (19.0%)
      Progress: 19000/97520 frames (19.5%)
      Progress: 19500/97520 frames (20.0%)
      Progress: 20000/97520 frames (20.5%)
      Progress: 20500/97520 frames (21.0%)
      Progress: 21000/97520 frames (21.5%)
      Progress: 21500/97520 frames (22.0%)
      Progress: 22000/97520 frames (22.6%)
      Progress: 22500/97520 frames (23.1%)
      Progress: 23000/97520 frames (23.6%)
      Progress: 23500/97520 frames (24.1%)
      Progress: 24000/97520 frames (24.6%)
      Progress: 24500/97520 frames (25.1%)
      Progress: 25000/97520 frames (25.6%)
      Progress: 25500/97520 frames (26.1%)
      Progress: 26000/97520 frames (26.7%)
      Progress: 26500/97520 frames (27.2%)
      Progress: 27000/97520 frames (27.7%)
      Progress: 27500/97520 frames (28.2%)
      Progress: 28000/97520 frames (28.7%)
      Progress: 28500/97520 frames (29.2%)
      Progress: 29000/97520 frames (29.7%)
      Progress: 29500/97520 frames (30.3%)
      Progress: 30000/97520 frames (30.8%)
      Progress: 30500/97520 frames (31.3%)
      Progress: 31000/97520 frames (31.8%)
      Progress: 31500/97520 frames (32.3%)
      Progress: 32000/97520 frames (32.8%)
      Progress: 32500/97520 frames (33.3%)
      Progress: 33000/97520 frames (33.8%)
      Progress: 33500/97520 frames (34.4%)
      Progress: 34000/97520 frames (34.9%)
      Progress: 34500/97520 frames (35.4%)
      Progress: 35000/97520 frames (35.9%)
      Progress: 35500/97520 frames (36.4%)
      Progress: 36000/97520 frames (36.9%)
      Progress: 36500/97520 frames (37.4%)
      Progress: 37000/97520 frames (37.9%)
      Progress: 37500/97520 frames (38.5%)
      Progress: 38000/97520 frames (39.0%)
      Progress: 38500/97520 frames (39.5%)
      Progress: 39000/97520 frames (40.0%)
      Progress: 39500/97520 frames (40.5%)
      Progress: 40000/97520 frames (41.0%)
      Progress: 40500/97520 frames (41.5%)
      Progress: 41000/97520 frames (42.0%)
      Progress: 41500/97520 frames (42.6%)
      Progress: 42000/97520 frames (43.1%)
      Progress: 42500/97520 frames (43.6%)
      Progress: 43000/97520 frames (44.1%)
      Progress: 43500/97520 frames (44.6%)
      Progress: 44000/97520 frames (45.1%)
      Progress: 44500/97520 frames (45.6%)
      Progress: 45000/97520 frames (46.1%)
      Progress: 45500/97520 frames (46.7%)
      Progress: 46000/97520 frames (47.2%)
      Progress: 46500/97520 frames (47.7%)
      Progress: 47000/97520 frames (48.2%)
      Progress: 47500/97520 frames (48.7%)
      Progress: 48000/97520 frames (49.2%)
      Progress: 48500/97520 frames (49.7%)
      Progress: 49000/97520 frames (50.2%)
      Progress: 49500/97520 frames (50.8%)
      Progress: 50000/97520 frames (51.3%)
      Progress: 50500/97520 frames (51.8%)
      Progress: 51000/97520 frames (52.3%)
      Progress: 51500/97520 frames (52.8%)
      Progress: 52000/97520 frames (53.3%)
      Progress: 52500/97520 frames (53.8%)
      Progress: 53000/97520 frames (54.3%)
      Progress: 53500/97520 frames (54.9%)
      Progress: 54000/97520 frames (55.4%)
      Progress: 54500/97520 frames (55.9%)
      Progress: 55000/97520 frames (56.4%)
      Progress: 55500/97520 frames (56.9%)
      Progress: 56000/97520 frames (57.4%)
      Progress: 56500/97520 frames (57.9%)
      Progress: 57000/97520 frames (58.4%)
      Progress: 57500/97520 frames (59.0%)
      Progress: 58000/97520 frames (59.5%)
      Progress: 58500/97520 frames (60.0%)
      Progress: 59000/97520 frames (60.5%)
      Progress: 59500/97520 frames (61.0%)
      Progress: 60000/97520 frames (61.5%)
      Progress: 60500/97520 frames (62.0%)
      Progress: 61000/97520 frames (62.6%)
      Progress: 61500/97520 frames (63.1%)
      Progress: 62000/97520 frames (63.6%)
      Progress: 62500/97520 frames (64.1%)
      Progress: 63000/97520 frames (64.6%)
      Progress: 63500/97520 frames (65.1%)
      Progress: 64000/97520 frames (65.6%)
      Progress: 64500/97520 frames (66.1%)
      Progress: 65000/97520 frames (66.7%)
      Progress: 65500/97520 frames (67.2%)
      Progress: 66000/97520 frames (67.7%)
      Progress: 66500/97520 frames (68.2%)
      Progress: 67000/97520 frames (68.7%)
      Progress: 67500/97520 frames (69.2%)
      Progress: 68000/97520 frames (69.7%)
      Progress: 68500/97520 frames (70.2%)
      Progress: 69000/97520 frames (70.8%)
      Progress: 69500/97520 frames (71.3%)
      Progress: 70000/97520 frames (71.8%)
      Progress: 70500/97520 frames (72.3%)
      Progress: 71000/97520 frames (72.8%)
      Progress: 71500/97520 frames (73.3%)
      Progress: 72000/97520 frames (73.8%)
      Progress: 72500/97520 frames (74.3%)
      Progress: 73000/97520 frames (74.9%)
      Progress: 73500/97520 frames (75.4%)
      Progress: 74000/97520 frames (75.9%)
      Progress: 74500/97520 frames (76.4%)
      Progress: 75000/97520 frames (76.9%)
      Progress: 75500/97520 frames (77.4%)
      Progress: 76000/97520 frames (77.9%)
      Progress: 76500/97520 frames (78.4%)
      Progress: 77000/97520 frames (79.0%)
      Progress: 77500/97520 frames (79.5%)
      Progress: 78000/97520 frames (80.0%)
      Progress: 78500/97520 frames (80.5%)
      Progress: 79000/97520 frames (81.0%)
      Progress: 79500/97520 frames (81.5%)
      Progress: 80000/97520 frames (82.0%)
      Progress: 80500/97520 frames (82.5%)
      Progress: 81000/97520 frames (83.1%)
      Progress: 81500/97520 frames (83.6%)
      Progress: 82000/97520 frames (84.1%)
      Progress: 82500/97520 frames (84.6%)
      Progress: 83000/97520 frames (85.1%)
      Progress: 83500/97520 frames (85.6%)
      Progress: 84000/97520 frames (86.1%)
      Progress: 84500/97520 frames (86.6%)
      Progress: 85000/97520 frames (87.2%)
      Progress: 85500/97520 frames (87.7%)
      Progress: 86000/97520 frames (88.2%)
      Progress: 86500/97520 frames (88.7%)
      Progress: 87000/97520 frames (89.2%)
      Progress: 87500/97520 frames (89.7%)
      Progress: 88000/97520 frames (90.2%)
      Progress: 88500/97520 frames (90.8%)
      Progress: 89000/97520 frames (91.3%)
      Progress: 89500/97520 frames (91.8%)
      Progress: 90000/97520 frames (92.3%)
      Progress: 90500/97520 frames (92.8%)
      Progress: 91000/97520 frames (93.3%)
      Progress: 91500/97520 frames (93.8%)
      Progress: 92000/97520 frames (94.3%)
      Progress: 92500/97520 frames (94.9%)
      Progress: 93000/97520 frames (95.4%)
      Progress: 93500/97520 frames (95.9%)
      Progress: 94000/97520 frames (96.4%)
      Progress: 94500/97520 frames (96.9%)
      Progress: 95000/97520 frames (97.4%)
      Progress: 95500/97520 frames (97.9%)
      Progress: 96000/97520 frames (98.4%)
      Progress: 96500/97520 frames (99.0%)
      Progress: 97000/97520 frames (99.5%)
      ───────────────────────────────────────────────────────
      FRAME READING COMPLETE
      ───────────────────────────────────────────────────────
      Expected frames: 97520
      Frames read: 97370
      Frames missing: 150
      WARNING: 150 frames could not be read!
      ───────────────────────────────────────────────────────

      FRAMES DISTRIBUTION BY SECOND:
        Second   0:  25 frames
        Second   1:  25 frames
        Second   2:  25 frames
        Second   3:  25 frames
        Second   4:  25 frames
        Second   5:  25 frames
        Second   6:  25 frames
        Second   7:  25 frames
        Second   8:  25 frames
        Second   9:  25 frames
        ... (3891 more seconds)
      
      Frame statistics:
        Average frames/second: 25.0
        Min frames/second: 0
        Max frames/second: 25
      
      ───────────────────────────────────────────────────────
      EXTRACTING FEATURES PER SECOND
      ───────────────────────────────────────────────────────
      Total seconds to process: 3901
        Second 10/3901 - 25 frames, 1 clips
        Second 20/3901 - 25 frames, 1 clips
        Second 30/3901 - 25 frames, 1 clips
        Second 40/3901 - 25 frames, 1 clips
        Second 50/3901 - 25 frames, 1 clips
        Second 60/3901 - 25 frames, 1 clips
        Second 70/3901 - 25 frames, 1 clips
        Second 80/3901 - 25 frames, 1 clips
        Second 90/3901 - 25 frames, 1 clips
        Second 100/3901 - 25 frames, 1 clips
        Second 110/3901 - 25 frames, 1 clips
        Second 120/3901 - 25 frames, 1 clips
        Second 130/3901 - 25 frames, 1 clips
        Second 140/3901 - 25 frames, 1 clips
        Second 150/3901 - 25 frames, 1 clips
        Second 160/3901 - 25 frames, 1 clips
        Second 170/3901 - 25 frames, 1 clips
        Second 180/3901 - 25 frames, 1 clips
        Second 190/3901 - 25 frames, 1 clips
        Second 200/3901 - 25 frames, 1 clips
        Second 210/3901 - 25 frames, 1 clips
        Second 220/3901 - 25 frames, 1 clips
        Second 230/3901 - 25 frames, 1 clips
        Second 240/3901 - 25 frames, 1 clips
        Second 250/3901 - 25 frames, 1 clips
        Second 260/3901 - 25 frames, 1 clips
        Second 270/3901 - 25 frames, 1 clips
        Second 280/3901 - 25 frames, 1 clips
        Second 290/3901 - 25 frames, 1 clips
        Second 300/3901 - 25 frames, 1 clips
        Second 310/3901 - 25 frames, 1 clips
        Second 320/3901 - 25 frames, 1 clips
        Second 330/3901 - 25 frames, 1 clips
        Second 340/3901 - 25 frames, 1 clips
        Second 350/3901 - 25 frames, 1 clips
        Second 360/3901 - 25 frames, 1 clips
        Second 370/3901 - 25 frames, 1 clips
        Second 380/3901 - 25 frames, 1 clips
        Second 390/3901 - 25 frames, 1 clips
        Second 400/3901 - 25 frames, 1 clips
        Second 410/3901 - 25 frames, 1 clips
        Second 420/3901 - 25 frames, 1 clips
        Second 430/3901 - 25 frames, 1 clips
        Second 440/3901 - 25 frames, 1 clips
        Second 450/3901 - 25 frames, 1 clips
        Second 460/3901 - 25 frames, 1 clips
        Second 470/3901 - 25 frames, 1 clips
        Second 480/3901 - 25 frames, 1 clips
        Second 490/3901 - 25 frames, 1 clips
        Second 500/3901 - 25 frames, 1 clips
        Second 510/3901 - 25 frames, 1 clips
        Second 520/3901 - 25 frames, 1 clips
        Second 530/3901 - 25 frames, 1 clips
        Second 540/3901 - 25 frames, 1 clips
        Second 550/3901 - 25 frames, 1 clips
        Second 560/3901 - 25 frames, 1 clips
        Second 570/3901 - 25 frames, 1 clips
        Second 580/3901 - 25 frames, 1 clips
        Second 590/3901 - 25 frames, 1 clips
        Second 600/3901 - 25 frames, 1 clips
        Second 610/3901 - 25 frames, 1 clips
        Second 620/3901 - 25 frames, 1 clips
        Second 630/3901 - 25 frames, 1 clips
        Second 640/3901 - 25 frames, 1 clips
        Second 650/3901 - 25 frames, 1 clips
        Second 660/3901 - 25 frames, 1 clips
        Second 670/3901 - 25 frames, 1 clips
        Second 680/3901 - 25 frames, 1 clips
        Second 690/3901 - 25 frames, 1 clips
        Second 700/3901 - 25 frames, 1 clips
        Second 710/3901 - 25 frames, 1 clips
        Second 720/3901 - 25 frames, 1 clips
        Second 730/3901 - 25 frames, 1 clips
        Second 740/3901 - 25 frames, 1 clips
        Second 750/3901 - 25 frames, 1 clips
        Second 760/3901 - 25 frames, 1 clips
        Second 770/3901 - 25 frames, 1 clips
        Second 780/3901 - 25 frames, 1 clips
        Second 790/3901 - 25 frames, 1 clips
        Second 800/3901 - 25 frames, 1 clips
        Second 810/3901 - 25 frames, 1 clips
        Second 820/3901 - 25 frames, 1 clips
        Second 830/3901 - 25 frames, 1 clips
        Second 840/3901 - 25 frames, 1 clips
        Second 850/3901 - 25 frames, 1 clips
        Second 860/3901 - 25 frames, 1 clips
        Second 870/3901 - 25 frames, 1 clips
        Second 880/3901 - 25 frames, 1 clips
        Second 890/3901 - 25 frames, 1 clips
        Second 900/3901 - 25 frames, 1 clips
        Second 910/3901 - 25 frames, 1 clips
        Second 920/3901 - 25 frames, 1 clips
        Second 930/3901 - 25 frames, 1 clips
        Second 940/3901 - 25 frames, 1 clips
        Second 950/3901 - 25 frames, 1 clips
        Second 960/3901 - 25 frames, 1 clips
        Second 970/3901 - 25 frames, 1 clips
        Second 980/3901 - 25 frames, 1 clips
        Second 990/3901 - 25 frames, 1 clips
        Second 1000/3901 - 25 frames, 1 clips
        Second 1010/3901 - 25 frames, 1 clips
        Second 1020/3901 - 25 frames, 1 clips
        Second 1030/3901 - 25 frames, 1 clips
        Second 1040/3901 - 25 frames, 1 clips
        Second 1050/3901 - 25 frames, 1 clips
        Second 1060/3901 - 25 frames, 1 clips
        Second 1070/3901 - 25 frames, 1 clips
        Second 1080/3901 - 25 frames, 1 clips
        Second 1090/3901 - 25 frames, 1 clips
        Second 1100/3901 - 25 frames, 1 clips
        Second 1110/3901 - 25 frames, 1 clips
        Second 1120/3901 - 25 frames, 1 clips
        Second 1130/3901 - 25 frames, 1 clips
        Second 1140/3901 - 25 frames, 1 clips
        Second 1150/3901 - 25 frames, 1 clips
        Second 1160/3901 - 25 frames, 1 clips
        Second 1170/3901 - 25 frames, 1 clips
        Second 1180/3901 - 25 frames, 1 clips
        Second 1190/3901 - 25 frames, 1 clips
        Second 1200/3901 - 25 frames, 1 clips
        Second 1210/3901 - 25 frames, 1 clips
        Second 1220/3901 - 25 frames, 1 clips
        Second 1230/3901 - 25 frames, 1 clips
        Second 1240/3901 - 25 frames, 1 clips
        Second 1250/3901 - 25 frames, 1 clips
        Second 1260/3901 - 25 frames, 1 clips
        Second 1270/3901 - 25 frames, 1 clips
        Second 1280/3901 - 25 frames, 1 clips
        Second 1290/3901 - 25 frames, 1 clips
        Second 1300/3901 - 25 frames, 1 clips
        Second 1310/3901 - 25 frames, 1 clips
        Second 1320/3901 - 25 frames, 1 clips
        Second 1330/3901 - 25 frames, 1 clips
        Second 1340/3901 - 25 frames, 1 clips
        Second 1350/3901 - 25 frames, 1 clips
        Second 1360/3901 - 25 frames, 1 clips
        Second 1370/3901 - 25 frames, 1 clips
        Second 1380/3901 - 25 frames, 1 clips
        Second 1390/3901 - 25 frames, 1 clips
        Second 1400/3901 - 25 frames, 1 clips
        Second 1410/3901 - 25 frames, 1 clips
        Second 1420/3901 - 25 frames, 1 clips
        Second 1430/3901 - 25 frames, 1 clips
        Second 1440/3901 - 25 frames, 1 clips
        Second 1450/3901 - 25 frames, 1 clips
        Second 1460/3901 - 25 frames, 1 clips
        Second 1470/3901 - 25 frames, 1 clips
        Second 1480/3901 - 25 frames, 1 clips
        Second 1490/3901 - 25 frames, 1 clips
        Second 1500/3901 - 25 frames, 1 clips
        Second 1510/3901 - 25 frames, 1 clips
        Second 1520/3901 - 25 frames, 1 clips
        Second 1530/3901 - 25 frames, 1 clips
        Second 1540/3901 - 25 frames, 1 clips
        Second 1550/3901 - 25 frames, 1 clips
        Second 1560/3901 - 25 frames, 1 clips
        Second 1570/3901 - 25 frames, 1 clips
        Second 1580/3901 - 25 frames, 1 clips
        Second 1590/3901 - 25 frames, 1 clips
        Second 1600/3901 - 25 frames, 1 clips
        Second 1610/3901 - 25 frames, 1 clips
        Second 1620/3901 - 25 frames, 1 clips
        Second 1630/3901 - 25 frames, 1 clips
        Second 1640/3901 - 25 frames, 1 clips
        Second 1650/3901 - 25 frames, 1 clips
        Second 1660/3901 - 25 frames, 1 clips
        Second 1670/3901 - 25 frames, 1 clips
        Second 1680/3901 - 25 frames, 1 clips
        Second 1690/3901 - 25 frames, 1 clips
        Second 1700/3901 - 25 frames, 1 clips
        Second 1710/3901 - 25 frames, 1 clips
        Second 1720/3901 - 25 frames, 1 clips
        Second 1730/3901 - 25 frames, 1 clips
        Second 1740/3901 - 25 frames, 1 clips
        Second 1750/3901 - 25 frames, 1 clips
        Second 1760/3901 - 25 frames, 1 clips
        Second 1770/3901 - 25 frames, 1 clips
        Second 1780/3901 - 25 frames, 1 clips
        Second 1790/3901 - 25 frames, 1 clips
        Second 1800/3901 - 25 frames, 1 clips
        Second 1810/3901 - 25 frames, 1 clips
        Second 1820/3901 - 25 frames, 1 clips
        Second 1830/3901 - 25 frames, 1 clips
        Second 1840/3901 - 25 frames, 1 clips
        Second 1850/3901 - 25 frames, 1 clips
        Second 1860/3901 - 25 frames, 1 clips
        Second 1870/3901 - 25 frames, 1 clips
        Second 1880/3901 - 25 frames, 1 clips
        Second 1890/3901 - 25 frames, 1 clips
        Second 1900/3901 - 25 frames, 1 clips
        Second 1910/3901 - 25 frames, 1 clips
        Second 1920/3901 - 25 frames, 1 clips
        Second 1930/3901 - 25 frames, 1 clips
        Second 1940/3901 - 25 frames, 1 clips
        Second 1950/3901 - 25 frames, 1 clips
        Second 1960/3901 - 25 frames, 1 clips
        Second 1970/3901 - 25 frames, 1 clips
        Second 1980/3901 - 25 frames, 1 clips
        Second 1990/3901 - 25 frames, 1 clips
        Second 2000/3901 - 25 frames, 1 clips
        Second 2010/3901 - 25 frames, 1 clips
        Second 2020/3901 - 25 frames, 1 clips
        Second 2030/3901 - 25 frames, 1 clips
        Second 2040/3901 - 25 frames, 1 clips
        Second 2050/3901 - 25 frames, 1 clips
        Second 2060/3901 - 25 frames, 1 clips
        Second 2070/3901 - 25 frames, 1 clips
        Second 2080/3901 - 25 frames, 1 clips
        Second 2090/3901 - 25 frames, 1 clips
        Second 2100/3901 - 25 frames, 1 clips
        Second 2110/3901 - 25 frames, 1 clips
        Second 2120/3901 - 25 frames, 1 clips
        Second 2130/3901 - 25 frames, 1 clips
        Second 2140/3901 - 25 frames, 1 clips
        Second 2150/3901 - 25 frames, 1 clips
        Second 2160/3901 - 25 frames, 1 clips
        Second 2170/3901 - 25 frames, 1 clips
        Second 2180/3901 - 25 frames, 1 clips
        Second 2190/3901 - 25 frames, 1 clips
        Second 2200/3901 - 25 frames, 1 clips
        Second 2210/3901 - 25 frames, 1 clips
        Second 2220/3901 - 25 frames, 1 clips
        Second 2230/3901 - 25 frames, 1 clips
        Second 2240/3901 - 25 frames, 1 clips
        Second 2250/3901 - 25 frames, 1 clips
        Second 2260/3901 - 25 frames, 1 clips
        Second 2270/3901 - 25 frames, 1 clips
        Second 2280/3901 - 25 frames, 1 clips
        Second 2290/3901 - 25 frames, 1 clips
        Second 2300/3901 - 25 frames, 1 clips
        Second 2310/3901 - 25 frames, 1 clips
        Second 2320/3901 - 25 frames, 1 clips
        Second 2330/3901 - 25 frames, 1 clips
        Second 2340/3901 - 25 frames, 1 clips
        Second 2350/3901 - 25 frames, 1 clips
        Second 2360/3901 - 25 frames, 1 clips
        Second 2370/3901 - 25 frames, 1 clips
        Second 2380/3901 - 25 frames, 1 clips
        Second 2390/3901 - 25 frames, 1 clips
        Second 2400/3901 - 25 frames, 1 clips
        Second 2410/3901 - 25 frames, 1 clips
        Second 2420/3901 - 25 frames, 1 clips
        Second 2430/3901 - 25 frames, 1 clips
        Second 2440/3901 - 25 frames, 1 clips
        Second 2450/3901 - 25 frames, 1 clips
        Second 2460/3901 - 25 frames, 1 clips
        Second 2470/3901 - 25 frames, 1 clips
        Second 2480/3901 - 25 frames, 1 clips
        Second 2490/3901 - 25 frames, 1 clips
        Second 2500/3901 - 25 frames, 1 clips
        Second 2510/3901 - 25 frames, 1 clips
        Second 2520/3901 - 25 frames, 1 clips
        Second 2530/3901 - 25 frames, 1 clips
        Second 2540/3901 - 25 frames, 1 clips
        Second 2550/3901 - 25 frames, 1 clips
        Second 2560/3901 - 25 frames, 1 clips
        Second 2570/3901 - 25 frames, 1 clips
        Second 2580/3901 - 25 frames, 1 clips
        Second 2590/3901 - 25 frames, 1 clips
        Second 2600/3901 - 25 frames, 1 clips
        Second 2610/3901 - 25 frames, 1 clips
        Second 2620/3901 - 25 frames, 1 clips
        Second 2630/3901 - 25 frames, 1 clips
        Second 2640/3901 - 25 frames, 1 clips
        Second 2650/3901 - 25 frames, 1 clips
        Second 2660/3901 - 25 frames, 1 clips
        Second 2670/3901 - 25 frames, 1 clips
        Second 2680/3901 - 25 frames, 1 clips
        Second 2690/3901 - 25 frames, 1 clips
        Second 2700/3901 - 25 frames, 1 clips
        Second 2710/3901 - 25 frames, 1 clips
        Second 2720/3901 - 25 frames, 1 clips
        Second 2730/3901 - 25 frames, 1 clips
        Second 2740/3901 - 25 frames, 1 clips
        Second 2750/3901 - 25 frames, 1 clips
        Second 2760/3901 - 25 frames, 1 clips
        Second 2770/3901 - 25 frames, 1 clips
        Second 2780/3901 - 25 frames, 1 clips
        Second 2790/3901 - 25 frames, 1 clips
        Second 2800/3901 - 25 frames, 1 clips
        Second 2810/3901 - 25 frames, 1 clips
        Second 2820/3901 - 25 frames, 1 clips
        Second 2830/3901 - 25 frames, 1 clips
        Second 2840/3901 - 25 frames, 1 clips
        Second 2850/3901 - 25 frames, 1 clips
        Second 2860/3901 - 25 frames, 1 clips
        Second 2870/3901 - 25 frames, 1 clips
        Second 2880/3901 - 25 frames, 1 clips
        Second 2890/3901 - 25 frames, 1 clips
        Second 2900/3901 - 25 frames, 1 clips
        Second 2910/3901 - 25 frames, 1 clips
        Second 2920/3901 - 25 frames, 1 clips
        Second 2930/3901 - 25 frames, 1 clips
        Second 2940/3901 - 25 frames, 1 clips
        Second 2950/3901 - 25 frames, 1 clips
        Second 2960/3901 - 25 frames, 1 clips
        Second 2970/3901 - 25 frames, 1 clips
        Second 2980/3901 - 25 frames, 1 clips
        Second 2990/3901 - 25 frames, 1 clips
        Second 3000/3901 - 25 frames, 1 clips
        Second 3010/3901 - 25 frames, 1 clips
        Second 3020/3901 - 25 frames, 1 clips
        Second 3030/3901 - 25 frames, 1 clips
        Second 3040/3901 - 25 frames, 1 clips
        Second 3050/3901 - 25 frames, 1 clips
        Second 3060/3901 - 25 frames, 1 clips
        Second 3070/3901 - 25 frames, 1 clips
        Second 3080/3901 - 25 frames, 1 clips
        Second 3090/3901 - 25 frames, 1 clips
        Second 3100/3901 - 25 frames, 1 clips
        Second 3110/3901 - 25 frames, 1 clips
        Second 3120/3901 - 25 frames, 1 clips
        Second 3130/3901 - 25 frames, 1 clips
        Second 3140/3901 - 25 frames, 1 clips
        Second 3150/3901 - 25 frames, 1 clips
        Second 3160/3901 - 25 frames, 1 clips
        Second 3170/3901 - 25 frames, 1 clips
        Second 3180/3901 - 25 frames, 1 clips
        Second 3190/3901 - 25 frames, 1 clips
        Second 3200/3901 - 25 frames, 1 clips
        Second 3210/3901 - 25 frames, 1 clips
        Second 3220/3901 - 25 frames, 1 clips
        Second 3230/3901 - 25 frames, 1 clips
        Second 3240/3901 - 25 frames, 1 clips
        Second 3250/3901 - 25 frames, 1 clips
        Second 3260/3901 - 25 frames, 1 clips
        Second 3270/3901 - 25 frames, 1 clips
        Second 3280/3901 - 25 frames, 1 clips
        Second 3290/3901 - 25 frames, 1 clips
        Second 3300/3901 - 25 frames, 1 clips
        Second 3310/3901 - 25 frames, 1 clips
        Second 3320/3901 - 25 frames, 1 clips
        Second 3330/3901 - 25 frames, 1 clips
        Second 3340/3901 - 25 frames, 1 clips
        Second 3350/3901 - 25 frames, 1 clips
        Second 3360/3901 - 25 frames, 1 clips
        Second 3370/3901 - 25 frames, 1 clips
        Second 3380/3901 - 25 frames, 1 clips
        Second 3390/3901 - 25 frames, 1 clips
        Second 3400/3901 - 25 frames, 1 clips
        Second 3410/3901 - 25 frames, 1 clips
        Second 3420/3901 - 25 frames, 1 clips
        Second 3430/3901 - 25 frames, 1 clips
        Second 3440/3901 - 25 frames, 1 clips
        Second 3450/3901 - 25 frames, 1 clips
        Second 3460/3901 - 25 frames, 1 clips
        Second 3470/3901 - 25 frames, 1 clips
        Second 3480/3901 - 25 frames, 1 clips
        Second 3490/3901 - 25 frames, 1 clips
        Second 3500/3901 - 25 frames, 1 clips
        Second 3510/3901 - 25 frames, 1 clips
        Second 3520/3901 - 25 frames, 1 clips
        Second 3530/3901 - 25 frames, 1 clips
        Second 3540/3901 - 25 frames, 1 clips
        Second 3550/3901 - 25 frames, 1 clips
        Second 3560/3901 - 25 frames, 1 clips
        Second 3570/3901 - 25 frames, 1 clips
        Second 3580/3901 - 25 frames, 1 clips
        Second 3590/3901 - 25 frames, 1 clips
        Second 3600/3901 - 25 frames, 1 clips
        Second 3610/3901 - 25 frames, 1 clips
        Second 3620/3901 - 25 frames, 1 clips
        Second 3630/3901 - 25 frames, 1 clips
        Second 3640/3901 - 25 frames, 1 clips
        Second 3650/3901 - 25 frames, 1 clips
        Second 3660/3901 - 25 frames, 1 clips
        Second 3670/3901 - 25 frames, 1 clips
        Second 3680/3901 - 25 frames, 1 clips
        Second 3690/3901 - 25 frames, 1 clips
        Second 3700/3901 - 25 frames, 1 clips
        Second 3710/3901 - 25 frames, 1 clips
        Second 3720/3901 - 25 frames, 1 clips
        Second 3730/3901 - 25 frames, 1 clips
        Second 3740/3901 - 25 frames, 1 clips
        Second 3750/3901 - 25 frames, 1 clips
        Second 3760/3901 - 25 frames, 1 clips
        Second 3770/3901 - 25 frames, 1 clips
        Second 3780/3901 - 25 frames, 1 clips
        Second 3790/3901 - 25 frames, 1 clips
        Second 3800/3901 - 25 frames, 1 clips
        Second 3810/3901 - 25 frames, 1 clips
        Second 3820/3901 - 25 frames, 1 clips
        Second 3830/3901 - 25 frames, 1 clips
        Second 3840/3901 - 25 frames, 1 clips
        Second 3850/3901 - 25 frames, 1 clips
        Second 3860/3901 - 25 frames, 1 clips
        Second 3870/3901 - 25 frames, 1 clips
        Second 3880/3901 - 25 frames, 1 clips
        Second 3890/3901 - 25 frames, 1 clips
        Second 3900/3901 - NO FRAMES (zero feature)
      ───────────────────────────────────────────────────────
      FEATURE EXTRACTION COMPLETE
      ───────────────────────────────────────────────────────
      Final features shape: (3901, 1024)
      Features per second: 3901
      Feature dimension: 1024
      ═══════════════════════════════════════════════════════

[ID31]   Features extracted: (3901, 1024)
[ID31] Step 2/4: Converting to binary labels and removing unwanted classes...
[ID31]   Number of seconds: 3901
      CSV columns: ['start_time', 'end_time', 'licking', 'shaking']
      CSV shape: (3840, 4)
      Video seconds: 3901
      Total rows in CSV: 3840
      Valid rows (within video duration): 3840
      Rows kept after removing shaking: 3818
[ID31]   Original seconds: 3901
[ID31]   After removing shaking/licking_shaking: 3818
[ID31] Step 3/4: Balancing classes...
      Before balancing:
        Background: 3394 samples
        Licking: 424 samples
        Ratio: 8.00:1
      After balancing:
        Background: 424 samples
        Licking: 424 samples
        Total: 848 samples
[ID31] Step 4/4: Saving processed data...
[ID31]   Saved features: /data-8tb/nvaci/dataset/dataset_Stanford/FACT_method/preprocessed_data_2class_originalFPS/features/ID31.npy
[ID31]     Shape: (848, 1024)
[ID31]     Size: 3.31 MB
[ID31]   Final label distribution:
[ID31]     - background: 424 seconds (50.0%)
[ID31]     - licking: 424 seconds (50.0%)
[ID31]   Saved labels: /data-8tb/nvaci/dataset/dataset_Stanford/FACT_method/preprocessed_data_2class_originalFPS/groundTruth/ID31.txt
[ID31] SUCCESS - Video processed successfully


================================================================================
Processing video 32/32: ID32
================================================================================
[ID32] Found label file: 25-021_ID32.csv
[ID32] Step 1/4: Extracting features (per second)...
      Opening video file...

      ═══════════════════════════════════════════════════════
      VIDEO PROPERTIES
      ═══════════════════════════════════════════════════════
      FPS detected: 25.00
      Clip length (auto): 25 frames
      Total frames: 96073
      Duration: 3842.92 seconds
      Expected seconds: 3843
      Frames per second: ~25.0
      ═══════════════════════════════════════════════════════

      Using ORIGINAL FPS with per-second aggregation
      Aggregation method: mean
      ───────────────────────────────────────────────────────
      READING ALL FRAMES FROM VIDEO
      ───────────────────────────────────────────────────────
      Progress: 500/96073 frames (0.5%)
      Progress: 1000/96073 frames (1.0%)
      Progress: 1500/96073 frames (1.6%)
      Progress: 2000/96073 frames (2.1%)
      Progress: 2500/96073 frames (2.6%)
      Progress: 3000/96073 frames (3.1%)
      Progress: 3500/96073 frames (3.6%)
      Progress: 4000/96073 frames (4.2%)
      Progress: 4500/96073 frames (4.7%)
      Progress: 5000/96073 frames (5.2%)
      Progress: 5500/96073 frames (5.7%)
      Progress: 6000/96073 frames (6.2%)
      Progress: 6500/96073 frames (6.8%)
      Progress: 7000/96073 frames (7.3%)
      Progress: 7500/96073 frames (7.8%)
      Progress: 8000/96073 frames (8.3%)
      Progress: 8500/96073 frames (8.8%)
      Progress: 9000/96073 frames (9.4%)
      Progress: 9500/96073 frames (9.9%)
      Progress: 10000/96073 frames (10.4%)
      Progress: 10500/96073 frames (10.9%)
      Progress: 11000/96073 frames (11.4%)
      Progress: 11500/96073 frames (12.0%)
      Progress: 12000/96073 frames (12.5%)
      Progress: 12500/96073 frames (13.0%)
      Progress: 13000/96073 frames (13.5%)
      Progress: 13500/96073 frames (14.1%)
      Progress: 14000/96073 frames (14.6%)
      Progress: 14500/96073 frames (15.1%)
      Progress: 15000/96073 frames (15.6%)
      Progress: 15500/96073 frames (16.1%)
      Progress: 16000/96073 frames (16.7%)
      Progress: 16500/96073 frames (17.2%)
      Progress: 17000/96073 frames (17.7%)
      Progress: 17500/96073 frames (18.2%)
      Progress: 18000/96073 frames (18.7%)
      Progress: 18500/96073 frames (19.3%)
      Progress: 19000/96073 frames (19.8%)
      Progress: 19500/96073 frames (20.3%)
      Progress: 20000/96073 frames (20.8%)
      Progress: 20500/96073 frames (21.3%)
      Progress: 21000/96073 frames (21.9%)
      Progress: 21500/96073 frames (22.4%)
      Progress: 22000/96073 frames (22.9%)
      Progress: 22500/96073 frames (23.4%)
      Progress: 23000/96073 frames (23.9%)
      Progress: 23500/96073 frames (24.5%)
      Progress: 24000/96073 frames (25.0%)
      Progress: 24500/96073 frames (25.5%)
      Progress: 25000/96073 frames (26.0%)
      Progress: 25500/96073 frames (26.5%)
      Progress: 26000/96073 frames (27.1%)
      Progress: 26500/96073 frames (27.6%)
      Progress: 27000/96073 frames (28.1%)
      Progress: 27500/96073 frames (28.6%)
      Progress: 28000/96073 frames (29.1%)
      Progress: 28500/96073 frames (29.7%)
      Progress: 29000/96073 frames (30.2%)
      Progress: 29500/96073 frames (30.7%)
      Progress: 30000/96073 frames (31.2%)
      Progress: 30500/96073 frames (31.7%)
      Progress: 31000/96073 frames (32.3%)
      Progress: 31500/96073 frames (32.8%)
      Progress: 32000/96073 frames (33.3%)
      Progress: 32500/96073 frames (33.8%)
      Progress: 33000/96073 frames (34.3%)
      Progress: 33500/96073 frames (34.9%)
      Progress: 34000/96073 frames (35.4%)
      Progress: 34500/96073 frames (35.9%)
      Progress: 35000/96073 frames (36.4%)
      Progress: 35500/96073 frames (37.0%)
      Progress: 36000/96073 frames (37.5%)
      Progress: 36500/96073 frames (38.0%)
      Progress: 37000/96073 frames (38.5%)
      Progress: 37500/96073 frames (39.0%)
      Progress: 38000/96073 frames (39.6%)
      Progress: 38500/96073 frames (40.1%)
      Progress: 39000/96073 frames (40.6%)
      Progress: 39500/96073 frames (41.1%)
      Progress: 40000/96073 frames (41.6%)
      Progress: 40500/96073 frames (42.2%)
      Progress: 41000/96073 frames (42.7%)
      Progress: 41500/96073 frames (43.2%)
      Progress: 42000/96073 frames (43.7%)
      Progress: 42500/96073 frames (44.2%)
      Progress: 43000/96073 frames (44.8%)
      Progress: 43500/96073 frames (45.3%)
      Progress: 44000/96073 frames (45.8%)
      Progress: 44500/96073 frames (46.3%)
      Progress: 45000/96073 frames (46.8%)
      Progress: 45500/96073 frames (47.4%)
      Progress: 46000/96073 frames (47.9%)
      Progress: 46500/96073 frames (48.4%)
      Progress: 47000/96073 frames (48.9%)
      Progress: 47500/96073 frames (49.4%)
      Progress: 48000/96073 frames (50.0%)
      Progress: 48500/96073 frames (50.5%)
      Progress: 49000/96073 frames (51.0%)
      Progress: 49500/96073 frames (51.5%)
      Progress: 50000/96073 frames (52.0%)
      Progress: 50500/96073 frames (52.6%)
      Progress: 51000/96073 frames (53.1%)
      Progress: 51500/96073 frames (53.6%)
      Progress: 52000/96073 frames (54.1%)
      Progress: 52500/96073 frames (54.6%)
      Progress: 53000/96073 frames (55.2%)
      Progress: 53500/96073 frames (55.7%)
      Progress: 54000/96073 frames (56.2%)
      Progress: 54500/96073 frames (56.7%)
      Progress: 55000/96073 frames (57.2%)
      Progress: 55500/96073 frames (57.8%)
      Progress: 56000/96073 frames (58.3%)
      Progress: 56500/96073 frames (58.8%)
      Progress: 57000/96073 frames (59.3%)
      Progress: 57500/96073 frames (59.9%)
      Progress: 58000/96073 frames (60.4%)
      Progress: 58500/96073 frames (60.9%)
      Progress: 59000/96073 frames (61.4%)
      Progress: 59500/96073 frames (61.9%)
      Progress: 60000/96073 frames (62.5%)
      Progress: 60500/96073 frames (63.0%)
      Progress: 61000/96073 frames (63.5%)
      Progress: 61500/96073 frames (64.0%)
      Progress: 62000/96073 frames (64.5%)
      Progress: 62500/96073 frames (65.1%)
      Progress: 63000/96073 frames (65.6%)
      Progress: 63500/96073 frames (66.1%)
      Progress: 64000/96073 frames (66.6%)
      Progress: 64500/96073 frames (67.1%)
      Progress: 65000/96073 frames (67.7%)
      Progress: 65500/96073 frames (68.2%)
      Progress: 66000/96073 frames (68.7%)
      Progress: 66500/96073 frames (69.2%)
      Progress: 67000/96073 frames (69.7%)
      Progress: 67500/96073 frames (70.3%)
      Progress: 68000/96073 frames (70.8%)
      Progress: 68500/96073 frames (71.3%)
      Progress: 69000/96073 frames (71.8%)
      Progress: 69500/96073 frames (72.3%)
      Progress: 70000/96073 frames (72.9%)
      Progress: 70500/96073 frames (73.4%)
      Progress: 71000/96073 frames (73.9%)
      Progress: 71500/96073 frames (74.4%)
      Progress: 72000/96073 frames (74.9%)
      Progress: 72500/96073 frames (75.5%)
      Progress: 73000/96073 frames (76.0%)
      Progress: 73500/96073 frames (76.5%)
      Progress: 74000/96073 frames (77.0%)
      Progress: 74500/96073 frames (77.5%)
      Progress: 75000/96073 frames (78.1%)
      Progress: 75500/96073 frames (78.6%)
      Progress: 76000/96073 frames (79.1%)
      Progress: 76500/96073 frames (79.6%)
      Progress: 77000/96073 frames (80.1%)
      Progress: 77500/96073 frames (80.7%)
      Progress: 78000/96073 frames (81.2%)
      Progress: 78500/96073 frames (81.7%)
      Progress: 79000/96073 frames (82.2%)
      Progress: 79500/96073 frames (82.7%)
      Progress: 80000/96073 frames (83.3%)
      Progress: 80500/96073 frames (83.8%)
      Progress: 81000/96073 frames (84.3%)
      Progress: 81500/96073 frames (84.8%)
      Progress: 82000/96073 frames (85.4%)
      Progress: 82500/96073 frames (85.9%)
      Progress: 83000/96073 frames (86.4%)
      Progress: 83500/96073 frames (86.9%)
      Progress: 84000/96073 frames (87.4%)
      Progress: 84500/96073 frames (88.0%)
      Progress: 85000/96073 frames (88.5%)
      Progress: 85500/96073 frames (89.0%)
      Progress: 86000/96073 frames (89.5%)
      Progress: 86500/96073 frames (90.0%)
      Progress: 87000/96073 frames (90.6%)
      Progress: 87500/96073 frames (91.1%)
      Progress: 88000/96073 frames (91.6%)
      Progress: 88500/96073 frames (92.1%)
      Progress: 89000/96073 frames (92.6%)
      Progress: 89500/96073 frames (93.2%)
      Progress: 90000/96073 frames (93.7%)
      Progress: 90500/96073 frames (94.2%)
      Progress: 91000/96073 frames (94.7%)
      Progress: 91500/96073 frames (95.2%)
      Progress: 92000/96073 frames (95.8%)
      Progress: 92500/96073 frames (96.3%)
      Progress: 93000/96073 frames (96.8%)
      Progress: 93500/96073 frames (97.3%)
      Progress: 94000/96073 frames (97.8%)
      Progress: 94500/96073 frames (98.4%)
      Progress: 95000/96073 frames (98.9%)
      Progress: 95500/96073 frames (99.4%)
      Progress: 96000/96073 frames (99.9%)
      ───────────────────────────────────────────────────────
      FRAME READING COMPLETE
      ───────────────────────────────────────────────────────
      Expected frames: 96073
      Frames read: 96070
      Frames missing: 3
      WARNING: 3 frames could not be read!
      ───────────────────────────────────────────────────────

      FRAMES DISTRIBUTION BY SECOND:
        Second   0:  25 frames
        Second   1:  25 frames
        Second   2:  25 frames
        Second   3:  25 frames
        Second   4:  25 frames
        Second   5:  25 frames
        Second   6:  25 frames
        Second   7:  25 frames
        Second   8:  25 frames
        Second   9:  25 frames
        ... (3833 more seconds)
      
      Frame statistics:
        Average frames/second: 25.0
        Min frames/second: 20
        Max frames/second: 25
      
      ───────────────────────────────────────────────────────
      EXTRACTING FEATURES PER SECOND
      ───────────────────────────────────────────────────────
      Total seconds to process: 3843
        Second 10/3843 - 25 frames, 1 clips
        Second 20/3843 - 25 frames, 1 clips
        Second 30/3843 - 25 frames, 1 clips
        Second 40/3843 - 25 frames, 1 clips
        Second 50/3843 - 25 frames, 1 clips
        Second 60/3843 - 25 frames, 1 clips
        Second 70/3843 - 25 frames, 1 clips
        Second 80/3843 - 25 frames, 1 clips
        Second 90/3843 - 25 frames, 1 clips
        Second 100/3843 - 25 frames, 1 clips
        Second 110/3843 - 25 frames, 1 clips
        Second 120/3843 - 25 frames, 1 clips
        Second 130/3843 - 25 frames, 1 clips
        Second 140/3843 - 25 frames, 1 clips
        Second 150/3843 - 25 frames, 1 clips
        Second 160/3843 - 25 frames, 1 clips
        Second 170/3843 - 25 frames, 1 clips
        Second 180/3843 - 25 frames, 1 clips
        Second 190/3843 - 25 frames, 1 clips
        Second 200/3843 - 25 frames, 1 clips
        Second 210/3843 - 25 frames, 1 clips
        Second 220/3843 - 25 frames, 1 clips
        Second 230/3843 - 25 frames, 1 clips
        Second 240/3843 - 25 frames, 1 clips
        Second 250/3843 - 25 frames, 1 clips
        Second 260/3843 - 25 frames, 1 clips
        Second 270/3843 - 25 frames, 1 clips
        Second 280/3843 - 25 frames, 1 clips
        Second 290/3843 - 25 frames, 1 clips
        Second 300/3843 - 25 frames, 1 clips
        Second 310/3843 - 25 frames, 1 clips
        Second 320/3843 - 25 frames, 1 clips
        Second 330/3843 - 25 frames, 1 clips
        Second 340/3843 - 25 frames, 1 clips
        Second 350/3843 - 25 frames, 1 clips
        Second 360/3843 - 25 frames, 1 clips
        Second 370/3843 - 25 frames, 1 clips
        Second 380/3843 - 25 frames, 1 clips
        Second 390/3843 - 25 frames, 1 clips
        Second 400/3843 - 25 frames, 1 clips
        Second 410/3843 - 25 frames, 1 clips
        Second 420/3843 - 25 frames, 1 clips
        Second 430/3843 - 25 frames, 1 clips
        Second 440/3843 - 25 frames, 1 clips
        Second 450/3843 - 25 frames, 1 clips
        Second 460/3843 - 25 frames, 1 clips
        Second 470/3843 - 25 frames, 1 clips
        Second 480/3843 - 25 frames, 1 clips
        Second 490/3843 - 25 frames, 1 clips
        Second 500/3843 - 25 frames, 1 clips
        Second 510/3843 - 25 frames, 1 clips
        Second 520/3843 - 25 frames, 1 clips
        Second 530/3843 - 25 frames, 1 clips
        Second 540/3843 - 25 frames, 1 clips
        Second 550/3843 - 25 frames, 1 clips
        Second 560/3843 - 25 frames, 1 clips
        Second 570/3843 - 25 frames, 1 clips
        Second 580/3843 - 25 frames, 1 clips
        Second 590/3843 - 25 frames, 1 clips
        Second 600/3843 - 25 frames, 1 clips
        Second 610/3843 - 25 frames, 1 clips
        Second 620/3843 - 25 frames, 1 clips
        Second 630/3843 - 25 frames, 1 clips
        Second 640/3843 - 25 frames, 1 clips
        Second 650/3843 - 25 frames, 1 clips
        Second 660/3843 - 25 frames, 1 clips
        Second 670/3843 - 25 frames, 1 clips
        Second 680/3843 - 25 frames, 1 clips
        Second 690/3843 - 25 frames, 1 clips
        Second 700/3843 - 25 frames, 1 clips
        Second 710/3843 - 25 frames, 1 clips
        Second 720/3843 - 25 frames, 1 clips
        Second 730/3843 - 25 frames, 1 clips
        Second 740/3843 - 25 frames, 1 clips
        Second 750/3843 - 25 frames, 1 clips
        Second 760/3843 - 25 frames, 1 clips
        Second 770/3843 - 25 frames, 1 clips
        Second 780/3843 - 25 frames, 1 clips
        Second 790/3843 - 25 frames, 1 clips
        Second 800/3843 - 25 frames, 1 clips
        Second 810/3843 - 25 frames, 1 clips
        Second 820/3843 - 25 frames, 1 clips
        Second 830/3843 - 25 frames, 1 clips
        Second 840/3843 - 25 frames, 1 clips
        Second 850/3843 - 25 frames, 1 clips
        Second 860/3843 - 25 frames, 1 clips
        Second 870/3843 - 25 frames, 1 clips
        Second 880/3843 - 25 frames, 1 clips
        Second 890/3843 - 25 frames, 1 clips
        Second 900/3843 - 25 frames, 1 clips
        Second 910/3843 - 25 frames, 1 clips
        Second 920/3843 - 25 frames, 1 clips
        Second 930/3843 - 25 frames, 1 clips
        Second 940/3843 - 25 frames, 1 clips
        Second 950/3843 - 25 frames, 1 clips
        Second 960/3843 - 25 frames, 1 clips
        Second 970/3843 - 25 frames, 1 clips
        Second 980/3843 - 25 frames, 1 clips
        Second 990/3843 - 25 frames, 1 clips
        Second 1000/3843 - 25 frames, 1 clips
        Second 1010/3843 - 25 frames, 1 clips
        Second 1020/3843 - 25 frames, 1 clips
        Second 1030/3843 - 25 frames, 1 clips
        Second 1040/3843 - 25 frames, 1 clips
        Second 1050/3843 - 25 frames, 1 clips
        Second 1060/3843 - 25 frames, 1 clips
        Second 1070/3843 - 25 frames, 1 clips
        Second 1080/3843 - 25 frames, 1 clips
        Second 1090/3843 - 25 frames, 1 clips
        Second 1100/3843 - 25 frames, 1 clips
        Second 1110/3843 - 25 frames, 1 clips
        Second 1120/3843 - 25 frames, 1 clips
        Second 1130/3843 - 25 frames, 1 clips
        Second 1140/3843 - 25 frames, 1 clips
        Second 1150/3843 - 25 frames, 1 clips
        Second 1160/3843 - 25 frames, 1 clips
        Second 1170/3843 - 25 frames, 1 clips
        Second 1180/3843 - 25 frames, 1 clips
        Second 1190/3843 - 25 frames, 1 clips
        Second 1200/3843 - 25 frames, 1 clips
        Second 1210/3843 - 25 frames, 1 clips
        Second 1220/3843 - 25 frames, 1 clips
        Second 1230/3843 - 25 frames, 1 clips
        Second 1240/3843 - 25 frames, 1 clips
        Second 1250/3843 - 25 frames, 1 clips
        Second 1260/3843 - 25 frames, 1 clips
        Second 1270/3843 - 25 frames, 1 clips
        Second 1280/3843 - 25 frames, 1 clips
        Second 1290/3843 - 25 frames, 1 clips
        Second 1300/3843 - 25 frames, 1 clips
        Second 1310/3843 - 25 frames, 1 clips
        Second 1320/3843 - 25 frames, 1 clips
        Second 1330/3843 - 25 frames, 1 clips
        Second 1340/3843 - 25 frames, 1 clips
        Second 1350/3843 - 25 frames, 1 clips
        Second 1360/3843 - 25 frames, 1 clips
        Second 1370/3843 - 25 frames, 1 clips
        Second 1380/3843 - 25 frames, 1 clips
        Second 1390/3843 - 25 frames, 1 clips
        Second 1400/3843 - 25 frames, 1 clips
        Second 1410/3843 - 25 frames, 1 clips
        Second 1420/3843 - 25 frames, 1 clips
        Second 1430/3843 - 25 frames, 1 clips
        Second 1440/3843 - 25 frames, 1 clips
        Second 1450/3843 - 25 frames, 1 clips
        Second 1460/3843 - 25 frames, 1 clips
        Second 1470/3843 - 25 frames, 1 clips
        Second 1480/3843 - 25 frames, 1 clips
        Second 1490/3843 - 25 frames, 1 clips
        Second 1500/3843 - 25 frames, 1 clips
        Second 1510/3843 - 25 frames, 1 clips
        Second 1520/3843 - 25 frames, 1 clips
        Second 1530/3843 - 25 frames, 1 clips
        Second 1540/3843 - 25 frames, 1 clips
        Second 1550/3843 - 25 frames, 1 clips
        Second 1560/3843 - 25 frames, 1 clips
        Second 1570/3843 - 25 frames, 1 clips
        Second 1580/3843 - 25 frames, 1 clips
        Second 1590/3843 - 25 frames, 1 clips
        Second 1600/3843 - 25 frames, 1 clips
        Second 1610/3843 - 25 frames, 1 clips
        Second 1620/3843 - 25 frames, 1 clips
        Second 1630/3843 - 25 frames, 1 clips
        Second 1640/3843 - 25 frames, 1 clips
        Second 1650/3843 - 25 frames, 1 clips
        Second 1660/3843 - 25 frames, 1 clips
        Second 1670/3843 - 25 frames, 1 clips
        Second 1680/3843 - 25 frames, 1 clips
        Second 1690/3843 - 25 frames, 1 clips
        Second 1700/3843 - 25 frames, 1 clips
        Second 1710/3843 - 25 frames, 1 clips
        Second 1720/3843 - 25 frames, 1 clips
        Second 1730/3843 - 25 frames, 1 clips
        Second 1740/3843 - 25 frames, 1 clips
        Second 1750/3843 - 25 frames, 1 clips
        Second 1760/3843 - 25 frames, 1 clips
        Second 1770/3843 - 25 frames, 1 clips
        Second 1780/3843 - 25 frames, 1 clips
        Second 1790/3843 - 25 frames, 1 clips
        Second 1800/3843 - 25 frames, 1 clips
        Second 1810/3843 - 25 frames, 1 clips
        Second 1820/3843 - 25 frames, 1 clips
        Second 1830/3843 - 25 frames, 1 clips
        Second 1840/3843 - 25 frames, 1 clips
        Second 1850/3843 - 25 frames, 1 clips
        Second 1860/3843 - 25 frames, 1 clips
        Second 1870/3843 - 25 frames, 1 clips
        Second 1880/3843 - 25 frames, 1 clips
        Second 1890/3843 - 25 frames, 1 clips
        Second 1900/3843 - 25 frames, 1 clips
        Second 1910/3843 - 25 frames, 1 clips
        Second 1920/3843 - 25 frames, 1 clips
        Second 1930/3843 - 25 frames, 1 clips
        Second 1940/3843 - 25 frames, 1 clips
        Second 1950/3843 - 25 frames, 1 clips
        Second 1960/3843 - 25 frames, 1 clips
        Second 1970/3843 - 25 frames, 1 clips
        Second 1980/3843 - 25 frames, 1 clips
        Second 1990/3843 - 25 frames, 1 clips
        Second 2000/3843 - 25 frames, 1 clips
        Second 2010/3843 - 25 frames, 1 clips
        Second 2020/3843 - 25 frames, 1 clips
        Second 2030/3843 - 25 frames, 1 clips
        Second 2040/3843 - 25 frames, 1 clips
        Second 2050/3843 - 25 frames, 1 clips
        Second 2060/3843 - 25 frames, 1 clips
        Second 2070/3843 - 25 frames, 1 clips
        Second 2080/3843 - 25 frames, 1 clips
        Second 2090/3843 - 25 frames, 1 clips
        Second 2100/3843 - 25 frames, 1 clips
        Second 2110/3843 - 25 frames, 1 clips
        Second 2120/3843 - 25 frames, 1 clips
        Second 2130/3843 - 25 frames, 1 clips
        Second 2140/3843 - 25 frames, 1 clips
        Second 2150/3843 - 25 frames, 1 clips
        Second 2160/3843 - 25 frames, 1 clips
        Second 2170/3843 - 25 frames, 1 clips
        Second 2180/3843 - 25 frames, 1 clips
        Second 2190/3843 - 25 frames, 1 clips
        Second 2200/3843 - 25 frames, 1 clips
        Second 2210/3843 - 25 frames, 1 clips
        Second 2220/3843 - 25 frames, 1 clips
        Second 2230/3843 - 25 frames, 1 clips
        Second 2240/3843 - 25 frames, 1 clips
        Second 2250/3843 - 25 frames, 1 clips
        Second 2260/3843 - 25 frames, 1 clips
        Second 2270/3843 - 25 frames, 1 clips
        Second 2280/3843 - 25 frames, 1 clips
        Second 2290/3843 - 25 frames, 1 clips
        Second 2300/3843 - 25 frames, 1 clips
        Second 2310/3843 - 25 frames, 1 clips
        Second 2320/3843 - 25 frames, 1 clips
        Second 2330/3843 - 25 frames, 1 clips
        Second 2340/3843 - 25 frames, 1 clips
        Second 2350/3843 - 25 frames, 1 clips
        Second 2360/3843 - 25 frames, 1 clips
        Second 2370/3843 - 25 frames, 1 clips
        Second 2380/3843 - 25 frames, 1 clips
        Second 2390/3843 - 25 frames, 1 clips
        Second 2400/3843 - 25 frames, 1 clips
        Second 2410/3843 - 25 frames, 1 clips
        Second 2420/3843 - 25 frames, 1 clips
        Second 2430/3843 - 25 frames, 1 clips
        Second 2440/3843 - 25 frames, 1 clips
        Second 2450/3843 - 25 frames, 1 clips
        Second 2460/3843 - 25 frames, 1 clips
        Second 2470/3843 - 25 frames, 1 clips
        Second 2480/3843 - 25 frames, 1 clips
        Second 2490/3843 - 25 frames, 1 clips
        Second 2500/3843 - 25 frames, 1 clips
        Second 2510/3843 - 25 frames, 1 clips
        Second 2520/3843 - 25 frames, 1 clips
        Second 2530/3843 - 25 frames, 1 clips
        Second 2540/3843 - 25 frames, 1 clips
        Second 2550/3843 - 25 frames, 1 clips
        Second 2560/3843 - 25 frames, 1 clips
        Second 2570/3843 - 25 frames, 1 clips
        Second 2580/3843 - 25 frames, 1 clips
        Second 2590/3843 - 25 frames, 1 clips
        Second 2600/3843 - 25 frames, 1 clips
        Second 2610/3843 - 25 frames, 1 clips
        Second 2620/3843 - 25 frames, 1 clips
        Second 2630/3843 - 25 frames, 1 clips
        Second 2640/3843 - 25 frames, 1 clips
        Second 2650/3843 - 25 frames, 1 clips
        Second 2660/3843 - 25 frames, 1 clips
        Second 2670/3843 - 25 frames, 1 clips
        Second 2680/3843 - 25 frames, 1 clips
        Second 2690/3843 - 25 frames, 1 clips
        Second 2700/3843 - 25 frames, 1 clips
        Second 2710/3843 - 25 frames, 1 clips
        Second 2720/3843 - 25 frames, 1 clips
        Second 2730/3843 - 25 frames, 1 clips
        Second 2740/3843 - 25 frames, 1 clips
        Second 2750/3843 - 25 frames, 1 clips
        Second 2760/3843 - 25 frames, 1 clips
        Second 2770/3843 - 25 frames, 1 clips
        Second 2780/3843 - 25 frames, 1 clips
        Second 2790/3843 - 25 frames, 1 clips
        Second 2800/3843 - 25 frames, 1 clips
        Second 2810/3843 - 25 frames, 1 clips
        Second 2820/3843 - 25 frames, 1 clips
        Second 2830/3843 - 25 frames, 1 clips
        Second 2840/3843 - 25 frames, 1 clips
        Second 2850/3843 - 25 frames, 1 clips
        Second 2860/3843 - 25 frames, 1 clips
        Second 2870/3843 - 25 frames, 1 clips
        Second 2880/3843 - 25 frames, 1 clips
        Second 2890/3843 - 25 frames, 1 clips
        Second 2900/3843 - 25 frames, 1 clips
        Second 2910/3843 - 25 frames, 1 clips
        Second 2920/3843 - 25 frames, 1 clips
        Second 2930/3843 - 25 frames, 1 clips
        Second 2940/3843 - 25 frames, 1 clips
        Second 2950/3843 - 25 frames, 1 clips
        Second 2960/3843 - 25 frames, 1 clips
        Second 2970/3843 - 25 frames, 1 clips
        Second 2980/3843 - 25 frames, 1 clips
        Second 2990/3843 - 25 frames, 1 clips
        Second 3000/3843 - 25 frames, 1 clips
        Second 3010/3843 - 25 frames, 1 clips
        Second 3020/3843 - 25 frames, 1 clips
        Second 3030/3843 - 25 frames, 1 clips
        Second 3040/3843 - 25 frames, 1 clips
        Second 3050/3843 - 25 frames, 1 clips
        Second 3060/3843 - 25 frames, 1 clips
        Second 3070/3843 - 25 frames, 1 clips
        Second 3080/3843 - 25 frames, 1 clips
        Second 3090/3843 - 25 frames, 1 clips
        Second 3100/3843 - 25 frames, 1 clips
        Second 3110/3843 - 25 frames, 1 clips
        Second 3120/3843 - 25 frames, 1 clips
        Second 3130/3843 - 25 frames, 1 clips
        Second 3140/3843 - 25 frames, 1 clips
        Second 3150/3843 - 25 frames, 1 clips
        Second 3160/3843 - 25 frames, 1 clips
        Second 3170/3843 - 25 frames, 1 clips
        Second 3180/3843 - 25 frames, 1 clips
        Second 3190/3843 - 25 frames, 1 clips
        Second 3200/3843 - 25 frames, 1 clips
        Second 3210/3843 - 25 frames, 1 clips
        Second 3220/3843 - 25 frames, 1 clips
        Second 3230/3843 - 25 frames, 1 clips
        Second 3240/3843 - 25 frames, 1 clips
        Second 3250/3843 - 25 frames, 1 clips
        Second 3260/3843 - 25 frames, 1 clips
        Second 3270/3843 - 25 frames, 1 clips
        Second 3280/3843 - 25 frames, 1 clips
        Second 3290/3843 - 25 frames, 1 clips
        Second 3300/3843 - 25 frames, 1 clips
        Second 3310/3843 - 25 frames, 1 clips
        Second 3320/3843 - 25 frames, 1 clips
        Second 3330/3843 - 25 frames, 1 clips
        Second 3340/3843 - 25 frames, 1 clips
        Second 3350/3843 - 25 frames, 1 clips
        Second 3360/3843 - 25 frames, 1 clips
        Second 3370/3843 - 25 frames, 1 clips
        Second 3380/3843 - 25 frames, 1 clips
        Second 3390/3843 - 25 frames, 1 clips
        Second 3400/3843 - 25 frames, 1 clips
        Second 3410/3843 - 25 frames, 1 clips
        Second 3420/3843 - 25 frames, 1 clips
        Second 3430/3843 - 25 frames, 1 clips
        Second 3440/3843 - 25 frames, 1 clips
        Second 3450/3843 - 25 frames, 1 clips
        Second 3460/3843 - 25 frames, 1 clips
        Second 3470/3843 - 25 frames, 1 clips
        Second 3480/3843 - 25 frames, 1 clips
        Second 3490/3843 - 25 frames, 1 clips
        Second 3500/3843 - 25 frames, 1 clips
        Second 3510/3843 - 25 frames, 1 clips
        Second 3520/3843 - 25 frames, 1 clips
        Second 3530/3843 - 25 frames, 1 clips
        Second 3540/3843 - 25 frames, 1 clips
        Second 3550/3843 - 25 frames, 1 clips
        Second 3560/3843 - 25 frames, 1 clips
        Second 3570/3843 - 25 frames, 1 clips
        Second 3580/3843 - 25 frames, 1 clips
        Second 3590/3843 - 25 frames, 1 clips
        Second 3600/3843 - 25 frames, 1 clips
        Second 3610/3843 - 25 frames, 1 clips
        Second 3620/3843 - 25 frames, 1 clips
        Second 3630/3843 - 25 frames, 1 clips
        Second 3640/3843 - 25 frames, 1 clips
        Second 3650/3843 - 25 frames, 1 clips
        Second 3660/3843 - 25 frames, 1 clips
        Second 3670/3843 - 25 frames, 1 clips
        Second 3680/3843 - 25 frames, 1 clips
        Second 3690/3843 - 25 frames, 1 clips
        Second 3700/3843 - 25 frames, 1 clips
        Second 3710/3843 - 25 frames, 1 clips
        Second 3720/3843 - 25 frames, 1 clips
        Second 3730/3843 - 25 frames, 1 clips
        Second 3740/3843 - 25 frames, 1 clips
        Second 3750/3843 - 25 frames, 1 clips
        Second 3760/3843 - 25 frames, 1 clips
        Second 3770/3843 - 25 frames, 1 clips
        Second 3780/3843 - 25 frames, 1 clips
        Second 3790/3843 - 25 frames, 1 clips
        Second 3800/3843 - 25 frames, 1 clips
        Second 3810/3843 - 25 frames, 1 clips
        Second 3820/3843 - 25 frames, 1 clips
        Second 3830/3843 - 25 frames, 1 clips
        Second 3840/3843 - 25 frames, 1 clips
      ───────────────────────────────────────────────────────
      FEATURE EXTRACTION COMPLETE
      ───────────────────────────────────────────────────────
      Final features shape: (3843, 1024)
      Features per second: 3843
      Feature dimension: 1024
      ═══════════════════════════════════════════════════════

[ID32]   Features extracted: (3843, 1024)
[ID32] Step 2/4: Converting to binary labels and removing unwanted classes...
[ID32]   Number of seconds: 3843
      CSV columns: ['start_time', 'end_time', 'licking', 'shaking']
      CSV shape: (3840, 4)
      Video seconds: 3843
      Total rows in CSV: 3840
      Valid rows (within video duration): 3840
      Rows kept after removing shaking: 3840
[ID32]   Original seconds: 3843
[ID32]   After removing shaking/licking_shaking: 3840
[ID32] Step 3/4: Balancing classes...
      Before balancing:
        Background: 3738 samples
        Licking: 102 samples
        Ratio: 36.65:1
      After balancing:
        Background: 102 samples
        Licking: 102 samples
        Total: 204 samples
[ID32] Step 4/4: Saving processed data...
[ID32]   Saved features: /data-8tb/nvaci/dataset/dataset_Stanford/FACT_method/preprocessed_data_2class_originalFPS/features/ID32.npy
[ID32]     Shape: (204, 1024)
[ID32]     Size: 0.80 MB
[ID32]   Final label distribution:
[ID32]     - background: 102 seconds (50.0%)
[ID32]     - licking: 102 seconds (50.0%)
[ID32]   Saved labels: /data-8tb/nvaci/dataset/dataset_Stanford/FACT_method/preprocessed_data_2class_originalFPS/groundTruth/ID32.txt
[ID32] SUCCESS - Video processed successfully


================================================================================
Processing Summary
================================================================================
Total videos: 32
Successfully processed: 32
Failed: 0
Success rate: 100.0%

Dataset Statistics:
  Total original seconds: 123907
  After removing shaking/licking_shaking: 121636
  After balancing: 38208
  Reduction ratio: 30.84%

================================================================================
Creating dataset metadata files...
================================================================================
Created mapping file: /data-8tb/nvaci/dataset/dataset_Stanford/FACT_method/preprocessed_data_2class_originalFPS/mapping.txt
Created split 1:
  Train: 25 videos -> /data-8tb/nvaci/dataset/dataset_Stanford/FACT_method/preprocessed_data_2class_originalFPS/splits/train.split1.bundle
  Test: 7 videos -> /data-8tb/nvaci/dataset/dataset_Stanford/FACT_method/preprocessed_data_2class_originalFPS/splits/test.split1.bundle
Created split 2:
  Train: 25 videos -> /data-8tb/nvaci/dataset/dataset_Stanford/FACT_method/preprocessed_data_2class_originalFPS/splits/train.split2.bundle
  Test: 7 videos -> /data-8tb/nvaci/dataset/dataset_Stanford/FACT_method/preprocessed_data_2class_originalFPS/splits/test.split2.bundle
Created split 3:
  Train: 25 videos -> /data-8tb/nvaci/dataset/dataset_Stanford/FACT_method/preprocessed_data_2class_originalFPS/splits/train.split3.bundle
  Test: 7 videos -> /data-8tb/nvaci/dataset/dataset_Stanford/FACT_method/preprocessed_data_2class_originalFPS/splits/test.split3.bundle
Created split 4:
  Train: 25 videos -> /data-8tb/nvaci/dataset/dataset_Stanford/FACT_method/preprocessed_data_2class_originalFPS/splits/train.split4.bundle
  Test: 7 videos -> /data-8tb/nvaci/dataset/dataset_Stanford/FACT_method/preprocessed_data_2class_originalFPS/splits/test.split4.bundle
Created split 5:
  Train: 25 videos -> /data-8tb/nvaci/dataset/dataset_Stanford/FACT_method/preprocessed_data_2class_originalFPS/splits/train.split5.bundle
  Test: 7 videos -> /data-8tb/nvaci/dataset/dataset_Stanford/FACT_method/preprocessed_data_2class_originalFPS/splits/test.split5.bundle
/home/nvaci/FACT/preprocessing_dataset_Stanford/i3d_model.py:341: FutureWarning: You are using `torch.load` with `weights_only=False` (the current default value), which uses the default pickle module implicitly. It is possible to construct malicious pickle data which will execute arbitrary code during unpickling (See https://github.com/pytorch/pytorch/blob/main/SECURITY.md#untrusted-models for more details). In a future release, the default value for `weights_only` will be flipped to `True`. This limits the functions that could be executed during unpickling. Arbitrary objects will no longer be allowed to be loaded via this mode unless they are explicitly allowlisted by the user via `torch.serialization.add_safe_globals`. We recommend you start setting `weights_only=True` for any use case where you don't have full control of the loaded file. Please open an issue on GitHub for any issues related to this experimental feature.
  state_dict = torch.load(weights_path, map_location='cpu')

================================================================================
Preprocessing complete!
================================================================================

Output structure:
  /data-8tb/nvaci/dataset/dataset_Stanford/FACT_method/preprocessed_data_2class_originalFPS/
  ├── features/        (32 .npy files)
  ├── groundTruth/     (32 .txt files)
  ├── mapping.txt      (binary: background, licking)
  └── splits/          (5 train/test splits)

KEY DIFFERENCES FROM ORIGINAL:
  - Uses ORIGINAL video FPS (no downsampling to 1 fps)
  - Extracts ALL frames from video
  - Groups frames by 1-second windows
  - Aggregates features within each second
  - One feature vector per second (matching CSV labels)

Next steps:
  1. Verify the output in: /data-8tb/nvaci/dataset/dataset_Stanford/FACT_method/preprocessed_data_2class_originalFPS
  2. Generate FACT config file
  3. Train the model

======================================================================
Preprocessing completed successfully!
Finished at: Wed Jan 28 03:39:42 PM CST 2026
======================================================================

Output saved to: /data-8tb/nvaci/dataset/dataset_Stanford/FACT_method/preprocessed_data_2class_originalFPS
Log saved to: /data-8tb/nvaci/dataset/dataset_Stanford/FACT_method/preprocessed_data_2class_originalFPS/preprocessing_original_fps_20260128_133038.log
